{"type":"Topology","arcs":[[[13056,8725],[-121,193]],[[12935,8918],[-7,9],[0,1]],[[12928,8928],[-1,0]],[[12927,8928],[-9,12],[-1,2]],[[12917,8942],[-1,2]],[[12916,8944],[-4,9],[-16,28]],[[12896,8981],[-9,15],[-36,50],[-16,26],[-7,10]],[[12828,9082],[-1,3]],[[12827,9085],[-11,19],[-9,11],[-87,108],[-25,29],[-23,23]],[[12672,9275],[-19,18],[-23,26],[-3,4]],[[12627,9323],[-2,3]],[[12625,9326],[-5,8],[-19,28],[-77,134],[-9,11],[-6,9],[-5,3]],[[12504,9519],[-3,3],[-5,4]],[[12496,9526],[-4,3],[0,0]],[[12492,9529],[-8,4]],[[12484,9533],[0,0],[-6,3]],[[12478,9536],[-7,4]],[[12471,9540],[-6,2]],[[12465,9542],[-4,2],[-3,1]],[[12458,9545],[-5,3],[-59,18],[-12,4],[-44,37]],[[12338,9607],[-104,86],[-147,74],[-108,37],[-123,43],[-27,9]],[[11829,9856],[-59,11]],[[11770,9867],[-211,19],[-217,-6]],[[11342,9880],[-25,0]],[[11317,9880],[-12,0]],[[11305,9880],[-27,2]],[[11278,9882],[-330,48],[-465,-57],[-218,39],[-436,169],[-14,5],[-2,0]],[[9813,10086],[-2,1]],[[9811,10087],[-9,3],[-14,2],[-32,2],[-10,0],[-13,0]],[[9733,10094],[-2,0],[-10,-1]],[[9721,10093],[-4,-1],[-3,0]],[[9714,10092],[-12,-2],[-19,-4],[-35,-9],[-19,-5]],[[9629,10072],[-17,-4],[-31,-4],[-46,-4],[-161,-14]],[[9374,10046],[-21,-2],[-2,1]],[[9351,10045],[-509,69],[-39,6],[-78,20]],[[8725,10140],[-309,71],[-348,57],[-271,99],[-272,13],[-37,7],[-240,36],[-27,5],[-199,-2],[-315,45],[-229,20],[-247,36],[-246,89]],[[5985,10616],[-123,65],[-177,135],[-142,162],[-165,286],[-27,41],[-32,48],[-8,13]],[[5311,11366],[-15,24],[-27,45],[-150,262],[-40,80],[-27,50],[-6,11],[-9,16]],[[5037,11854],[-20,34],[-92,149],[-129,230],[-23,43],[-21,37],[-46,117],[-4,17],[-1,9]],[[4701,12490],[-1,13],[0,28],[22,130],[59,124],[242,303],[65,87],[94,138],[64,93]],[[5246,13406],[514,739]],[[5760,14145],[325,464],[626,901],[38,58],[144,208],[357,512],[67,97],[45,67],[30,41],[319,455],[217,210],[904,698],[52,35],[44,26],[31,17],[100,41],[54,17],[92,20],[549,74],[111,23],[117,65],[112,124],[48,74],[159,247],[111,175],[200,308],[29,49],[15,31],[12,30],[9,24],[4,13],[10,74],[2,41],[2,17],[2,50],[7,158],[52,284],[40,145],[33,65]],[[10829,20083],[24,47]],[[10853,20130],[4,8]],[[10857,20138],[7,14],[82,139]],[[10946,20291],[54,93]],[[11000,20384],[65,111],[73,186],[25,119],[23,158],[2,11],[12,82],[55,370]],[[5985,10616],[94,-50],[182,-54],[137,-21],[791,-117],[55,-9],[123,-17],[46,-9],[252,-37],[73,-21],[987,-141]],[[12338,9607],[-61,69],[-31,74],[-8,8],[-6,7]],[[12232,9765],[-9,11],[-6,6],[-111,87],[-98,132],[-29,35],[-31,34],[-84,76],[-23,20]],[[11841,10166],[-12,6],[-11,7],[-12,8],[-9,5],[-3,1]],[[11794,10193],[-7,3],[-33,15],[-51,18],[-27,8],[-23,6]],[[11653,10243],[-4,1],[-94,21],[-188,35]],[[11367,10300],[-39,7],[-182,36],[-177,35],[-22,4]],[[10947,10382],[-74,16],[-171,32],[-42,6],[-71,7]],[[10589,10443],[-86,-2],[-32,0]],[[10471,10441],[-27,0]],[[10444,10441],[-9,0]],[[10435,10441],[-266,-61],[-175,-99],[-25,-22]],[[9969,10259],[-8,-7]],[[9961,10252],[-71,-60],[-40,-31],[-73,-45],[-25,-13],[-19,-9]],[[9733,10094],[-18,-8],[-48,-18],[-23,-4],[-17,-4]],[[9627,10060],[-13,-3],[-33,-4],[-44,-4],[-152,-13],[-32,-2]],[[9353,10034],[-31,0]],[[9322,10034],[-190,21],[-238,39],[-27,7],[-50,6],[-31,2],[-31,3],[-76,4],[-413,69],[-492,74],[-313,54],[-76,11],[-162,24],[-299,43],[-486,65]],[[6438,10456],[-40,6],[-173,31]],[[6225,10493],[-161,43],[-123,56],[-125,85],[-86,78]],[[5730,10755],[-93,84],[-111,109],[-52,80],[-146,256],[-27,46]],[[5301,11330],[-19,34]],[[5282,11364],[-73,95],[-94,45],[-117,16]],[[4998,11520],[-296,41],[-466,52],[-714,102],[-194,19],[-300,48],[-161,24],[-248,32],[-246,35],[-199,50],[-198,73],[-104,39],[-171,63],[-138,52],[-40,13],[-79,30],[-98,37],[-176,65],[-235,80],[-572,210]],[[363,12585],[-363,137]],[[13056,8725],[48,-100],[3,-5]],[[13107,8620],[1,-2]],[[13108,8618],[6,-12],[17,-30],[46,-67]],[[13177,8509],[21,-20],[21,-11],[14,-6]],[[13233,8472],[4,-2]],[[13237,8470],[0,0],[7,-3]],[[13244,8467],[6,-2]],[[13250,8465],[4,-2],[17,-4],[21,-2],[91,26],[82,62],[156,63]],[[13621,8608],[11,2],[6,2]],[[13638,8612],[2,0]],[[13640,8612],[2,0]],[[13642,8612],[17,3],[10,0]],[[13669,8615],[21,0],[32,8]],[[13722,8623],[54,11]],[[13776,8634],[102,30]],[[13878,8664],[81,29],[32,10]],[[13991,8703],[23,9],[42,17]],[[14056,8729],[5,2]],[[14061,8731],[4,1]],[[14065,8732],[5,2]],[[14070,8734],[4,2]],[[14074,8736],[205,67]],[[14279,8803],[77,24],[23,4],[21,2],[6,0]],[[14406,8833],[2,0],[2,0]],[[14410,8833],[19,0]],[[14429,8833],[8,0],[7,-2]],[[14444,8831],[25,-2],[16,-4],[9,-2]],[[14494,8823],[19,-5]],[[14513,8818],[31,-13]],[[14544,8805],[17,-8]],[[14561,8797],[271,-198]],[[14832,8599],[35,-28]],[[14867,8571],[2,-1]],[[14869,8570],[7,-4]],[[14876,8566],[10,-5],[22,-18]],[[14908,8543],[22,-17]],[[14930,8526],[184,-150],[162,-75],[92,-33],[70,-24]],[[15438,8244],[72,-26],[27,-11],[54,-30],[34,-28],[8,-10]],[[15633,8139],[1,0]],[[15634,8139],[2,-2]],[[15636,8137],[20,-23],[13,-13]],[[15669,8101],[2,-2],[23,-24],[48,-65],[25,-65],[10,-104],[-27,-210],[-27,-160],[-19,-121],[-50,-393]],[[15654,6957],[-2,-19],[-1,-3]],[[15651,6935],[0,-3]],[[15651,6932],[-1,-7],[2,-52],[6,-39],[2,-3]],[[15660,6831],[2,-6],[5,-8],[0,-2]],[[15667,6815],[8,-18],[23,-28],[46,-30],[60,-24]],[[15804,6715],[29,-13]],[[15833,6702],[2,-1]],[[15835,6701],[55,-25],[63,-33]],[[15953,6643],[25,-15],[49,-30]],[[16027,6598],[120,-72]],[[16147,6526],[31,-17]],[[16178,6509],[71,-32],[29,-13],[102,-63],[17,-9],[52,-24],[169,-80],[151,-76],[114,-84],[50,-50],[15,-19]],[[16948,6059],[2,-2]],[[16950,6057],[15,-20],[23,-31],[127,-169],[198,-272],[7,-8]],[[17320,5557],[2,-3]],[[17322,5554],[14,-18],[38,-45],[19,-22],[48,-76],[6,-10],[23,-31],[240,-336],[21,-28],[7,-8]],[[17738,4980],[2,-3]],[[17740,4977],[7,-8],[63,-78],[131,-160],[7,-9]],[[17948,4722],[3,-3]],[[17951,4719],[61,-73],[38,-43],[647,-767]],[[18697,3836],[12,-15]],[[18709,3821],[3,-3]],[[18712,3818],[4,-5]],[[18716,3813],[4,-5],[37,-41]],[[18757,3767],[11,-11]],[[18768,3756],[92,-67]],[[18860,3689],[69,-57],[37,-34],[67,-74]],[[19033,3524],[229,-208],[130,-98],[396,-236]],[[19788,2982],[113,-67],[98,-56]],[[19999,2859],[432,-260]],[[20431,2599],[75,-46],[73,-43]],[[20579,2510],[334,-199]],[[20913,2311],[274,-163]],[[21187,2148],[114,-73],[368,-221],[48,-35],[19,-15],[31,-30],[25,-26],[92,-94],[826,-827],[44,-46]],[[22754,781],[79,-78]],[[22833,703],[702,-703]],[[14930,8526],[-19,15],[-3,2]],[[14908,8543],[-16,11]],[[14892,8554],[-16,12]],[[14876,8566],[-10,8]],[[14866,8574],[-34,25]],[[12935,8918],[-7,9]],[[12928,8927],[-1,1]],[[12927,8928],[-10,14]],[[12917,8942],[-1,1]],[[12916,8943],[-8,12],[-12,15]],[[12896,8970],[-5,6],[-23,31],[-9,11]],[[12859,9018],[-22,30]],[[12837,9048],[-18,31]],[[12819,9079],[-1,2]],[[12818,9081],[-13,21],[-52,69]],[[12753,9171],[-27,24]],[[12726,9195],[-25,26]],[[12701,9221],[-25,33],[-46,45],[-23,28]],[[12607,9327],[-27,31]],[[12580,9358],[-19,26],[-90,149],[-6,9]],[[12465,9542],[-12,17],[-27,50]],[[12426,9609],[-94,158]],[[12332,9767],[-12,16]],[[12320,9783],[-7,10]],[[12313,9793],[-21,33]],[[12292,9826],[-154,171],[-103,67],[-56,37],[-48,32],[-9,6]],[[11922,10139],[-14,9],[-23,11],[-17,9],[-9,5]],[[11859,10173],[-20,10],[-31,15],[-11,5]],[[11797,10203],[-52,21],[-42,13],[-60,18],[-21,3]],[[11622,10258],[-31,5],[-44,9]],[[11547,10272],[-42,9]],[[11505,10281],[-138,19]],[[10589,10443],[-38,0],[-77,-1]],[[10474,10442],[-29,-1]],[[10445,10441],[-10,0]],[[5282,11364],[-228,433]],[[5054,11797],[-10,22],[-10,14]],[[5034,11833],[-9,14],[-29,54],[-123,219],[-67,99],[-27,57],[-17,32],[-8,20],[-17,30]],[[4737,12358],[-15,28]],[[4722,12386],[-586,1033],[-167,276]],[[3969,13695],[-221,390]],[[3748,14085],[-82,162],[-192,336],[-177,297],[-83,140],[-38,63],[-44,78],[-56,143],[-215,888]],[[2861,16192],[-44,189],[-8,37],[-13,51]],[[2796,16469],[-3,12]],[[2793,16481],[-7,32]],[[2786,16513],[-36,130],[-56,158],[-140,277],[-227,384],[-462,782],[-25,39],[-6,11]],[[1834,18294],[-9,16]],[[1825,18310],[-10,16],[-150,256]],[[1665,18582],[-71,117]],[[1594,18699],[-10,19]],[[1584,18718],[-73,121]],[[1511,18839],[-163,276],[-67,114],[-17,31],[-35,60],[-649,1099],[-580,980]],[[5730,10755],[-156,149],[-96,126],[-121,210],[-54,95]],[[5303,11335],[-21,37],[-180,343]],[[5102,11715],[-58,108]],[[5044,11823],[-9,15]],[[5035,11838],[-10,15],[-19,37],[-73,128],[-85,149],[-61,107],[-12,21],[-25,43],[-28,48]],[[6438,10456],[-213,37]],[[363,12585],[-213,65],[-150,-3]],[[12313,9793],[-2,2]],[[12311,9795],[-9,9],[-14,17],[-15,15],[-35,22]],[[12238,9858],[-184,134],[-42,37],[-37,37],[-32,24],[-23,19],[-39,37]],[[11881,10146],[-7,8]],[[11874,10154],[-6,7]],[[11868,10161],[-9,12]],[[11859,10173],[-5,6],[-9,15],[-4,8]],[[11841,10202],[-20,40]],[[11821,10242],[-19,39],[-15,32],[-27,78],[-63,260]],[[11697,10651],[-8,41]],[[11689,10692],[-4,20]],[[11685,10712],[-7,30],[-6,22],[-2,10],[-12,55],[-82,459]],[[11576,11288],[-2,9]],[[11574,11297],[0,2]],[[11574,11299],[0,1]],[[11574,11300],[-12,72],[-13,61]],[[11549,11433],[-35,204],[-40,140],[-48,111],[-79,128],[-155,219],[-8,10]],[[11184,12245],[-6,9],[-15,22],[-54,99],[-19,39],[-61,210],[-4,24],[-3,14]],[[11022,12662],[0,2]],[[11022,12664],[-3,17],[-42,271],[-31,195],[-6,23],[-11,50],[-44,124],[-60,127],[-19,46],[-10,30],[-7,15],[-14,59],[-9,32],[-21,135]],[[10745,13788],[-1,20]],[[10744,13808],[-5,49]],[[10739,13857],[-8,82]],[[10731,13939],[-4,26],[-2,48],[-2,56],[2,37],[14,74],[13,52],[3,13]],[[10755,14245],[1,6]],[[10756,14251],[2,11],[67,230],[33,76],[19,34],[12,22],[51,71],[87,102],[11,9],[359,249],[62,69],[59,93],[44,107],[2,8]],[[11564,15332],[4,20]],[[11568,15352],[4,15],[6,30],[11,70],[0,97],[-7,63],[-6,50],[-4,28],[-4,35]],[[11568,15740],[-13,93],[-2,21]],[[11553,15854],[-2,16],[-10,78]],[[11541,15948],[-34,262],[-4,32],[-2,9]],[[11501,16251],[-2,8],[-4,24],[-25,98],[-57,156],[-208,394],[-25,50],[-17,37],[-8,23],[-13,33],[-19,52],[-44,165],[-41,175],[-98,403],[-80,329],[-12,96],[-4,13],[-7,33]],[[10837,18340],[-10,49],[-31,128],[-78,290],[-18,158],[2,232],[4,89],[10,80],[7,58],[22,334],[5,48],[23,121],[20,69],[36,87]],[[19920,8030],[-42,0],[-6,0]],[[19872,8030],[-4,-22]],[[19868,8008],[0,-4]],[[19868,8004],[-1,-5]],[[19867,7999],[-1,-8],[-19,-119],[3,-1]],[[19850,7871],[43,-8]],[[19893,7863],[110,-15],[2,0],[7,-2],[21,-7]],[[20033,7839],[4,0],[179,-28]],[[20216,7811],[44,-7],[19,-2],[27,-4],[-13,-56],[-25,-163],[-8,-51]],[[20260,7528],[0,-1],[284,-43]],[[20544,7484],[84,-13]],[[20628,7471],[1,0]],[[20629,7471],[32,-4],[211,-35],[-1,-1]],[[20871,7431],[-14,-94],[-6,-46]],[[20851,7291],[-7,-45]],[[20844,7246],[-14,-109],[46,-260],[79,-171]],[[20955,6706],[21,-43]],[[20976,6663],[67,-85],[133,-325],[121,-10],[-12,-81],[-4,-37]],[[21281,6125],[0,-2],[160,-23],[0,-2]],[[21441,6098],[-29,-226],[0,-4]],[[21412,5868],[-4,-37]],[[21408,5831],[0,-56],[113,-241],[10,-93]],[[21531,5441],[0,-35]],[[21531,5406],[-12,-117]],[[21519,5289],[-5,-19]],[[21514,5270],[-39,-124]],[[21475,5146],[-9,-62]],[[21466,5084],[-33,-98]],[[21433,4986],[-13,-48]],[[21420,4938],[-25,-73]],[[21395,4865],[-4,-33],[-21,-15]],[[21370,4817],[-4,-15]],[[21366,4802],[-2,-11]],[[21364,4791],[-10,-60]],[[21354,4731],[-5,-33]],[[21349,4698],[-14,-95]],[[21335,4603],[-6,-26]],[[21329,4577],[-23,-145]],[[21293,4440],[44,323],[15,67],[48,145],[23,70]],[[21423,5045],[79,260],[10,123],[-10,82],[-22,64]],[[21480,5574],[-12,34],[-2,4]],[[21466,5612],[-123,254],[-85,175],[-45,91]],[[21213,6132],[-1,3]],[[21212,6135],[-61,125],[-37,78],[-78,136],[-77,178],[-302,633],[-5,12]],[[20652,7297],[-7,25]],[[20645,7322],[-20,60],[-2,61],[5,27]],[[20628,7470],[0,1]],[[20628,7471],[0,1]],[[20628,7472],[1,8],[17,121],[6,65],[5,47],[4,31],[2,24],[8,67]],[[20671,7835],[0,34]],[[20671,7869],[-2,24]],[[20669,7893],[-2,9]],[[20667,7902],[-4,11]],[[20663,7913],[0,6]],[[20663,7919],[-6,15]],[[20657,7934],[-3,5]],[[20654,7939],[-6,11]],[[20648,7950],[-138,91]],[[20510,8041],[-16,0]],[[20494,8041],[-148,-29],[-11,-2],[-12,0],[-23,2],[-9,0]],[[20291,8012],[-12,0]],[[20279,8012],[-86,-4]],[[20193,8008],[-49,-2]],[[20144,8006],[-99,-4],[-46,-7],[-27,-2],[-35,-2],[-21,2],[-21,2],[-27,3]],[[19868,7998],[-1,1]],[[19867,7999],[-1,0]],[[19866,7999],[-7,0],[-31,3],[-67,21]],[[19761,8023],[-83,59]],[[19678,8082],[-13,13]],[[19665,8095],[-16,21],[-9,11],[-17,26]],[[19623,8153],[-2,2],[-6,7],[-52,56]],[[19563,8218],[-13,11],[-16,11]],[[19534,8240],[-9,6]],[[19525,8246],[-12,7]],[[19513,8253],[-307,78],[-69,13],[-73,13],[-33,4],[-171,18],[-232,39],[-117,10],[-42,7],[-16,2],[-9,1]],[[18444,8438],[-3,1]],[[18441,8439],[-32,5],[-19,2],[-33,4],[-115,7],[-340,56],[-32,0],[-20,0],[-25,-4],[-55,-16],[-58,-28],[-7,-6]],[[17705,8459],[-2,-1]],[[17703,8458],[-1,-1]],[[17702,8457],[-11,-9],[-13,-9],[-221,-212],[-315,-247],[-52,-33],[-25,-10],[-12,-5]],[[17053,7932],[-2,-1]],[[17051,7931],[-11,-5],[-19,-9],[-8,-2]],[[17013,7915],[-17,-4],[-44,-13],[-69,-9],[-44,2]],[[16839,7891],[-14,0]],[[16825,7891],[-8,1]],[[16817,7892],[-71,10]],[[16746,7902],[-103,15],[-47,7]],[[16596,7924],[-22,4],[-185,24]],[[16389,7952],[-30,2],[-25,2]],[[16334,7956],[-4,0],[-4,1]],[[16326,7957],[-6,1],[-25,4]],[[16295,7962],[-77,11]],[[16218,7973],[-186,26],[-29,5]],[[16003,8004],[-2,1]],[[16001,8005],[-44,7],[-78,11]],[[15879,8023],[-79,15]],[[15800,8038],[-10,2]],[[15790,8040],[-15,3],[-37,15],[-32,24],[-10,7]],[[15696,8089],[-6,6],[-39,39]],[[15651,8134],[-1,2]],[[15650,8136],[-1,1]],[[15649,8137],[-20,21],[-8,8],[-57,46],[-52,24],[-31,10],[-41,16]],[[15440,8262],[-59,21]],[[15381,8283],[-73,22]],[[15308,8305],[-27,9]],[[15281,8314],[-17,8]],[[15264,8322],[-25,13],[-14,8]],[[15225,8343],[-34,18],[-67,41]],[[15124,8402],[-31,20]],[[15093,8422],[-222,173]],[[14871,8595],[-12,9],[-15,11],[-14,10],[-13,9],[-7,5]],[[14810,8639],[-5,4],[-21,15],[-94,74],[-88,75],[-121,55],[-54,6],[-17,0]],[[14410,8868],[-2,0],[-19,-2],[-4,0]],[[14385,8866],[-3,0]],[[14382,8866],[-5,0],[-8,-2],[-17,-5],[-29,-8]],[[14323,8851],[-48,-18]],[[14275,8833],[-21,-8]],[[14254,8825],[-165,-65]],[[14089,8760],[-25,-10]],[[14064,8750],[-5,-2]],[[14059,8748],[-3,-1]],[[14056,8747],[-6,-2]],[[14050,8745],[-40,-16],[-26,-8]],[[13984,8721],[-175,-67]],[[13809,8654],[173,75],[23,9],[42,16]],[[14047,8754],[6,2]],[[14053,8756],[3,1]],[[14056,8757],[5,2]],[[14061,8759],[7,3]],[[14068,8762],[10,2]],[[14078,8764],[69,26]],[[14147,8790],[-58,-30]],[[14089,8760],[100,37]],[[14189,8797],[-35,-16],[-89,-33]],[[14065,8748],[-5,-2]],[[14060,8746],[-3,-1]],[[14057,8745],[-6,-2]],[[14051,8743],[-41,-16]],[[14010,8727],[-26,-8]],[[13984,8719],[-81,-33]],[[13903,8686],[-148,-54]],[[13755,8632],[-33,-9]],[[13177,8509],[-21,21]],[[13156,8530],[-38,46],[-8,13],[-12,25]],[[13098,8614],[-1,2]],[[13097,8616],[-2,3],[-10,22],[-31,52],[-117,195],[-19,47],[-2,8]],[[12916,8943],[0,1]],[[12916,8944],[-2,9],[0,13],[-2,36],[6,37],[13,33],[8,15],[8,15],[23,26],[15,11],[5,4]],[[12990,9143],[1,2]],[[12991,9145],[1,0]],[[12992,9145],[5,5]],[[12997,9150],[1,1]],[[12998,9151],[1,1],[15,6],[21,11],[48,22],[106,41],[61,22],[78,29]],[[13328,9283],[2,1]],[[13330,9284],[243,93]],[[13573,9377],[74,27]],[[13647,9404],[3,1]],[[13650,9405],[13,5],[61,24],[77,30]],[[13801,9464],[5,2]],[[13806,9466],[2,1]],[[13808,9467],[8,3]],[[13816,9470],[179,70],[96,36],[27,9],[19,4]],[[14137,9589],[3,1]],[[14140,9590],[7,1]],[[14147,9591],[4,1]],[[14151,9592],[34,0]],[[14185,9592],[69,-18]],[[14254,9574],[52,-34],[12,-11]],[[14318,9529],[15,-18],[15,-17]],[[14348,9494],[10,-19],[29,-70],[1,0]],[[14388,9405],[1,-6]],[[14389,9399],[19,-52],[19,-56],[12,-35]],[[14439,9256],[23,-65],[6,-17]],[[14468,9174],[1,-1]],[[14469,9173],[44,-124]],[[14513,9049],[25,-68]],[[14538,8981],[1,-5]],[[14539,8976],[1,-3]],[[14540,8973],[1,-1]],[[14541,8972],[1,-4]],[[14542,8968],[8,-22],[1,-2]],[[14551,8944],[1,-3]],[[14552,8941],[13,-34],[18,-41],[23,-39],[14,-19]],[[14620,8808],[3,-5],[59,-61],[31,-23],[90,-72]],[[14803,8647],[41,-30]],[[14844,8617],[57,-41]],[[14901,8576],[-46,36],[-72,56]],[[14783,8668],[-64,48],[-17,16],[-71,67],[-11,9]],[[14620,8808],[-5,4],[-13,8],[-27,18],[-92,34],[-37,5],[-19,0],[-3,0]],[[14424,8877],[-5,0],[-11,0],[-21,-5],[-5,0]],[[14382,8872],[-3,0]],[[14379,8872],[-2,0],[-31,-8],[-140,-50]],[[14206,8814],[-46,-20]],[[14160,8794],[94,31]],[[21370,4817],[0,11],[2,9],[11,-2],[12,30]],[[20216,7811],[-171,26],[-12,2]],[[20033,7839],[-17,0],[-13,-2],[-2,2],[-2,0],[-4,2],[-15,5],[-16,4],[-71,13]],[[14189,8797],[123,43],[71,17],[1,0]],[[14384,8857],[4,0]],[[14388,8857],[3,0]],[[14391,8857],[3,0],[12,2],[21,0],[169,-65],[221,-171]],[[14817,8623],[22,-17]],[[14839,8606],[120,-93]],[[14959,8513],[42,-33],[14,-8],[15,-11],[27,-22],[46,-30],[107,-61],[12,-4],[3,-1]],[[15225,8343],[14,-6],[10,-3]],[[15249,8334],[75,-23],[53,-15],[64,-23]],[[15441,8273],[42,-16],[117,-60],[23,-22],[38,-40]],[[15661,8135],[1,-1]],[[15662,8134],[2,-2]],[[15664,8132],[9,-9],[19,-20],[18,-17],[7,-6]],[[15717,8080],[4,-3],[40,-21],[12,-5]],[[15773,8051],[13,-4],[25,-4],[127,-20]],[[15938,8023],[23,-2],[41,-6]],[[16002,8015],[3,-1]],[[16005,8014],[54,-8]],[[16059,8006],[227,-33],[11,-1]],[[16297,7972],[129,-20],[32,-5],[127,-10],[13,-2]],[[16598,7935],[45,-5],[30,-4]],[[16673,7926],[214,-18],[99,11],[27,7],[16,6]],[[17029,7932],[0,0],[5,2]],[[17034,7934],[20,7],[318,223],[252,245],[46,37],[17,11],[2,2]],[[17689,8459],[1,1]],[[17690,8460],[2,1]],[[17692,8461],[7,6],[15,7],[27,15],[42,17],[73,13],[17,0],[27,0],[321,-54],[186,-8],[31,-3],[5,0]],[[18443,8454],[3,-1]],[[18446,8453],[7,-1],[19,-2],[409,-67],[81,-7],[88,-6],[43,-4],[88,-16],[255,-65],[73,-23],[39,-24],[48,-41],[23,-26],[14,-20]],[[19633,8151],[13,-19],[19,-24],[23,-24],[61,-43],[98,-33]],[[19847,8008],[6,0],[14,0]],[[19867,8008],[1,0]],[[19868,8008],[1,0]],[[19869,8008],[7,0],[46,0],[67,0]],[[19989,8008],[81,-2]],[[20070,8006],[74,0]],[[20144,8006],[12,0]],[[20156,8006],[135,6]],[[20671,7835],[-4,-59],[-4,-43],[-11,-97],[-8,-63],[-15,-101]],[[20629,7472],[0,-1]],[[20629,7471],[0,-2]],[[20629,7469],[-2,-11],[-2,-20],[2,-56],[18,-60]],[[20645,7322],[5,-20],[2,-5]],[[20652,7297],[184,-385],[342,-702],[37,-76]],[[21215,6134],[2,-2]],[[21217,6132],[107,-221],[136,-281],[6,-18]],[[21466,5612],[14,-38]],[[21480,5574],[26,-72],[10,-98],[-8,-84],[-85,-275]],[[14147,8790],[13,4]],[[14901,8576],[185,-148],[132,-78],[31,-16]],[[15249,8334],[19,-10],[21,-8],[85,-28],[28,-9],[38,-14]],[[15440,8265],[41,-14],[98,-46],[46,-37],[23,-23],[8,-9]],[[15656,8136],[1,-1]],[[15657,8135],[2,-2]],[[15659,8133],[28,-30],[20,-18]],[[15707,8085],[1,-1],[34,-22],[19,-8],[12,-5],[8,-3]],[[15781,8046],[9,-3],[14,-2]],[[15804,8041],[134,-18]],[[16825,7891],[-142,11]],[[16683,7902],[-42,4],[-27,5],[-19,3]],[[16595,7914],[-14,3],[-42,9],[-36,4],[-169,26]],[[16334,7956],[-8,1]],[[16326,7957],[-31,5]],[[16295,7962],[-77,11]],[[16389,7952],[-40,4],[-19,2],[-34,7]],[[16296,7965],[-14,2],[-248,37],[-30,4]],[[16004,8008],[-3,0]],[[16001,8008],[-136,20],[-65,10]],[[15879,8023],[-60,9],[-22,3]],[[15797,8035],[-5,1],[-46,15],[-56,39],[-3,4]],[[15687,8094],[-31,31],[-9,10]],[[15647,8135],[-2,2]],[[15645,8137],[-1,1]],[[15644,8138],[-17,17],[-38,33],[-64,35],[-46,17],[-40,14]],[[15439,8254],[-71,25],[-81,26],[-140,69],[-90,61],[-25,19],[-73,59]],[[14959,8513],[-56,43],[-64,50]],[[14839,8606],[-22,17]],[[19916,8006],[154,0]],[[14871,8595],[-27,22]],[[14844,8617],[-8,6],[-33,24]],[[13755,8632],[54,22]],[[19916,8006],[-40,-2],[-7,0]],[[19869,8004],[-1,0]],[[19868,8004],[-1,0]],[[19867,8004],[-8,0],[-21,2]],[[19838,8006],[-27,2],[-50,15]],[[38751,877],[-7,4],[-206,63],[-111,9],[-46,10],[-6,5],[-12,4],[-9,4],[-23,16],[-137,97],[-109,26],[-13,2],[-14,5],[-11,6],[-33,17],[-167,102],[-25,4],[-44,3],[-31,6],[-67,28]],[[37680,1288],[-67,41],[-135,146],[-34,26],[-12,10],[-11,11]],[[37421,1522],[-373,234],[-461,349],[-103,143],[-29,30],[-15,13],[-4,2],[-6,5],[-8,4],[-9,4],[-29,9],[-54,7],[-140,-7]],[[36190,2315],[-261,43],[-123,59]],[[35806,2417],[-94,52],[-215,160],[-77,115],[-77,195]],[[35343,2939],[-90,234]],[[35253,3173],[-2,6],[-15,35]],[[35236,3214],[-288,745],[-142,234],[-48,91],[-35,100],[-100,448]],[[34623,4832],[-4,20],[-1,1]],[[34618,4853],[-20,70],[-34,96],[-16,36],[-21,59],[-15,35],[-6,17],[-13,32],[-62,154],[-59,111],[-764,1048],[-27,35],[-48,54],[-119,162],[-10,16],[-31,52],[-32,43],[-146,206],[-42,52],[-77,76],[-175,99],[-641,165],[-71,26],[-49,33]],[[32140,7530],[-4,3]],[[32136,7533],[-30,20],[-42,46],[-58,99],[-17,37],[-21,50],[-119,288],[-259,633],[-44,95],[-25,50],[-25,54],[-100,104]],[[31396,9009],[-87,35],[-119,4],[-86,-33],[-15,-8],[-48,-28]],[[31041,8979],[-3,-3]],[[31038,8976],[-38,-21]],[[31000,8955],[-71,-41]],[[30929,8914],[-50,-29]],[[30879,8885],[-19,-8]],[[30860,8877],[-8,-5],[-155,-91]],[[30697,8781],[-81,-36],[-92,-26],[-75,-9],[-249,-22],[-144,-13],[-66,-4],[-48,-4],[-48,-5],[-169,5],[-912,97],[-59,-2],[-67,-13],[-60,-13],[-86,-17],[-16,-3],[-38,-8],[-46,-9],[-125,-11],[-180,-34],[-18,-5],[-90,-19],[-345,-65],[-139,-22],[-25,-4],[-46,-9],[-255,-63],[-225,-45],[-82,-11],[-133,7],[-762,125],[-284,16]],[[25732,8559],[-20,1]],[[25712,8560],[-57,3]],[[25655,8563],[-223,26],[-103,-26],[-152,-100],[-104,-32],[-78,6],[-605,117]],[[24390,8554],[-104,19],[-150,29],[-121,23],[-74,13],[-266,59]],[[23675,8697],[-9,2],[-4,1]],[[23662,8700],[-65,10],[-31,2],[-69,4],[-31,3],[-278,-11],[-96,-22],[-123,-80],[-127,-117],[-38,-32],[-154,-143],[-69,-61],[-84,-52],[-25,-11],[-28,-12]],[[22444,8178],[-22,-10],[-108,-26],[-128,-4],[-62,9],[-470,106],[-102,-4],[-54,-18],[-23,-11],[-15,-7]],[[21460,8213],[-19,-10],[-215,-119],[-83,-20],[-52,0],[-84,11],[-261,20],[-35,0],[-44,-2],[-225,-52],[-80,-22],[-16,-4],[-11,0]],[[20335,8015],[-56,-3]],[[20279,8012],[-123,-6]],[[20193,8008],[123,7],[19,0]],[[31041,8979],[-23,-18]],[[31018,8961],[-83,-56],[-29,-13],[-44,-17],[-15,-7],[-16,-9],[-134,-78]],[[31018,8961],[20,15]],[[31038,8976],[21,17]],[[31059,8993],[3,3]],[[31062,8996],[9,4]],[[31071,9000],[46,26]],[[31117,9026],[48,20],[64,11],[92,-13],[75,-35]],[[31396,9009],[19,-9],[86,-97],[29,-61],[31,-63],[23,-50],[311,-758],[65,-162],[12,-24],[17,-41],[12,-28],[13,-29],[122,-154]],[[32136,7533],[1,-1],[3,-2]],[[32140,7530],[120,-55],[591,-151],[81,-26],[150,-94],[46,-43],[65,-76],[171,-238],[32,-41],[6,-7],[35,-52],[96,-130],[48,-65],[13,-17],[14,-19],[80,-107],[668,-916],[66,-110],[53,-135],[35,-69],[8,-20],[15,-32],[17,-43],[58,-187],[10,-44]],[[34618,4853],[5,-21]],[[34623,4832],[92,-403],[70,-195],[130,-203],[40,-76],[281,-741]],[[35806,2417],[175,-54],[209,-48]],[[37421,1522],[32,-24],[16,-10],[55,-52],[77,-87],[79,-61]],[[31041,8979],[19,15]],[[31060,8994],[2,2]],[[15804,8041],[30,-5],[137,-19],[31,-5]],[[16002,8012],[2,0]],[[16004,8012],[272,-41],[20,-3]],[[16296,7968],[132,-21],[155,-17],[14,-2]],[[16597,7928],[46,-7],[44,-6]],[[16687,7915],[109,-17]],[[16796,7898],[18,-3]],[[16814,7895],[103,0],[44,7],[18,6],[15,5]],[[16994,7913],[15,4],[25,9],[11,5]],[[17045,7931],[3,1]],[[17048,7932],[15,7],[29,13],[50,32],[282,217],[257,245],[12,8],[4,3]],[[17697,8457],[1,1]],[[17698,8458],[1,0]],[[17699,8458],[1,2]],[[17700,8460],[8,5],[29,18],[50,19],[38,9],[25,4],[16,2],[13,0],[46,-4],[315,-52],[154,-7],[25,-2],[24,-1]],[[18443,8451],[3,-1]],[[18446,8450],[7,0],[442,-71],[65,-5],[90,-6],[23,-2],[20,-3],[280,-67]],[[19373,8296],[86,-19]],[[19459,8277],[16,-5]],[[19475,8272],[21,-8]],[[19496,8264],[21,-11]],[[19517,8253],[29,-17]],[[19546,8236],[32,-26],[43,-48],[8,-10]],[[19629,8152],[5,-7],[17,-22],[33,-39],[61,-46],[50,-21]],[[19795,8017],[43,-11]],[[20070,8006],[265,13],[17,2],[12,2],[21,5],[201,56],[119,15],[31,-2],[48,-2],[244,-20],[63,-6],[96,6],[66,24],[159,95],[25,13],[13,7]],[[21450,8214],[16,9],[30,10],[81,24],[57,2]],[[21634,8259],[3,0],[4,0]],[[21641,8259],[234,-47],[236,-59],[88,-11],[142,9],[73,20],[31,12]],[[22445,8183],[34,14],[98,60],[185,171],[61,50],[69,63],[37,32],[67,61],[38,28],[94,39],[66,11],[253,9],[67,-2],[35,-3],[19,0],[21,-2],[73,-14]],[[23662,8700],[13,-3]],[[23675,8697],[110,-22]],[[23785,8675],[232,-43],[119,-24],[152,-32]],[[24288,8576],[70,-13]],[[24358,8563],[78,-13]],[[24436,8550],[559,-109],[159,18],[152,97],[105,37],[64,-2]],[[25475,8591],[237,-31]],[[25712,8560],[10,-2]],[[25722,8558],[10,1]],[[25732,8559],[107,2],[141,-9]],[[25980,8552],[823,-134],[183,6],[226,46],[265,71],[44,7],[108,13],[100,15],[297,58],[92,17],[16,5],[180,34],[127,11],[44,9],[40,9],[8,2],[92,19],[62,13],[67,11],[59,2],[949,-99],[132,0],[75,4],[94,9],[137,10],[69,7],[109,9],[165,19],[148,59],[71,41],[50,28],[23,13]],[[30835,8866],[25,11]],[[19795,8017],[52,-9]],[[16673,7926],[91,-15]],[[16764,7911],[19,-7]],[[16783,7904],[31,-9]],[[30835,8866],[121,69],[85,48]],[[31041,8983],[18,10]],[[31059,8993],[1,1]],[[31060,8994],[11,6]],[[19989,8008],[311,11],[35,2],[11,2],[8,2],[15,3],[185,52],[61,13],[92,8],[39,0],[34,-2],[329,-28],[105,15],[65,28],[131,83],[27,15],[7,3]],[[21444,8215],[20,10],[77,28],[65,9],[28,-3]],[[21634,8259],[7,0]],[[21641,8259],[44,-4],[474,-106],[207,11],[67,21],[13,6]],[[22446,8187],[24,10],[107,65],[121,110],[60,54],[27,22],[78,69],[127,117],[39,30],[44,24],[55,18],[50,8],[265,11],[48,-2],[77,-4],[54,-7]],[[23622,8712],[42,-6]],[[23664,8706],[282,-55],[89,-19],[30,-4],[144,-31],[69,-15],[80,-19]],[[24358,8563],[3,0],[75,-13]],[[25475,8591],[249,-28],[190,0],[66,-11]],[[23664,8706],[121,-31]],[[16796,7898],[-50,4]],[[24390,8554],[-102,22]],[[14010,8909],[39,-112],[2,-5]],[[14051,8792],[1,-5]],[[14052,8787],[8,-24]],[[14060,8763],[1,-3]],[[14061,8760],[0,-1]],[[14061,8759],[3,-9]],[[14064,8750],[1,-2]],[[14065,8748],[1,-2]],[[14066,8746],[2,-7]],[[14068,8739],[2,-5]],[[14070,8734],[4,-13]],[[14074,8721],[1,-2]],[[14075,8719],[3,-9]],[[14078,8710],[2,-6]],[[14080,8704],[0,-1]],[[14080,8703],[3,-9]],[[14083,8694],[2,-6],[46,-80],[68,-104]],[[14199,8504],[36,-54],[73,-271],[2,-15]],[[14310,8164],[6,-48],[0,-119],[-4,-34],[-6,-42],[-4,-41],[-5,-42]],[[14297,7838],[-6,-46]],[[14291,7792],[-2,-18],[-2,-26],[-2,-37],[6,-84],[8,-26]],[[14299,7601],[2,-7]],[[14301,7594],[5,-15],[15,-39],[10,-19],[38,-39],[25,-31],[39,-51]],[[14433,7400],[18,-23]],[[14451,7377],[9,-12],[27,-35],[27,-35]],[[14514,7295],[11,-15]],[[14525,7280],[12,-16]],[[14537,7264],[9,-12],[25,-52],[21,-28],[27,-28],[41,-33]],[[14660,7111],[6,-5]],[[14666,7106],[1,-1],[23,-13],[40,-18],[81,-19],[232,-39],[194,-11]],[[15237,7005],[17,-1]],[[15254,7004],[18,-1],[62,-13]],[[15334,6990],[13,-2],[11,-4]],[[15358,6984],[62,-20],[171,-80],[26,-15]],[[15617,6869],[2,-2]],[[15619,6867],[16,-9],[11,-11],[4,-5]],[[15650,6842],[5,-6]],[[15655,6836],[5,-5]],[[15660,6831],[9,-10],[18,-26],[76,-56],[16,-9],[21,-9]],[[15800,6721],[11,-4],[22,-11]],[[15833,6706],[2,-1]],[[15835,6705],[55,-27]],[[15890,6678],[63,-32]],[[15953,6646],[52,-31]],[[16005,6615],[66,-39]],[[16071,6576],[78,-45]],[[16149,6531],[31,-20]],[[16180,6511],[71,-30],[129,-78],[123,-56],[115,-55],[176,-91],[91,-71],[50,-50],[18,-22]],[[16953,6058],[1,-2]],[[16954,6056],[9,-11],[6,-8],[148,-197],[152,-208],[54,-76]],[[17323,5556],[1,-2]],[[17324,5554],[8,-11],[63,-72],[54,-86],[21,-31],[242,-335],[23,-31],[7,-9]],[[17742,4979],[2,-3]],[[17744,4976],[8,-9],[192,-232],[5,-7]],[[17949,4728],[3,-4]],[[17952,4724],[33,-41],[67,-78],[113,-132]],[[18165,4473],[261,-310]],[[18426,4163],[238,-284],[35,-41],[10,-13],[5,-6]],[[18714,3819],[4,-4]],[[18718,3815],[10,-12]],[[18728,3803],[132,-114]],[[19788,2982],[140,-82],[71,-41]],[[20431,2599],[67,-39],[81,-50]],[[20913,2311],[130,-78],[144,-85]],[[22754,781],[10,-10],[69,-68]],[[13995,8903],[37,-106],[4,-11]],[[14036,8786],[2,-5]],[[14038,8781],[7,-22]],[[14045,8759],[2,-4]],[[14047,8755],[0,-1]],[[14047,8754],[3,-9]],[[14050,8745],[1,-2]],[[14051,8743],[0,-1]],[[14051,8742],[3,-9]],[[14054,8733],[1,-4],[1,0]],[[14056,8729],[5,-12]],[[14061,8717],[1,-3]],[[14062,8714],[4,-8]],[[14066,8706],[2,-6]],[[14068,8700],[1,-1]],[[14069,8699],[4,-9]],[[14073,8690],[1,-4],[6,-10]],[[14080,8676],[8,-14]],[[14088,8662],[26,-47],[68,-109]],[[14182,8506],[26,-41],[25,-52],[52,-208],[6,-47]],[[14291,8158],[4,-29],[7,-67],[0,-41],[-3,-35]],[[14299,7986],[0,-11]],[[14299,7975],[-6,-77],[-10,-104],[-6,-83],[18,-127],[9,-22],[8,-22],[7,-12]],[[14319,7528],[8,-14]],[[14327,7514],[8,-11],[6,-7]],[[14341,7496],[17,-23],[20,-26]],[[14378,7447],[5,-6],[41,-52]],[[14424,7389],[38,-48],[69,-91],[11,-17]],[[14542,7233],[0,-1]],[[14542,7232],[8,-12],[3,-5]],[[14553,7215],[16,-27]],[[14569,7188],[10,-16],[4,-4]],[[14583,7168],[4,-4]],[[14587,7164],[19,-18]],[[14606,7146],[59,-48],[250,-102],[107,-15],[198,18],[46,-3],[75,-17],[77,-22],[63,-26],[108,-56],[26,-15]],[[15615,6860],[3,-1]],[[15618,6859],[13,-8],[15,-13],[6,-6]],[[15652,6832],[6,-6]],[[15658,6826],[4,-5],[5,-6]],[[15667,6815],[10,-11],[8,-13],[42,-37],[77,-39]],[[15654,6957],[2,22]],[[15658,6977],[-4,-39],[0,-4]],[[15654,6934],[0,-2]],[[15654,6932],[0,-7],[0,-20],[2,-15],[21,-65],[88,-84],[14,-9],[21,-11]],[[15800,6721],[4,-2],[29,-14]],[[15833,6705],[2,-1]],[[15835,6704],[55,-26]],[[23530,0],[-649,651],[-64,55],[-30,26],[-252,262],[-536,537],[-161,162],[-107,107],[-43,36],[-574,343],[-75,45],[-130,78],[-77,43],[-167,100],[-48,30],[-123,74],[-67,41],[-48,28],[-355,213],[-100,58],[-27,18],[-21,13],[-92,54],[-307,184],[-85,56],[-175,137],[-186,171],[-46,50]],[[18985,3572],[-217,184]],[[18757,3767],[-41,46]],[[18716,3813],[-4,5]],[[18712,3818],[-3,3]],[[18709,3821],[-2,2],[-10,13]],[[15953,6643],[73,-43]],[[16026,6600],[68,-41],[9,-4],[14,-9],[11,-4],[21,-11]],[[11233,21421],[-47,-331],[-15,-104],[-12,-86],[-7,-44],[-16,-99],[-6,-35],[-19,-82],[-50,-124],[-84,-115],[-33,-43]],[[10944,20358],[-9,-22],[-12,-23],[-4,-9],[-19,-30],[-2,-3],[4,-21],[0,-5],[-10,-15],[-21,13],[-9,2]],[[10862,20245],[-137,96],[-53,-11],[-18,-26],[-32,-37],[-12,-50],[108,-50],[50,-13],[84,-15],[5,-1]],[[10857,20138],[3,-1]],[[10860,20137],[17,-4],[40,-7],[20,-4],[82,-15],[14,-5],[-25,3]],[[11008,20105],[-20,-159]],[[10988,19946],[-42,-309],[-21,4]],[[10925,19641],[-25,4],[-23,-273],[-142,7],[-6,-65],[6,-24],[29,-63],[-12,-323],[71,-381]],[[10823,18523],[6,-34]],[[10829,18489],[6,-20],[29,-121],[-20,-7],[-5,-1]],[[10839,18340],[-2,0]],[[10837,18340],[-31,-7],[-65,-18],[-12,0]],[[10729,18315],[0,0],[-9,63]],[[10720,18378],[-8,46],[-10,52]],[[11257,21421],[-4,-27],[-50,-343],[-15,-95],[-17,-117],[-21,-119],[-37,-124],[-46,-106],[-107,-180],[-85,-147],[-11,-17],[-4,-9]],[[10860,20137],[-4,-8]],[[10856,20129],[-12,-24],[-53,-126],[-35,-145],[-11,-117],[-14,-195],[-11,-165],[-4,-45],[-14,-239],[18,-266],[65,-240],[42,-169],[8,-46],[4,-12]],[[10839,18340],[9,-31],[16,-109],[236,-985],[67,-197],[40,-85],[208,-394],[57,-158],[25,-98],[6,-32],[0,0]],[[11503,16251],[6,-41],[34,-260],[27,-210],[4,-35],[4,-28],[6,-50],[7,-65],[2,-76],[-6,-54],[-9,-52],[-4,-22],[-4,-17]],[[11570,15341],[-4,-17],[-2,-6]],[[11564,15318],[-11,-29],[-10,-22],[-17,-39],[-42,-71],[-31,-44],[-52,-58],[-372,-260],[-104,-121],[-33,-54],[-13,-20],[-8,-15],[-34,-72],[-37,-112],[-32,-113],[-8,-28],[-3,-13]],[[10757,14247],[-1,-5]],[[10756,14242],[-2,-12],[-19,-193],[0,-54],[2,-18],[0,-30],[2,-78]],[[10739,13857],[4,-43]],[[10743,13814],[2,-26]],[[11549,11433],[13,-65],[12,-68]],[[11574,11300],[0,-1]],[[11574,11299],[0,-1]],[[11574,11298],[2,-10]],[[11685,10712],[-9,26]],[[11676,10738],[-4,17],[-8,35],[-9,39],[-29,166],[-42,234],[-12,69]],[[11572,11298],[0,1]],[[11572,11299],[0,1]],[[11572,11300],[-2,12],[-21,114]],[[11549,11426],[-6,33]],[[11543,11459],[-4,22],[-5,26],[-16,91],[-7,36],[-64,204],[-90,160],[-167,230],[-7,11]],[[11183,12239],[-16,26],[-35,56],[-34,69],[-39,104],[-36,146],[-4,23]],[[11019,12663],[0,1]],[[11019,12664],[-63,400],[-10,65],[-50,180],[-82,182],[-27,74],[-23,88],[-19,117]],[[10745,13770],[-14,169]],[[11568,15740],[-15,114]],[[11553,15854],[-12,94]],[[10946,20291],[23,37],[31,56]],[[13999,8682],[-175,-44]],[[13824,8638],[-15,-4]],[[13809,8634],[-44,-15]],[[13765,8619],[-96,-20]],[[13669,8599],[-10,-4],[-13,-2]],[[13646,8593],[-2,0],[0,0]],[[13644,8593],[-16,-7],[-17,-6],[-17,-9],[-200,-104],[-84,-23]],[[13310,8444],[-18,-3]],[[13292,8441],[-23,5],[-14,3]],[[13255,8449],[-5,1],[0,0]],[[13250,8450],[-19,7],[-12,5]],[[13219,8462],[-5,2]],[[13214,8464],[-2,1],[-10,7],[-11,6],[-81,80]],[[13110,8558],[-21,20],[-12,15],[-8,11]],[[13069,8604],[-1,1]],[[13068,8605],[-4,5],[-40,70]],[[13024,8680],[-217,381]],[[12807,9061],[-6,11]],[[12801,9072],[-2,2]],[[12799,9074],[-15,24],[-14,24],[-42,58],[-48,59],[-12,15],[-32,32],[-18,18],[-59,80],[-75,123],[-15,24],[-11,14]],[[12458,9545],[-5,8],[-57,99]],[[13999,8675],[-131,-30],[-59,-11]],[[13997,8690],[-142,-39]],[[13855,8651],[-17,-4]],[[13838,8647],[-22,-7]],[[13816,8640],[-11,-4]],[[13805,8636],[-65,-17]],[[13740,8619],[-15,-4]],[[13725,8615],[-13,-4]],[[13712,8611],[-43,-12]],[[12403,9648],[23,-39]],[[12580,9358],[40,-50],[16,-20],[34,-32],[12,-15],[38,-44],[52,-73],[19,-32]],[[12791,9092],[2,-3],[8,-14]],[[12801,9075],[2,-3]],[[12803,9072],[7,-11],[16,-26],[36,-59],[106,-184],[94,-154],[8,-15],[7,-15]],[[13077,8608],[1,-1]],[[13078,8607],[3,-8],[10,-19]],[[13091,8580],[13,-15]],[[13104,8565],[6,-7]],[[13776,8634],[79,26]],[[13855,8660],[136,50]],[[13991,8710],[58,22],[5,1]],[[14054,8733],[6,3]],[[14060,8736],[3,1]],[[14063,8737],[5,2]],[[14068,8739],[58,21]],[[14126,8760],[-60,-14]],[[14066,8746],[-6,-1]],[[14060,8745],[-3,-1]],[[14057,8744],[-6,-2],[0,0]],[[14051,8742],[-41,-15]],[[13722,8623],[-53,-15]],[[13669,8608],[107,26]],[[13776,8634],[-51,-19]],[[13725,8615],[-6,-3]],[[13719,8612],[-7,-1]],[[13712,8611],[-16,-3],[-37,-2],[-11,-2],[-5,-1]],[[13643,8603],[-2,-1]],[[13641,8602],[-3,0]],[[13638,8602],[-19,-3]],[[13619,8599],[-119,-45],[-98,-68]],[[13402,8486],[-16,-11]],[[13386,8475],[-15,-10],[-38,-13],[-41,-4],[-21,2],[-17,4]],[[13254,8454],[-4,0],[-2,1]],[[13248,8455],[-15,6],[-8,4]],[[13225,8465],[-4,2]],[[13221,8467],[-7,3],[-10,6],[-10,7],[-78,71],[-23,35],[-6,10],[-5,9]],[[13082,8608],[0,1]],[[13082,8609],[-3,6],[-44,75]],[[13035,8690],[-38,63]],[[12997,8753],[0,1]],[[12997,8754],[-16,36]],[[12981,8790],[-9,17]],[[12972,8807],[-35,59]],[[12937,8866],[12,-15]],[[12949,8851],[13,-18]],[[12962,8833],[-21,35]],[[12941,8868],[-31,50],[-7,10]],[[12903,8928],[-2,3],[-8,13],[-19,26],[-48,78],[-17,27]],[[12809,9075],[-2,2]],[[12807,9077],[-6,10],[-35,58],[-40,50]],[[12726,9195],[-48,59],[-12,15],[-21,19],[-21,24],[-40,50],[-19,33],[-3,5]],[[12562,9400],[-20,36],[-46,75],[-12,22]],[[12484,9533],[-23,41],[-25,39]],[[12436,9613],[-96,158],[-11,17]],[[12329,9788],[-8,12],[-14,21],[-76,100]],[[12231,9921],[4,-5]],[[12235,9916],[42,-51]],[[12277,9865],[50,-59],[11,-14]],[[12338,9792],[8,-10],[63,-106],[35,-58]],[[12444,9618],[21,-29],[25,-43],[14,-27]],[[12504,9519],[9,-16],[31,-50],[19,-32],[2,-9],[17,-28],[8,-15],[6,-10]],[[12596,9359],[2,-3]],[[12598,9356],[3,-5],[23,-30],[27,-28],[17,-20],[25,-24],[102,-125],[15,-22],[11,-20]],[[12821,9082],[2,-2]],[[12823,9080],[18,-30],[8,-15],[10,-17]],[[12859,9018],[1,0],[14,-29],[17,-26],[7,-12]],[[12898,8951],[12,-20]],[[12910,8931],[77,-139]],[[12987,8792],[56,-95],[32,-52],[6,-11],[9,-22]],[[13090,8612],[0,-1]],[[13090,8611],[10,-22],[10,-20],[33,-39],[53,-45],[10,-7],[10,-6],[8,-4]],[[13224,8468],[4,-2]],[[13228,8466],[7,-3],[12,-4]],[[13247,8459],[5,-2],[1,-1]],[[13253,8456],[18,-4],[41,0],[74,23]],[[13386,8475],[2,1],[14,10]],[[13402,8486],[98,72],[94,37]],[[13594,8595],[19,4]],[[13613,8599],[10,3]],[[13623,8602],[17,4]],[[13640,8606],[1,0]],[[13641,8606],[20,2],[8,0]],[[10720,18378],[9,-63]],[[10729,18315],[35,-249],[19,-160],[29,-256],[2,-11],[0,-4],[2,-6],[3,-7],[0,-4],[141,-280],[36,-99],[12,-39],[30,-102],[16,-63],[178,-633]],[[11232,16402],[27,0]],[[11259,16402],[71,29],[62,-161],[3,-2],[58,-9],[40,-8],[8,0]],[[11501,16251],[2,0]],[[11503,16251],[15,-2],[-11,43]],[[11259,16402],[-11,-4],[-15,-2]],[[11233,16396],[-1,0]],[[11232,16396],[2,-7]],[[11234,16389],[2,-21]],[[11236,16368],[-17,-256],[17,-67],[6,-20],[44,-114],[15,-37],[12,-26],[36,-80],[0,-11]],[[11349,15757],[131,-236]],[[11480,15521],[6,-7],[36,-60],[17,-26],[27,-65],[2,-11]],[[11568,15352],[2,-7],[0,-4]],[[11570,15341],[0,-7],[0,-10],[-8,-52]],[[11562,15272],[-51,-150],[-141,-208],[-61,-130]],[[11309,14784],[-27,-4]],[[11282,14780],[-190,28],[-167,-173]],[[10925,14635],[-21,-35],[-10,-32]],[[10894,14568],[-9,-61]],[[10885,14507],[0,-9],[-16,-115]],[[10869,14383],[-11,-73]],[[10858,14310],[-19,-139],[-2,-17]],[[10837,14154],[-4,-9]],[[10833,14145],[2,-4],[2,-2]],[[10837,14139],[2,-3],[0,0]],[[10839,14136],[0,-4],[0,-8],[-23,-18],[-4,7]],[[10812,14113],[-19,-11],[-16,-11],[-9,-11],[-4,-24],[-2,-10],[-6,-48],[-4,-9]],[[10752,13989],[144,-34],[37,-18],[69,-147],[69,-147],[127,-278],[-23,-11],[-139,13],[-25,-71],[-65,-17]],[[10946,13279],[8,-93]],[[10954,13186],[4,-72]],[[10958,13114],[15,-91]],[[10973,13023],[12,-58]],[[10985,12965],[40,-232],[13,-72]],[[11038,12661],[9,-1]],[[11047,12660],[7,-1]],[[11054,12659],[171,-25]],[[11225,12634],[9,-1],[-2,-11],[-2,-11],[-23,-179],[-3,-33]],[[11204,12399],[-6,-52]],[[11198,12347],[-8,-58],[-6,-44]],[[11184,12245],[-1,-6]],[[11183,12239],[-5,-41],[-15,-128],[-11,-67],[-2,-24],[-8,-59],[-27,-208],[-4,-32]],[[11111,11680],[0,-4]],[[11111,11676],[-7,-59],[-6,-48],[-4,-23]],[[11094,11546],[-12,-109]],[[11082,11437],[-7,-28]],[[11075,11409],[-2,-13]],[[11073,11396],[4,-19],[7,-9]],[[11084,11368],[27,2],[89,-13],[211,-30]],[[11411,11327],[96,-13],[38,-7],[7,-4]],[[11552,11303],[3,-2]],[[11555,11301],[17,-2]],[[11572,11299],[2,0]],[[11574,11299],[19,-2],[0,-2]],[[11593,11295],[4,-31],[8,-43],[11,-54],[46,-258],[35,-72],[-8,-56],[-2,-28],[275,-41],[13,-5],[31,-4],[4,0],[3,0]],[[12013,10703],[4,-1]],[[12017,10702],[169,-25],[4,0]],[[12190,10677],[6,-2],[3,-2]],[[12199,10673],[3,-3],[6,-2],[65,-69],[249,-308],[8,-19],[0,-4],[0,-10]],[[12530,10258],[0,-1]],[[12530,10257],[0,-6]],[[12530,10251],[0,-1],[0,-6],[-4,-26]],[[12526,10218],[-1,-6]],[[12525,10212],[-2,-13]],[[12523,10199],[-14,-111]],[[12509,10088],[-6,-46],[-21,-141]],[[12482,9901],[0,-8],[-4,-35],[-4,-30],[-3,-18],[0,-6],[-2,-4],[-2,-7],[-4,-35],[-4,-39],[-4,-26],[-7,-2],[3,9],[0,11],[2,15],[4,32],[4,29],[0,6],[2,20]],[[12463,9813],[2,6],[0,11],[11,71]],[[12476,9901],[24,181]],[[12500,10082],[7,56],[7,59]],[[12514,10197],[1,13]],[[12515,10210],[4,36],[3,6]],[[12522,10252],[-3,3],[0,5]],[[12519,10260],[0,3],[-2,9],[-4,11],[-17,26],[-141,171],[-76,91],[-79,97],[-1,5]],[[12199,10673],[-1,2],[-8,2]],[[11555,11301],[-1,0]],[[11554,11301],[-11,-2],[-4,0]],[[11539,11299],[-21,4]],[[11518,11303],[-109,15]],[[11409,11318],[1,3]],[[11410,11321],[0,2]],[[11410,11323],[1,4]],[[11409,11318],[-279,39],[-30,-4],[-12,-4],[-2,0],[-2,-3],[-9,-2],[-2,2],[-2,0]],[[11071,11346],[0,3],[-2,8],[0,2]],[[11069,11359],[0,2]],[[11069,11361],[0,3],[0,2],[2,0]],[[11071,11366],[2,30]],[[11198,12347],[7,52],[-1,0]],[[11204,12399],[-93,13],[-11,4],[-14,37],[2,65],[6,57],[10,75],[-18,3]],[[11086,12653],[-48,8]],[[10946,13279],[10,104],[21,153],[109,-15],[-2,28],[-9,22],[-29,61],[-146,312],[-144,19],[-6,5],[-2,0],[0,4],[4,17]],[[10812,14113],[-6,19],[0,20],[2,4]],[[10808,14156],[2,2]],[[10810,14158],[0,0],[0,2],[2,0],[7,0],[14,-15]],[[10837,14154],[21,156]],[[10869,14383],[16,124]],[[10894,14568],[-2,34],[2,2],[4,3],[27,28]],[[11562,15272],[2,45],[0,1]],[[11564,15318],[0,6],[0,8]],[[11564,15332],[0,7],[-2,6],[-3,18],[-10,26],[-33,60],[-9,18],[-25,45],[-2,9]],[[11349,15757],[-53,104],[-16,37],[-25,60],[-9,26],[-16,52],[-15,59],[21,273]],[[11234,16389],[-1,7]],[[11233,16396],[-1,6]],[[11232,16402],[0,-6]],[[10925,19641],[21,0],[42,305]],[[11008,20105],[-93,13],[-57,10],[-2,1]],[[10856,20129],[-3,1]],[[10853,20130],[-99,20],[-171,72],[-9,8],[38,39],[37,46],[38,52],[4,6],[34,-19],[144,-96]],[[10869,20258],[23,37],[43,70]],[[10935,20365],[9,-7]],[[10862,20245],[7,13]],[[10935,20365],[11,13],[140,221],[10,28],[19,71],[6,28],[2,13],[2,15],[25,156],[13,76],[12,104],[15,111],[4,30],[15,102],[8,58],[3,30]],[[13640,8606],[-6,-2],[-11,-2]],[[12987,8792],[-25,41]],[[12937,8866],[-29,50],[-3,4]],[[12905,8920],[-14,22],[-38,54],[-25,39],[-16,28],[-7,10]],[[12805,9073],[-1,3]],[[12804,9076],[-13,22],[-7,13],[-4,6]],[[12780,9117],[-12,20]],[[12768,9137],[-67,84]],[[12607,9327],[-54,72],[-82,141]],[[12471,9540],[-12,21],[-25,50]],[[12434,9611],[-34,54],[-62,106],[-11,15]],[[12327,9786],[-8,11],[-21,31],[-85,112]],[[12213,9940],[-11,16]],[[12202,9956],[-1,1]],[[12201,9957],[-13,14],[-11,11],[-39,32],[-44,28],[-94,63],[-37,24]],[[11963,10129],[-7,4],[-33,22],[-15,13],[-17,13],[-7,6]],[[11884,10187],[-9,9],[-28,33],[-12,15],[-4,6]],[[11831,10250],[-2,5],[-7,10],[-60,146]],[[11762,10411],[-73,281]],[[12202,9956],[29,-35]],[[12231,9921],[28,-35]],[[12259,9886],[8,-11],[10,-13],[5,-4],[45,-56],[9,-11]],[[12336,9791],[8,-11],[67,-110],[25,-46]],[[12436,9624],[25,-37]],[[12461,9587],[-17,31]],[[12436,9613],[17,-34]],[[12453,9579],[25,-43]],[[12478,9536],[46,-76],[29,-48],[9,-12]],[[12562,9400],[1,-1],[9,-13],[8,-10]],[[12580,9376],[15,-16],[3,-4]],[[12598,9356],[2,-3]],[[12600,9353],[25,-27]],[[12625,9326],[30,-33]],[[12655,9293],[17,-18]],[[12672,9275],[23,-21],[127,-91],[50,-24],[25,-7],[15,0],[12,-2],[15,2],[12,3],[5,0]],[[12956,9135],[4,0],[4,1]],[[12964,9136],[4,1],[19,6],[3,1]],[[12990,9144],[1,1]],[[12991,9145],[5,1]],[[12996,9146],[3,2]],[[12999,9148],[7,2]],[[13006,9150],[12,4]],[[13018,9154],[17,6]],[[13035,9160],[8,3],[211,78],[52,21]],[[13306,9262],[26,10]],[[13332,9272],[2,1]],[[13334,9273],[317,122]],[[13651,9395],[2,1]],[[13653,9396],[37,14]],[[13690,9410],[38,15],[76,29]],[[13804,9454],[6,3]],[[13810,9457],[2,0]],[[13812,9457],[8,3]],[[13820,9460],[283,110],[19,4],[15,5]],[[14137,9579],[17,2],[16,0],[80,-18]],[[14250,9563],[73,-58]],[[14323,9505],[12,-15],[11,-20],[10,-21],[15,-50]],[[14371,9399],[20,-59],[8,-24]],[[14399,9316],[1,-2]],[[14400,9314],[1,-3]],[[14401,9311],[2,-5]],[[14403,9306],[20,-61],[5,-11]],[[14428,9234],[7,-15]],[[14435,9219],[1,-2]],[[14436,9217],[13,-28]],[[14449,9189],[13,-28]],[[14462,9161],[1,-3]],[[14463,9158],[0,-1]],[[14463,9157],[24,-53],[11,-28],[4,-17],[2,-20],[0,-1]],[[14504,9038],[0,-9]],[[14504,9029],[0,-5],[0,0]],[[14504,9024],[0,-2]],[[14504,9022],[-1,-8]],[[14503,9014],[-1,-5],[-6,-37],[-3,-8]],[[14493,8964],[-1,-4]],[[14492,8960],[0,-1],[-9,-19],[-6,-11],[-2,-3]],[[14475,8926],[-2,-2]],[[14473,8924],[-8,-10],[-30,-29],[-11,-8]],[[14424,8877],[-5,-5],[-9,-4]],[[14410,8868],[-8,-4],[-12,-5]],[[14390,8859],[-3,-1]],[[14387,8858],[-3,-1]],[[14384,8857],[-116,-41],[-37,-15],[-105,-41]],[[12453,9579],[-19,32]],[[12461,9587],[15,-24],[12,-21],[8,-16]],[[12496,9526],[9,-17],[65,-110],[12,-17],[8,-16],[6,-7]],[[12596,9359],[4,-6]],[[12600,9353],[7,-8],[20,-22]],[[12627,9323],[28,-30]],[[10745,13770],[-1,38]],[[10744,13808],[-1,6]],[[18856,3630],[10,-9],[125,-101],[25,-22],[-85,-594],[-23,-62],[8,-2]],[[18916,2840],[6,-1]],[[18922,2839],[2,0]],[[18924,2839],[201,-34],[-84,-210]],[[19041,2595],[1,-2]],[[19042,2593],[16,-66],[25,-91],[35,-132],[3,-39],[-36,-242],[-17,-109],[-8,-58],[-27,-186],[-11,-65],[-31,-219]],[[18991,1386],[-2,-35],[2,-26],[-6,2],[-6,0],[-50,9],[-142,24]],[[18787,1360],[-65,13]],[[18722,1373],[-8,1]],[[18714,1374],[-13,2]],[[18701,1376],[-3,0]],[[18698,1376],[-8,2]],[[18690,1378],[-10,1],[-52,9],[-40,-312],[15,-37],[-35,-264],[36,-6]],[[18604,769],[9,-2]],[[18613,767],[1,0]],[[18614,767],[33,-5]],[[18647,762],[12,-2],[-14,-102]],[[18645,658],[0,-4]],[[18645,654],[-65,-492]],[[18580,162],[0,-17]],[[18580,145],[0,0],[-4,0]],[[18576,145],[-31,6]],[[18545,151],[31,-5]],[[18576,146],[4,-1]],[[18580,145],[71,-11],[188,-35],[-6,-43],[-7,-39],[-2,-17]],[[13035,8690],[-38,64]],[[12997,8754],[-54,90],[-31,59],[-6,15],[-1,2]],[[12905,8920],[-2,8]],[[12903,8928],[-2,9],[-2,10]],[[12899,8947],[-1,4]],[[12898,8951],[-1,4],[-1,15]],[[12896,8970],[-1,6],[1,5]],[[12896,8981],[1,11],[0,13],[13,54],[14,28],[11,15],[10,15],[13,13],[3,3]],[[12961,9133],[1,0]],[[12962,9133],[2,3]],[[12964,9136],[4,3],[1,1]],[[12969,9140],[12,8],[18,13],[23,10],[30,11],[223,85],[51,19]],[[13326,9286],[3,1]],[[13329,9287],[244,90]],[[13573,9377],[73,29]],[[13646,9406],[3,1]],[[13649,9407],[12,5],[65,24],[74,29]],[[13800,9465],[6,2]],[[13806,9467],[2,1]],[[13808,9468],[8,3]],[[13816,9471],[277,108],[25,8],[19,2]],[[14151,9592],[19,2],[15,-2]],[[14254,9574],[33,-19],[19,-13],[12,-13]],[[14318,9529],[17,-18],[13,-17]],[[14348,9494],[12,-19],[28,-67]],[[14388,9408],[1,-3],[1,-1]],[[14390,9404],[20,-57],[19,-56],[10,-35]],[[14439,9256],[30,-63],[4,-10]],[[14473,9183],[1,0]],[[14474,9183],[5,-12],[8,-21],[49,-139]],[[14536,9011],[12,-33]],[[14548,8978],[1,-3]],[[14549,8975],[1,-3]],[[14550,8972],[0,-1]],[[14550,8971],[2,-4]],[[14552,8967],[6,-19],[2,-4]],[[14560,8944],[1,-2]],[[14561,8942],[10,-31],[8,-21],[34,-63],[29,-37],[48,-45],[65,-52],[25,-22],[3,-3]],[[14783,8668],[9,-10],[11,-11]],[[14803,8647],[2,-2],[5,-6]],[[14810,8639],[24,-27],[5,-6]],[[14839,8606],[27,-32]],[[14866,8574],[3,-4]],[[14869,8570],[4,-4]],[[14873,8566],[0,-1]],[[14873,8565],[13,-15],[15,-18],[148,-123],[117,-69],[19,-9],[29,-13]],[[15214,8318],[1,0]],[[15215,8318],[30,-13]],[[15245,8305],[-33,15]],[[15212,8320],[-13,7],[-10,6],[-23,11]],[[15166,8344],[-84,48]],[[15082,8392],[-12,8]],[[15070,8400],[-19,13]],[[15051,8413],[-48,37]],[[15003,8450],[-19,15],[-17,15],[-33,39]],[[14934,8519],[-27,22]],[[14907,8541],[-25,19]],[[14882,8560],[-1,1]],[[14881,8561],[-12,9]],[[14869,8570],[-2,1]],[[14444,8831],[-15,2]],[[14279,8803],[-194,-78],[-11,-4]],[[14074,8721],[-5,-1]],[[14069,8720],[-3,-2]],[[14066,8718],[-5,-1]],[[14061,8717],[-43,-16],[-23,-6]],[[13995,8695],[-84,-26]],[[13911,8669],[-75,-20]],[[13836,8649],[-37,-13]],[[13799,8636],[17,4]],[[13816,8640],[4,1]],[[13820,8641],[18,6]],[[13903,8686],[-48,-26]],[[18545,151],[31,-6],[0,0]],[[18576,145],[0,1]],[[18576,146],[4,16]],[[18647,762],[17,-2],[37,286],[42,-7],[44,321]],[[18722,1373],[-8,0],[0,1]],[[18714,1374],[0,10],[119,-20],[150,-26],[8,48]],[[15166,8344],[119,-52],[77,-24],[33,-13],[42,-15]],[[15437,8240],[38,-13],[71,-30],[31,-20],[17,-13],[14,-13],[12,-9]],[[15620,8142],[1,-1]],[[15621,8141],[3,-2]],[[15624,8139],[11,-10],[11,-10],[15,-14]],[[15661,8105],[10,-10],[48,-57],[21,-36],[21,-48],[12,-106],[-29,-232],[-23,-145],[-19,-121],[-4,-24],[-50,-362],[-2,-26],[0,-2]],[[15646,6936],[0,-3]],[[15646,6933],[0,-8],[2,-54],[2,-18],[2,-8],[3,-9]],[[15655,6836],[1,-2],[2,-8]],[[15658,6826],[0,-3],[4,-9],[11,-19],[42,-46],[87,-36],[30,-15]],[[15832,6698],[2,-1]],[[15834,6697],[31,-15],[62,-28],[366,-214],[52,-26],[259,-124],[150,-73],[127,-91],[48,-52],[11,-14]],[[16940,6060],[2,-2]],[[16942,6058],[12,-15],[29,-41],[53,-80],[114,-141],[157,-214],[6,-9]],[[17313,5558],[2,-3]],[[17315,5555],[15,-21],[50,-73],[35,-46],[30,-37],[23,-32],[240,-332],[18,-24],[7,-9]],[[17733,4981],[2,-3]],[[17735,4978],[6,-9],[200,-243],[7,-8]],[[17948,4718],[3,-4]],[[17951,4714],[5,-7],[10,-15],[32,-44],[33,-45],[96,-98],[578,-684]],[[18705,3821],[5,-5]],[[18710,3816],[4,-5]],[[18714,3811],[52,-60],[31,-30]],[[18797,3721],[180,-156]],[[18977,3565],[50,-45],[39,-35],[46,-63],[34,-147],[-5,-40]],[[19141,3235],[0,-2]],[[19141,3233],[-4,-38],[-14,-59],[-34,-65],[-137,-182],[-23,-41],[-5,-9]],[[18924,2839],[-6,-15],[-6,-17],[-15,-59],[-10,-67],[-9,-54],[0,-7]],[[18878,2620],[-1,-3]],[[18877,2617],[-7,-51],[-10,-67],[-4,-41],[-23,-158],[-113,-763],[-8,-91],[-5,-28],[-6,-39],[0,-3]],[[18701,1376],[-4,-31],[-13,-89],[-16,-100],[-42,-320],[-10,-61],[-2,-8]],[[18614,767],[-5,-33],[-16,-113],[-23,-178],[-15,-121],[-21,-145],[-4,-35],[-21,-142]],[[18499,0],[14,101],[9,76],[25,175],[27,169],[12,128],[13,83],[4,30],[1,7]],[[18604,769],[1,8],[11,61],[8,50],[8,65],[40,301],[4,30],[14,94]],[[18690,1378],[1,3],[27,191],[16,102],[78,522],[27,186],[19,187],[6,51]],[[18864,2620],[1,2]],[[18865,2622],[3,25],[6,47],[13,67],[10,39],[13,29],[6,11]],[[18916,2840],[6,10],[4,11],[176,251],[31,104],[-10,143],[-34,83],[-62,75]],[[19027,3517],[-13,11]],[[19014,3528],[-148,126],[-75,67]],[[18791,3721],[-25,27]],[[18766,3748],[-46,49]],[[18720,3797],[-9,12]],[[18711,3809],[-4,5]],[[18707,3814],[-4,5],[-12,13],[-34,41],[-499,593],[-123,128],[-33,41],[-38,54],[-8,13],[-6,8]],[[17950,4710],[-3,4]],[[17947,4714],[-6,8],[-181,219],[-23,30],[-6,8]],[[17731,4979],[-2,3]],[[17729,4982],[-7,8],[-16,22],[-238,329],[-25,33],[-30,39],[-46,63],[-39,56],[-16,24]],[[17312,5556],[-1,2]],[[17311,5558],[-6,9],[-169,229],[-96,115],[-59,91],[-31,41],[-11,16]],[[16939,6059],[-2,2]],[[16937,6061],[-8,10],[-194,152],[-133,65],[-205,98],[-19,8],[-21,11],[-31,15],[-378,217],[-62,32],[-52,25]],[[15834,6694],[-2,1]],[[15832,6695],[-30,13],[-62,24],[-36,22],[-33,37],[-11,19],[-8,22]],[[15652,6832],[-2,10]],[[15650,6842],[0,1],[-4,10],[-2,18],[-2,56],[0,7]],[[15642,6934],[0,3]],[[15642,6937],[0,3],[2,24],[52,364],[2,24],[19,119],[21,126],[31,240],[-8,106],[-21,56],[-42,63],[-27,28],[-19,18]],[[15652,8108],[-2,2],[-15,13],[-20,17]],[[15615,8140],[-2,2]],[[15613,8142],[-2,1]],[[15611,8143],[-9,8],[-33,26],[-96,43],[-37,14]],[[15436,8234],[-160,58],[-31,13]],[[13719,8612],[21,7]],[[13740,8619],[59,17]],[[13836,8649],[42,15]],[[13991,8703],[10,5],[55,21]],[[14056,8729],[5,2]],[[14061,8731],[4,1]],[[14065,8732],[5,2]],[[14070,8734],[4,2]],[[18505,0],[21,145],[4,15],[2,17],[4,33],[13,99],[14,111],[25,190],[19,119],[4,24],[2,14]],[[18613,767],[5,38],[50,371],[10,60],[13,83],[7,57]],[[18698,1376],[1,5],[6,39],[2,20],[11,106],[100,676],[25,184],[25,160],[6,44],[1,8]],[[18875,2618],[1,2]],[[18876,2620],[11,83],[4,30],[13,54],[8,29],[10,23]],[[18922,2839],[4,9],[23,41],[117,154],[52,95],[23,95]],[[19141,3233],[0,1],[0,1]],[[19141,3235],[0,51],[-27,121],[-48,76],[-39,34]],[[18977,3565],[37,-37]],[[18797,3721],[-29,25]],[[18768,3746],[-2,2]],[[18766,3748],[-4,3],[-42,46]],[[13619,8599],[11,0],[8,3]],[[18705,3821],[4,-6]],[[18709,3815],[4,-4]],[[18713,3811],[11,-14],[6,-7],[7,-6],[10,-15],[21,-23]],[[18768,3746],[23,-25]],[[26667,3448],[-123,50]],[[26544,3498],[-104,37]],[[26440,3535],[-460,164],[-123,35],[-117,20],[-29,4],[-50,9],[-37,4],[-424,61],[-142,4],[-659,-7],[-295,-2],[-54,0],[-106,7],[-245,28],[-52,9],[-90,26],[-233,99],[-17,7],[-17,6],[-50,11],[-119,4],[-85,-8],[-520,-52],[-424,-41],[-8,-3],[-23,-2],[-83,-24],[-543,-177],[-50,-13],[-29,-7],[-13,-2],[-42,-6],[-125,-13],[-81,-9],[-150,-11],[-144,-15],[-46,0],[-73,22],[-84,41],[-58,39],[-57,52],[-46,56],[-35,63],[-13,32],[-10,33],[-49,156]],[[20330,4135],[-3,8],[-1,2]],[[20326,4145],[-39,96],[-158,253],[-40,76],[-21,59],[-92,396],[-46,121],[-197,346]],[[19733,5492],[-16,27],[-3,4]],[[19714,5523],[-105,130]],[[19609,5653],[-52,39],[-13,8]],[[19544,5700],[-2,1],[-2,1]],[[19540,5702],[-10,6],[-17,8],[-376,154],[-142,65],[-33,17],[-29,22],[-13,9],[-10,6],[-100,100],[-71,110],[-130,340],[-58,120],[-88,110],[-102,74],[-65,26],[-33,8],[-17,2],[-8,3],[-5,0]],[[18233,6882],[-3,1]],[[18230,6883],[-7,1],[-244,32],[-61,20],[-98,71],[-29,37],[-23,43],[-39,86]],[[17729,7173],[0,1],[-2,2]],[[17727,7176],[-136,163],[-46,97],[-17,48],[-60,201],[-9,28],[-102,143],[-58,33],[-42,13],[-10,2]],[[17247,7904],[-11,2],[-8,0],[-23,2],[-313,-21],[-53,4]],[[16839,7891],[-22,1]],[[16817,7892],[-134,10]],[[14068,8762],[-7,-2]],[[14061,8760],[-1,0],[-4,-2]],[[14056,8758],[-4,-1]],[[14052,8757],[-5,-2],[0,0]],[[14047,8755],[-25,-6],[-54,-20]],[[26669,3457],[-173,60]],[[26496,3517],[-56,18]],[[16764,7911],[61,-11]],[[16825,7900],[83,2],[86,11]],[[16994,7913],[12,2],[7,0]],[[17013,7915],[52,0],[140,-4],[18,-3],[15,0],[11,-2]],[[17249,7906],[12,-2],[81,-32],[80,-76],[44,-91],[71,-238],[79,-154],[90,-104],[21,-33]],[[17727,7176],[2,-3]],[[17729,7173],[16,-25],[40,-87],[33,-47],[96,-72],[80,-26],[229,-30],[7,-1]],[[18230,6885],[3,0]],[[18233,6885],[13,-1],[11,-2],[41,-11],[65,-26],[92,-63],[75,-84],[58,-102],[157,-403],[165,-200],[23,-17],[52,-32],[323,-133],[209,-93],[15,-6],[8,-5]],[[19540,5707],[2,-2],[2,-1]],[[19544,5704],[17,-9],[19,-13],[12,-11],[17,-18]],[[19609,5653],[71,-73],[34,-57]],[[19714,5523],[19,-31]],[[19733,5492],[204,-337],[43,-139],[105,-428],[46,-89],[108,-163],[67,-130],[20,-61]],[[20326,4145],[4,-10]],[[20330,4135],[51,-156],[4,-15],[9,-20],[10,-26],[48,-80],[106,-106],[103,-56],[60,-24],[88,-9],[127,15],[134,9],[29,4],[117,11],[81,9],[44,6],[25,5],[69,17],[626,204],[82,8],[83,7],[111,13],[41,2],[288,30],[167,15],[234,24],[140,7],[77,-13],[23,-7],[17,-4],[290,-124],[104,-17],[311,-35],[393,5],[160,0],[568,4],[119,-11],[355,-54],[46,-4],[41,-7],[82,-8],[110,-24],[593,-213]],[[26496,3517],[48,-19]],[[16687,7915],[96,-11]],[[16783,7904],[42,-4]],[[27136,21421],[-152,-60],[-167,-130],[-43,-28],[-80,-24],[-177,-17],[-207,-65]],[[26310,21097],[-42,-26],[-25,-18],[-75,-67],[-171,-203],[-44,-83],[-6,-214],[73,-124],[163,-195],[42,-78],[21,-149],[-28,-158],[-225,-518],[-13,-80],[42,-106],[107,-130],[33,-83],[4,-151],[-56,-124],[-29,-34],[-17,-15],[-10,-11],[-213,-195],[-65,-83]],[[25776,18252],[-8,-19]],[[25768,18233],[-5,-260]],[[25763,17973],[-2,-37],[-4,-41]],[[25757,17895],[-29,-106]],[[25728,17789],[-38,-82],[-87,-172]],[[25603,17535],[-103,-67],[-258,-54],[-109,50],[-150,126],[-81,19]],[[24902,17609],[-19,0]],[[24883,17609],[-11,-2]],[[24872,17607],[-14,-2],[-4,0]],[[24854,17605],[-5,0],[-21,-7]],[[24828,17598],[-16,-6]],[[24812,17592],[-17,-7]],[[24795,17585],[-106,-73]],[[24689,17512],[-53,-33]],[[24636,17479],[-162,-50]],[[24474,17429],[-46,-4]],[[24428,17425],[-75,-4]],[[24353,17421],[-27,2]],[[24326,17423],[-46,4]],[[24280,17427],[-23,7],[-30,8]],[[24227,17442],[-192,87]],[[24035,17529],[-202,37],[-104,47],[-50,48],[-21,28],[-40,67],[-42,76],[-19,30],[-8,16],[-27,47],[-13,26]],[[23509,17951],[-108,161]],[[23401,18112],[-138,164],[-140,236],[-33,46]],[[23090,18558],[-75,69],[-21,15],[-6,5],[-59,28]],[[22929,18675],[-41,24]],[[22888,18699],[-15,8]],[[22873,18707],[-113,104],[-256,115],[-88,13],[-90,-19],[-35,-16],[-59,-43],[-127,-154],[-88,-130],[-10,-21],[-11,-22],[-4,-11],[-31,-65],[-48,-102],[-27,-52],[-31,-54],[-40,-52],[-15,-15],[-27,-30],[-19,-22],[-108,-108],[-34,-39],[-212,-295],[-184,-177],[-88,-159],[-8,-8]],[[21120,17345],[-96,-100],[-234,-152],[-50,-45],[-67,-113],[-44,-151],[-27,-271],[-23,-139]],[[20579,16374],[-8,-32]],[[20571,16342],[-173,-518],[-29,-152],[0,-104],[25,-238],[8,-52],[12,-61],[36,-194],[15,-107],[0,-134],[-21,-331],[-42,-154],[-73,-98],[-25,-24],[-6,-6],[-13,-13],[-129,-123],[-230,-237],[-75,-91],[-117,-188],[-92,-108],[-377,-362],[-28,-22],[-16,-11],[-17,-8],[-125,-59],[-77,-39],[-57,-30],[-77,-87],[-273,-424],[-107,-96],[-417,-179],[-88,-24],[-25,0],[-194,-2],[-309,0],[-140,0],[-73,0],[-52,0],[-221,-3],[-155,0],[-8,0],[-510,0]],[[16296,12063],[-1,0],[-1,0]],[[16294,12063],[-158,-71],[-67,-106],[-171,-392],[-19,-52],[-4,-26],[-4,-29],[-8,-51],[-2,-29]],[[15861,11307],[-34,-247]],[[15827,11060],[15,-260],[-8,-58],[-15,-126]],[[15819,10616],[-17,-156],[-14,-112],[-17,-117],[-6,-182],[-52,-401],[-36,-154],[-5,-44]],[[15672,9450],[0,-2]],[[15672,9448],[-1,-10],[-6,-46],[-9,-67],[-27,-210],[-25,-93],[-29,-54],[-36,-46],[-25,-21],[-16,-11],[-13,-9],[-29,-15],[-48,-20],[-23,-6],[-8,-1]],[[15377,8839],[-4,-1]],[[15373,8838],[-1,0],[-4,0]],[[15368,8838],[-8,0],[-69,2],[-336,50],[-111,11],[-46,7]],[[14798,8908],[-196,29],[-35,5],[-6,0]],[[14561,8942],[-5,0],[-4,-1]],[[14552,8941],[-4,-1],[-6,0],[-17,-3],[-23,-4],[-29,-9]],[[14473,8924],[-4,-2],[-25,-11],[-48,-15]],[[14396,8896],[-22,-7]],[[14374,8889],[-2,-1]],[[14372,8888],[-14,-5]],[[14358,8883],[-57,-23]],[[14301,8860],[-29,-11]],[[14272,8849],[-108,-48],[-92,-35],[-12,-3]],[[14060,8763],[-5,-2]],[[14055,8761],[-4,-1]],[[14051,8760],[-6,-1]],[[14045,8759],[-10,-4],[-67,-26]],[[13968,8729],[-211,-93],[-67,-17],[-21,-4]],[[13669,8615],[-27,-3]],[[20600,16617],[-19,-230]],[[20581,16387],[-2,-13]],[[23132,18517],[-109,112]],[[23023,18629],[-19,11],[-23,13]],[[22981,18653],[-52,22]],[[25728,17789],[-25,-87],[-100,-167]],[[23401,18112],[-150,190],[-119,215]],[[14358,8883],[-67,-28]],[[14291,8855],[-85,-41]],[[14396,8896],[-11,-4],[-11,-4]],[[14374,8888],[-2,0]],[[14372,8888],[-14,-5]],[[20611,16617],[14,162],[19,91],[25,61],[50,93],[31,39],[53,43],[206,133],[111,106]],[[21120,17345],[81,154],[69,78],[144,134],[173,251],[155,163],[71,75],[31,42],[50,86],[109,226],[12,23],[15,29],[39,62],[142,176],[44,41],[29,19],[40,18],[109,21],[68,-13],[211,-86],[61,-39],[90,-85],[118,-67]],[[23509,17951],[23,-34],[15,-31],[27,-45],[82,-143],[37,-46],[119,-75],[223,-48]],[[24854,17605],[8,2],[10,0]],[[26310,21097],[144,56],[294,43],[84,50],[94,78],[56,39],[38,18],[105,40]],[[13156,8530],[-29,41],[-19,35],[-4,10]],[[13104,8616],[-1,2]],[[13103,8618],[-8,16],[-4,7],[-16,36],[-25,44],[-107,171],[-8,15],[-7,17],[0,3]],[[12928,8927],[0,1]],[[12928,8928],[-4,14],[-2,76],[11,36],[6,16],[6,10],[34,44],[12,11],[17,10],[1,1]],[[13009,9146],[3,2]],[[13012,9148],[6,3]],[[13018,9151],[11,5],[6,4]],[[13035,9160],[8,5]],[[13043,9165],[0,0],[5,2]],[[13048,9167],[231,85],[27,10]],[[13306,9262],[26,10]],[[13332,9272],[2,1]],[[13334,9273],[175,67],[142,55]],[[13651,9395],[2,0]],[[13653,9395],[14,6],[23,9]],[[13690,9410],[36,15],[56,22],[22,8]],[[13804,9455],[6,2]],[[13810,9457],[2,1]],[[13812,9458],[7,3]],[[13819,9461],[282,109],[21,6],[15,3]],[[14250,9563],[60,-43],[13,-15]],[[14371,9399],[23,-63],[6,-18]],[[14400,9318],[1,-3]],[[14401,9315],[1,-3]],[[14402,9312],[23,-65],[10,-28]],[[14435,9219],[1,-2]],[[14436,9217],[11,-22]],[[14447,9195],[11,-24]],[[14458,9171],[4,-8]],[[14462,9163],[2,-3]],[[14464,9160],[15,-32],[27,-67],[7,-12]],[[14513,9049],[6,-10],[10,-19],[7,-9]],[[14536,9011],[6,-6],[14,-16],[14,-14]],[[14570,8975],[3,-3],[1,0]],[[14574,8972],[1,-1]],[[14575,8971],[5,-3]],[[14580,8968],[1,-1]],[[14581,8967],[9,-5]],[[14590,8962],[4,-3],[69,-24],[136,-19]],[[14799,8916],[150,-22]],[[14949,8894],[160,-24],[178,-26],[71,-4],[4,0]],[[15362,8840],[4,1]],[[15366,8841],[4,0]],[[15370,8841],[7,1],[20,4],[86,37],[15,9],[37,30],[50,67],[38,107],[39,296],[5,48],[1,8]],[[15668,9448],[0,3]],[[15668,9451],[7,45],[6,35],[29,117],[53,418],[6,156],[0,9],[10,71],[25,206],[15,108]],[[15827,11060],[23,215]],[[15850,11275],[15,95]],[[15865,11370],[6,41]],[[15871,11411],[19,78],[175,399],[9,15],[12,24],[25,37],[34,39],[62,43],[87,17]],[[16294,12063],[2,0]],[[16296,12063],[11,3],[155,0],[217,0],[127,0],[8,2],[21,-2],[111,2],[207,0],[87,0],[84,0],[96,0],[225,0],[119,2],[194,2],[115,24],[419,182],[101,91],[298,461],[56,54],[38,20],[192,91],[19,11],[6,2],[17,11],[18,11],[25,19],[384,368],[186,269],[75,95],[192,210],[67,57],[8,6],[5,5],[37,41],[9,6],[102,104],[33,37],[82,204],[18,318],[0,152],[-16,119],[-19,110],[-29,145],[-30,250],[-4,75],[7,85],[29,126],[173,511]],[[20581,16387],[30,230]],[[23023,18629],[67,-71]],[[14272,8849],[32,13]],[[14304,8862],[17,6],[48,22],[2,1]],[[14371,8891],[2,1]],[[14373,8892],[21,9],[48,13],[23,8],[10,4]],[[14475,8926],[31,11],[34,7],[11,0]],[[14551,8944],[5,0],[4,0]],[[14560,8944],[7,0],[35,-4],[52,-7],[145,-21]],[[14799,8912],[37,-5],[113,-13]],[[14291,8855],[10,5]],[[14301,8860],[3,2]],[[38603,14106],[-11,-13]],[[38592,14093],[-58,-86],[-61,-78],[-48,-61],[-73,-82],[-302,-377],[-128,-130],[-44,-109],[-79,-476],[-100,-132],[-388,-258],[-125,-119],[-157,-217],[-334,-271]],[[36695,11697],[-138,-84],[-150,-22],[-102,-13],[-38,0],[-19,2],[-23,5],[-98,36]],[[36127,11621],[-281,109],[-142,-24],[-240,-113],[-215,-95],[-244,-113],[-46,-21],[-111,-93],[-150,-247],[-59,-63],[-137,-102],[-144,-102],[-50,-41],[-21,-15]],[[34287,10701],[-30,-22],[-48,-37],[-29,-24]],[[34180,10618],[-83,-73],[-107,-83],[-81,-88],[-228,-395],[-275,-260],[-79,-54],[-59,-24],[-292,-112],[-100,-39],[-63,-24],[-50,-19],[-158,-63],[-94,-35],[-144,-45]],[[32367,9304],[-73,-29]],[[32294,9275],[-412,-173],[-219,-32],[-327,34],[-69,-4],[-150,-74]],[[31041,8983],[-41,-28]],[[38609,14111],[-17,-18]],[[15473,8147],[12,-2],[100,-18],[47,-12]],[[15632,8115],[5,-1],[5,-2]],[[15642,8112],[10,-4]],[[15652,8108],[9,-3]],[[15661,8105],[8,-4]],[[15669,8101],[18,-7]],[[15687,8094],[9,-5]],[[15696,8089],[11,-4]],[[15707,8085],[8,-3],[2,-2]],[[15717,8080],[50,-24],[6,-5]],[[15773,8051],[8,-5]],[[15781,8046],[9,-6]],[[15790,8040],[7,-5]],[[15797,8035],[24,-16],[42,-28],[90,-67],[33,-27]],[[15986,7897],[3,-2]],[[15989,7895],[7,-6],[167,-91],[126,-43],[116,-31]],[[16405,7724],[38,-11]],[[16443,7713],[113,0],[6,9]],[[16562,7722],[8,43]],[[16570,7765],[2,16]],[[16572,7781],[2,8],[7,24]],[[16581,7813],[2,17]],[[16583,7830],[8,55],[3,22]],[[16594,7907],[1,7]],[[16595,7914],[1,10]],[[16596,7924],[1,4]],[[16597,7928],[1,7]],[[16598,7935],[1,12],[5,42],[0,7]],[[16604,7996],[0,1]],[[16604,7997],[-5,1]],[[16599,7998],[-573,82]],[[16026,8080],[279,-42],[0,0]],[[16305,8038],[-6,-47],[-2,-9],[0,-9],[0,-1]],[[16297,7972],[-1,-4]],[[16296,7968],[0,-3]],[[16296,7965],[-1,-3]],[[16295,7962],[0,-4],[0,-8],[290,-44],[4,2],[5,-1]],[[16594,7907],[3,-1],[9,-2],[6,-6]],[[16612,7898],[0,-7],[-17,-69],[-4,-11],[-2,-7],[-17,-23]],[[16604,7997],[-5,0],[0,1]],[[16599,7998],[0,6],[9,56],[8,63],[4,37],[53,385],[0,26]],[[16673,8571],[4,28],[0,7]],[[16677,8606],[1,3]],[[16678,8609],[0,4]],[[16678,8613],[1,4],[279,-39],[34,-7],[8,-3]],[[17000,8568],[6,-3],[61,-13],[21,-2]],[[17088,8550],[79,17],[2,2]],[[17169,8569],[0,0],[9,4],[10,5],[29,-5]],[[17217,8573],[4,-2]],[[17221,8571],[42,-32],[8,-4],[21,-9]],[[17292,8526],[3,-2]],[[17295,8524],[2,0],[22,-4]],[[17319,8520],[364,-59]],[[17683,8461],[7,-1]],[[17690,8460],[8,-2]],[[17698,8458],[5,0]],[[17703,8458],[23,-4]],[[17726,8454],[109,-17],[9,-1]],[[17844,8436],[6,-1],[569,-89],[10,-1]],[[18429,8345],[1,-1]],[[18430,8344],[31,-4],[44,-7],[33,-4],[44,-9],[138,-22],[186,-28],[110,-17],[29,-4],[30,-7],[64,-9]],[[19139,8233],[121,-19]],[[19260,8214],[7,-2]],[[19267,8212],[58,-9]],[[19325,8203],[169,-28],[121,-20],[8,-2]],[[19623,8153],[6,-1]],[[19629,8152],[3,-1],[1,0]],[[19633,8151],[13,-2],[92,-98],[88,-34],[21,-5],[21,0],[0,1]],[[19868,8013],[4,17]],[[19920,8030],[284,2],[12,48]],[[20216,8080],[32,13]],[[20248,8093],[93,-13]],[[20341,8080],[7,4]],[[20348,8084],[31,212],[10,78],[165,15],[86,-52],[33,-6],[224,-33],[75,-10],[217,-33],[83,-13],[125,-19],[47,-8]],[[21444,8215],[6,-1]],[[21450,8214],[10,-1]],[[21460,8213],[31,-6],[257,-41],[678,-106],[13,82],[5,36]],[[22444,8178],[1,5]],[[22445,8183],[1,4]],[[22446,8187],[1,10],[19,132],[2,11],[52,344],[34,234],[12,75]],[[22566,8993],[0,3],[173,-28],[17,-2],[177,-29]],[[22933,8937],[211,-34],[73,-12]],[[23217,8891],[4,-1],[161,-26],[14,-2]],[[23396,8862],[47,-5]],[[23443,8857],[8,-2],[9,0]],[[23460,8855],[10,0],[29,0],[71,-13],[25,-2],[56,-11],[88,-13],[113,-22],[12,0],[157,-28],[37,-6],[84,-13],[8,-2],[-2,-9],[-6,-15],[0,-5],[-90,13],[-40,7],[-20,4],[-142,41],[-55,9],[-39,11],[-107,17],[-39,5],[-21,4],[-19,2],[-115,24]],[[23455,8853],[-12,4]],[[20348,8084],[-2,-11],[-5,7]],[[17683,8461],[7,-1]],[[17690,8460],[9,-2]],[[17699,8458],[4,0]],[[17703,8458],[23,-4],[0,0]],[[17726,8454],[0,-1]],[[17726,8453],[-6,-38],[-10,-39],[-11,-67],[7,-52],[-23,-203],[-7,-59],[0,-4],[-2,-2]],[[17674,7989],[-1,-2]],[[17673,7987],[-1,-1],[-117,24]],[[17555,8010],[-100,-4],[-104,-28],[-46,-13]],[[17305,7965],[-6,-2],[-21,-7],[0,-2]],[[17278,7954],[0,0],[-13,-13],[-14,-30],[-2,-5]],[[17249,7906],[0,0],[-2,-2]],[[17247,7904],[-3,-4],[-6,-7],[-27,-13],[-240,-2],[-121,-9],[-238,29]],[[16026,8080],[-12,2]],[[16014,8082],[-3,0]],[[16011,8082],[-52,8]],[[15959,8090],[-67,11],[-39,5]],[[15853,8106],[-13,2],[-175,26],[-3,0]],[[15662,8134],[-5,1]],[[15657,8135],[-7,1]],[[15650,8136],[-5,1]],[[15645,8137],[-11,2]],[[15634,8139],[-9,1],[-4,1]],[[15621,8141],[-8,1]],[[15613,8142],[-6,1]],[[15607,8143],[-9,1]],[[15598,8144],[-48,7],[-29,4],[-8,1]],[[15513,8156],[-15,2],[-30,0],[-27,4],[-25,6],[-14,3],[-103,19]],[[15299,8190],[-559,95],[-115,7]],[[14625,8292],[-14,2],[-9,7],[-6,4]],[[14596,8305],[-35,45]],[[14561,8350],[-19,20]],[[14542,8370],[-92,58]],[[14450,8428],[-134,44]],[[14316,8472],[-85,26],[-23,6],[-9,0],[0,0]],[[14199,8504],[-10,2],[-7,0]],[[14182,8506],[-6,0],[-29,0],[-3,0]],[[14144,8506],[-4,-1]],[[14140,8505],[-3,-1],[-9,0],[-25,-6]],[[14103,8498],[-23,-11]],[[14080,8487],[-54,-28]],[[14026,8459],[-83,-52]],[[13943,8407],[-84,-48],[-14,-9],[-11,-6],[-4,-4],[-98,-104],[-134,-163],[82,-117],[6,-4],[4,-2],[15,2],[48,21],[73,39],[33,13],[113,16],[13,1]],[[13985,8042],[3,1]],[[13988,8043],[1,0],[16,4],[80,24],[119,52],[37,15],[23,9]],[[14264,8147],[2,1]],[[14266,8148],[23,10],[2,0]],[[14291,8158],[19,6]],[[14310,8164],[33,11],[63,13],[146,17],[322,-8],[321,-24],[167,-18],[65,-4],[46,-4]],[[16673,8571],[6,35],[-2,0]],[[16677,8606],[-13,0],[-33,6],[-65,11],[-465,63],[-7,4]],[[16094,8690],[-2,0]],[[16092,8690],[-1,1]],[[16091,8691],[-11,2],[-9,0],[-242,39]],[[15829,8732],[-252,34]],[[15577,8766],[-42,5],[-21,4],[-16,2],[-7,2],[-35,15],[-79,39],[-9,5]],[[15368,8838],[-6,2]],[[15362,8840],[-17,9],[-56,10],[-319,48],[-124,17],[-35,5],[-10,2]],[[14801,8931],[-11,2],[-96,13],[-25,4],[-50,7],[-29,5]],[[14590,8962],[-25,4],[-13,1]],[[14552,8967],[-8,1],[-2,0]],[[14542,8968],[-4,0],[-5,0],[-6,4]],[[14527,8972],[-6,2]],[[14521,8974],[-2,2]],[[14519,8976],[-2,5]],[[14517,8981],[-14,33]],[[14503,9014],[-5,12],[-4,18],[-19,56],[-8,17],[-3,11]],[[14464,9128],[-1,8]],[[14463,9136],[-1,1],[-2,4],[-2,6]],[[14458,9147],[-1,4]],[[14457,9151],[-15,44],[-11,31],[-3,8]],[[14428,9234],[-25,72]],[[14403,9306],[-2,5]],[[14401,9311],[-1,3],[0,0]],[[14400,9314],[1,1]],[[14401,9315],[1,0]],[[14402,9315],[2,0]],[[14404,9315],[2,1]],[[14406,9316],[2,1],[6,-16],[40,-117],[4,-13]],[[14458,9171],[4,-10]],[[14462,9161],[1,-3]],[[14463,9158],[0,-1]],[[14463,9157],[2,-3],[6,-19],[10,-24],[17,-52],[4,-15],[2,-6]],[[14504,9038],[15,-38],[4,-8],[4,-7],[6,-4],[5,0],[0,0]],[[14538,8981],[6,-2],[4,-1]],[[14548,8978],[22,-3]],[[14570,8975],[53,-7],[23,-2],[29,-5],[111,-17],[6,-2],[2,0],[2,-4]],[[14796,8938],[0,-1],[2,-2],[1,0]],[[14799,8935],[2,-4]],[[14801,8931],[0,-7],[-2,-8]],[[14799,8916],[0,-4]],[[14799,8912],[-1,-4]],[[14798,8908],[-4,-36],[-16,-132],[-7,-26],[17,-39],[269,-216],[251,-135],[52,-8],[75,-11],[8,-11]],[[15443,8294],[71,-37],[9,59],[-76,11],[-4,-33]],[[15443,8294],[-2,-19],[0,-2]],[[15441,8273],[-1,-8]],[[15440,8265],[0,-3]],[[15440,8262],[-1,-8]],[[15439,8254],[-1,-10]],[[15438,8244],[-1,-4]],[[15437,8240],[-1,-6]],[[15436,8234],[0,-5]],[[15436,8229],[-1,-7]],[[15435,8222],[0,-2],[-17,-30],[-62,4],[-34,-2],[-1,0]],[[15321,8192],[-12,-1]],[[15309,8191],[-10,-1]],[[34180,10618],[82,63],[25,20]],[[36127,11621],[101,-30],[20,-2],[28,0],[31,0],[229,28],[159,80]],[[25722,8558],[-67,5]],[[17183,21421],[-2,-8]],[[17181,21413],[-1,-9],[-27,-215]],[[17153,21189],[-105,-833],[-35,-178],[-9,-52],[-10,-97],[-17,-128],[-8,-65],[-21,-173],[-19,-278],[-21,-171],[-10,-89],[-13,-88],[-39,-195],[-84,-661],[-94,-624],[-8,-22],[-4,-8],[-11,-22],[-12,-30],[-13,-28],[-96,-217],[-60,-132],[-23,-57],[-31,-123],[-38,-214],[-35,-232],[-23,-128],[-17,-115],[-44,-264],[-38,-245],[-2,-30],[-4,-46],[-6,-34],[-50,-306],[-4,-58],[27,-232],[-2,-24],[-2,-22],[-13,-97],[-19,-171],[-14,-98],[-29,-151],[-48,-388],[-19,-141],[-36,-277],[-21,-163],[-27,-208],[-33,-190],[-6,-26],[-19,-63],[-19,-61],[-2,-6],[-98,-271],[-86,-552],[-12,-44],[-11,-24],[-12,-19],[-9,-11],[-64,-67],[-23,-37],[-4,-37],[21,-52],[35,-43],[184,-169],[29,-28],[8,-11],[6,-6]],[[15831,11557],[0,-1],[1,-1]],[[15832,11555],[4,-5],[27,-52],[8,-87]],[[15865,11370],[-4,-63]],[[15850,11275],[11,74],[4,34],[2,22],[-6,84],[-23,50],[-4,7],[-5,6]],[[15829,11552],[-1,1]],[[15828,11553],[-1,1],[-12,18],[-211,195],[-46,58],[-12,33],[2,41],[23,41],[60,63],[8,8],[7,7],[35,89],[82,533],[31,110],[71,180],[4,13],[8,28],[21,65],[11,39],[37,227],[48,362],[13,109],[19,149],[4,28],[14,122],[53,402],[20,130],[42,317],[8,52],[5,41],[-36,238],[9,95],[29,174],[23,136],[8,65],[27,139],[44,264],[10,63],[9,56],[16,100],[21,128],[71,439],[17,72],[42,119],[135,321],[30,65],[12,30],[11,22],[6,17],[4,15],[48,271],[146,1090],[21,106],[12,102],[11,84],[23,178],[12,169],[32,264],[6,48],[2,8],[0,9],[36,279],[41,213],[103,796]],[[17153,21189],[28,224]],[[17181,21413],[1,8]],[[16147,6526],[-119,72],[-1,0]],[[16027,6598],[-1,2]],[[16026,6600],[-3,2],[-18,13]],[[16005,6615],[-7,5],[-45,26]],[[18728,3803],[29,-36]],[[18985,3572],[21,-20],[10,-11],[17,-17]],[[9777,10164],[113,65],[14,26],[0,10],[11,-2],[10,0]],[[9925,10263],[4,2],[27,-4]],[[9956,10261],[5,0]],[[9961,10261],[8,-2]],[[9969,10259],[8,-1]],[[9977,10258],[4,-1]],[[9981,10257],[88,-13],[34,-5],[96,-15],[85,-13],[148,-15],[163,-35],[21,-4],[37,-4]],[[10653,10153],[1,0]],[[10654,10153],[0,2]],[[10654,10155],[2,2]],[[10654,10155],[-1,-2]],[[10653,10153],[-1,-9]],[[10652,10144],[-65,11],[-17,4],[-25,7],[-257,37],[-50,6],[-29,7],[-98,13],[-38,6],[-79,11],[-19,4],[-2,0]],[[9973,10250],[-4,1]],[[9969,10251],[-8,1]],[[9961,10252],[-10,1]],[[9951,10253],[-5,1]],[[9946,10254],[-6,1],[-11,2],[-4,6]],[[10126,11374],[-21,31],[31,201],[65,158]],[[10201,11764],[144,111]],[[10345,11875],[-80,-63]],[[10265,11812],[-64,-48]],[[10147,11340],[139,186]],[[10286,11526],[7,11]],[[10293,11537],[6,9]],[[10299,11546],[88,104],[158,45]],[[10545,11695],[121,-2]],[[10666,11693],[152,-6]],[[10818,11687],[5,0]],[[10823,11687],[3,0]],[[10826,11687],[2,0]],[[10828,11687],[9,-1],[119,-2],[155,-4],[0,0]],[[11111,11680],[156,-7],[38,-2],[50,-15],[69,-37],[54,-47],[42,-59],[14,-26],[5,-15],[4,-13]],[[11543,11459],[6,-26]],[[11549,11426],[-29,81],[-67,86],[-67,44],[-48,21],[-42,11],[-131,7],[-54,0]],[[11111,11676],[0,0],[-42,2],[-119,4],[-111,2],[-9,0]],[[10830,11684],[-3,0]],[[10827,11684],[-2,0]],[[10825,11684],[-5,0]],[[10820,11684],[-8,0]],[[10812,11684],[-267,11]],[[10163,11372],[136,174]],[[10347,11771],[-82,41]],[[10345,11875],[221,173],[42,-60]],[[10608,11988],[29,-33],[2,-2]],[[10639,11953],[2,-2]],[[10641,11951],[134,-182],[25,-41],[28,-41]],[[10828,11687],[2,-3]],[[10830,11684],[14,-19],[23,-31],[96,-134],[108,-134]],[[11071,11366],[6,4],[5,0],[2,-2]],[[12463,9813],[-52,6],[-50,-15],[-23,-12]],[[12338,9792],[-2,-1]],[[12336,9791],[-7,-3]],[[12329,9788],[-2,-2]],[[12327,9786],[-4,-2],[-3,-1]],[[12320,9783],[-1,-1]],[[12319,9782],[-3,-1]],[[12316,9781],[-7,-3],[-27,-11],[-28,-4],[-12,0],[-10,2]],[[12232,9765],[-1,0],[-10,2],[-13,4],[-12,5],[-48,28],[-52,22],[-11,4],[-41,17],[-84,39],[-90,37],[-46,20],[-56,21],[-33,15],[-19,7],[-6,2],[-21,7],[-11,2],[-10,4],[-63,13],[-16,2],[-17,2]],[[11572,10018],[-38,7],[-14,0],[-230,35],[-58,8],[-190,26],[-15,2],[-186,29],[-50,4]],[[10791,10129],[-139,15]],[[10656,10157],[8,7],[198,151],[82,65],[3,2]],[[10947,10382],[9,7]],[[10956,10389],[3,1]],[[10959,10390],[4,3],[1,1]],[[10964,10394],[3,3]],[[10967,10397],[14,11],[25,18]],[[10654,10153],[69,-9],[68,-15]],[[11572,10018],[94,96],[123,65],[2,4]],[[11791,10183],[2,7],[1,3]],[[11794,10193],[3,10]],[[11797,10203],[2,8],[2,4]],[[11801,10215],[1,3],[14,21],[5,3]],[[11821,10242],[6,4],[4,4]],[[11831,10250],[2,2],[12,5],[105,89],[92,-13],[6,0],[4,-3],[12,-4]],[[12064,10326],[0,0],[4,0]],[[12068,10326],[1,0],[4,0],[39,-9],[40,-8],[248,-36]],[[12400,10273],[36,-5]],[[12436,10268],[50,-7]],[[12486,10261],[29,0]],[[12515,10261],[4,-1]],[[12519,10260],[11,-3]],[[12526,10218],[-1,-6]],[[12525,10212],[-2,-13]],[[12523,10199],[-14,-109],[0,-2]],[[12509,10088],[-27,-187]],[[11071,11346],[-12,13],[-186,252],[-46,65],[-7,8]],[[10820,11684],[-2,3]],[[10818,11687],[-12,17],[-10,17],[-30,37],[-46,67],[-64,89],[-48,74]],[[10345,11875],[50,-67],[-48,-37]],[[11697,10651],[-21,87]],[[11868,10161],[4,-6]],[[11872,10155],[3,-4],[6,-5]],[[12238,9858],[54,-48],[17,-19],[7,-10]],[[12316,9781],[14,-16]],[[12330,9765],[66,-113]],[[12403,9648],[-71,119]],[[10812,11684],[-146,9]],[[15682,0],[1,4],[117,255],[19,39],[8,13],[11,15],[25,39],[16,22],[11,11],[21,24],[196,225],[38,46],[16,21],[11,15],[66,139],[32,121],[4,26],[8,59],[23,167],[11,69],[8,65],[63,429],[23,154],[37,270],[-14,278],[-55,188],[-19,37],[-18,35],[-30,56],[-31,56]],[[16280,2878],[-10,20],[-22,32]],[[16248,2930],[-3,5],[-9,14]],[[16236,2949],[-4,7],[-3,6]],[[16229,2962],[-9,16],[-23,41],[-2,2],[-13,26]],[[16182,3047],[-7,17]],[[16175,3064],[-2,5]],[[16173,3069],[-3,6]],[[16170,3075],[-119,214]],[[16051,3289],[-15,27],[-3,6]],[[16033,3322],[-14,22],[-10,19]],[[16009,3363],[-5,11]],[[16004,3374],[-6,10]],[[15998,3384],[-4,8],[-4,11]],[[15990,3403],[-2,4],[-4,7]],[[15984,3414],[-6,11]],[[15978,3425],[-5,8],[-6,13]],[[15967,3446],[-8,17],[-6,13]],[[15953,3476],[-3,5],[-6,15],[-3,6]],[[15941,3502],[-5,11],[-3,8]],[[15933,3521],[-6,16],[-4,13]],[[15923,3550],[-8,20]],[[15915,3570],[-2,6],[-8,22],[-67,175],[37,-100],[7,-17],[33,-86]],[[15915,3570],[6,-16],[2,-4]],[[15923,3550],[7,-22],[3,-7]],[[15933,3521],[5,-10]],[[15938,3511],[3,-9]],[[15941,3502],[3,-8],[11,-24]],[[15955,3470],[12,-24]],[[15967,3446],[8,-15]],[[15975,3431],[9,-17]],[[15984,3414],[6,-11]],[[15990,3403],[4,-9],[4,-10]],[[15998,3384],[3,-5]],[[16001,3379],[3,-5]],[[16004,3374],[5,-8],[25,-46],[54,-97]],[[16088,3223],[77,-139],[5,-9]],[[16182,3047],[13,-24],[10,-17],[19,-34],[5,-10]],[[16229,2962],[5,-10],[2,-3]],[[16236,2949],[5,-6],[7,-13]],[[16248,2930],[1,-2],[31,-50]],[[16280,2878],[17,-28],[17,-30],[29,-54],[2,-5],[6,-8]],[[16351,2753],[1,-2]],[[16352,2751],[3,-5],[2,-5]],[[16357,2741],[0,-1],[-6,13]],[[16351,2753],[-19,37]],[[16332,2790],[-14,26],[-55,99],[-9,17]],[[16254,2932],[-24,46],[-8,13],[-10,17]],[[16212,3008],[-5,9],[-4,6],[-6,11],[-9,15],[-7,14]],[[16181,3063],[-2,4]],[[16179,3067],[0,1]],[[16179,3068],[-18,31],[-48,83]],[[16113,3182],[-21,36],[-45,84]],[[16047,3302],[-44,83],[-15,24],[-9,20]],[[15979,3429],[-4,6],[-10,22],[-4,8]],[[15961,3465],[-4,9]],[[15957,3474],[-4,11],[-9,15]],[[15944,3500],[-6,15],[-6,20],[-67,175],[-79,208]],[[15786,3918],[-36,95],[-4,11]],[[15746,4024],[-4,11],[-4,13]],[[15738,4048],[-5,16]],[[15733,4064],[-10,38]],[[15723,4102],[-1,6]],[[15722,4108],[-5,46]],[[15717,4154],[0,33]],[[15717,4187],[0,21]],[[15717,4208],[0,11]],[[15717,4219],[4,44]],[[15721,4263],[10,75],[7,48]],[[15738,4386],[1,3]],[[15739,4389],[1,6],[35,264],[48,340],[2,63],[-10,84],[-15,57],[-25,60],[-25,50]],[[15750,5313],[-2,3]],[[15748,5316],[-19,36],[-48,74],[-8,13],[-9,11]],[[15664,5450],[-1,1]],[[15663,5451],[-7,7],[-54,52]],[[15602,5510],[-42,48],[-58,115],[-27,141],[-2,52],[2,8],[0,6]],[[15475,5880],[0,2]],[[15475,5882],[0,7],[4,26],[25,211],[27,171],[1,9]],[[15532,6306],[1,2]],[[15533,6308],[67,441],[12,81],[6,29]],[[15618,6859],[1,8]],[[15619,6867],[12,69]],[[15631,6936],[1,3]],[[15632,6939],[7,42],[19,117],[15,78],[6,39],[17,137],[19,121],[14,93],[13,85],[23,177],[-9,86]],[[15756,7914],[-3,31]],[[15753,7945],[-1,11],[-73,121],[-14,16],[-11,8],[-12,11]],[[15642,8112],[-21,20],[-12,9]],[[15609,8141],[-2,2]],[[15607,8143],[-2,1]],[[15605,8144],[-11,9],[-23,18],[-98,45],[-37,13]],[[15436,8229],[-135,50],[-43,15],[-17,7]],[[15241,8301],[-8,4],[-19,13]],[[15214,8318],[-2,2]],[[14907,8541],[-15,13]],[[14892,8554],[-10,6]],[[14882,8560],[-9,5]],[[14873,8565],[-29,17],[-3,3]],[[14841,8585],[-18,14]],[[14823,8599],[-60,42]],[[14763,8641],[-215,153],[-121,29],[-6,0]],[[14421,8823],[-2,0],[-2,0]],[[14417,8823],[-7,0],[-12,0],[-19,-3],[-31,-6]],[[14348,8814],[-67,-22]],[[14281,8792],[-88,-32]],[[14193,8760],[-39,-11],[-38,-15],[-41,-15]],[[14075,8719],[-5,-2]],[[14070,8717],[-4,-1]],[[14066,8716],[-4,-2]],[[14062,8714],[-42,-15],[-23,-9]],[[14062,8686],[11,4]],[[14073,8690],[2,1]],[[14075,8691],[3,1]],[[14078,8692],[5,2]],[[14083,8694],[23,7],[45,18],[163,73]],[[14314,8792],[-71,-26]],[[14243,8766],[-163,-63]],[[14080,8703],[-5,-1]],[[14075,8702],[-3,-2]],[[14072,8700],[-3,-1]],[[14069,8699],[-11,-4]],[[13999,8682],[13,4],[48,17],[6,3]],[[14066,8706],[3,1]],[[14069,8707],[4,1]],[[14073,8708],[5,2]],[[14078,8710],[13,4],[102,46]],[[13999,8675],[11,5],[7,2]],[[14017,8682],[45,15],[6,3]],[[14068,8700],[3,1]],[[14071,8701],[4,1]],[[14075,8702],[5,2]],[[14080,8704],[163,62]],[[16088,3223],[-37,66]],[[16051,3289],[-18,33]],[[16033,3322],[-24,41]],[[16009,3363],[-8,16]],[[16001,3379],[-19,37],[-4,9]],[[15978,3425],[-3,6]],[[15955,3470],[-2,6]],[[15953,3476],[-3,7],[-8,19],[-4,9]],[[15938,3511],[-11,28],[-133,353],[-48,121],[-13,51]],[[15733,4064],[-11,44]],[[15722,4108],[-5,22],[-4,74],[4,56],[16,117],[2,9]],[[15735,4386],[0,4]],[[15735,4390],[11,76],[6,50],[15,100],[25,177],[27,202],[-2,123],[-38,126],[-23,48],[-11,22]],[[15745,5314],[-1,3]],[[15744,5317],[-15,29],[-6,13],[-25,41],[-29,39],[-6,7]],[[15663,5446],[-1,1]],[[15662,5447],[-10,11],[-50,52]],[[15602,5510],[-40,42],[-67,127],[-18,81],[-4,51],[-3,63],[1,6]],[[15471,5880],[1,3]],[[15472,5883],[1,6],[2,29],[23,177],[10,67],[22,144]],[[15530,6306],[0,3]],[[15530,6309],[72,466],[8,57],[5,28]],[[15615,6860],[2,9]],[[15617,6869],[12,67]],[[15629,6936],[1,3]],[[15630,6939],[7,42],[28,158],[14,100],[11,89],[4,26],[19,119],[18,126],[32,225],[-7,90]],[[15756,7914],[-2,29],[-1,2]],[[15753,7945],[-91,145],[-16,13],[-14,12]],[[15632,8115],[-3,4],[-28,23]],[[15601,8142],[-3,2]],[[15598,8144],[-1,1]],[[15597,8145],[-10,8],[-48,31],[-37,15],[-57,19],[-10,4]],[[15435,8222],[-113,42],[-67,28],[-14,9]],[[15241,8301],[-26,17]],[[15215,8318],[-3,2]],[[14892,8554],[-11,7]],[[14881,8561],[-8,5]],[[14873,8566],[-32,19]],[[14841,8585],[-28,17],[-69,43],[-194,139],[-85,26],[-17,2],[-17,2]],[[14431,8814],[-2,0],[-3,0]],[[14426,8814],[-5,0],[-11,-2],[-25,-2],[-71,-18]],[[15738,4048],[8,-24]],[[15746,4024],[19,-50],[21,-56]],[[15786,3918],[54,-141],[69,-182],[29,-75],[6,-20]],[[15944,3500],[9,-17],[4,-9]],[[15961,3465],[12,-23],[6,-13]],[[15979,3429],[5,-13],[10,-18],[53,-96]],[[16047,3302],[54,-97],[12,-23]],[[16113,3182],[25,-46],[29,-50],[12,-18]],[[16179,3068],[0,-1]],[[16179,3067],[2,-4]],[[16181,3063],[16,-27],[8,-15],[7,-13]],[[16212,3008],[35,-65],[7,-11]],[[16254,2932],[3,-4],[59,-108],[16,-30]],[[16332,2790],[20,-39]],[[16352,2751],[5,-10]],[[16357,2741],[15,-29],[33,-81],[36,-143],[8,-260],[-31,-227],[-8,-54],[-9,-52],[-12,-91],[-4,-37],[-44,-299],[-23,-156],[-7,-41],[-2,-24],[-2,-15],[-23,-160],[-10,-76],[-4,-24],[-23,-91],[-36,-89],[-46,-78],[-14,-19],[-13,-15],[-23,-26],[-217,-250],[-10,-13],[-15,-17],[-16,-22],[-15,-21],[-11,-20],[-48,-93],[-99,-218]],[[13995,8903],[-17,49]],[[13978,8952],[-1,1]],[[13977,8953],[-57,166]],[[13920,9119],[-1,3]],[[13919,9122],[-115,332]],[[13804,9454],[0,1]],[[13804,9455],[-1,1]],[[13803,9456],[-1,4]],[[13802,9460],[-1,4]],[[13801,9464],[-1,1]],[[13800,9465],[-3,10],[-59,169],[-21,151],[30,78],[18,31],[11,17],[0,0]],[[13776,9921],[3,4]],[[13779,9925],[9,13],[25,106],[-4,31],[-7,28]],[[13802,10103],[-1,5]],[[13801,10108],[-2,8],[-61,95],[-115,61],[-189,26],[-28,3]],[[13406,10301],[-2,0]],[[13404,10301],[-123,14],[-12,2],[-15,0]],[[13254,10317],[-9,0]],[[13245,10317],[-6,0]],[[13239,10317],[-3,0]],[[13236,10317],[-7,0],[-31,-2],[-75,-13],[-174,-32],[-254,-41]],[[12695,10229],[-2,0],[-41,-8]],[[12652,10221],[-4,0]],[[12648,10221],[-125,-22]],[[12523,10199],[-9,-2]],[[12514,10197],[-128,-22]],[[12386,10175],[-27,-5],[-159,-30],[-71,-11],[-19,-2]],[[12110,10127],[-2,0]],[[12108,10127],[-21,-2],[-27,-5],[-23,0],[-21,0],[-18,2],[-17,3],[-18,4]],[[11963,10129],[-20,4],[-21,6]],[[11922,10139],[-24,7],[-24,8]],[[11874,10154],[-2,1]],[[11872,10155],[-31,11]],[[11841,10166],[-44,15],[-6,2]],[[11791,10183],[-42,15],[-52,24],[-42,20],[-2,1]],[[11653,10243],[-31,15]],[[11622,10258],[-6,3],[-23,11],[-27,9],[-263,58],[-305,50],[-34,5]],[[10964,10394],[-18,4],[-82,19],[-141,28],[-119,17],[-157,-2],[-144,-28],[-94,-30],[-79,-37],[-134,-78],[-35,-26]],[[9961,10261],[-10,-8]],[[9951,10253],[-22,-16],[-41,-30],[-88,-63],[-44,-32],[-23,-13],[-12,-6]],[[9721,10093],[-11,-5],[-66,-22],[-16,-2]],[[9628,10064],[-14,-2],[-33,-5],[-44,-6],[-232,-13],[-200,24],[-73,15],[-31,6],[-184,26],[-31,3],[-31,4]],[[8755,10116],[-151,13],[-367,65],[-463,69]],[[7774,10263],[-313,54],[-76,11],[-135,22],[-130,17],[-156,24],[-59,9],[-298,34],[-263,41],[-86,16],[-29,4],[-94,26],[-139,56],[-111,61],[-119,89],[-184,177],[-58,78],[-65,102],[-121,213],[-14,30],[-13,22],[-2,3]],[[5309,11352],[-27,48],[-180,315]],[[5102,11715],[-48,82]],[[4737,12358],[-605,1064],[-113,177],[-248,436],[-134,257],[-175,308],[-81,132],[-92,156],[-71,119],[-21,35],[-15,22],[-14,28],[-53,99],[-43,117],[-44,167],[-113,475],[-85,364],[-37,155]],[[2793,16469],[-3,13]],[[2790,16482],[-4,20],[-96,301],[-121,245],[-666,1126],[-65,107],[-5,10]],[[1833,18291],[-9,16]],[[1824,18307],[-11,19],[-25,43],[-33,55],[-65,104]],[[1690,18528],[-146,233],[-250,425]],[[1294,19186],[-38,67],[-31,50],[-19,30],[-67,115],[-90,167],[-1049,1777]],[[14010,8909],[-16,50]],[[13994,8959],[-1,1]],[[13993,8960],[0,1],[-60,163]],[[13933,9124],[-1,3]],[[13932,9127],[-64,177],[-46,151],[-2,5]],[[13820,9460],[-1,1]],[[13819,9461],[0,1]],[[13819,9462],[-1,3]],[[13818,9465],[-2,5]],[[13816,9470],[0,1]],[[13816,9471],[-5,10],[-35,102],[-23,67],[-8,23]],[[13745,9673],[-1,3],[0,3]],[[13744,9679],[-8,25],[-2,100],[17,48],[12,23],[8,14]],[[13771,9889],[3,5]],[[13774,9894],[4,5],[25,35],[15,26],[12,63],[-10,97],[-11,26],[-1,3]],[[13808,10149],[-1,4]],[[13807,10153],[-8,19],[-59,63],[-39,26],[-19,7],[-19,6],[-37,9],[-192,28],[-26,2]],[[13408,10313],[-3,0]],[[13405,10313],[-136,13]],[[13269,10326],[-2,0],[-13,0]],[[13254,10326],[-23,0]],[[13231,10326],[-2,0],[-1,0]],[[13228,10326],[-34,-2],[-67,-13],[-161,-28],[-275,-46],[-26,-4]],[[12665,10233],[-11,-1]],[[12654,10232],[-4,-1]],[[12650,10231],[-125,-19]],[[12525,10212],[-10,-2]],[[12515,10210],[-126,-19]],[[12389,10191],[-22,-4],[-169,-32],[-73,-11],[-15,-2],[-3,0]],[[12107,10142],[-2,0]],[[12105,10142],[-9,0],[-34,0],[-20,2],[-28,4],[-66,18],[-64,21]],[[11884,10187],[-26,9],[-17,6]],[[11841,10202],[-21,7],[-19,6]],[[11801,10215],[-16,5],[-38,13],[-60,22],[-34,10],[-350,78],[-186,35],[-104,11],[-13,2],[-33,6]],[[10967,10397],[-13,3],[-263,54],[-135,15],[-84,-2],[-92,-13],[-83,-20],[-67,-21],[-106,-48],[-130,-76],[-38,-28]],[[9956,10261],[-10,-7]],[[9946,10254],[-60,-45],[-88,-63],[-44,-30],[-21,-15],[-19,-9]],[[9714,10092],[-4,-2],[-66,-20],[-15,-2]],[[9629,10068],[-15,-2],[-33,-6],[-46,-5],[-161,-9]],[[9374,10046],[-23,-1]],[[9351,10045],[-46,-3],[-208,35],[-94,9],[-209,30],[-33,4]],[[8761,10120],[-90,11]],[[8671,10131],[84,-15]],[[3253,14979],[-16,31],[-3,6],[3,4],[6,11]],[[3243,15031],[21,-39],[16,-28]],[[3280,14964],[15,-22],[230,-409],[81,-145],[31,-57],[73,-123],[19,-35],[42,-73],[46,-80],[56,-100],[19,-37],[12,-22],[7,-8],[85,-148],[9,-15],[10,-13],[27,-39],[50,-84],[73,-130],[107,-189],[31,-60],[27,-57],[31,-60],[73,-128],[44,-78],[21,-35],[109,-190],[60,-109],[32,-28]],[[4700,12490],[1,0]],[[4701,12490],[5,-2],[44,-20]],[[4750,12468],[31,-15]],[[4781,12453],[15,-7]],[[4796,12446],[4,-1],[4,-3],[2,0],[15,-23],[37,-65]],[[4858,12354],[6,-11],[2,-5],[-2,-19]],[[4864,12319],[-6,-41],[0,-13],[0,-4],[0,-7]],[[4858,12254],[2,-2]],[[4860,12252],[4,-4],[7,-5],[4,-2],[35,11],[4,0],[9,2]],[[4923,12254],[14,-2],[9,-2]],[[4946,12250],[42,-9],[14,-2],[21,-2]],[[5023,12237],[52,-5],[11,0],[-5,-32],[0,-54],[-6,-57],[-2,-17]],[[5073,12072],[0,-4],[-4,-37],[-21,-95],[-11,-82]],[[5037,11854],[-2,-16]],[[5035,11838],[-1,-5]],[[5034,11833],[-7,-49],[-4,-35],[-25,-199],[2,-15],[-2,-9],[0,-6]],[[4998,11520],[-2,-31],[-2,-6],[-4,-20],[-9,-80],[-8,-71],[167,-26],[62,-9],[19,0],[7,4],[4,5],[2,0],[2,0],[4,-5],[4,-6],[4,-4],[2,-5],[5,-2],[2,0],[8,-2]],[[5265,11262],[13,-4],[2,-3],[16,-4]],[[5296,11251],[7,0]],[[5296,11251],[-18,-4]],[[5278,11247],[-7,-11],[-2,-9],[-4,-8]],[[5265,11219],[0,-11],[-6,-52],[-9,-59],[-14,-112],[-2,-18],[-2,-24],[-11,-67],[-21,-138],[-14,-107],[254,-36],[86,-16],[209,-30],[425,-67],[78,-9],[58,-8],[115,-20],[820,-121],[215,-33],[413,-62],[464,-70],[60,-8],[33,-5]],[[8416,10146],[132,-52]],[[8548,10094],[67,-8],[29,-5],[10,-2],[9,0],[6,0],[31,4],[38,11],[21,5],[10,0],[23,-3],[29,-2],[75,-11],[57,-23],[23,-13],[10,-3],[142,-21],[56,-18],[11,-6],[4,-2],[4,0],[23,-5],[100,-17],[44,-9],[69,-10],[73,-13],[48,-7]],[[9560,9936],[40,-9],[8,0],[2,11],[17,122]],[[9627,10060],[1,4]],[[9628,10064],[1,4]],[[9629,10068],[0,4]],[[9629,10072],[2,14],[4,2],[4,0],[42,21],[59,33],[37,22]],[[12482,9901],[25,180],[-7,1]],[[12500,10082],[-122,19],[8,71]],[[12386,10172],[-11,-78],[124,-19],[-23,-174]],[[8548,10094],[-11,0],[-56,2],[-10,3],[-7,4],[-6,4],[-42,39]],[[5265,11219],[-2,28]],[[5263,11247],[2,15]],[[5278,11247],[-15,0]],[[5265,11262],[8,9],[5,6],[18,37],[2,9],[3,7]],[[5301,11330],[2,5]],[[5303,11335],[4,9],[2,8]],[[5309,11352],[0,1],[1,2]],[[5310,11355],[1,4],[0,5],[0,2]],[[5311,11366],[0,6],[-2,15],[-15,35],[-4,7],[-2,4],[-4,4],[-6,2],[-2,3],[0,2],[0,2],[-13,19],[-69,120],[-79,136],[-17,59],[27,266],[0,4],[-6,11],[-8,5],[-38,6]],[[5073,12072],[-12,2],[18,152],[-56,11]],[[4946,12250],[-21,-2]],[[4925,12248],[-38,-11],[-12,0]],[[4875,12237],[-13,8],[-2,7]],[[4864,12319],[0,11],[-4,11]],[[4860,12341],[-16,28],[0,0]],[[4844,12369],[4,2],[10,-17]],[[4923,12254],[2,-6]],[[4860,12341],[-16,28]],[[4844,12369],[-38,65],[-4,4],[-6,8]],[[4796,12446],[0,1],[-15,6]],[[4750,12468],[-49,22]],[[4701,12490],[-1,0]],[[3280,14964],[-18,0],[-9,15]],[[749,21421],[144,-108],[641,-567],[546,-449],[192,-125],[232,-18],[-61,-75],[-29,-37],[-41,-57],[-17,-28],[-75,-102],[-21,-28],[-19,-32],[-19,-48],[-8,-28],[-29,-152],[-96,-247],[-50,-201],[-19,-69],[-75,-304],[-7,-28],[-2,-11],[-48,-195]],[[1888,18512],[-18,5],[-11,2]],[[1859,18519],[-31,13]],[[1828,18532],[-130,39]],[[1698,18571],[-35,48]],[[1663,18619],[-69,119]],[[1594,18738],[-12,21],[-15,22],[-6,11],[0,11]],[[1561,18803],[0,0],[0,-1]],[[1561,18802],[4,-8],[4,-7]],[[1569,18787],[4,-6],[11,-20],[10,-23]],[[1663,18619],[25,-16],[10,-32]],[[1828,18532],[60,-20]],[[1888,18512],[-37,-145],[-17,-73]],[[1834,18294],[-1,-3]],[[1833,18291],[-1,-4],[-13,-48],[-18,-78],[-2,-13],[-7,-32],[7,-132],[2,-39],[4,-22],[40,-119],[135,-297],[57,-134],[2,-69],[-50,-371],[33,-199],[23,-95],[12,-46],[34,-91],[39,-4],[17,-2],[246,-11],[115,-5],[148,9],[42,-2],[84,-4],[8,-1]],[[2790,16482],[3,-1]],[[2793,16481],[28,-3],[0,-28],[0,-22]],[[2821,16428],[15,-60]],[[2836,16368],[23,-61]],[[2859,16307],[14,-54]],[[2873,16253],[9,-26],[2,-15]],[[2884,16212],[175,-750],[38,-123]],[[3097,15339],[25,-48]],[[3122,15291],[87,-186],[21,-44],[13,-30]],[[2884,16212],[-9,13],[-2,28]],[[2821,16428],[-4,39],[-21,2]],[[2796,16469],[-3,0]],[[2793,16469],[-7,1],[-27,2],[-132,4],[-35,-2],[-55,-4],[-46,-3],[-112,7],[-111,6],[-135,5],[-32,0],[-35,4],[-2,15],[0,11],[-25,102],[-28,102],[-35,227],[50,366],[0,28],[-2,18],[-15,54],[-48,102],[-119,260],[-20,47],[-25,67],[-3,20],[-4,22],[-6,71],[-4,39],[2,80],[2,22],[6,32],[7,29],[10,41],[6,21],[9,33],[2,9]],[[1824,18307],[1,3]],[[1825,18310],[22,90],[12,54],[2,32],[2,9],[-4,24]],[[1569,18787],[-8,15]],[[1561,18802],[0,1]],[[1561,18803],[-1447,2618]],[[12386,10172],[0,3]],[[12386,10175],[3,16]],[[12389,10191],[11,82]],[[12400,10273],[0,1],[36,-6]],[[12515,10261],[4,-1]],[[12519,10260],[11,-2]],[[12530,10258],[21,-3],[19,-3],[12,-4]],[[12582,10248],[56,-11],[12,-2]],[[12650,10235],[4,0]],[[12654,10235],[11,-2]],[[12665,10233],[30,-4]],[[12695,10229],[121,-18],[90,-13],[20,-2],[40,-6]],[[12966,10190],[104,-11],[11,0],[14,2],[0,2],[5,4],[23,7],[37,37],[25,26],[25,26],[30,29]],[[13240,10312],[2,2]],[[13242,10314],[3,3]],[[13245,10317],[5,5],[4,4]],[[13254,10326],[8,2],[7,-2]],[[13269,10326],[6,-2]],[[13275,10324],[40,-4],[27,-3],[44,-8],[18,-3]],[[13404,10306],[3,0]],[[13407,10306],[22,-4],[73,-13]],[[13275,10324],[-4,0],[-4,0],[-7,-2],[-2,-2],[-4,-3]],[[13254,10317],[-8,-8]],[[13246,10309],[-1,-1]],[[13245,10308],[-22,-23],[-25,-24],[-73,-80],[-7,-13],[-8,-2],[-144,24]],[[12582,10248],[-15,-2],[-18,2],[-19,3]],[[12530,10251],[-8,1]],[[12522,10252],[-36,9]],[[8671,10131],[-65,9],[-455,71]],[[8151,10211],[-377,52]],[[8650,10138],[111,-18]],[[1511,18839],[35,-56],[38,-65]],[[2786,16513],[7,-32]],[[2793,16481],[3,-12]],[[2796,16469],[31,-140],[34,-137]],[[5044,11823],[254,-449],[12,-19]],[[5310,11355],[22,-39],[125,-221],[100,-154],[50,-60],[155,-148],[181,-125],[119,-57],[178,-54],[114,-17],[153,-26],[102,-15],[296,-37],[205,-28],[54,-7],[123,-13],[487,-89]],[[7774,10265],[152,-21]],[[7926,10244],[340,-46],[384,-60]],[[7926,10244],[225,-33]],[[1552,18766],[69,-115]],[[1621,18651],[44,-69]],[[1690,18528],[-69,123]],[[1621,18651],[-27,48]],[[1552,18766],[-258,420]],[[12809,21421],[86,-292],[54,-173],[67,-234],[82,-186],[116,-191],[50,-167],[42,-297],[11,-75],[8,-74],[31,-154],[23,-76],[19,-62],[33,-111],[44,-381]],[[13475,18948],[52,-546],[71,-789],[25,-268],[9,-91],[2,-39],[6,-61],[94,-1038],[19,-158],[39,-539],[0,-52],[0,-13],[0,-20],[-4,-19],[-2,-20],[-12,-114],[-9,-65],[-4,-52],[-2,-35],[0,-32],[-4,-42],[-59,-615],[-12,-126],[-8,-93],[-19,-175],[-21,-141],[-27,-208],[-25,-171],[-34,-251],[-4,-44],[-6,-67],[-17,-203],[-2,-26],[-2,-29],[-12,-149],[-3,-37],[-6,-82],[-16,-111],[-15,-91],[-4,-21],[-23,-139],[-2,-22],[-44,-121],[-48,-58],[-52,-37],[-61,-28],[-117,-16],[-106,-2],[-8,0],[-26,-2],[-41,-9],[-44,-15],[-2,-1]],[[12889,11865],[-2,-1]],[[12887,11864],[-4,-2],[-86,-50],[-63,-56],[-146,-182],[-71,-74],[-110,-91],[-77,-48],[-36,-19]],[[12294,11342],[-2,-1]],[[12292,11341],[-17,-10],[-35,-26],[-69,-63],[-4,-4],[-9,-11]],[[12158,11227],[-2,-2]],[[12156,11225],[-8,-11],[-8,-11],[-40,-58],[-25,-69],[-21,-87],[-33,-251],[-4,-36]],[[12017,10702],[-1,-1],[-2,-31],[0,-15],[9,-112],[33,-167],[8,-33],[4,-17]],[[12068,10326],[1,-4],[37,-178],[1,-2]],[[12107,10142],[3,-15]],[[12110,10127],[2,-13],[7,-20],[44,-84]],[[12163,10010],[27,-37]],[[12190,9973],[12,-17]],[[12941,8868],[8,-17]],[[12949,8851],[23,-44]],[[12259,9886],[-24,30]],[[12235,9916],[-72,94]],[[12163,10010],[-17,21]],[[12146,10031],[-8,13]],[[12138,10044],[-9,13]],[[12129,10057],[-6,16]],[[12123,10073],[-4,8]],[[12119,10081],[-2,9]],[[12117,10090],[-9,35],[0,2]],[[12108,10127],[-3,15]],[[12105,10142],[-9,41],[-15,65],[-17,74],[0,4]],[[12064,10326],[-4,17],[-12,57],[-25,130],[-13,97],[0,37],[2,37],[1,2]],[[12013,10703],[47,331],[30,94],[14,30],[21,30],[19,28],[8,10]],[[12152,11226],[1,1]],[[12153,11227],[12,13],[4,7],[48,45],[58,41],[16,10]],[[12291,11343],[2,1]],[[12293,11344],[37,22],[62,37],[165,140],[131,163],[71,78],[53,41],[29,20],[23,10],[19,9],[4,2]],[[12887,11866],[2,2]],[[12889,11868],[2,0],[54,18],[57,8],[127,3],[83,10],[59,22],[73,48],[87,162],[5,26],[4,22],[2,11],[12,78],[9,52],[23,136],[12,115],[11,128],[8,95],[23,288],[2,41],[6,39],[9,72],[25,184],[23,160],[8,72],[15,102],[4,34],[25,189],[8,84],[6,69],[3,18],[6,63],[8,78],[13,143],[46,476],[6,78],[2,44],[0,21],[2,24],[2,32],[25,213],[2,15],[2,15],[0,39],[-2,41],[-23,265],[-19,231],[-8,98],[-106,1198],[-155,1720]],[[12807,9061],[-6,11]],[[12801,9072],[-1,2]],[[12800,9074],[-3,4],[-6,14]],[[12791,9092],[-2,6],[-9,19]],[[12910,8931],[-11,16]],[[12899,8947],[-4,6],[-58,95]],[[12753,9171],[-62,76],[-25,26],[-28,26],[-50,65],[-8,12]],[[12580,9376],[-6,10],[-36,61],[-39,69],[-7,13]],[[12492,9529],[-8,15],[-2,2],[-21,37],[-25,41]],[[12259,9886],[18,-21]],[[12213,9940],[-12,17]],[[12201,9957],[-11,16]],[[0,4340],[79,27],[371,125],[276,100],[67,19],[56,16],[27,8],[29,9],[781,262],[46,15]],[[1732,4921],[15,5]],[[1747,4926],[24,8],[42,11]],[[1813,4945],[123,41]],[[1936,4986],[167,39],[107,0],[135,-26]],[[2345,4999],[1553,-275],[54,-9]],[[3952,4715],[96,-13]],[[4048,4702],[7,0]],[[4055,4702],[81,-10],[169,-18]],[[4305,4674],[58,-15]],[[4363,4659],[44,-19]],[[4407,4640],[73,-20],[228,-32],[365,-48],[127,-17],[6,-1]],[[5206,4522],[134,-19],[328,-45],[46,-5],[8,-1]],[[5722,4452],[15,-1],[62,4],[71,16],[136,69],[336,325],[52,69],[38,134],[33,260],[123,219],[17,63],[19,85],[27,110],[23,102],[25,130],[138,134],[108,11]],[[6945,6182],[8,0]],[[6953,6182],[230,-37]],[[7183,6145],[647,-102],[142,7]],[[7972,6050],[23,6]],[[7995,6056],[25,9]],[[8020,6065],[23,6]],[[8043,6071],[25,11]],[[8068,6082],[19,9],[25,13],[69,30],[279,128],[44,26],[63,61],[29,45],[25,67],[4,46],[0,17],[0,4]],[[8625,6528],[1,9]],[[8626,6537],[1,20]],[[8627,6557],[-2,54],[0,123]],[[8625,6734],[27,280],[107,541],[16,96],[17,80]],[[8792,7731],[15,73],[37,200],[32,154],[27,151],[33,171],[1,7]],[[8937,8487],[12,52],[6,41],[40,199],[66,210],[73,135],[345,489],[37,52],[63,89],[12,17],[90,128],[23,35],[88,126],[12,17],[7,10]],[[9811,10087],[6,9],[16,22],[36,41],[75,72],[25,20]],[[9969,10251],[8,7]],[[9977,10258],[9,7],[17,13],[33,24],[186,89],[177,41],[45,9]],[[10444,10441],[1,0]],[[10445,10441],[54,11],[42,6],[104,-6],[314,-62]],[[10959,10390],[108,-21],[449,-86],[31,-11]],[[11505,10281],[-206,41],[-332,65],[-11,2]],[[10956,10389],[-279,54],[-113,11],[-73,-9],[-17,-3]],[[10474,10442],[-3,-1]],[[10471,10441],[-218,-48],[-228,-102],[-37,-28],[-7,-6]],[[9981,10257],[-8,-7]],[[9973,10250],[-83,-73],[-71,-83],[-6,-8]],[[9813,10086],[-38,-57],[-56,-82],[-13,-15],[-21,-35],[-94,-130],[-89,-128],[-90,-128],[-273,-387],[-67,-117],[-75,-228],[-55,-286],[-1,-7]],[[8941,8486],[-30,-153],[-4,-24],[-17,-82],[-39,-208],[-55,-277],[-2,-12]],[[8794,7730],[-4,-21],[-44,-227],[-90,-460],[-29,-320]],[[8627,6702],[2,-87],[2,-54]],[[8631,6561],[-2,-26]],[[8629,6535],[0,-1]],[[8629,6534],[-1,-8]],[[8628,6526],[-1,-10],[-2,-42],[-14,-56],[-23,-45],[-28,-37],[-29,-31],[-42,-30],[-45,-26],[-311,-139]],[[8133,6110],[-65,-28]],[[8068,6082],[-15,-6]],[[8053,6076],[-10,-5]],[[13824,8638],[54,11],[92,22],[19,6],[27,5],[1,0]],[[14017,8682],[7,2],[34,11]],[[13911,8669],[-56,-18]],[[1406,4765],[119,39]],[[1525,4804],[27,13]],[[1552,4817],[21,5]],[[1573,4822],[54,17],[80,28],[16,5]],[[1723,4872],[14,4]],[[1737,4876],[20,6],[23,2],[-21,-205],[54,-7]],[[1813,4672],[13,2],[2,0],[8,0],[-2,-8],[-2,-11],[-2,-9]],[[1830,4646],[-11,-89]],[[1819,4557],[-12,-141]],[[1807,4416],[2,-15],[-2,-8],[-4,-16]],[[1803,4377],[-2,-8],[-11,-115],[-4,-33]],[[1786,4221],[4,-62],[0,-3],[132,-41]],[[1922,4115],[373,-112]],[[2295,4003],[59,-13],[2,0],[10,-3],[25,-13],[13,-4],[350,-104]],[[2754,3866],[132,-37]],[[2886,3829],[121,-21],[35,-5],[38,-6]],[[3080,3797],[15,-2],[615,-93]],[[3710,3702],[161,88],[90,65],[102,68]],[[4063,3923],[44,86]],[[4107,4009],[-36,63],[-8,13],[-13,22]],[[4050,4107],[-35,52]],[[4015,4159],[-17,28]],[[3998,4187],[-6,11]],[[3992,4198],[-2,4],[-4,45],[2,5],[2,2],[10,26]],[[4000,4280],[42,338]],[[4042,4618],[6,84]],[[4048,4702],[0,5],[0,4],[0,1]],[[4048,4712],[0,8],[-4,15]],[[4044,4735],[-4,19],[-2,9]],[[4038,4763],[12,-24]],[[4050,4739],[180,-8],[177,-33],[67,-65],[539,-80],[18,4],[82,-11],[94,-12]],[[5207,4534],[2,-1]],[[5209,4533],[0,16]],[[5209,4549],[-2,-15]],[[5207,4534],[-1,-12]],[[5206,4522],[-6,-54],[-2,-19],[-6,-20],[-2,0],[0,-6],[8,-2],[2,0],[13,0],[8,0],[38,-5],[33,-4],[138,-19],[33,-5],[73,-11],[71,-8],[32,-5],[41,-6],[42,93],[0,1]],[[5722,4452],[1,10]],[[5723,4462],[3,24]],[[5726,4486],[-2,-24],[-1,0]],[[5723,4462],[-433,58],[-81,13]],[[5726,4486],[11,76],[6,52],[4,32]],[[5747,4646],[-6,30],[0,11],[92,206],[213,487],[16,55],[59,457],[6,43],[6,67],[17,102],[4,50],[11,63],[9,73]],[[6174,6290],[3,24],[13,111],[14,106],[13,106],[23,173],[8,59],[15,121],[16,-2],[75,-11],[128,-20],[46,-6],[252,-33],[4,3],[7,0],[4,-5],[8,-2],[86,-13],[127,-13],[10,-4],[3,-2],[352,-63],[2,2],[7,0],[6,-4],[58,-7],[132,-19],[115,-18],[45,-6],[153,-22],[204,-30],[124,-15],[244,-37],[46,-2]],[[8517,6661],[6,-2]],[[8523,6659],[2,-3]],[[8525,6656],[2,0]],[[8527,6656],[2,-6],[-2,-4]],[[8527,6646],[4,-11],[2,-2],[2,0],[11,-7],[21,-11],[6,0],[6,2],[4,9],[0,7],[-2,2],[-2,4],[-2,0],[-2,2],[-15,2]],[[8560,6643],[36,-4]],[[8596,6639],[6,4]],[[8602,6643],[-2,11],[-10,93],[-2,26],[-15,135],[-8,88],[-5,46],[0,141],[-4,58],[-2,18],[-2,15],[-2,11],[-44,292],[-4,20]],[[8502,7597],[42,-306],[2,-19],[4,-18],[2,-19],[2,-54],[0,-139],[13,-104],[10,-124],[4,-41],[13,-121],[2,-6]],[[8596,6646],[-69,10]],[[0,4309],[4,1],[231,20],[140,15],[184,35],[92,11]],[[651,4391],[64,8],[34,143]],[[749,4542],[-2,2],[-2,0]],[[745,4544],[-2,-2],[-3,0]],[[740,4542],[-12,-4]],[[728,4538],[-17,-5],[-39,-12]],[[672,4521],[0,-1],[-15,-10]],[[657,4510],[15,11]],[[672,4521],[12,8],[48,17],[6,3],[5,2],[6,4],[6,4],[4,-2],[2,0],[36,2]],[[797,4559],[135,46],[103,35]],[[1035,4640],[140,45]],[[1175,4685],[121,41],[27,11],[58,20],[11,2],[14,6]],[[1552,4817],[2,-8]],[[1554,4809],[-20,-176],[98,48],[79,147],[10,37],[2,7]],[[1723,4872],[7,36],[0,4]],[[1730,4912],[1,5]],[[1731,4917],[1,4]],[[1732,4921],[2,11],[138,763],[62,353],[40,127],[108,163],[96,78],[165,102],[253,160],[1191,745],[249,169],[69,63],[23,24],[25,26],[112,134],[94,106],[38,44],[17,17],[68,65],[36,26],[148,39],[257,-20],[138,-4],[33,-2],[63,-4],[484,8],[380,31],[231,21],[109,7],[44,2],[79,4],[81,5],[263,6],[238,9],[453,13],[69,0],[117,4],[125,4],[315,-39],[313,-34],[17,-2]],[[8475,8145],[-4,-22],[-4,-59],[6,-132],[2,-34],[-2,-13]],[[8473,7885],[4,-48]],[[8477,7837],[6,-54]],[[8483,7783],[1,-7]],[[8484,7776],[14,-140]],[[8498,7636],[2,-24],[2,-15]],[[8560,6643],[-16,3],[-2,2],[-5,0],[-4,0],[-6,-2]],[[8527,6646],[-2,-3],[-2,-2],[-4,0],[-4,0]],[[8515,6641],[2,20]],[[8498,7636],[-15,140]],[[8483,7776],[1,0]],[[8484,7776],[296,-43],[12,-2]],[[8792,7731],[2,-1]],[[8794,7730],[11,-1],[33,-5],[386,-58],[21,171],[123,0],[-10,41],[0,24],[0,37],[2,21],[56,416],[-102,55],[-42,6],[-19,2],[-121,18],[-121,19],[-70,10]],[[8941,8486],[-4,1]],[[8937,8487],[-32,4]],[[8905,8491],[-82,13]],[[8823,8504],[23,167],[5,43],[10,65],[8,65],[4,28],[-2,11],[0,2],[0,5],[7,0]],[[8878,8890],[2,0],[12,-7],[66,-8]],[[8958,8875],[32,-5],[5,11],[6,15],[4,13],[-42,7]],[[8963,8916],[-81,13],[23,167]],[[8905,9096],[6,43],[73,-9]],[[8984,9130],[8,0],[132,5],[33,36]],[[9157,9171],[27,44],[21,30]],[[9205,9245],[96,137]],[[9301,9382],[34,47]],[[9335,9429],[14,20]],[[9349,9449],[15,39]],[[9364,9488],[12,91],[59,-3],[44,76]],[[9479,9652],[6,22]],[[9485,9674],[10,76]],[[9495,9750],[5,41]],[[9500,9791],[2,9]],[[9502,9800],[4,43],[14,91],[0,6],[40,-4]],[[9502,9800],[4,-7],[-6,-2]],[[9157,9171],[-46,-65],[-127,24]],[[8905,9096],[-27,-189],[0,-17]],[[8963,8916],[-5,-41]],[[8958,8875],[-11,-81],[-11,-73],[-10,-74],[-21,-156]],[[8823,8504],[-81,11],[-104,17],[-67,3],[-36,-16],[-25,-101],[-16,-113],[-7,-48],[-2,-13],[-10,-99]],[[8483,7783],[0,-7]],[[8473,7885],[-4,10],[-5,46],[-10,71],[-25,44],[-263,76],[-265,39],[-200,13],[-67,-5],[-42,-6],[-35,-5],[-88,-10],[-351,2],[-273,-7],[-430,-13],[-44,-2],[-42,-2],[-68,-4],[-71,-5],[-466,-43],[-296,-11],[-230,-2],[-108,-4],[-194,0],[-186,-9],[-77,-33],[-230,-210],[-223,-151],[-29,-24],[-107,-100],[-58,-43],[-411,-238],[-896,-559],[-83,-50],[-221,-139],[-92,-58],[-130,-80],[-85,-78],[-82,-128],[-35,-117],[-196,-1086],[-8,-38]],[[1747,4926],[-1,-4]],[[1746,4922],[-1,-5]],[[1745,4917],[-1,-5],[-6,-32],[-1,-4]],[[1737,4876],[-3,-15],[-15,-52],[-83,-187],[23,-45],[160,-20]],[[1830,4646],[-2,20],[-15,6]],[[1573,4822],[-19,-13]],[[1554,4809],[-29,-5]],[[797,4559],[-36,-15],[-2,-2],[-4,0],[-6,0]],[[745,4544],[-5,-2]],[[740,4542],[-4,0],[-8,-4]],[[657,4510],[-4,-39],[-2,-80]],[[651,4391],[0,-42],[-2,-63],[4,-34],[2,-2],[2,-3],[0,-10],[0,-3],[-15,-2],[-2,2],[-6,3],[-10,10],[-28,65],[-60,29],[-232,-20],[-225,-50],[-79,-57]],[[0,4587],[27,5],[21,-154],[-5,-2],[-43,-14]],[[8515,6641],[-99,22],[-64,9],[-155,21],[-306,46],[-82,10],[-52,9],[-50,7],[-148,19],[-149,22],[-16,0],[-2,-2],[-9,0],[-357,67],[-137,21],[-88,13],[-8,0],[-4,-2],[-7,0],[-4,5],[-121,17],[-129,19],[-130,18],[-50,6],[-29,7],[-48,6],[-46,-344],[-17,-132],[-8,-70],[-2,-23],[-16,-123]],[[6182,6289],[-3,-18],[-12,-96],[-9,-71],[-4,-37],[-10,-56],[4,-11],[2,-2],[-2,-18],[-11,-36],[-8,-65],[-67,-479],[-79,-189],[-71,-156],[-71,-166],[-54,-122],[-34,-93],[-6,-28]],[[5209,4549],[23,171],[-2,34],[-21,7],[-69,9],[-88,10],[-175,29],[-46,6],[-65,9],[-66,8],[-180,26],[-65,9],[-21,0],[-10,2],[-19,4],[-46,7],[-69,11],[-100,13],[-79,2],[-38,-13],[-41,-15],[-15,-43],[17,-52],[4,-20]],[[4050,4739],[0,-4]],[[4050,4735],[-6,0]],[[4050,4735],[5,-24]],[[4055,4711],[0,-9],[0,0]],[[4055,4702],[-5,-39],[-8,-45]],[[4000,4280],[-2,-22],[0,-8],[2,-3],[0,-4],[-2,-4],[-2,-9],[-2,-6],[-2,-13],[0,-9],[0,-2],[0,-2]],[[3992,4198],[0,0],[6,-11]],[[4107,4009],[27,-52],[-71,-34]],[[3710,3702],[-630,95]],[[3080,3797],[-94,6],[-100,26]],[[2754,3866],[-202,50],[-75,22],[-113,30],[-14,4],[0,2],[-55,29]],[[1922,4115],[-132,26],[-19,0],[0,2],[3,13],[4,5],[8,60]],[[1803,4377],[-2,16],[-2,2],[8,21]],[[12330,9765],[-11,17]],[[12319,9782],[-8,13]],[[12311,9795],[-19,31]],[[4305,4674],[-250,37]],[[4055,4711],[-7,1]],[[4048,4712],[-14,1],[-57,0],[-25,2]],[[2345,4999],[-148,24],[-152,-13],[-261,-80],[-39,-13]],[[1745,4917],[-15,-5]],[[1730,4912],[-80,-28],[-68,-21],[-157,-59],[-198,-56]],[[1227,4748],[-267,-89],[-69,-24],[-134,-43],[-14,-4],[-136,-46],[-597,-201],[-10,-4]],[[1936,4986],[3112,1044],[699,232],[140,28],[188,11],[73,-6],[26,-5]],[[6174,6290],[8,-1]],[[6182,6289],[6,-1],[43,-9],[474,-62],[240,-35]],[[8133,6110],[-80,-34]],[[1813,4945],[-67,-23]],[[1746,4922],[-15,-5]],[[1731,4917],[-8,-2],[-12,-5],[-484,-162]],[[13805,8636],[15,5]],[[8627,6702],[-2,32]],[[10042,4497],[17,47],[-121,54],[-165,72],[-29,-56],[-295,149],[-144,91],[-177,219],[-92,221]],[[9036,5294],[-6,8],[0,9],[-2,2],[0,9],[6,4],[4,0],[9,13]],[[9047,5339],[2,2]],[[9049,5341],[25,18]],[[9074,5359],[50,39]],[[9124,5398],[-36,-35]],[[9088,5363],[-35,-26]],[[9053,5337],[-6,2]],[[10013,4486],[-77,32]],[[9936,4518],[-25,7],[-13,4],[-4,2],[-438,195],[-136,78],[-96,87],[-50,58],[-67,100],[-35,74],[-19,52],[-48,125],[-31,89],[-25,65],[-48,130],[-146,390],[-80,262],[-27,141]],[[8648,6377],[-12,84],[-3,20],[-2,28],[-1,15]],[[8630,6524],[-1,7],[0,3]],[[8629,6534],[0,1]],[[8629,6535],[-2,22]],[[8631,6561],[2,-26],[0,-5]],[[8633,6530],[0,-6],[0,-3]],[[8633,6521],[0,-10]],[[8633,6511],[53,-305],[69,-223],[148,-397],[81,-219],[11,-26],[14,-39],[34,-93],[60,-147],[63,-100],[50,-58],[92,-85],[144,-88],[452,-200],[9,-4],[23,-9]],[[9124,5398],[73,58],[-4,13],[-4,9],[-30,56],[-23,52]],[[9136,5586],[-79,156],[-12,24]],[[9045,5766],[-13,22],[-17,30],[-2,9],[-10,21]],[[9003,5848],[-82,161]],[[8921,6009],[-20,32],[-82,160],[-102,200],[-2,8],[-6,11],[-13,13],[-17,35],[-6,9],[-17,21],[-10,11],[-13,12]],[[8633,6521],[-3,3]],[[8630,6524],[-2,2]],[[8628,6526],[-3,2]],[[8625,6528],[-2,3],[-2,2],[-8,11],[-11,37],[-6,58]],[[8602,6643],[-6,3]],[[8602,6643],[6,-62],[5,-22],[4,-7],[6,-10],[3,-5]],[[8626,6537],[1,-2],[2,-1]],[[8629,6534],[4,-4]],[[8633,6530],[3,-1],[10,-11],[27,-28],[15,-20],[19,-15],[6,-2],[2,-5],[0,-2],[0,-4],[2,-13],[4,-20],[8,-17],[96,-186],[86,-167],[10,-30]],[[9003,5848],[42,-82]],[[9136,5586],[55,-97],[6,-15],[2,-5],[6,-8],[7,-9],[-3,-4],[-4,-3],[-2,0],[-2,0],[-10,-2],[-103,-80]],[[9053,5337],[-8,-15],[0,-2],[0,-5],[-5,-6],[-2,0],[-2,-15]],[[8648,6377],[-15,134]],[[14732,15178],[-34,-214],[-77,-628],[-94,-329],[-2,-11],[-29,-223]],[[14496,13773],[-31,-239],[-3,-2],[-4,-4],[-6,-2],[-15,-5],[-12,-19],[-17,-124],[-4,-37],[-25,-184],[-19,-138],[-19,-137],[-10,-78],[-23,-167],[-2,-19],[-48,-461],[-11,-81],[-2,-21],[-14,-111],[-50,-418],[-19,-147],[-23,-180],[-31,-243],[-5,-26],[-50,-385],[-21,-20],[-152,26],[-8,-2],[-4,-2],[-5,-4],[-2,-3],[-2,-6],[-23,-193]],[[13836,10341],[-8,-41],[-20,-151]],[[13808,10149],[-6,-46]],[[13802,10103],[-3,-24],[-20,-154]],[[13779,9925],[-3,-21],[-2,-10]],[[13774,9894],[-13,-99],[-8,-71],[-8,-51]],[[13745,9673],[-1,-6],[7,-30],[27,-76],[29,-91],[1,-2]],[[13808,9468],[0,-1]],[[13808,9467],[2,-4]],[[13810,9463],[1,-4]],[[13811,9459],[1,-1]],[[13812,9458],[0,-1]],[[13812,9457],[24,-67],[38,-108],[23,-69],[4,-9],[19,-54],[6,-22],[2,-2],[0,0]],[[13928,9126],[1,-3]],[[13929,9123],[1,-8],[27,-80],[11,-28],[18,-50]],[[13986,8957],[0,-1]],[[13986,8956],[5,-12],[23,-67],[27,-78],[2,-7],[1,-3]],[[14044,8789],[1,-1],[1,-4]],[[14046,8784],[9,-23]],[[14055,8761],[1,-3]],[[14056,8758],[0,-1]],[[14056,8757],[3,-9]],[[14059,8748],[1,-1],[0,-1]],[[14060,8746],[0,-1]],[[14060,8745],[3,-8]],[[14063,8737],[2,-5]],[[14065,8732],[4,-12]],[[14069,8720],[1,-3]],[[14070,8717],[3,-9]],[[14073,8708],[2,-6]],[[14075,8702],[1,-3],[2,-7]],[[14078,8692],[0,-4],[7,-17],[3,-9]],[[14088,8662],[36,-108],[2,-6],[9,-18],[9,-24]],[[14144,8506],[10,-28],[8,-30],[33,-98]],[[14195,8350],[17,-58]],[[14212,8292],[-2,-2],[-2,-7],[-6,-6],[-65,-24],[-82,15],[-6,0],[-2,-2],[-2,0],[-4,-4],[-13,-46],[-8,-32],[-15,-68],[-6,-21],[-6,-26],[0,-9],[-5,-17]],[[13988,8043],[-6,-20],[-8,-41],[-4,-17],[-21,-98],[-25,-104],[-13,-63],[-12,-43],[-2,-11]],[[13897,7646],[-1,-4]],[[13896,7642],[-3,-14]],[[13893,7628],[-11,-49],[-2,-11]],[[13880,7568],[0,-6],[0,-4],[11,-35],[20,-80],[-45,-104],[-180,-67]],[[13686,7272],[-13,-6]],[[13673,7266],[-5,-2]],[[13668,7264],[-2,0]],[[13666,7264],[-13,-5],[-59,-24],[-181,-70],[-43,-15]],[[13370,7150],[-3,-1]],[[13367,7149],[-9,-3],[-8,-2],[-146,-59],[-10,-24],[89,-257],[-142,-74],[-121,-195],[-10,-17],[-173,-275],[23,39],[83,134],[31,52],[30,48],[10,15],[10,17],[109,173],[8,13],[138,78],[-88,252],[9,23],[131,52],[27,9],[8,4]],[[13366,7152],[3,1]],[[13369,7153],[8,4],[63,21],[54,22],[157,61],[14,5]],[[13665,7266],[2,1]],[[13667,7267],[13,5]],[[13680,7272],[181,69],[48,102],[-21,80],[-10,30],[-2,7],[0,6],[4,13]],[[13880,7579],[10,45]],[[13890,7624],[1,5]],[[13891,7629],[2,9]],[[13893,7638],[1,6]],[[13894,7644],[1,5]],[[13895,7649],[4,19],[8,35],[34,143],[21,97],[8,39],[15,60]],[[13985,8042],[8,31],[8,39],[29,132],[9,22],[4,4],[2,0],[2,2],[13,-2],[73,-15],[62,22],[7,4],[2,4],[2,0],[2,9],[0,9]],[[14208,8303],[-57,173],[-6,15],[-5,14]],[[14140,8505],[-9,27],[-7,16],[-44,128]],[[14080,8676],[-4,10],[-1,5]],[[14075,8691],[-3,9]],[[14072,8700],[-1,1]],[[14071,8701],[-2,6]],[[14069,8707],[-3,9]],[[14066,8716],[0,2]],[[14066,8718],[-5,13]],[[14061,8731],[-1,5]],[[14060,8736],[0,0],[-3,8]],[[14057,8744],[0,1]],[[14057,8745],[-1,2]],[[14056,8747],[-3,9]],[[14053,8756],[-1,1]],[[14052,8757],[-1,3]],[[14051,8760],[-7,23]],[[14044,8783],[-2,5]],[[14042,8788],[-28,82],[-27,76],[0,2],[-3,7],[0,0]],[[13984,8955],[0,1]],[[13984,8956],[-29,79],[-25,76],[-3,11]],[[13927,9122],[-1,2],[0,1]],[[13926,9125],[-4,7],[-19,59],[-8,22],[-23,69],[-54,154],[-8,21]],[[13810,9457],[-1,2]],[[13809,9459],[-1,3]],[[13808,9462],[-2,4]],[[13806,9466],[0,1]],[[13806,9467],[-3,8],[-25,78],[-31,84],[-5,30],[2,12]],[[13744,9679],[3,23],[12,82],[6,59],[6,46]],[[13771,9889],[3,17],[2,15]],[[13776,9921],[19,134],[6,52],[0,1]],[[13801,10108],[6,45]],[[13807,10153],[13,104],[6,43],[8,89]],[[13834,10389],[21,149],[8,13],[3,2],[4,0],[6,0],[177,-2],[30,234],[16,124],[0,11],[2,10],[2,20],[30,225],[46,351],[62,522],[6,54],[5,26],[2,20],[8,87],[8,82],[2,34],[32,267],[4,24],[29,229],[19,135],[17,132],[16,115],[25,192],[9,57],[12,21],[21,7],[2,2],[2,4],[2,5],[59,435]],[[14521,13976],[1,13]],[[14522,13989],[1,7],[0,4],[2,7],[6,28],[65,225],[25,91],[13,100],[14,127],[15,115],[14,126],[9,58],[8,81],[38,220]],[[24029,8755],[-108,24],[-59,9],[-23,4],[-96,20],[-131,19],[-136,22],[-16,2]],[[23460,8855],[-78,11],[-323,52],[-126,19]],[[22933,8937],[-127,22],[-250,39],[-873,141],[-20,2],[-59,11],[-56,9],[-159,23],[-1004,161],[-58,8],[-274,44],[-319,52],[-171,26],[-674,106],[-236,37],[-58,8],[-169,26],[-73,11],[-55,7],[-108,17],[-17,2]],[[18173,9689],[-47,4]],[[18126,9693],[-1,0]],[[18125,9693],[-6,0]],[[18119,9693],[-29,-15],[-78,-37],[-4,-2],[-4,-2],[-8,-11],[-203,-286]],[[17793,9340],[-119,-166],[-1,-2]],[[17673,9172],[-1,-3],[-1,-1]],[[17671,9168],[-5,-3],[-23,-2],[-165,26]],[[17478,9189],[-661,110]],[[16817,9299],[-637,80],[-298,42],[-82,10],[-108,16],[-20,3]],[[15672,9450],[-4,1]],[[15668,9451],[-1,0],[-17,2],[-42,0],[-25,-4],[-12,-2],[-21,-3],[-802,115]],[[14748,9559],[-107,14]],[[14641,9573],[-24,3]],[[14617,9576],[-21,3],[0,-2]],[[14596,9577],[0,-1],[-2,0],[-2,-4],[-4,-6],[-4,-9]],[[14584,9557],[-1,-2],[0,-5],[-10,-73]],[[14573,9477],[-15,-102],[-64,-145],[-9,-20],[-12,-27]],[[14473,9183],[-2,-5],[-3,-4]],[[14468,9174],[-3,-7],[-3,-4]],[[14462,9163],[0,-2]],[[14462,9161],[-2,-3]],[[14460,9158],[-2,-4]],[[14458,9154],[-1,-3]],[[14457,9151],[-1,-1],[-2,-5],[-2,-4],[-10,-6]],[[14442,9135],[-307,-120],[-142,-55]],[[13993,8960],[-7,-3]],[[13986,8957],[-2,-1]],[[13984,8956],[-7,-3]],[[13977,8953],[-7,-3],[-144,-53]],[[13826,8897],[-2,-1]],[[13824,8896],[-11,-4],[-256,-100],[-46,-17],[-6,-2]],[[13505,8773],[-1,0],[-1,-1]],[[13503,8772],[-7,-4],[-244,-93],[-56,-21]],[[13196,8654],[-2,-3],[-3,-2],[0,0]],[[13191,8649],[-2,-2],[0,-2],[-1,-1]],[[13188,8644],[-1,-1],[0,-2],[0,-5]],[[13187,8636],[55,-162]],[[13242,8474],[0,-2]],[[13242,8472],[2,-5]],[[13244,8467],[3,-8]],[[13247,8459],[1,-4]],[[13248,8455],[2,-5]],[[13250,8450],[2,-6],[2,-9],[56,-147],[36,-113]],[[13346,8175],[19,-61],[-19,-30],[-59,-67]],[[13287,8017],[-112,-89]],[[13175,7928],[-23,-15],[-36,-22],[-14,-9],[-109,-69],[-58,-35],[-317,-246],[-286,-232],[-236,-191],[-4,-4],[-103,-83],[-77,-73],[-75,-111]],[[11837,6838],[96,128],[58,54],[107,87],[6,4],[230,187],[603,478],[150,93],[21,13],[15,9],[23,13],[10,7]],[[13156,7911],[27,17],[21,15],[38,26],[22,22],[15,15],[2,2]],[[13281,8008],[11,11]],[[13292,8019],[62,65],[11,15],[2,7],[0,2],[2,6]],[[13369,8114],[-21,67]],[[13348,8181],[-25,78],[-56,159],[-3,6],[-9,25]],[[13255,8449],[-1,5]],[[13254,8454],[-1,2]],[[13253,8456],[-3,9]],[[13250,8465],[-2,5],[-2,3]],[[13246,8473],[-1,3]],[[13245,8476],[-8,20],[-35,110]],[[13202,8606],[-11,30],[0,2],[0,5],[0,2],[3,2],[0,2],[4,2]],[[13198,8651],[298,115],[8,4]],[[13504,8770],[0,1],[2,0]],[[13506,8771],[17,6],[259,100],[43,16]],[[13825,8893],[2,1]],[[13827,8894],[120,46],[31,12]],[[13978,8952],[6,3]],[[13984,8955],[2,1]],[[13986,8956],[3,1],[5,2]],[[13994,8959],[141,52],[286,113]],[[14421,9124],[27,11],[4,2]],[[14452,9137],[2,2],[2,2],[2,6]],[[14458,9147],[0,1],[2,3]],[[14460,9151],[1,3]],[[14461,9154],[2,4]],[[14463,9158],[1,2]],[[14464,9160],[3,7],[2,6]],[[14469,9173],[5,10]],[[14474,9183],[16,36],[25,52],[46,104],[25,173],[2,7],[2,6],[0,5],[2,2],[6,6],[19,0]],[[14617,9574],[161,-24]],[[14778,9550],[786,-108],[17,2],[15,3],[14,4],[19,0],[25,-2],[11,0],[3,-1]],[[15668,9448],[4,0]],[[15672,9448],[76,-12],[48,-7],[388,-54],[616,-76]],[[16800,9299],[689,-115]],[[17489,9184],[162,-26],[11,3],[4,0],[1,1]],[[17667,9162],[1,1],[4,2]],[[17672,9165],[0,0],[6,9]],[[17678,9174],[320,452],[6,7],[2,2],[4,2],[7,4],[100,48]],[[18117,9689],[9,4]],[[18126,9693],[1,0],[2,0],[4,0],[3,0],[12,-2],[21,-2],[4,0]],[[18173,9689],[269,-43],[176,-26],[271,-41],[286,-44],[52,-8],[255,-41],[91,-16],[30,-4],[39,-6],[434,-70],[453,-71],[522,-83],[361,-56],[637,-104],[244,-39],[273,-44]],[[22566,8993],[9,-1],[358,-57],[284,-44]],[[23217,8891],[179,-29]],[[23396,8862],[59,-9]],[[23455,8853],[82,-13],[146,-22],[60,-11],[71,-15],[25,-4],[23,-4],[46,-7],[71,-22],[52,-2]],[[11837,6838],[-4,-6],[-4,-9],[-21,-37],[27,50],[2,2]],[[15604,16350],[-6,-47]],[[15598,16303],[-75,-589],[-25,-198],[-13,-104],[-10,-101],[-25,-206],[-3,-15],[-73,-587],[23,-26],[409,-57],[17,-17],[-6,-30],[-42,-228],[-27,-173],[-19,-130],[-27,-182],[-2,-9],[-13,-89],[-14,-93],[-13,-73],[-58,-388],[-4,-15],[-2,-15],[-25,-83],[-94,-604],[0,-2],[-2,-5],[-7,-10],[-16,-26],[-157,-239],[-102,-158],[-17,-26],[-12,-17],[-55,-85],[-119,-186],[-16,-24],[-9,-13],[-68,-108],[-26,-72],[-54,-431],[-4,-17],[-2,-28],[-23,-171],[-29,-232],[-25,-204],[-25,-186],[-32,-247],[-1,-12]],[[14676,9792],[0,-4]],[[14676,9788],[-1,-4],[-27,-197],[-4,-11],[0,-2],[-2,0],[-1,-1]],[[14641,9573],[-1,-1],[-23,2]],[[13198,8651],[-7,-2]],[[13191,8649],[-4,-2]],[[13187,8647],[-2,0]],[[13185,8647],[-10,-4],[-63,-24],[-4,-1]],[[13108,8618],[-4,-2]],[[13104,8616],[-6,-2]],[[13098,8614],[-8,-3]],[[13090,8611],[-8,-3]],[[13082,8608],[-4,-1]],[[13078,8607],[-9,-3]],[[13069,8604],[-11,-5],[-8,-4],[-178,-69],[-29,-11],[-48,-17],[-42,-16]],[[12753,8482],[-2,-1]],[[12751,8481],[-37,-14],[-44,-17],[-78,-13],[-154,50]],[[12438,8487],[-6,0]],[[12432,8487],[-27,9]],[[12403,8498],[29,-11]],[[12438,8487],[142,-41],[106,13],[64,25]],[[12750,8484],[2,1]],[[12752,8485],[39,15],[50,17],[46,18],[160,62],[21,8]],[[13068,8605],[9,3]],[[13077,8608],[5,1]],[[13082,8609],[3,1],[5,2]],[[13090,8612],[7,4]],[[13097,8616],[6,2]],[[13103,8618],[4,2]],[[13107,8620],[3,1],[74,28]],[[13184,8649],[2,1]],[[13186,8650],[10,4]],[[14573,9477],[10,71],[1,9]],[[14584,9557],[2,13],[2,4],[0,4]],[[14588,9578],[0,1],[1,1]],[[14589,9580],[1,1],[14,2],[27,-2],[11,2],[2,4],[2,2],[27,191],[1,8]],[[14674,9788],[1,4]],[[14675,9792],[30,246],[27,206],[21,164],[31,249],[23,172],[2,15],[2,28],[12,89],[42,323],[13,75],[16,35],[69,106],[4,7],[15,21],[2,5],[125,195],[23,34],[94,145],[40,59],[12,22],[103,158],[12,17],[57,87],[16,26],[7,10],[2,5],[2,4],[0,4],[108,692],[32,216],[29,193],[48,314],[14,91],[5,35],[2,13],[6,45],[33,217],[65,277],[-17,26],[-405,56],[-25,24],[5,41],[50,401],[10,93],[6,41],[4,31],[71,600],[3,24],[37,294],[33,252],[7,28]],[[14496,5055],[-17,22]],[[14479,5077],[-4,4],[-4,5],[-2,4],[-169,236],[-15,15],[-467,325],[-30,29],[-18,13],[-46,32],[-53,37],[-27,19],[-250,171],[-96,68],[0,21],[21,33],[81,128],[96,153],[19,33],[6,9],[54,86],[-50,139],[5,26],[7,10]],[[13537,6673],[1,1]],[[13538,6674],[8,11],[9,8],[23,35],[45,52],[128,112]],[[13751,6892],[29,39],[-109,317]],[[13671,7248],[-5,16]],[[13666,7264],[-1,2]],[[13665,7266],[-62,177],[-7,21],[-58,167],[-38,111],[-31,88],[-29,83],[-6,19],[-9,18],[-50,149],[-6,15]],[[13369,8114],[-23,61]],[[13348,8181],[10,-23],[11,-31],[10,-32],[63,-180],[12,-37],[17,-48],[2,-8],[42,-117],[148,-427],[4,-11]],[[13667,7267],[1,-3]],[[13668,7264],[1,-4]],[[13669,7260],[17,-47]],[[13686,7213],[92,-269]],[[13778,6944],[6,-26],[-204,-190],[-23,-35],[-9,-11],[-9,-10]],[[13539,6672],[-1,-1]],[[13538,6671],[-8,-10],[-3,-22],[51,-143],[-17,-24],[-144,-234],[-96,-151],[-21,-31],[6,-24],[232,-160],[33,-22],[36,-26],[39,-26],[28,-19],[33,-24],[83,-58],[497,-353],[15,-16],[163,-229],[8,-11],[6,-11]],[[14195,8350],[9,-17],[12,-37],[2,-8],[4,-13],[40,-113],[4,-14]],[[14266,8148],[6,-23],[19,-74],[2,-15],[6,-50]],[[14299,7986],[3,-19],[0,-33],[-5,-96]],[[14297,7838],[-2,-25],[-2,-30],[5,-156],[2,-17],[1,-16]],[[14301,7594],[1,-4],[8,-30],[19,-48]],[[14329,7512],[6,-6],[6,-10]],[[14341,7496],[11,-19],[4,-6],[2,-4],[4,-7],[9,-6],[7,-7]],[[14378,7447],[28,-24],[25,-21],[2,-2]],[[14433,7400],[15,-11],[12,-13],[34,-42],[29,-49]],[[14523,7285],[2,-5]],[[14525,7280],[4,-11],[24,-54]],[[14553,7215],[5,-13],[7,-21]],[[14565,7181],[6,-13],[194,-702]],[[14765,6466],[4,-22]],[[14769,6444],[38,-132],[33,-130],[50,-173]],[[14890,6009],[7,-24]],[[14897,5985],[66,-245],[52,-197]],[[15015,5543],[7,-20]],[[15022,5523],[12,-49],[2,-9],[3,-10]],[[15039,5455],[4,-10],[0,-2]],[[15043,5443],[0,-6]],[[15043,5437],[-11,-15],[-19,-9],[-10,-7],[-17,-10],[-96,-76],[-16,-11],[-25,-22],[-147,-115]],[[14702,5172],[-6,-4],[-27,-22]],[[14669,5146],[-52,-39],[-71,-56],[-138,-110],[-25,-33],[-14,-86],[39,-96],[124,-111]],[[14532,4615],[1,-1],[9,-5]],[[14542,4609],[131,-69]],[[14673,4540],[13,-2]],[[14686,4538],[6,0],[17,0],[12,0],[40,6],[14,2],[15,3],[23,2],[21,-5],[90,-15],[56,-11],[94,-17],[40,-6],[164,-29],[28,-4]],[[15306,4464],[2,-1]],[[15308,4463],[6,-1]],[[15314,4462],[100,-17]],[[15414,4445],[94,-18],[15,-2]],[[15523,4425],[1,0]],[[15524,4425],[1,0],[37,-6],[153,-26],[20,-3]],[[15735,4390],[4,-1]],[[15739,4389],[34,-5],[328,-54],[148,-24],[444,-76],[176,-28],[71,-11],[4,-2],[340,-56],[225,-37],[86,-13],[129,-22],[5,0]],[[17729,4061],[31,130]],[[17760,4191],[62,444]],[[17822,4635],[5,9]],[[17827,4644],[2,2],[2,2],[19,2],[86,-25]],[[17936,4625],[1,-1],[0,1]],[[17937,4625],[9,77],[1,12]],[[17947,4714],[1,4]],[[17948,4718],[0,4]],[[17948,4722],[1,6]],[[17949,4728],[5,39],[21,163],[1,9]],[[17976,4939],[0,1]],[[17976,4940],[1,14],[33,270],[25,189],[2,16]],[[18037,5429],[0,4]],[[18037,5433],[0,6],[46,401],[2,18]],[[18085,5858],[0,1],[0,1]],[[18085,5860],[25,166],[69,490],[40,279],[6,56],[5,32]],[[18230,6883],[0,2]],[[18230,6885],[14,98],[15,111],[41,323],[53,381],[2,13],[0,8]],[[18355,7819],[0,1],[0,2]],[[18355,7822],[8,52],[65,463],[1,8]],[[18429,8345],[12,94]],[[18441,8439],[2,12]],[[18443,8451],[0,3]],[[18443,8454],[10,70],[21,140],[48,349],[58,405],[23,152]],[[18603,9570],[6,35]],[[14208,8303],[4,-11]],[[14212,8292],[2,-4],[4,-11],[2,-5],[23,-71],[19,-48],[2,-6]],[[14264,8147],[6,-22],[19,-74],[2,-15],[8,-61]],[[14299,7975],[1,-8],[0,-33],[-9,-138],[0,-4]],[[14291,7792],[0,-3],[0,-19],[7,-154],[1,-15]],[[14299,7601],[1,-4],[2,-16],[8,-26],[8,-23],[1,-4]],[[14319,7528],[2,-7],[2,-7]],[[14323,7514],[16,-52],[2,-6],[8,-12]],[[14349,7444],[1,-1],[10,-9]],[[14360,7434],[50,-37],[11,-6],[3,-2]],[[14424,7389],[22,-9],[4,-2],[1,-1]],[[14451,7377],[3,-1],[38,-42],[14,-23],[7,-13],[1,-3]],[[14514,7295],[11,-23],[13,-29]],[[14538,7243],[4,-10]],[[14542,7233],[23,-57],[4,-11],[179,-654]],[[14748,6511],[46,-169],[40,-143],[40,-145]],[[14874,6054],[75,-268],[58,-219],[8,-33]],[[15015,5534],[17,-58],[6,-24],[5,-15]],[[15043,5437],[6,-70],[6,-21],[2,-5],[15,-26],[4,-8],[4,-15],[182,-715],[31,-85]],[[15293,4492],[6,-15],[2,-4],[1,-1]],[[15302,4472],[4,-4]],[[15306,4468],[2,-2],[4,-2],[2,-2]],[[15314,4462],[0,0],[4,-2],[4,0],[29,-7]],[[15351,4453],[69,-13],[103,-17]],[[15523,4423],[1,-1]],[[15524,4422],[9,-1],[36,-7],[156,-26],[10,-2]],[[15735,4386],[3,0]],[[15738,4386],[8,-2],[115,-17],[175,-29],[88,-15],[384,-65],[206,-32],[232,-39],[175,-31],[186,-30],[207,-35]],[[17514,4091],[212,-34],[5,0],[1,0]],[[17732,4057],[3,0],[3,1]],[[17738,4058],[1,1],[3,1]],[[17742,4060],[1,1],[0,2],[4,11]],[[17747,4074],[57,410]],[[17804,4484],[21,149],[2,4]],[[17827,4637],[2,5],[10,6],[17,-4],[58,-33],[22,14]],[[17936,4625],[1,0]],[[17937,4625],[2,2],[11,80],[0,3]],[[17950,4710],[1,4]],[[17951,4714],[0,5]],[[17951,4719],[1,5]],[[17952,4724],[6,54],[0,5],[8,62],[11,83],[1,10]],[[17978,4938],[1,2]],[[17979,4940],[2,16],[6,58],[7,39],[23,189],[20,175],[2,12]],[[18039,5429],[1,1],[0,3]],[[18040,5433],[2,8],[43,390],[0,13],[3,14]],[[18088,5858],[0,1]],[[18088,5859],[2,9],[23,158],[60,427],[11,76],[2,15],[20,154],[27,184]],[[18233,6882],[0,3]],[[18233,6885],[1,1],[2,26],[12,87],[13,95],[44,342],[25,180],[27,202]],[[18357,7818],[1,3]],[[18358,7821],[1,7],[54,397],[17,119]],[[18430,8344],[2,11],[12,83]],[[18444,8438],[2,12]],[[18446,8450],[0,3]],[[18446,8453],[0,4],[157,1113]],[[15351,4453],[-18,2],[-24,5]],[[15309,4460],[-2,1]],[[15307,4461],[-6,1],[-43,6],[-36,7],[-46,9],[-231,41],[-115,19],[-19,2],[-17,0],[-14,-2],[-17,-2],[-38,-6],[-16,0],[-7,-1]],[[14702,4535],[-9,-1]],[[14693,4534],[-1,-1],[-8,3]],[[14684,4536],[-34,10]],[[14650,4546],[-108,63]],[[14542,4609],[-10,6]],[[14532,4615],[-9,5],[-109,95],[-37,52],[-11,55],[13,82],[19,32],[117,93],[12,11],[31,24],[59,46],[46,36],[16,11],[17,15]],[[14696,5172],[5,4]],[[14701,5176],[6,5]],[[14707,5181],[139,108],[21,18],[19,15],[100,78],[9,6],[12,7],[15,9],[10,4],[6,22],[-2,8],[-2,9],[-2,9],[-17,60]],[[15022,5523],[14,-56],[3,-12]],[[15039,5455],[4,-12]],[[15043,5443],[4,-13],[4,-17],[2,-50],[6,-17],[17,-35],[8,-22],[180,-704],[37,-108]],[[15301,4477],[17,-13],[96,-19]],[[13801,16487],[2,-54]],[[13803,16433],[2,-13],[0,-7],[4,-154],[2,-15],[84,-262],[39,-117],[19,-60],[61,-189],[4,-11],[4,-15],[2,-28],[-31,-238],[-4,-24],[-19,-145],[-21,-150],[-40,-307],[-37,-291],[-40,-294],[-1,-13]],[[13831,14100],[-1,-3]],[[13830,14097],[-21,-166],[-37,-284],[-25,-202],[-25,-195],[-19,-138],[-48,-377],[-15,-117],[-4,-20],[-8,-73],[-9,-72],[-14,-123],[-11,-76],[-2,-11],[-12,-73],[-2,-11],[-53,-557],[-2,-20],[-37,-418],[-21,-234],[-15,-143],[-42,-465],[0,-9]],[[13408,10313],[-1,-7]],[[13407,10306],[-1,-5]],[[13406,10301],[-8,-88],[-4,-52],[0,-21]],[[13394,10140],[4,-11],[36,-102],[37,-104],[79,-232]],[[13550,9691],[99,-284]],[[13649,9407],[1,-2]],[[13650,9405],[1,-4]],[[13651,9401],[1,-3]],[[13652,9398],[1,-2]],[[13653,9396],[0,-1]],[[13653,9395],[23,-65],[4,-11],[52,-154],[8,-20],[23,-67],[5,-15]],[[13768,9063],[1,-3]],[[13769,9060],[1,-3],[29,-83],[19,-58],[4,-7],[4,-12]],[[13826,8897],[1,-3]],[[13827,8894],[3,-9],[27,-82]],[[13857,8803],[19,-54]],[[13872,8764],[-15,39]],[[13857,8803],[-8,17],[-24,73]],[[13825,8893],[-1,3]],[[13824,8896],[0,0],[-29,85],[-28,78]],[[13767,9059],[-1,3]],[[13766,9062],[-3,8],[-19,52],[-6,23],[-81,232],[-6,18]],[[13651,9395],[0,2],[-1,0]],[[13650,9397],[-1,3]],[[13649,9400],[-2,4]],[[13647,9404],[-1,1],[0,1]],[[13646,9406],[-96,274],[-12,42]],[[13538,9722],[-6,16]],[[13532,9738],[-5,14],[-4,6],[-27,78],[-10,31],[-21,65],[-71,199]],[[13394,10131],[-2,9],[0,5]],[[13392,10145],[0,1],[-2,7],[0,2],[6,61],[6,67],[2,18]],[[13404,10301],[0,5]],[[13404,10306],[1,7]],[[13405,10313],[10,119],[29,316],[17,161],[4,58],[56,613],[2,15],[23,239],[29,325],[5,19],[10,65],[2,11],[38,290],[6,72],[12,95],[15,108],[8,70],[7,54],[21,154],[16,134],[44,327],[8,69],[15,113],[44,342],[2,16]],[[13828,14098],[0,3]],[[13828,14101],[2,14],[4,26],[11,82],[23,165],[35,286],[42,314],[21,156],[21,151],[2,24],[8,54],[4,37],[9,57],[12,95],[0,17],[-4,15],[-8,22],[-101,314],[-14,48],[-55,164],[-31,102],[-4,24],[-4,143],[0,7],[2,15]],[[19941,3663],[-17,2]],[[19924,3665],[-10,0],[-215,34],[-430,72],[-186,28],[-42,-24],[-160,39],[-13,-2],[-2,-2],[-2,-2],[-6,-7],[-2,-4],[-3,-7],[-4,-28],[-2,-26],[-2,-4],[0,-4],[-2,-3],[-13,-4],[-8,4],[-83,89],[-19,2],[-2,-1]],[[18718,3815],[-2,-2]],[[18716,3813],[-2,-2]],[[18714,3811],[-1,0]],[[18713,3811],[-2,-2]],[[18711,3809],[-2,-1],[-2,0],[-6,-2],[-10,2],[-98,108]],[[18593,3916],[-835,136],[-14,3]],[[17744,4055],[-3,0]],[[17741,4055],[-9,2]],[[17732,4057],[-66,11],[-152,23]],[[17729,4061],[4,-2],[5,-1]],[[17738,4058],[3,0]],[[17741,4058],[3,-1]],[[17744,4057],[181,-28],[64,-11],[437,-72],[164,-28],[3,-2]],[[18593,3916],[96,-100],[16,-4],[2,2]],[[18707,3814],[2,1]],[[18709,3815],[1,1]],[[18710,3816],[2,2]],[[18712,3818],[2,1]],[[18714,3819],[2,2],[4,4],[19,-4],[83,-91],[21,2],[2,9],[8,54],[3,8],[2,5],[2,2],[4,2],[2,2],[2,0],[13,2],[156,-39],[38,26],[37,-6],[138,-22],[159,-26],[269,-43],[223,-37],[23,-4]],[[14617,9574],[-21,3]],[[14596,9577],[-8,1]],[[14588,9578],[-67,9],[-82,13],[-14,-2],[-8,-9],[-3,-4]],[[14414,9585],[0,-4]],[[14414,9581],[-2,-2]],[[14412,9579],[-4,-44]],[[14408,9535],[-8,-56]],[[14400,9479],[0,22]],[[14400,9501],[6,34]],[[14406,9535],[4,50],[0,2],[0,2],[0,3],[-19,15],[-62,8],[-17,5],[-31,8],[-9,3],[-12,2],[-4,-2],[-9,-3],[-100,-37]],[[14147,9591],[-4,-2],[-10,-4],[-9,-4],[-92,-35],[-73,-28],[-87,-35],[-44,-17],[-9,-4]],[[13819,9462],[-8,-3]],[[13811,9459],[-2,0]],[[13809,9459],[-6,-3]],[[13803,9456],[-142,-55],[-9,-3]],[[13652,9398],[-2,-1]],[[13650,9397],[-43,-15],[-27,-11],[-80,-28]],[[13500,9343],[-148,-59],[-19,-8]],[[13333,9276],[-2,-1],[0,0]],[[13331,9275],[-148,-56],[-8,-4],[-9,-2],[-83,-33]],[[13083,9180],[-35,-13]],[[13048,9167],[-5,-2]],[[13043,9165],[-16,-7],[-7,-2]],[[13020,9156],[-10,-4],[-5,-2]],[[13005,9150],[-6,-2]],[[12999,9148],[-2,-1]],[[12997,9147],[-5,-2]],[[12992,9145],[-2,-1]],[[12990,9144],[-28,-11]],[[12962,9133],[-31,-11]],[[12931,9122],[-103,-40]],[[12828,9082],[-5,-2]],[[12823,9080],[-4,-1]],[[12819,9079],[-10,-4]],[[12809,9075],[-4,-2]],[[12805,9073],[-2,-1]],[[12803,9072],[-2,0]],[[12801,9072],[-96,-37],[-96,-35],[-10,0],[-8,2]],[[12591,9002],[-1,0],[-2,5],[0,0]],[[12588,9007],[-2,2],[-16,54]],[[12586,9020],[25,-15],[84,30],[71,26],[33,13]],[[12799,9074],[1,0]],[[12800,9074],[1,1]],[[12801,9075],[3,1]],[[12804,9076],[3,1]],[[12807,9077],[11,4]],[[12818,9081],[3,1]],[[12821,9082],[6,3]],[[12827,9085],[129,50]],[[12956,9135],[13,5]],[[12969,9140],[26,10]],[[12995,9150],[3,1]],[[12998,9151],[4,1]],[[13002,9152],[6,2],[12,4],[84,33],[60,24],[11,2],[155,61]],[[13330,9278],[2,1]],[[13332,9279],[18,7],[150,57]],[[13500,9343],[96,36],[34,13],[19,8]],[[13649,9400],[2,1]],[[13651,9401],[144,56],[7,3]],[[13802,9460],[6,2]],[[13808,9462],[2,1]],[[13810,9463],[8,2]],[[13818,9465],[2,1],[54,20],[85,34],[96,37],[69,26],[9,4],[6,2],[1,1]],[[14140,9590],[87,34],[10,2],[13,7],[6,0],[4,2],[15,-2],[27,-7],[14,-4],[13,-4],[62,-9]],[[14391,9609],[24,-3]],[[14415,9606],[2,-1]],[[14417,9605],[20,-3],[103,-15],[49,-7]],[[14589,9580],[28,-4]],[[12192,9050],[254,128],[5,2],[10,2],[10,0],[71,-58],[28,-57],[16,-47]],[[12586,9020],[4,-15],[1,-3]],[[12591,9002],[6,-21],[4,-7],[73,-219],[62,-194],[7,-31],[9,-45]],[[12752,8485],[1,-3]],[[12753,8482],[2,-10],[19,-104],[75,-9],[52,20],[13,4],[6,0],[42,15],[44,13],[12,2],[25,-2],[4,0],[21,0],[13,2],[71,26],[42,18],[12,4],[8,3]],[[13214,8464],[7,3]],[[13221,8467],[3,1]],[[13224,8468],[9,4]],[[13233,8472],[0,0],[9,2]],[[13242,8474],[3,2]],[[13245,8476],[5,2],[4,2],[8,5],[124,47],[171,70],[62,21],[13,5]],[[13632,8628],[3,1]],[[13635,8629],[7,3],[38,15],[16,7],[122,45],[45,17],[67,26],[92,37],[14,7]],[[14036,8786],[5,2],[1,0]],[[14042,8788],[2,1]],[[14044,8789],[7,3]],[[14051,8792],[111,41],[21,9],[135,52]],[[14318,8894],[34,15],[6,2],[135,53]],[[14493,8964],[9,4]],[[14502,8968],[15,13]],[[14517,8981],[0,4],[0,4],[-2,3],[-11,30]],[[14504,9022],[-12,35]],[[14492,9057],[-21,62]],[[14471,9119],[-5,14]],[[14466,9133],[-6,18]],[[14460,9151],[-2,3]],[[14458,9154],[-22,63]],[[14436,9217],[-3,9],[-29,88],[0,1]],[[14404,9315],[-2,4]],[[14402,9319],[-2,5]],[[14400,9324],[-2,6],[-2,8]],[[14396,9338],[-9,39],[0,26],[1,2]],[[14388,9405],[0,3]],[[14388,9408],[1,6],[2,15],[5,46],[4,26]],[[12169,9035],[296,145],[77,-61],[28,-56]],[[12570,9063],[18,-56]],[[12588,9007],[71,-219],[80,-251],[2,-7],[9,-46]],[[12750,8484],[1,-3]],[[12751,8481],[2,-11],[9,-48],[12,-63],[73,-2],[56,19],[11,3],[6,2],[44,15],[44,13],[27,2],[46,-2],[42,17],[43,15],[44,18],[9,3]],[[13219,8462],[6,3]],[[13225,8465],[3,1]],[[13228,8466],[9,4]],[[13237,8470],[5,2],[0,0]],[[13242,8472],[4,1]],[[13246,8473],[12,5],[125,50],[188,78],[50,15],[12,5]],[[13633,8626],[3,1]],[[13636,8627],[8,3],[34,13],[33,13],[23,8],[104,42],[115,43],[67,24],[18,8]],[[14038,8781],[6,2]],[[14044,8783],[1,1],[1,0]],[[14046,8784],[6,3]],[[14052,8787],[1,1],[293,115]],[[14346,8903],[11,5]],[[14357,8908],[3,1],[9,2],[108,44]],[[14477,8955],[15,5]],[[14492,8960],[16,6],[1,1]],[[14509,8967],[1,1],[5,2],[2,2]],[[14517,8972],[2,2],[0,2]],[[14519,8976],[2,5]],[[14521,8981],[-4,13]],[[14517,8994],[-13,35]],[[14504,9029],[-10,30],[-21,65],[-4,8]],[[14469,9132],[-8,22]],[[14461,9154],[-1,4]],[[14460,9158],[-11,31]],[[14449,9189],[-2,6]],[[14447,9195],[-30,87],[-11,34]],[[14406,9316],[0,1],[-4,10],[-4,11]],[[14398,9338],[-4,18],[-3,13],[-2,8],[0,13],[0,9],[0,0]],[[14389,9399],[1,5]],[[14390,9404],[1,10],[9,65]],[[14408,9535],[6,46]],[[14414,9585],[0,2]],[[14414,9587],[-2,5]],[[14412,9592],[0,4]],[[14412,9596],[-21,13]],[[21612,10738],[-43,6]],[[21569,10744],[-15,2],[-179,22],[-86,13],[-257,54],[-363,82],[-382,-71],[-2,0],[-4,-2],[-4,-2],[-17,-11],[-154,-91],[-236,-139],[-355,-206],[-83,-47],[-21,-15],[-9,-7],[-12,-6],[-226,-128],[-114,-57],[-501,-238],[-82,-39],[-16,-9],[-101,-45],[-206,-102],[-19,-9]],[[18125,9693],[-8,-4]],[[17678,9174],[-6,-9]],[[17672,9165],[-451,-594]],[[17221,8571],[-2,-1]],[[17219,8570],[-2,-1],[-2,0],[-21,0]],[[17194,8569],[-96,-19],[-10,0]],[[17088,8550],[-15,0],[-94,19],[-294,39],[-7,1]],[[16678,8609],[-31,6],[-81,10],[-457,63],[-15,2]],[[16092,8690],[-1,0]],[[16091,8690],[-11,0],[-9,0],[-494,76]],[[15577,8766],[-73,18],[-25,4],[-27,11],[-73,37],[-6,2]],[[15373,8838],[-5,2],[-2,1]],[[15366,8841],[-6,3],[-15,7],[-19,6],[-152,22],[-142,22],[-221,32],[-12,2]],[[14799,8935],[-113,18],[-46,6]],[[14640,8959],[-60,9]],[[14580,8968],[-30,4]],[[14550,8972],[-10,1]],[[14540,8973],[-7,1],[-4,0],[-2,1]],[[14527,8975],[-4,1],[-2,5]],[[14521,8981],[-2,4],[-15,39]],[[14504,9024],[-12,33]],[[14471,9119],[-4,9],[-2,0],[-1,0]],[[14464,9128],[-2,2],[-4,2],[-37,-8]],[[14442,9135],[6,2],[4,0]],[[14452,9137],[4,0],[4,0],[3,-1]],[[14463,9136],[2,-1],[1,-2]],[[14466,9133],[1,-1],[2,0]],[[14517,8994],[6,-11],[15,-7]],[[14538,8976],[1,0]],[[14539,8976],[10,-1]],[[14549,8975],[26,-4]],[[14575,8971],[96,-14]],[[14671,8957],[125,-19]],[[14796,8938],[44,-7],[173,-24],[165,-24],[146,-21],[21,-7],[23,-13],[2,-1]],[[15370,8841],[7,-2]],[[15377,8839],[2,-1],[79,-39],[25,-9],[21,-2],[14,-4],[67,-16],[244,-36]],[[15829,8732],[245,-37],[8,-2],[9,0]],[[16091,8693],[3,0]],[[16094,8693],[7,0],[6,0],[459,-65],[52,-7],[60,-8]],[[16678,8613],[7,-1],[33,-6],[217,-28],[23,-5],[28,-4],[14,-1]],[[17000,8568],[6,-1],[71,-15],[15,0],[8,2],[69,15]],[[17169,8569],[11,2],[25,0]],[[17205,8571],[12,2]],[[17217,8573],[32,35],[102,137],[73,95],[56,76],[40,50],[83,112],[50,65],[11,13],[3,6]],[[17667,9162],[3,5],[1,1]],[[17671,9168],[2,4]],[[17673,9172],[120,168]],[[18119,9693],[35,18],[975,466],[204,117],[46,23],[25,16],[25,17],[23,13],[472,273],[326,190],[29,20],[2,0],[2,2],[4,0],[378,72],[8,2],[13,-2],[73,-18],[110,-26],[74,-17],[91,-22],[255,-52],[265,-37],[8,-2],[7,-2]],[[21569,10744],[6,0],[37,-6]],[[15015,5534],[7,-11]],[[15022,5523],[8,-4],[309,-54],[129,-22],[142,-80],[25,-17],[2,0],[9,-4]],[[15646,5342],[3,-1]],[[15649,5341],[28,-10],[36,-11],[32,-6]],[[15745,5314],[5,-1]],[[15750,5313],[8,-2],[38,-6],[75,-16],[117,-21],[73,-13],[192,-35],[171,-30],[182,-33],[10,0],[230,-41],[250,-43],[31,-11]],[[17127,5062],[9,0],[1,0]],[[17137,5062],[3,0],[2,0],[33,13],[257,-46],[184,-30],[115,-20]],[[17731,4979],[4,-1]],[[17735,4978],[5,-1]],[[17740,4977],[4,-1]],[[17744,4976],[43,-7],[189,-30]],[[17976,4939],[2,-1]],[[17978,4938],[11,-2],[553,-97],[205,-35],[632,-99],[-133,23],[-92,16],[-207,32],[-219,35],[-121,19],[-290,50],[-173,30],[-165,30]],[[17979,4940],[-3,0]],[[17976,4940],[-14,3],[-35,6],[-161,26],[-24,4]],[[17742,4979],[-4,1]],[[17738,4980],[-5,1]],[[17733,4981],[-4,1]],[[17729,4982],[-117,19],[-199,35],[-231,41],[-57,-11]],[[17125,5066],[-33,11],[-227,39],[-234,41],[-27,5],[-159,28],[-165,30],[-313,54],[-100,18],[-119,24]],[[15748,5316],[-4,1]],[[15744,5317],[-15,3],[-27,4],[-15,4],[-10,5],[-19,6],[-9,4]],[[15649,5343],[-1,1],[-2,0]],[[15646,5344],[-11,6],[-6,2],[-161,93],[-135,24],[-301,52],[-17,22]],[[8266,12956],[38,-7]],[[8304,12949],[267,-43],[240,39]],[[8811,12945],[33,-2],[142,26],[21,0],[614,-95],[171,-29],[27,-4],[200,-30],[480,-70],[219,-34]],[[10718,12707],[9,-2],[1,-2]],[[10728,12703],[1,-1],[2,-4],[2,-6],[-10,-81],[-9,-65],[-4,-28],[-10,-84],[-11,-85],[0,-2],[-2,-17],[-12,-96]],[[10675,12234],[0,-4]],[[10675,12230],[2,-8]],[[10677,12222],[-30,-239]],[[10647,11983],[-3,-5]],[[10644,11978],[-1,-1]],[[10643,11977],[0,-7]],[[10643,11970],[-2,-19]],[[10641,11951],[150,-217],[35,-47]],[[10826,11687],[1,-3]],[[10827,11684],[27,-37],[113,-153],[85,-117],[11,-11],[4,-2],[2,-3]],[[11069,11361],[6,0],[34,3],[8,0],[21,-3],[140,-19],[35,-4],[6,-2],[91,-13]],[[11410,11323],[95,-13],[47,-7]],[[11552,11303],[20,-3]],[[11572,11300],[2,0]],[[11574,11300],[132,-19],[29,-4],[44,2],[346,-47],[28,-5]],[[12153,11227],[5,0]],[[12158,11227],[103,-15],[129,-17],[6,-2],[9,-3],[8,-4],[2,-1]],[[12415,11185],[4,-1],[2,-2],[7,-7]],[[12428,11175],[68,-71],[153,-163]],[[12649,10941],[87,-93],[3,-2],[2,-2],[0,-3]],[[12741,10841],[0,-2],[2,-2],[-2,-11],[0,-2],[-2,-6],[-9,-22],[-4,-9],[-10,-88],[-36,-271],[-26,-193]],[[12654,10235],[0,-3]],[[12654,10232],[-1,-6],[-1,-5]],[[12652,10221],[-3,-25],[-11,-69],[-6,-54],[240,-48],[19,-184],[159,-24],[93,-13],[147,-22],[6,-2],[6,0],[1,0]],[[13303,9780],[2,0]],[[13305,9780],[12,-2],[56,-7],[142,-23],[12,-7],[5,-3]],[[13532,9738],[2,-1],[2,-7],[14,-39]],[[13538,9722],[-29,26],[-123,15],[-76,13],[-6,1]],[[13304,9777],[-1,0]],[[13303,9777],[-135,20],[-200,29],[-83,13],[-13,184],[-227,32],[-15,18],[6,54],[12,94]],[[12648,10221],[1,3],[1,7]],[[12650,10231],[0,4]],[[12650,10235],[30,221],[42,310],[4,30],[13,30],[0,3],[0,4],[0,2],[-5,13]],[[12734,10848],[-238,251],[-70,74]],[[12426,11173],[-11,9],[-6,4],[-9,2],[-4,2],[-12,3],[-105,15],[-123,17]],[[12156,11225],[-4,1]],[[12152,11226],[-27,3],[-146,20]],[[11979,11249],[-203,28]],[[11776,11277],[-8,0]],[[11768,11277],[-19,-2]],[[11749,11275],[-14,0],[-80,11],[-62,9]],[[11593,11295],[-19,2]],[[11574,11297],[0,1]],[[11574,11298],[-2,0]],[[11572,11298],[-18,3]],[[11554,11301],[-32,4],[-11,2],[-48,7],[-53,7]],[[11410,11321],[-86,12],[-184,26],[-27,2],[-13,-2],[-23,0],[-6,0],[-2,0]],[[11069,11359],[-4,2],[-11,9],[-215,295],[-14,19]],[[10825,11684],[-2,3]],[[10823,11687],[-30,41],[-12,17],[-140,195],[-2,6]],[[10639,11946],[0,7]],[[10639,11953],[0,2]],[[10639,11955],[19,158],[27,217]],[[10685,12330],[44,359],[-40,20]],[[10689,12709],[-897,132],[-779,124],[-162,-24],[-5,0],[-6,0],[-12,2],[-9,0],[-213,-37]],[[8606,12906],[-12,-2]],[[8594,12904],[-23,0],[-267,45]],[[10639,11955],[36,288]],[[10675,12243],[0,-6]],[[10675,12237],[0,-7]],[[10675,12230],[-28,-229],[-3,-23]],[[10644,11978],[-1,-8]],[[10677,12222],[-2,12]],[[10675,12234],[0,3]],[[10675,12243],[10,87]],[[18083,6546],[-104,17]],[[17979,6563],[-545,89],[-400,63],[-205,30],[-144,24],[-242,39],[-438,69],[-55,9],[-85,13]],[[15865,6899],[-2,0]],[[15863,6899],[-13,2],[-48,9],[-140,24],[-6,0],[-2,0]],[[15654,6934],[-3,1]],[[15651,6935],[-5,1]],[[15646,6936],[-4,1]],[[15642,6937],[-7,1],[-3,1]],[[15632,6939],[-2,0]],[[15630,6939],[-45,8],[-73,13],[-23,4],[-155,26]],[[15334,6990],[-10,2],[-56,11],[-8,0],[-6,1]],[[15254,7004],[-32,5],[-15,3],[-48,6],[-434,74],[-54,13],[-11,6]],[[14660,7111],[-6,2],[-12,7],[-55,44]],[[14587,7164],[-1,1],[-3,3]],[[14583,7168],[-6,4],[-4,6],[-4,10]],[[14569,7188],[0,1],[-13,31],[-16,39],[-2,4],[-1,1]],[[14537,7264],[-2,3],[-12,18]],[[14329,7512],[-2,2]],[[14327,7514],[-4,0]],[[14323,7514],[-5,0],[-6,-2],[-14,-4],[-101,-37]],[[14197,7471],[-117,-46],[-6,-2],[-4,0],[-8,5],[-107,140],[-58,78]],[[13897,7646],[-2,3]],[[13895,7649],[-7,8]],[[13888,7657],[3,-4],[2,-2],[0,-5],[0,0]],[[13893,7646],[0,-2],[0,-4],[0,-2]],[[13893,7638],[0,-9],[0,-1]],[[13893,7628],[0,-1],[0,-4],[-13,-55]],[[13686,7272],[0,-59]],[[12630,15415],[-4,-33]],[[12626,15382],[0,-17],[-11,-78],[-2,-11],[-25,-189],[-27,-212],[-4,-28],[8,-35],[117,-169],[9,-32],[-46,-325],[4,-37],[-2,-28],[-59,-388],[-2,-8],[-37,-291],[-23,-169],[-9,-58],[-12,-89],[-13,-43],[-10,-91],[-11,-93],[-2,-16],[2,-30],[19,-26],[23,-15],[102,-17],[211,-33],[67,-11],[6,-2],[2,-2],[5,-2],[2,-15],[-67,-451],[0,-4],[0,-9],[0,-11],[10,-26],[98,-145],[44,-93],[9,-41],[4,-98],[-11,-19],[-4,-5],[-4,-2],[-4,0],[-94,-32],[0,-9],[0,-9]],[[12889,11868],[0,-3]],[[12889,11865],[2,-38],[-8,-26],[-51,-154],[74,-372],[0,-184],[-42,-98],[-61,-99],[-46,-52],[55,-70]],[[12812,10772],[71,-78],[102,-110],[17,-18],[68,-71],[161,-169]],[[13231,10326],[8,-9]],[[13239,10317],[3,-3]],[[13242,10314],[4,-5]],[[13246,10309],[33,-35],[69,-71]],[[13348,10203],[4,-7],[2,-4]],[[13354,10192],[2,-2]],[[13356,10190],[0,-3],[0,-15],[-25,-199],[-25,-180],[-1,-13]],[[13305,9780],[-1,-3]],[[13304,9777],[-17,-131],[-14,-100],[-6,-52],[4,-39],[2,-4],[27,-82],[27,-76],[2,-6]],[[13329,9287],[1,-3]],[[13330,9284],[2,-5]],[[13332,9279],[1,-3]],[[13333,9276],[1,-3]],[[13334,9273],[20,-58],[42,-117],[25,-78],[21,-63],[5,-15]],[[13447,8942],[1,-2]],[[13448,8940],[27,-78],[25,-76],[5,-13]],[[13505,8773],[1,-2]],[[13506,8771],[1,-3],[23,-62],[81,-7],[12,-37],[9,-21],[2,-7],[1,-5]],[[13635,8629],[1,-2]],[[13636,8627],[2,-6],[2,-9]],[[13640,8612],[0,-2],[1,-4]],[[13641,8606],[2,-3]],[[13643,8603],[3,-10]],[[13646,8593],[0,-2],[7,-15],[2,-113],[-2,-11],[-2,-15],[-23,-91],[-13,-63],[-17,-65],[-25,-108],[-2,-26],[4,-7],[7,-6],[31,-43],[221,-297],[54,-74]],[[18073,6548],[-94,15]],[[17979,6563],[-534,85],[-391,60],[-204,33],[-61,8],[-96,16],[-244,39],[-152,23],[-236,39],[-38,5],[-62,11],[-59,8],[-29,5],[-9,1]],[[15864,6896],[-2,0]],[[15862,6896],[-76,14],[-73,13],[-59,9]],[[15654,6932],[-3,0]],[[15651,6932],[-5,1]],[[15646,6933],[-4,1]],[[15642,6934],[-11,2]],[[15631,6936],[-2,0]],[[15629,6936],[-23,4],[-136,24],[-112,20]],[[15358,6984],[-67,12],[-15,3],[-39,6]],[[15237,7005],[-15,2],[-17,2],[-46,5],[-434,76],[-37,8],[-15,5],[-7,3]],[[14666,7106],[-3,1],[-19,9],[-8,8],[-30,22]],[[14606,7146],[-29,22],[-6,6],[-4,4],[-2,3]],[[14565,7181],[-4,8],[-19,43]],[[14542,7232],[-4,11]],[[14360,7434],[-11,10]],[[14349,7444],[-3,3],[-9,11],[-23,50],[-119,-41]],[[14195,7467],[-110,-44],[-9,-2],[-2,0],[-6,0],[-10,4],[-105,141],[-42,54],[-15,22]],[[13896,7642],[-2,2]],[[13894,7644],[-1,2]],[[13893,7646],[-6,7]],[[13887,7653],[-72,97]],[[13815,7750],[-6,9],[-206,275],[-28,39],[-2,2],[-2,5],[-2,6],[0,22],[44,188],[35,135],[3,142],[-5,13],[-2,7]],[[13644,8593],[-3,9]],[[13641,8602],[-1,4]],[[13640,8606],[-2,6]],[[13638,8612],[-2,5],[-3,9]],[[13633,8626],[-1,2]],[[13632,8628],[-13,41],[-10,30],[-82,2],[-18,54],[-5,15]],[[13504,8770],[-1,2]],[[13503,8772],[-19,59],[-11,31],[-21,60],[-7,17]],[[13445,8939],[0,2]],[[13445,8941],[-3,7],[-19,59],[-6,19],[-25,72],[-34,97],[-18,52],[-2,7],[-6,18]],[[13332,9272],[-1,3]],[[13331,9275],[-1,3]],[[13330,9278],[-1,4],[-1,1]],[[13328,9283],[-1,1],[-1,2]],[[13326,9286],[-3,7],[-25,73],[-13,35],[-18,54],[-3,37],[7,52],[2,24],[14,97],[16,112]],[[13303,9777],[0,3]],[[13303,9780],[5,39],[23,180],[21,158],[2,24],[0,4],[-2,2],[0,3],[-6,10],[-92,98]],[[13254,10298],[-9,10]],[[13245,10308],[-5,4]],[[13240,10312],[-4,5]],[[13236,10317],[-8,9]],[[13228,10326],[-156,165],[-70,71],[-7,9],[-125,132],[-77,82]],[[12793,10785],[-40,46]],[[12753,10831],[0,8],[0,5],[2,2],[2,2],[48,54],[96,187],[2,173],[-75,394],[13,80],[46,83],[0,13],[0,8],[0,24]],[[12887,11864],[0,2]],[[12887,11866],[0,5],[0,10],[8,22],[17,9],[77,11],[13,17],[0,82],[-13,65],[-35,78],[-107,156],[-8,26],[0,11],[0,9],[0,4],[64,451],[-10,19],[-365,59],[-19,4],[-21,13],[-19,28],[-4,30],[11,83],[14,119],[13,41],[10,69],[11,78],[20,158],[40,295],[13,82],[23,165],[8,50],[19,128],[-4,28],[0,6],[0,9],[0,6],[41,293],[2,26],[-123,199],[-6,13],[-2,31],[29,216],[25,184],[13,111],[4,17]],[[13671,7248],[-2,8],[0,3],[0,1]],[[13669,7260],[0,1],[2,4],[2,1]],[[13673,7266],[1,1],[6,5]],[[13880,7579],[8,44],[2,1]],[[13890,7624],[1,1],[0,4]],[[13891,7629],[0,0],[0,11],[0,4],[-3,7],[-1,2]],[[13887,7653],[-1,2],[-71,95]],[[9080,17668],[11,-16]],[[9091,17652],[56,-101],[25,-55],[12,-60],[0,-76],[-62,-552],[-19,-141],[-2,-24],[-44,-355],[-29,-206],[-17,-145],[-12,-106],[-7,-46],[19,-35],[180,-95],[263,-136]],[[9454,15519],[71,-37],[544,-299],[190,-98],[4,-2],[76,-41],[16,-13],[9,-19],[45,-89],[303,-585],[6,-11],[5,-13],[10,-17],[23,-44]],[[10756,14251],[1,-4]],[[10757,14247],[22,-41],[10,-15],[9,-16],[12,-17]],[[10810,14158],[2,-4],[25,-15]],[[10837,14139],[155,-24],[165,-24],[183,-26],[17,-2],[4,0],[6,-2],[5,-5],[2,-4],[2,-6],[21,-185],[-48,-368],[-11,-87],[-19,-130],[-4,-30],[-8,-63],[-6,-19],[-2,-4],[0,-5],[-3,-2],[-2,-39]],[[11294,13114],[0,-6],[0,-3],[0,-4]],[[11294,13101],[2,-9],[9,-41],[6,-15],[11,-39],[39,-139],[17,-58],[4,-17],[40,-141],[8,-26],[8,-26],[15,-39],[50,-126],[148,-294],[50,-89],[90,-145],[129,-146],[188,-117],[4,-2],[9,-8],[12,-13],[34,-50],[25,-46],[19,-32],[6,-9],[12,-17],[17,-33],[13,-17],[33,-61],[1,-2]],[[12293,11344],[1,-2]],[[12294,11342],[10,-19],[40,-59],[84,-89]],[[12649,10941],[104,-110]],[[12753,10831],[59,-59]],[[13348,10203],[8,-9],[25,-28],[7,-11],[2,-4],[2,-6]],[[13392,10145],[2,-5]],[[13394,10131],[-23,43],[-4,5],[-11,11]],[[13354,10192],[-4,4],[-96,102]],[[12793,10785],[-38,41],[-8,7],[-6,8]],[[12741,10841],[-7,7]],[[12426,11173],[-11,12]],[[12415,11185],[-8,10],[-23,24],[-46,47],[-31,48],[-5,9],[-10,18]],[[12292,11341],[-1,2]],[[12291,11343],[-1,1],[-19,35],[-27,45],[-21,35],[-6,11],[-77,128],[-11,13],[-6,8],[-6,7],[-11,6],[-188,117],[-20,13],[-40,37],[-27,30],[-117,187],[-46,76],[-54,104],[-113,229],[-23,56],[-27,68],[-17,39],[-2,8],[-8,26],[-17,61],[-2,11],[-29,102],[-65,227],[-8,28],[-9,33],[0,4],[0,1]],[[11294,13089],[0,2]],[[11294,13091],[-1,3]],[[11293,13094],[-1,5],[0,9],[0,17]],[[11292,13125],[0,15]],[[11292,13140],[2,11],[0,4],[2,7],[3,2],[2,4],[0,5],[4,17],[12,86],[13,89],[2,20],[12,93],[51,381],[0,9],[-23,182],[-32,13],[-156,22],[-105,15],[-37,6],[-203,30]],[[10839,14136],[-6,0],[-25,20]],[[10808,14156],[-21,32],[-10,16],[-21,38]],[[10756,14242],[-1,3]],[[10755,14245],[-30,56],[-5,9],[-12,28],[-242,468],[-105,204],[-2,4],[-2,2],[-4,11],[-14,13],[-61,32],[-211,109],[-542,299],[-71,39]],[[9454,15519],[-247,125],[-152,80],[-42,22],[-10,7],[-2,2],[-2,2],[-4,4],[-3,7],[-2,15],[9,71],[4,37],[6,46],[17,140],[27,202],[29,240],[15,107],[0,2],[2,17],[2,15],[19,150],[62,550],[0,74],[-25,88],[-66,130]],[[13717,14117],[98,-15],[7,-2],[6,-2]],[[13828,14098],[2,-1]],[[13830,14097],[4,-2],[6,0],[670,-99],[11,-20]],[[14874,6054],[23,-69]],[[14897,5985],[10,-7],[159,-28],[60,-9],[13,-2],[85,-15],[232,-41],[15,-3]],[[15471,5880],[4,0]],[[15475,5880],[241,-42]],[[15716,5838],[3,-1]],[[15719,5837],[10,-2],[426,-75],[161,-29],[233,-43],[42,-6],[117,-22],[194,-33],[236,-41],[174,-30]],[[17312,5556],[3,-1]],[[17315,5555],[7,-1]],[[17322,5554],[2,0]],[[17324,5554],[12,-2],[40,-7],[115,-22],[146,-23],[204,-37],[196,-34]],[[18037,5429],[2,0]],[[18039,5429],[17,-3],[403,-69],[275,-48],[84,-15],[966,-150],[-908,143],[-79,13],[-63,11],[-496,87],[-198,35]],[[18040,5433],[-3,0]],[[18037,5433],[-8,2],[-209,34],[-146,26],[-198,35],[-152,26],[-1,0]],[[17323,5556],[-3,1]],[[17320,5557],[-7,1]],[[17313,5558],[-2,0]],[[17311,5558],[-198,35],[-228,39],[-181,32],[-153,26],[-254,46],[-50,11],[-226,39],[-106,19],[-195,34]],[[15720,5839],[-3,1]],[[15717,5840],[-11,2],[-67,13],[-156,26],[-8,1]],[[15475,5882],[-3,1]],[[15472,5883],[-118,22],[-32,4],[-64,13],[-65,11],[-77,13],[-205,34],[-21,29]],[[14496,13773],[27,208],[0,6],[-1,2]],[[14522,13989],[-1,2],[-2,3],[-4,2],[-5,2],[-670,100],[-6,2],[-3,0]],[[13831,14100],[-3,1]],[[13828,14101],[-6,1],[-11,4],[-94,13],[-6,0],[-8,-6]],[[17125,5066],[9,-2],[3,-2]],[[17137,5062],[7,-4],[9,-3],[192,-110],[48,-30],[20,-11],[157,-91],[246,-141],[11,-24],[0,-4]],[[17827,4644],[0,-7]],[[17827,4637],[-23,-153]],[[17747,4074],[-3,-17]],[[17744,4057],[0,-2]],[[17744,4055],[-1,-5],[-27,-188],[-29,-195],[-34,-234],[-31,-215],[-52,-361],[-3,-20]],[[17567,2837],[0,-2]],[[17567,2835],[-28,-193],[-5,-37],[-14,-88],[-13,-98],[-37,-266],[-11,-80],[-10,-63],[-11,-78],[-48,-327],[-4,-13],[-85,-618],[-65,-479],[106,813],[38,253],[2,18],[2,13],[2,13],[44,281],[15,111],[10,76],[11,64],[14,111],[9,54],[12,91],[25,182],[36,245],[1,15]],[[17563,2835],[1,2],[0,0]],[[17564,2837],[6,35],[23,162],[56,392],[32,217],[29,191],[2,24],[27,177],[2,20]],[[17741,4055],[0,3]],[[17741,4058],[1,2]],[[17742,4060],[1,14],[17,117]],[[17822,4635],[-10,35],[-250,145],[-149,87],[-10,4],[-10,6],[-51,29],[-183,106],[-32,15]],[[19751,2239],[-6,2]],[[19745,2241],[-57,52],[-27,46],[-17,50],[-4,32],[2,63],[-12,13],[-261,41],[-144,24],[-169,28],[-14,3]],[[19042,2593],[-9,2],[-148,21],[-8,1]],[[18877,2617],[-2,1]],[[18875,2618],[-11,2]],[[18864,2620],[-84,14],[-192,30],[-281,45],[-409,70],[-192,32],[-124,22],[-15,2]],[[17567,2835],[-3,0],[-1,0]],[[17563,2835],[-237,39],[-205,35],[-183,28],[-157,26],[-234,37],[-146,23],[-73,13],[-56,11],[-54,9],[-11,2],[-25,4],[-1,1]],[[16181,3063],[-6,1]],[[16175,3064],[-185,33],[-21,4],[-6,3],[-21,15],[-29,63],[-84,173],[-48,104],[-29,58],[-85,185],[-15,32],[-21,39],[-4,11],[-40,87],[-106,223],[-25,54],[-121,253],[-17,35],[-6,15],[-5,10]],[[15307,4461],[-1,3]],[[15306,4464],[-4,8]],[[15302,4472],[-9,20]],[[15301,4477],[5,-9]],[[15306,4468],[2,-5]],[[15308,4463],[1,-3]],[[15309,4460],[3,-5],[35,-71],[50,-106],[249,-524],[16,-39],[5,-9],[164,-349],[88,-184],[19,-39],[4,-9],[23,-21],[15,-3],[27,-4],[165,-28],[1,0]],[[16173,3069],[6,-1]],[[16179,3068],[53,-12],[40,-7],[56,-10],[100,-18],[86,-13],[25,-6],[568,-89],[52,-9],[75,-13],[317,-52],[13,-2]],[[17564,2837],[3,0]],[[17567,2837],[137,-21],[171,-31],[409,-69],[286,-46],[190,-30],[87,-15],[18,-3]],[[18865,2622],[11,-2]],[[18876,2620],[2,0]],[[18878,2620],[11,-2],[152,-23]],[[19041,2595],[589,-96],[14,-17],[-2,-65],[7,-37],[31,-69],[65,-70]],[[14346,8903],[23,-7],[2,-5]],[[14371,8891],[1,-3]],[[14372,8888],[3,-9],[4,-7]],[[14379,8872],[3,-6]],[[14382,8866],[1,-2],[4,-6]],[[14387,8858],[1,-1]],[[14388,8857],[8,-11],[10,-13]],[[14406,8833],[2,-2],[9,-8]],[[14417,8823],[4,-5],[5,-4]],[[14426,8814],[7,-7],[9,-6],[77,-52],[48,-37],[56,7],[207,-141],[206,-191],[75,-50],[176,-71],[6,-26],[-4,-37],[12,-11],[8,-1]],[[15309,8191],[20,-3],[127,-22],[39,-6],[18,-4]],[[15513,8156],[3,-1],[25,-4],[30,-4],[30,-5]],[[15601,8142],[8,-1]],[[15609,8141],[6,-1]],[[15615,8140],[9,-1]],[[15624,8139],[12,-2]],[[15636,8137],[11,-2]],[[15647,8135],[4,-1]],[[15651,8134],[8,-1]],[[15659,8133],[5,-1]],[[15664,8132],[61,-9],[161,-24],[6,0],[119,-18]],[[16011,8081],[3,0]],[[16014,8081],[9,-1],[282,-42]],[[16305,8038],[9,-2],[150,-21],[140,-19]],[[16604,7996],[18,-3],[157,-24],[207,-30],[39,-7],[4,0]],[[17029,7932],[16,-1]],[[17045,7931],[6,0]],[[17051,7931],[6,-1],[45,-9],[69,0],[63,18],[19,6],[25,9]],[[17278,7954],[27,11]],[[17305,7965],[19,6],[110,37],[121,2]],[[17555,8010],[96,-15],[22,-8]],[[17673,7987],[56,-20],[45,-20],[15,-13]],[[17789,7934],[44,-36],[440,-65],[82,-14]],[[18355,7819],[2,-1]],[[18357,7818],[16,-3],[291,-45],[164,-26],[138,-20],[8,-2],[230,-35],[33,-6],[243,-37],[206,-32]],[[19686,7612],[121,-19]],[[19807,7593],[1,0]],[[19808,7593],[1,0]],[[19809,7593],[7,-1],[121,-17],[96,-15],[511,-76]],[[20544,7484],[84,-14]],[[20628,7470],[1,-1]],[[20629,7469],[30,-5],[181,-28],[31,-5]],[[20871,7431],[72,-12],[452,-67],[157,-11],[94,-13],[375,-59],[184,-28],[296,-45],[115,-20],[146,-37],[514,-78],[-514,83],[-196,45],[-87,13],[-172,26],[-142,22],[-605,93],[-171,11],[-517,80],[-51,7],[-192,31]],[[20629,7472],[-1,0]],[[20628,7472],[-7,1],[-77,13],[-219,33],[-65,9]],[[20260,7528],[-12,1],[-213,33],[-167,26],[-52,6],[-7,1]],[[19809,7595],[-2,1]],[[19807,7596],[-17,3]],[[19790,7599],[-139,21],[-428,67],[-223,33],[-44,6],[-432,70],[-166,25]],[[18358,7821],[-3,1]],[[18355,7822],[-15,2],[-67,11],[-432,65],[-50,41]],[[17791,7941],[-10,9]],[[17781,7950],[-40,13],[-67,26]],[[17674,7989],[-10,4],[-29,9],[-128,15],[-50,-2],[-50,-13],[-236,-76],[-69,0],[-49,6]],[[17053,7932],[-5,0]],[[17048,7932],[-14,2]],[[17034,7934],[-5,0],[-43,7],[-220,32],[-167,25]],[[16599,7998],[-8,1],[-115,18],[-179,26],[-283,39]],[[16014,8082],[-3,1]],[[16011,8083],[-8,1],[-44,6]],[[15959,8090],[-106,16]],[[15853,8106],[-157,23],[-35,6]],[[15661,8135],[-5,1]],[[15656,8136],[-7,1]],[[15649,8137],[-5,1]],[[15644,8138],[-11,1]],[[15633,8139],[-13,3]],[[15620,8142],[-9,1]],[[15611,8143],[-6,1]],[[15605,8144],[-8,1]],[[15597,8145],[-22,4],[-59,9],[-58,10],[-54,9],[-32,4],[-43,9],[-8,2]],[[15321,8192],[-1,0],[-6,0],[-21,22],[6,37],[-12,21],[-205,89],[-196,171],[-60,50],[-197,139],[-62,-5],[-128,91],[-8,7]],[[14431,8814],[0,0],[-8,6],[-2,3]],[[14421,8823],[-7,6],[-4,4]],[[14410,8833],[-4,5],[-6,11],[-9,8]],[[14391,8857],[-1,2]],[[14390,8859],[-5,7]],[[14385,8866],[-3,6]],[[14382,8872],[-3,7],[-5,9]],[[14374,8888],[0,1]],[[14374,8889],[-1,3]],[[14373,8892],[0,0],[-2,9],[-9,6],[-4,0],[-1,1]],[[14357,8908],[-3,1],[-2,-2],[-4,0],[-30,-13]],[[14748,6511],[21,-67]],[[14769,6444],[13,-9],[223,-36],[184,-33],[56,-11],[140,-24],[23,-4],[17,-2],[105,-19]],[[15530,6306],[2,0]],[[15532,6306],[16,-3],[110,-19],[108,-19]],[[15766,6265],[2,0]],[[15768,6265],[5,-1],[163,-28],[83,-15],[203,-37],[144,-26],[125,-22],[259,-45],[189,-32]],[[16939,6059],[3,-1]],[[16942,6058],[8,-1]],[[16950,6057],[2,-1],[2,0]],[[16954,6056],[201,-34],[181,-33],[205,-37],[307,-52],[237,-42]],[[18085,5858],[3,0]],[[18088,5858],[16,-3],[549,-98],[140,-23],[85,-16],[549,-86],[80,-26],[16,4],[17,65],[4,25]],[[19544,5700],[0,4]],[[19544,5704],[6,40],[3,20],[0,13],[0,26],[-3,39],[0,26],[34,171],[179,1228],[15,113],[23,160],[7,50]],[[19808,7590],[1,3]],[[19809,7593],[0,2]],[[19809,7595],[2,15],[2,19],[15,97],[22,145]],[[19850,7871],[1,9],[17,111],[0,7]],[[19868,7998],[1,6]],[[19869,8004],[0,4]],[[19869,8008],[1,4],[2,18]],[[19872,8030],[4,28],[31,217],[25,184],[109,765]],[[20041,9224],[12,88]],[[20053,9312],[-4,-30],[-8,-58]],[[20041,9224],[-113,-783],[-25,-179],[-21,-150],[-10,-63],[-4,-36]],[[19868,8013],[-1,-5]],[[19867,8008],[0,-4]],[[19867,8004],[-1,-5]],[[19866,7999],[0,-6],[-21,-128],[-36,-255],[-2,-14]],[[19807,7596],[0,-2]],[[19807,7594],[0,-1]],[[19807,7593],[0,-2]],[[19807,7591],[-2,-14],[-25,-162],[-140,-988],[-92,-544],[0,-37],[0,-17],[2,-28],[-2,-24],[-6,-56],[-2,-7],[0,-7]],[[19540,5707],[0,-5]],[[19540,5702],[0,-3],[0,-15],[-27,-74],[-86,24],[-553,89],[-16,2],[-178,30],[-254,43],[-326,59],[-12,2]],[[18088,5859],[-3,1]],[[18085,5860],[-10,1],[-722,128],[-215,37],[-185,32]],[[16953,6058],[-3,0],[-2,1]],[[16948,6059],[-8,1]],[[16940,6060],[-3,1]],[[16937,6061],[-12,2],[-60,11],[-288,49],[-234,42],[-338,60],[-237,42]],[[15768,6267],[-1,0]],[[15767,6267],[-9,2],[-43,8],[-21,5],[-157,26],[-4,0]],[[15533,6308],[-3,1]],[[15530,6309],[-197,35],[-88,16],[-77,13],[-169,28],[-207,37],[-12,2],[-9,8],[-6,18]],[[20060,9351],[-7,-39]],[[27907,5448],[-583,97],[-133,20],[-56,10],[-34,5],[-42,6],[-162,28],[-25,5],[-90,11],[-109,17],[-369,61],[-146,34],[-190,31],[-63,10],[-98,20],[-21,2],[-167,28],[-104,15],[-96,20],[-46,8],[-21,3],[-85,13],[-115,2],[-65,-15],[-41,-13],[-119,-42],[-76,-13],[-50,3],[-73,13],[-14,0],[-25,2],[-61,6],[-300,46],[-318,50],[-77,10],[-83,13],[-261,44],[-146,21],[-55,11],[-43,5],[-85,4]],[[23260,6039],[-4,0]],[[23256,6039],[-45,2],[-17,0],[-18,-2],[-9,0],[-44,-4],[-51,-12]],[[23072,6023],[-95,-21]],[[22977,6002],[-150,-32],[-238,-31],[-54,-2],[-200,28],[-21,0],[-359,54],[-591,94],[-83,12]],[[21281,6125],[-66,9]],[[21215,6134],[-3,1]],[[21212,6135],[-88,12],[-67,11],[-21,11],[-947,1113],[-29,35],[-115,130],[-73,82],[-48,55],[-8,6],[-7,3]],[[19809,7593],[-1,0]],[[19808,7593],[-1,1]],[[19807,7594],[-6,3],[-11,2]],[[17791,7941],[59,479],[-2,11],[-3,4],[-1,1]],[[17844,8436],[-3,1],[-2,0],[-106,17],[-25,5],[-3,0]],[[17705,8459],[-5,1]],[[17700,8460],[-8,1]],[[17692,8461],[-112,17],[-23,5],[-66,13],[-146,21],[-53,9]],[[17292,8526],[-2,0],[-11,3]],[[17279,8529],[-3,1],[-23,11],[-3,2]],[[17250,8543],[-10,7],[-19,17],[-2,2],[0,1]],[[17219,8570],[-2,1],[-12,0]],[[14671,8957],[-97,15]],[[14574,8972],[-25,3]],[[14549,8975],[-7,1],[-2,0],[-1,0]],[[14539,8976],[-1,0]],[[14538,8976],[-3,0],[-4,0],[-4,-1]],[[14527,8975],[-2,-1],[-4,0]],[[14521,8974],[-4,-2]],[[14517,8972],[-15,-4]],[[27896,5443],[-569,100],[-138,19],[-90,16],[-27,4],[-63,11],[-114,19],[-115,13],[-105,18],[-373,62],[-146,35],[-113,20],[-96,15],[-40,4],[-18,4],[-103,20],[-33,4],[-6,2],[-128,22],[-104,15],[-154,28],[-42,7],[-77,11],[-90,0],[-63,-16],[-62,-21],[-98,-33],[-82,-13],[-48,2],[-71,11],[-16,2],[-25,3],[-38,4],[-298,43],[-341,54],[-60,9],[-57,9],[-10,2],[-25,2],[-250,41],[-167,26],[-55,9],[-41,6],[-85,7]],[[23260,6039],[-3,0],[-1,0]],[[23256,6039],[-45,0],[-17,-2],[-18,0],[-104,-14]],[[23072,6023],[-13,-1],[-82,-20]],[[22977,6002],[-150,-35],[-234,-30],[-41,-2],[-65,4],[-150,24],[-9,0],[-8,0],[-8,0],[-349,52],[-182,28],[-319,52],[-21,3]],[[21441,6098],[-73,10],[-151,24]],[[21217,6132],[-4,0]],[[21213,6132],[-68,11],[-92,13],[-19,11],[-603,706],[-83,100],[-52,62],[-57,68],[-152,179],[-261,295],[-10,11],[-7,2],[-1,0]],[[19808,7590],[-1,1]],[[19807,7591],[-6,3],[-2,0],[-2,0],[-111,18]],[[17789,7934],[-8,16]],[[17781,7950],[62,448],[-8,37],[-86,15],[-23,3]],[[17726,8453],[-24,4]],[[17702,8457],[-5,0]],[[17697,8457],[-8,2]],[[17689,8459],[-121,17],[-249,44]],[[17319,8520],[-24,4]],[[17295,8524],[-9,2],[-7,3]],[[17279,8529],[-29,14]],[[17250,8543],[-56,26]],[[14640,8959],[-59,8]],[[14581,8967],[-31,4]],[[14550,8971],[-8,1],[-1,0]],[[14541,8972],[-6,0],[-8,0]],[[14527,8972],[-8,-2],[-6,-2],[-4,-1]],[[14509,8967],[-17,-7]],[[14492,8960],[-15,-5]],[[16094,8690],[-16,-125],[-4,-24],[-36,-277],[-17,-126],[-6,-45],[-1,-11]],[[16014,8082],[0,-1]],[[16014,8081],[-9,-67]],[[16005,8014],[-1,-2]],[[16004,8012],[0,-4]],[[16004,8008],[-1,-4]],[[16003,8004],[0,-5],[-14,-104]],[[15989,7895],[-5,-41],[-6,-37],[-36,-268],[-4,-39],[-2,-26],[-11,-171],[0,-11],[-4,-24],[-54,-366],[-2,-13],[0,0]],[[15865,6899],[-1,-3]],[[15864,6896],[-12,-79],[-14,-96],[-3,-16]],[[15835,6705],[0,-1]],[[15835,6704],[0,-3]],[[15835,6701],[-1,-4]],[[15834,6697],[0,-3]],[[15834,6694],[-23,-150],[-40,-262],[-3,-15]],[[15768,6267],[0,-2]],[[15768,6265],[-1,-5],[-19,-171],[-19,-163],[-8,-76],[-1,-11]],[[15720,5839],[-1,-2]],[[15719,5837],[0,-4],[-6,-41],[-46,-318],[-3,-24]],[[15664,5450],[-1,-4]],[[15663,5446],[-9,-70],[-2,-13],[-3,-20]],[[15649,5343],[0,-2]],[[15649,5341],[-20,-145],[-23,-173],[-44,-327],[-6,-43],[-29,-211],[-3,-17]],[[15524,4425],[0,-3]],[[15524,4422],[-3,-25],[-34,-230],[0,18],[34,229],[2,9]],[[15523,4423],[0,0],[0,2]],[[15523,4425],[2,17],[94,685],[12,93],[13,100],[2,21],[0,1]],[[15646,5342],[0,2]],[[15646,5344],[2,10],[2,11],[12,82]],[[15662,5447],[1,4]],[[15663,5451],[2,12],[18,134],[7,48],[8,67],[17,119],[1,7]],[[15716,5838],[1,2],[0,0]],[[15717,5840],[48,418],[1,7]],[[15766,6265],[1,2]],[[15767,6267],[0,2],[29,195],[8,62],[25,156],[3,13]],[[15832,6695],[0,3]],[[15832,6698],[1,4]],[[15833,6702],[0,3]],[[15833,6705],[0,1]],[[15833,6706],[1,0],[8,59],[19,119],[1,12]],[[15862,6896],[1,3],[0,0]],[[15863,6899],[12,80],[4,33],[42,279],[2,11],[0,13],[4,78],[5,80],[2,35],[23,160],[4,48],[6,32],[6,52],[13,97]],[[15986,7897],[15,108]],[[16001,8005],[0,3]],[[16001,8008],[1,4]],[[16002,8012],[0,3]],[[16002,8015],[7,49],[2,17]],[[16011,8081],[0,1]],[[16011,8082],[0,1]],[[16011,8083],[0,1],[0,4],[58,440],[2,13],[7,45],[12,91],[1,13]],[[16091,8690],[0,1]],[[16091,8691],[0,2]],[[16091,8693],[1,10],[92,644],[-90,-644],[0,-10]],[[16094,8693],[0,-3]],[[11294,13101],[0,-4],[-1,-3]],[[11293,13094],[-1,-2],[2,-1]],[[11294,13091],[0,-1],[0,-1]],[[11294,13089],[-2,-7],[-8,-63],[-48,-371],[0,-4],[-2,-4],[-4,-5],[-2,0],[-2,0],[-1,-1]],[[11225,12634],[-2,-1],[-4,0],[-64,11],[-69,9]],[[11086,12653],[-25,4],[-39,5]],[[11022,12662],[-3,1]],[[11019,12663],[-67,9],[-85,13],[-126,15],[-8,2],[-5,1]],[[10728,12703],[-39,6]],[[8606,12906],[-4,-2],[-4,0],[-4,-4],[-4,-3],[-2,-4],[-3,-2],[-4,-24],[-62,-435],[14,-20],[211,-32],[6,-3],[5,0],[2,-2],[2,-2],[4,-4],[0,-2],[2,-5],[0,-6],[-2,-5],[-36,-253],[32,-39],[371,-61],[11,-4],[4,-4],[2,-5],[0,-8],[-52,-362],[-38,-256],[-17,-117],[-20,-149],[-7,-43],[9,-16],[83,-32],[159,-65],[6,-2],[2,-5],[121,-190],[109,-171],[156,-247],[15,-20],[77,-11],[6,-2],[2,-2],[2,0],[3,-2],[2,-2],[0,-9],[-15,-89]],[[9750,10185],[-4,-19]],[[11292,13125],[-2,-37],[0,-15],[-8,-61],[-13,-93],[-31,-245],[-19,-37],[-115,16],[-31,4],[-19,2]],[[11054,12659],[-2,0],[-5,1]],[[11047,12660],[-9,1]],[[11038,12661],[-16,3]],[[11022,12664],[-3,0]],[[11019,12664],[-8,2],[-144,21],[-149,20]],[[8811,12945],[-205,-37],[-10,-2],[-2,-2]],[[8594,12904],[-2,-2],[-4,-2],[-3,-5],[-2,-4],[-2,-11],[-64,-448],[6,-20],[2,0],[6,-2],[203,-30],[12,-3],[2,-2],[2,0],[5,-2],[4,-4],[2,-2],[0,-3],[0,-2],[2,-6],[-38,-260],[30,-39],[304,-50],[75,-13],[11,-24],[-9,-52],[-16,-115],[-32,-214],[-77,-539],[0,-7],[6,-9],[247,-99],[390,-611],[2,-4],[4,-11],[2,-2],[2,-5],[5,-2],[6,-2],[85,-17],[0,-11],[-4,-24],[-6,-46],[0,-15]],[[20636,20648],[-30,-195],[-6,-41],[-2,-8],[-14,-111],[-15,-108],[-25,-119],[-11,-33],[-12,-32],[-13,-29],[-10,-21],[-10,-20],[-76,-112],[-359,-490],[-48,-84],[-18,-59],[-17,-84],[-13,-44],[-8,-32],[-27,-106],[-8,-37],[-9,-44],[-25,-112],[-43,-96]],[[19837,18631],[-1,-2],[-7,-9]],[[19829,18620],[-82,-105],[-228,-299],[-127,-167],[-96,-119],[-209,-202],[-31,-45],[-19,-37],[-96,-206],[-15,-30],[-2,-7],[-4,-8],[-73,-91],[-100,-63],[-603,-297],[-238,-180],[-71,-37],[-167,-41],[-15,-4],[-18,-9],[-32,-17],[-21,-17],[-10,-9],[-71,-72],[-60,-52],[-234,-201],[-80,-74],[-35,-34],[-2,-3],[-4,-2],[-2,-6],[-2,-5],[0,-2],[-5,-28],[0,-9],[0,-43],[0,-17],[-48,-173],[-135,-375],[-4,-9],[-7,-11],[-334,-563],[-6,-11],[-6,-13],[-148,-292],[-136,-265],[-4,-17],[-19,-160],[-44,-340],[-14,-115],[-78,-613],[-2,-143],[-12,-80],[-27,-187],[-48,-309],[-11,-70],[-62,-424],[0,-5],[0,-8],[0,-7],[-15,-76],[-21,-153],[-12,-39],[-53,-67]],[[15831,11557],[-3,-4]],[[15828,11553],[-19,-25],[-5,-4],[-10,-13],[-67,-87],[-12,-13],[-2,-4],[-13,-17],[-46,-59],[-29,-34],[-65,-37],[-8,-5],[-309,-171],[-6,-4],[-4,-4],[-5,-7],[-6,-9],[-6,-23],[-29,-215],[-2,-30],[-3,-9],[-18,-154],[-9,-52],[-2,-24],[-25,-192],[-79,-611],[-17,-9],[-223,30],[-23,5],[-110,16]],[[14676,9792],[-1,0]],[[14675,9792],[-10,1],[-205,28],[-16,-4]],[[14444,9817],[-7,-13]],[[14437,9804],[-10,-102],[-10,-74],[-2,-22]],[[14415,9606],[-1,-4],[-2,-6]],[[14412,9592],[0,-5],[-2,-8],[-4,-44]],[[14396,9338],[4,-13],[0,-1]],[[14400,9324],[0,-3],[0,-3]],[[14400,9318],[0,-1],[-1,-1]],[[14399,9316],[-1,-2],[-2,-4],[-7,-6]],[[14389,9304],[-33,-13],[-301,-115],[-48,-20],[-73,-28],[-2,-1]],[[13932,9127],[-4,-1]],[[13928,9126],[-2,-1]],[[13926,9125],[-7,-3]],[[13919,9122],[-118,-46],[-23,-9],[-10,-4]],[[13768,9063],[-2,-1]],[[13766,9062],[-3,-1],[-73,-28],[-16,-7],[-76,-28],[-25,-9],[-33,-13],[-86,-32],[-7,-2]],[[13447,8942],[-1,0],[-1,-1]],[[13445,8941],[-16,-6],[-254,-97]],[[13175,8838],[-34,-13]],[[13141,8825],[-8,-2],[-2,2],[-2,0],[-4,6],[-25,72]],[[13100,8903],[-28,73],[-8,24],[-48,139]],[[13016,9139],[-2,6],[-2,3]],[[13012,9148],[-2,2],[-4,0]],[[13006,9150],[-1,0]],[[13005,9150],[-1,2],[-2,0]],[[13002,9152],[-3,-2],[-2,0]],[[12997,9150],[-2,0]],[[20632,20592],[-30,-188],[-12,-81],[0,-13],[-17,-125],[-8,-52],[-25,-93],[-7,-20],[-8,-22],[-15,-28],[-4,-8],[-6,-13],[-8,-20],[-25,-39],[-411,-563],[-46,-85],[-21,-56],[-17,-84],[-12,-44],[-9,-34],[-27,-104],[-8,-37],[-2,-18],[-7,-26],[-23,-112],[-29,-72],[-18,-24]],[[19837,18631],[-8,-11]],[[19829,18620],[-76,-103],[-273,-358],[-86,-112],[-79,-100],[-211,-208],[-65,-95],[-96,-208],[-12,-28],[-11,-22],[-10,-15],[-61,-72],[-100,-60],[-603,-297],[-238,-180],[-71,-39],[-167,-39],[-19,-6],[-6,-3],[-6,-2],[-36,-19],[-18,-18],[-11,-8],[-88,-87],[-277,-238],[-115,-106],[-2,-3],[-4,-6],[-2,-7],[-2,-2],[0,-2],[-2,-78],[-7,-37],[-41,-151],[-5,-13],[-27,-74],[-106,-288],[-4,-11],[-7,-13],[-110,-188],[-88,-146],[-104,-173],[-21,-37],[-11,-17],[-6,-11],[-52,-104],[-88,-171],[-133,-266],[-15,-26],[-2,-5],[0,-4],[-25,-186],[-52,-421],[-17,-121],[-4,-32],[-21,-165],[-39,-310],[0,-143],[-11,-69],[-29,-184],[-48,-308],[-21,-134],[-52,-373],[-2,-26],[-13,-78],[-21,-151],[-6,-24],[-8,-15],[-44,-57],[-10,-12]],[[15832,11555],[-3,-3]],[[15829,11552],[-18,-24],[-5,-6],[-50,-65],[-37,-48],[-4,-4],[-15,-20],[-65,-80],[-21,-19],[-48,-28],[-12,-7],[-303,-165],[-8,-6],[-6,-4],[-2,-5],[-7,-8],[-10,-26],[-27,-208],[-4,-37],[-15,-111],[-17,-130],[-23,-169],[-27,-218],[-23,-178],[-16,-121],[-15,-115],[-19,-11],[-213,28],[-133,20],[-10,1]],[[14676,9788],[-2,0]],[[14674,9788],[-97,14],[-115,17],[-20,-30]],[[14442,9789],[-13,-87],[-8,-74],[-4,-23]],[[14417,9605],[0,-3],[-3,-15]],[[14414,9587],[-2,-8]],[[14398,9338],[6,-17],[-2,-2]],[[14402,9319],[0,0],[0,-4]],[[14402,9315],[0,-1],[0,-2]],[[14402,9312],[0,0],[-1,-1]],[[14401,9311],[-1,-3],[-11,-4]],[[14389,9304],[-10,-5],[-324,-125],[-35,-16],[-77,-30],[-10,-4]],[[13933,9124],[-4,-1]],[[13929,9123],[-2,-1]],[[13927,9122],[-7,-3]],[[13920,9119],[0,0],[-132,-52],[-19,-7]],[[13769,9060],[-2,-1]],[[13767,9059],[-77,-28],[-16,-7],[-57,-22],[-19,-6],[-58,-22],[-10,-4],[-74,-28],[-8,-2]],[[13448,8940],[-2,0],[-1,-1]],[[13445,8939],[-37,-15],[-265,-101]],[[13143,8823],[-4,-3],[-4,0]],[[13135,8820],[-2,0],[-4,0],[-1,1]],[[13128,8821],[-1,2],[-2,2],[-2,4],[-25,72]],[[13098,8901],[-26,69],[-18,50],[-38,115]],[[13016,9135],[-6,10],[-1,1]],[[13009,9146],[-3,2],[-4,0],[-3,0]],[[12999,9148],[-2,0],[0,-1]],[[12997,9147],[-1,-1]],[[12996,9146],[-1,-1],[-5,-2]],[[12990,9143],[-29,-10]],[[12961,9133],[-30,-11]],[[14857,4384],[-92,130],[-12,9],[-26,6],[-18,4],[-7,2]],[[14702,4535],[-16,3]],[[14669,5146],[31,24],[2,2]],[[14702,5172],[3,5],[2,2],[0,2]],[[14707,5181],[0,2],[0,5],[-7,13],[-39,56],[-103,121],[-119,132],[-373,362],[-140,154],[-134,173],[-100,156],[-81,152],[-46,104],[-19,43],[-7,18]],[[13539,6672],[-1,2]],[[13538,6674],[-11,26],[-54,151],[-103,299]],[[13370,7150],[-1,3]],[[13369,7153],[-100,288],[-38,112],[-21,78],[-4,35],[-2,28],[0,87],[4,36],[6,33],[5,19],[4,16],[8,26],[6,17],[55,91]],[[13202,8606],[-14,38]],[[13188,8644],[-1,3],[0,0]],[[13187,8647],[-1,3]],[[13186,8650],[-9,25],[-42,126]],[[13135,8801],[-4,12]],[[13131,8813],[-3,8]],[[13128,8821],[-28,82]],[[13016,9139],[0,6],[0,3],[2,2],[0,1]],[[13018,9151],[0,1],[0,2]],[[13018,9154],[2,2]],[[14855,4382],[-98,134],[-4,4],[-11,3],[-12,4],[-17,2],[-20,5]],[[14693,4534],[-9,2]],[[14696,5172],[4,3],[1,1]],[[14701,5176],[1,5],[0,2],[-2,13],[-33,46],[-111,134],[-119,132],[-373,362],[-150,167],[-124,162],[-100,156],[-50,91],[-60,124],[-40,97],[-2,4]],[[13538,6671],[-1,2]],[[13537,6673],[-10,25],[-10,23],[-52,145],[-98,283]],[[13367,7149],[-1,3]],[[13366,7152],[-104,302],[-43,127],[-13,55],[-4,30],[-4,52],[2,63],[10,71],[6,20],[5,13],[8,28],[31,65],[7,11],[8,10],[6,9]],[[13281,8008],[6,9]],[[13098,8901],[33,-100]],[[13131,8801],[31,-89],[17,-50],[4,-8],[1,-5]],[[13184,8649],[1,-2]],[[13185,8647],[2,-11]],[[14437,9804],[84,650],[2,8],[0,7],[4,35],[13,91],[16,127],[19,146],[2,6],[6,50],[78,554],[4,42],[4,26],[2,10],[6,31],[15,110],[4,37],[31,221],[15,121],[42,330],[10,93],[29,229],[13,102],[31,243],[2,4],[2,9]],[[14871,13086],[0,2],[5,24],[-5,-26]],[[14871,13086],[0,-11],[-16,-132],[-11,-78],[-54,-433],[-8,-63],[-9,-52],[-6,-56],[-23,-169],[0,-7],[0,-17],[0,-5],[-2,-17],[-35,-279],[-28,-180],[-2,-24],[-2,-7],[0,-13],[-10,-65],[-84,-589],[-2,-15],[-18,-152],[-34,-262],[-2,-6],[-81,-637]],[[14444,9817],[-2,-28]],[[13143,8823],[-6,-5],[-2,-2],[0,-2],[0,-13]],[[13131,8801],[0,6],[0,5],[0,1]],[[13131,8813],[0,1],[2,4],[2,2]],[[13135,8820],[4,3],[2,2]]],"transform":{"scale":[0.000015483471394286453,0.000011670790345922226],"translate":[144.74999999999997,-37.92]},"objects":{"public_transport_lines":{"type":"GeometryCollection","geometries":[{"type":"MultiLineString","arcs":[[0,1,2,3,4,5,6,7,8,9,10,11,12,13,14,15,16,17,18,19,20,21,22,23,24,25,26,27,28,29,30,31,32,33,34,35,36,37,38,39,40,41,42,43,44,45,46],[-41],[47],[-26],[-24],[-22]],"properties":{"MODE":"REGIONAL TRAIN","SHORT_NAME":"Seymour"}},{"type":"LineString","arcs":[0,1,2,3,4,5,6,7,8,9,10,11,12,13,14,15,16,17,18,19,48,49,50,51,52,53,54,55,56,57,58,59,60,61,62,63,64,65,66,67,68,69,70,71],"properties":{"MODE":"REGIONAL TRAIN","SHORT_NAME":"Ballarat"}},{"type":"LineString","arcs":[-72,-71,-70,-69,-68,-67,-66,-65,-64,-63,-62,-61,-60,-59,-58,-57,-56,-55,-54,-53,-52,-51,-50,-49,-20,-19,-18,-17,-16,-15,-14,-13,-12,-11,-10,-9,-8,-7,-6,-5,-4,-3,-2,-1],"properties":{"MODE":"REGIONAL TRAIN","SHORT_NAME":"Ballarat"}},{"type":"MultiLineString","arcs":[[72,73,74,75,76,77,78,79,80,81,82,83,84,85,86,87,88,89,90,91,92,93,94,95,96,97,98,99,100,101,102,103,104,105,106,107,108,109,110,111,112,113,114,115,116,117,118,119,120,121,122,123,124,125,126,127,128,129,130,131,132,133,134,135,136,137,138,139,140,141,142,143,144,145,146,147,148,149],[150,151,152,153,154]],"properties":{"MODE":"REGIONAL TRAIN","SHORT_NAME":"Traralgon"}},{"type":"LineString","arcs":[0,155,156,157,158,159,160,161,162,163,164,165,166,167,168,169,170,171,172,173,174,175,176,177,178,179,180,181,53,54,182,183,184,58,59,60,61,62,63,64,65,66,67,68,185,186,187,188,189,190,191,192,193,194,195,196,197,198,199,200,201],"properties":{"MODE":"REGIONAL TRAIN","SHORT_NAME":"Bendigo"}},{"type":"MultiLineString","arcs":[[-202,-201,-200,-199,-198,-197,-196,-195,-194,-193,-192,-191,-190,-189,-188,-187,-186,-69,-68,202,203,204,205,206],[0,155,156,157,158,159,160,161,162,163,164,165,166,167,168,169,170,171,172,173,174,175,176,177,178,179,180,181,53,54,182,183,184,58,59,60,61,62,63,64,65,66],[63],[207],[190]],"properties":{"MODE":"REGIONAL TRAIN","SHORT_NAME":"Bendigo"}},{"type":"LineString","arcs":[0,1,2,3,4,5,6,7,8,9,10,11,12,13,14,15,16,17,18,19,48,49,50,51,52,53,54,55,56,57,58,59,60,61,62,63,64,65,66,67,68,69,70,208],"properties":{"MODE":"REGIONAL TRAIN","SHORT_NAME":"Geelong"}},{"type":"LineString","arcs":[-72,-71,-70,-69,-68,-67,-66,-65,-64,-63,-62,-61,-60,-59,-58,-57,-56,-55,-54,-53,-52,-51,-50,-49,-20,-19,-18,-17,-16,-15,-14,-13,-12,-11,-10,-9,-8,-7,-6,-5,-4,-3,-2,-1],"properties":{"MODE":"REGIONAL TRAIN","SHORT_NAME":"Ballarat"}},{"type":"LineString","arcs":[0,155,156,157,158,159,160,161,162,163,164,165,166,167,168,169,170,171,172,173,209,210,211,212,213,214,215,216,217,218,219,220,221,222,223,224,225,226,227,228,229,230,231,232,233,234,235,236,237,238,239,240,241,42,43,44,45,46],"properties":{"MODE":"REGIONAL TRAIN","SHORT_NAME":"Seymour"}},{"type":"LineString","arcs":[0,155,156,157,158,159,160,161,162,163,164,165,166,167,168,169,170,171,172,173,209,210,211,212,213,214,215,216,217,218,219,220,221,222,223,224,225,226,227,228,229,230,231,232,233,234,235,236,237,238,239,240,241,42,43,44,45,46],"properties":{"MODE":"REGIONAL TRAIN","SHORT_NAME":"Seymour"}},{"type":"LineString","arcs":[0,155,156,157,158,159,160,161,162,163,164,165,166,167,168,169,170,171,172,173,174,175,176,177,178,179,180,181,53,54,182,183,184,58,59,60,61,62,63,64,65,66,67,68,185,186,187,188,189,190,191,192,193,194,195,196,197,198,199,200,201],"properties":{"MODE":"REGIONAL TRAIN","SHORT_NAME":"Bendigo"}},{"type":"MultiLineString","arcs":[[72,73,74,75,76,77,78,79,80,81,82,83,84,85,86,87,88,89,90,91,92,93,94,95,96,97,98,99,100,101,102,103,104,105,106,107,108,109,110,111,112,113,114,115,116,117,118,119,120,121,122,123,124,125,126,127,128,129,130,131,132,133,134,135,136,137,138,139,140,141,142,143,144,145,146,147,148,149],[150,151,152,153,154]],"properties":{"MODE":"REGIONAL TRAIN","SHORT_NAME":"Traralgon"}},{"type":"LineString","arcs":[0,1,2,3,4,5,6,7,8,9,10,11,12,13,14,15,16,17,18,19,48,49,50,51,52,53,54,55,56,57,58,59,60,61,62,63,64,65,66,67,68,69,70,208],"properties":{"MODE":"REGIONAL TRAIN","SHORT_NAME":"Geelong"}},{"type":"MultiLineString","arcs":[[242,243,244,245,246,247,248,249,250,251,252,253,254,255,256,257,258,259,260,261,262,263,264,265,266,267,268,269,270,271,272,273,274,275,276,277,278,279],[280,281,282,283,284,285,286,287,288,289,290,291,292,293,294,295,296,297,298,299,300,301,302,303,304,305,306,307,308,309,310,311,312,313,314,315,316,317,318,319,320,321,322,323,324,325,326,327,328,329,330,331,332,333,334,335,336,337,338,339,340,341,342,343,344,345,346,347,348,349,350,351,352,353,354,355,356,357,358,359,360,361,362,363,364,365,366,367,368,369,370,371,372,373,374,375,376,377,378,379,380,381,382,383,-85,-84,-83,-82,-81,-80,-79,-78,-77,-76,384,385,386,387,388,389,390,391,392,393,394,395,396,397,398,399,400,401,402,403,404,405,406,407,408,409,410,411,412,413,414,415,416,417,418,419,420,421,422,423,424,425,426,427,428,429,430,431,432,433,434,435],[-279],[-277],[-275],[436],[-271],[-269],[-267],[-265],[-263],[-259],[-257],[437,438],[439,440,441,442,443,444,445,446,447,448,449,450,451,452,453,454,455,456,457,458,459,460,461,462,463,464,465,466,467,468,469,470,471,472,473,474,475,476],[-301],[-299],[-297],[-295],[-293],[477,478,479,480,481,482,483,484,485,486],[487],[488,489,490,491,492,493,494,495,496,454,455,456],[497,498,499,500,501,502],[503,504,505,506],[357],[507,508,509,510,511,512,513,514,515],[516],[345],[347],[350],[517,518],[519],[520,521,522,523,524],[310],[313],[315]],"properties":{"MODE":"METRO TRAIN","SHORT_NAME":"Replacement Bus"}},{"type":"MultiLineString","arcs":[[525,526,527,528,529,530,531,532,533,534,535,536,537,538,539,540,541,542,543,544,545,546,547,548,549,550,551,552,553,554,-476,-475,-517,520,521,522,523,524,-309,-308,-307,-306,-305,555],[381,382,383,-85,-84,-83,-82,-81,-80,-79,-78,-77,-76,384,385,386,387,388,389,390,391,392,393,394,395,396,397,398,399,400,401,402,403,404,405,406,407,408,409,410,411,412,413,414,415,416,417,418,419,420,421,422,423,424,425,426,427,428,429,430,431,432,433,434,435,-359,-358,-357,-356,-355,-354,-353,517,518],[309,310,311,312,313,314,315,316,317,318,319,320,321,322,323,324,325,326,327,328,329,330,331,332,333,334,335,336,337,338,339,340,341,342,343,344,345,346,347,348,349,350,351],[310],[313],[315],[503,504,505,506],[-488,-373,-372,-371,-370,-369,-368,-367,-520],[497,498,499,500,501,502],[357],[359,360,361,362,363,364,365],[556,557],[558,559,560,561,562,563,564,565,566,567,568],[-531],[569],[570],[571,572],[488,489,490,491,492,493,494,495,496,454,455,456,-457,-456,-455,-454,-453,-452,-451,-450,-449,-448,-447,-446,-445,-444,-516,-515,-514,-513,-512,-511,-510,-509,-508],[573,574,575,576,577,578,579,580,581,582,583,584,585,586,587,588,589,590,591,592,593,594,595,596,597],[516,598,599,600,601,602,603,604,605,606,607,608,609,610,611,612,613,614],[-542],[590],[592],[594],[615,-469,-468,-467,-466,-465,-464,-463,-462,-461,616,617,618],[469,470,471,472,473],[619,620,621,622],[-374],[457,458,459],[623,624,625,626,627,628,629,630],[631],[374,439,440,441,442],[628,632],[345],[347],[350],[633],[634]],"properties":{"MODE":"METRO TRAIN","SHORT_NAME":"Belgrave"}},{"type":"MultiLineString","arcs":[[635,636,637,638,639,640,641,642,643,644,645,646,647,648,649,650,651,652,653,654,655,656,657,658,659,660,661,662,663,664,665,666,667,668,669,670,671,672,673,674,675,676,677,678,679,680,681,682,683,684,685,686,687,688,689,690,691,692,693,694,695,140,141,696,143,697,145,698,147,699,149],[700,701,702,703,704,705,706,707,708,709,710,711,712,713,714,715,716,717,718,719,720,721,722,723,724,725,726,727,728,729,730,731,732,733,734,735,736,737,738,739,-119,-118,-117,-116,-115,740],[741,742,743,744,745,746],[747,748,-139,749,750,751,752,-134,-133,-132,-131,-130,-129,-128,-127,-126,-125,-124,-123,753,754,681],[-122,-121,-120],[678,679]],"properties":{"MODE":"METRO TRAIN","SHORT_NAME":"Cranbourne"}},{"type":"MultiLineString","arcs":[[755,756,757,758,759,760,761,762,763,764,765,766,767,768],[769,770,771,772,773,774,775,776,777,778,779,-229,-228,-227,-226,780,781,782,783,-221,784,785,786,787,788,789,790,791,792,793,794,232,233,234,235,236,795,796,239,240,241,42,43,44,797,46],[798,799,800,801,802,803,804,805,806,807,808,809,810,811,812,813,814,815,816,817,818],[819,800],[820,821,822,823,824,825,826,827],[828,-171,-170,829,830,831,832,833,834,835,836],[-88,-87,837,838,839,840,841,842,843,844,845,846,847,848,380,381,382,383,849,850,851,852,853,854,855,856,857,858,859,860,861,862,863,864,865,866,867,868,869,870,871,872,873,874,875,876,877,878,879,880,881,882,883,884,885,886,887,888,889,890,891,892,893,894,895,896,897,898,899,900,901,902,903,904,905,906,907,908,909,910],[911,912,913,914,915,916],[917,918,919,920,921,922,923,924,925,926,927,928,929,930,931,932,933,934,935,936,937,938,939,940,941,942,943,944,945,946,947,948,949,950,951,952,953,954,955,956,957,958,959,960,961,962,963,964,965,966,967,968,969,970,971,972,973,974,975,976,977,978,979,980,981,982,983,984,985],[986,987,988,989,990,991,992],[988],[993,994,995,996,997,-958],[-956],[998,999,1000],[-944],[-942],[1001],[1002,1003,1004],[1005],[1006],[1007],[-928],[1008,1009,1010],[1011],[1012,1013,1014],[-764],[1015],[1016,1017,1018,1019,1020],[1021],[1022],[1023],[-907],[1024],[1025,1026,1027,1028,1029,1030,167,1031,1032,1033,1034,1035,1036,1037,1038,1039,1040,1041,-1042],[219],[1042,1043,1044,1045,1046,1047],[1048,1049,1050,1051,1052,1053,1054,1055,1056,1057,1058,1059,1060,1061,1062,1063,1064,1065,1066,1067,1068,1069,1070,1071,1072,1073,1074,1075,1076,1077,1078,1079,1080,1081,1082,1083,1084,1085,1086,1087,1088,1089,1090,1091,1092,1093,1094,1095,1096,1097,1098,1099,1100,1101,1102,1103,1104,1105],[85],[1106],[1107,1108,1109,1110,1111],[835],[-806],[1112,1113]],"properties":{"MODE":"METRO TRAIN","SHORT_NAME":"Replacement Bus"}},{"type":"MultiLineString","arcs":[[1114,1115,1116,1117,1118,1119,1120,1121,1122,1123,1124,1125,1126,1127,1128,1129,1130,1131,1132,1133,1134,1135,1136,1137,1138],[-839,-838,851,852,853,854,855,856,857,858,859,860,861,862,863,864,865,866,1139,1140,1141,1142,1143,1144,1145,1146,1147,1148,1149,1150,1151,1152,1153,1154,1155,1156,1157,1158,1159,404,405,406,1160,408,1161,1162,1163,1164,1165,1166,1167,1168,1169,1170,1171,1172,1173,1174,1175,1176,1177,1178,1179,1180,1181,1182,1183,1184,1185,1186,1187,1188,1189,1190,1191,1192,1193,1194,1195,1196,1197,1198,-104,-103,-102,-101,-100,-99,1199,-97,-96,-95,1200,1201,1202,1203,1204,1205,1206,1207,1208,1209,1210,-822,-821],[381,1211],[1212,1213,1214],[-1132],[1215],[1216,1217],[101],[-1194],[-1192],[-1190,1218,1219,1220,1221,1222,1223,1224,1225,1226,1227,1228,1229,1230,1231,1232,1233,1234,1235,1236,1237,1238,1239,1240,1241,1242,1243,1244,1245,1246,1247,1248,1249],[1250,1251,1252,1253,1254,1255,1256,1257,1258,1259,1260,1261,1262,1263,1264,1265,1266,1267,1268,1269,1270,1271,1272,1273,1274,1275,1276,1277,1278,1279,1280,1281],[1282,1283],[1284,87,1285,1286,1287,1288,1289,93],[99],[1290,1291,1292,1293,1294,1295,1296,1297],[1298],[1299,1300,1301],[1302],[1303,1304,1305,1306]],"properties":{"MODE":"METRO TRAIN","SHORT_NAME":"Replacement Bus"}},{"type":"MultiLineString","arcs":[[1307,1308,1309,1310,1311,1312,1313,1314,1315,1316,1317,1318,1319,1320,1321,1322,1323,498,499,500,501,502,334,335,336,337,338,339,340,341,342,343,344,345,346,347,348,349,350,351,352,353,354,355,356,357,358,359,360,361,362,363,364,365,366,367,368,369,370,371,-372,1324,1325,1326,1327,1328],[1329,1330],[507,508,509,510,511,512,513,514,515,-443,-442,-441,-440,-375,-374,487,-435,-434,-433,-432,-431,-430,-429,488,489,490,491,492,493,494,495,496,-454,-453,-452,-451,-450,-449,-448,-447,-446,-445,-444],[-520,-383,-382,-381,-380,-379,-378,-377,-376],[383,-85,-84,-83,-82,-81,-80,-79,-78,-77,-76,384,385,386,387,388,389,390,391,392,393,394,395,396,397,398,399,400,401,402,403,404,405,406,407,408,409,410,411,412,413,414,415,416,417,418,419,420,421,422,423,424,425,426,427],[454,455,456,457,458,459,616,1331,1332,1333,1334,1335,1336,1337,1338,1339,1340,1341,1342,1343,1344,1345,1346,1347],[372],[573,574,575,576,577,1348,1349],[357],[-436],[345],[347],[350],[517,518]],"properties":{"MODE":"METRO TRAIN","SHORT_NAME":"Glen Waverley"}},{"type":"MultiLineString","arcs":[[1350,1351,1352,1353,1354,1355,1356,1357,1358,1359,1360,1361,1362,1363,1364,1365,1366,1367,1368,1369,1370,1371,1372,1373,1374,1375,1376,1377,1378,1379,1380,1381,1382,1383,1384,1385,1386,1387,1388,1389,1390,1391,1392,1393,1394,1395,1396,1397,1398,1399,1400,1401,1402,1403,1404,1405,1406,1407,1408,-83,-82,-81,80,81,82,83,84,-384,519,366,367,368,369,370,371,372,373,360,361,362,363,364],[1409,1410],[1411,1412,1413],[1378],[1352],[1354],[1414],[1415],[1416,1417,434,-488],[1418,1419,1420],[1421,1422],[1423],[-1372],[-1370],[-1368],[-1366],[-1364],[-1362,1424],[-1359],[1425],[-80,-79,-78,-77,-76,384,1426,1427,1428,1429,1430,1431,1432,1433,1434,1435,1436,1437,1438,1439,1440,1441,1442,1443,1444,1445,1446,1077,1447,1079,1448,1449,1450,1451,1452,1453,1454,1455,1456,1457,1458,1459,1460,1461,1462,1463,1464,1465,1466,1467,1468,1469,1470,1471,1472],[1473,1474,1475,1476,1477,1478],[1479],[1480],[1481,1482,1483,1484,1485,1486,1487,1488],[1489,1490]],"properties":{"MODE":"METRO TRAIN","SHORT_NAME":"Hurstbridge"}},{"type":"MultiLineString","arcs":[[1491,1492,1493,1494,1495,1496,1497,1498,-563,-623,-622,-621,1499,-540,-539,571,572,-561,-560,-559,557,-544,-615,619],[1500],[-1329,-1328,-1327,-1326,-1325,371,372,373,-360,-436,-488],[1501,1502,1503,1504,1505,1506,1507,1508,1509,1510,1511,1512,1513,1514,1515,1516,1517,1518,1519,1520,1521,1522,1523,1524,1525,1526,1527,1528,1529,1530,1531,1532,1533,1534,1535,1536,1537,1538,1539],[1522],[1540,1541,1542,1543,1544,1545,1546,1547,1548,1549,1550,1551,1552,1553,1554,1555,1556,1557,1558,1559,1560,1561,1562,1563,1564,1565,1566,1567,1568,1569,-243,1570,1571,1572,1573,1574,1575,1576,1577,1578,1579,1580,1581,1582,1583,1584,1585,1586,1587],[1588],[-1572],[-1565],[-1563],[1589,1590,1591,1592,1593,1594,1595,1596,1597,1598,1599,1600,1601],[1602,1603,1604,1605,1606,1607,1608,1609,1610,1611,1612,1613,1614,1615,1616,1617,1618,1619,1620,1621,1622,1623,1624,1625,1626,1627,1628,1629,1630,1631,1632,1633,1634,1635,1636,1637],[1517],[1519],[1638,1639,1640,1641,1642,1643,1644,1645,1646,1647,1648,1649,1650,1651,1652,1653,1654,1655,1656,1657,1658,1659,1660,1661,1662,1663,1664,1665,1666,1667,1668,1669,1670,1671,1672,1673,1674,1675,1676,1677,1678,1679,1680,1681,1682,1683,1684,1685,1686,1687,1688,1689,1690,1691,1692,1693,1694],[1618],[1620],[1622],[1628],[1630],[540,541,542],[544,545,546,547,548,549,550,551,552,553,554,-476,-475,-517,520,521,522,523,524,-309,-308,-307,-306,-305,555],[309,310,311,312,313,314,315,316,317,318,319,320,321,322,323,324,325,326,327,328,329,330,331,332,333,334,335,336,337,338,339,340,341,342,343,344,345,346,347,348,349,350,351,352,353,354,355,356,357,358],[310],[313],[315],[503,504,505,506],[360,361,362,363,364,365,366,367,368,369,370,371],[-562],[634,-606,-605,-604,-603,-602,-601,-600,-599,-474,623,624,625,626,627,628,629,630,-608,-607],[-517],[-598,615,-469,-468,-467,-466,-465,-464,-463,-462,-461,616,617,618,-580,633],[-597,-596,-595,-594,-593,-592,-591,-590,-589,-588,-587,-586,-585,-584,-583,-582,-581],[-595],[-593],[-591],[345],[347],[350],[517,518,-426,-425,-424,-423,-422,-421,-420,-419,-418,-417,-416,-415,-414,-413,-412,-411,-410,-409,-408,-407,-406,-405,-404,-403,-402,-401,-400,-399,-398,-397,-396,-395,-394,-393,-392,-391,-390,-389,-388,-387,-386,-385,75,76,77,78,79,80,81,82,83,84,-384,519],[426,427,428,429,430,431,432,433,434],[488,489,490,491,492,493,494,495,496,454,455,456,-457,-456,-455,-454,-453,-452,-451,-450,-449,-448,-447,-446,-445,-444,-516,-515,-514,-513,-512,-511,-510,-509,-508],[573,574,575,576,577,578],[608,609,610,611,612,613],[631],[-1498],[1695],[1696],[-383,-382,-381,-380,-379,-378,-377,-376,439,440,441,442],[1697],[457,458,459],[469,470,471,472],[497,498,499,500,501,502],[-542],[357],[-375]],"properties":{"MODE":"METRO TRAIN","SHORT_NAME":"Replacement Bus"}},{"type":"MultiLineString","arcs":[[1698,1699,1700,1701,1702,-1476,1703,1385,1386,1387,1388,1389,1390,1391,1392,1393,1394,1395,1396,1397,1398,1399,1400,1401,1402,1403,1404,1405,1406,1407,1408,-83,-82,-81,80,81,82,83,84,-384,519,366,367,368,369,370,371,372,487,-435,-1418,-1417],[-80,-79,-78,-77,-76,384,1426,1427,1428,1429,1430,1431,1432,1433,1434,1435,1436,1437,1438,1439,1440,1441,1442,1443,1444,1445,1446,1077,1447,1079,1448,1449,1450,1451,1452,1453,1454,1455,1456,1457,1458,1459,1460,1461,1462,1463,1464,1465,1466,1467,1468,1469,1470,1471,1472],[1473,1704,1705,1706,1707,1708],[1481,1482,1483,1484,1485,1486,1487,1488]],"properties":{"MODE":"METRO TRAIN","SHORT_NAME":"Mernda"}},{"type":"MultiLineString","arcs":[[635,636,637,638,639,640,641,642,643,644,645,646,647,648,649,650,651,652,653,654,655,656,657,658,659,660,661,662,663,664,665,666,667,668,669,670,671,672,673,674,675,676,677,678,679,680,681,682,683,684,685,686,687,688,689,690,691,692,693,694,695,140,141,696,143,697,145,698,147,699,149],[700,701,702,703,704,705,706,707,708,709,710,711,712,713,714,715,716,717,718,719,720,721,722,723,724,725,726,727,728,729,730,731,732,733,734,735,736,737,738,739,-119,-118,-117,-116,-115,740],[741,742,743,744,745,746],[747,748,-139,749,750,751,752,-134,-133,-132,-131,-130,-129,-128,-127,-126,-125,1709,1710,1711,1712],[-125,-124,-123,753,754,681],[-122,-121,-120],[691],[1713],[1714]],"properties":{"MODE":"METRO TRAIN","SHORT_NAME":"Pakenham"}},{"type":"MultiLineString","arcs":[[1715,1716,1717,1718,1719,1720,1721,1722,1723,1724,-1725,1725,1726,1727,1728,1729,1730,1731,1732],[1733,1734,1735,1736],[1737,1738,1739,1740,1741,1742,1743,1744,1745,1746,1747,1748,780,781,782,783,-221,784,785,786,787,788,1749,1750,1751,1752,1753,1754,1755],[819,800,-801,-800,-799],[1756],[1757],[1758,1759,1760,1761,1762,1763,1764,959,960,961,962,963,964,965,966,967,968,969,970,971,972,973,974,975,976,977,978,979,980,981,982,983,984,985],[1765,1766,1767,1768,1769,1770,1771,1772,1773,1774,1775],[1776,1777,1778,1779,1780,1781],[1782],[1783,1784,1785,1786,1787,1788,1789,1790,1791,1792,1793,1794,1795,1796],[1797,1798,1799,1800],[986,987,988,989,990,991,992],[988],[993,1801,1802,1803],[1804],[-220,-1042,1041,-219,1805],[-218,-217,-216,-215,1806,1807,-212,1808,1809,1810,-819,-818,-817,-816,-815,-814,-813,-812,-837,-836,-835,-834,-833,-832,-831,-830,169,170,-829,1811,172,173,209,210],[-811,-810,-809,-808,-807,-806,-805,-804,-803,-802],[-1041,-1040,-1039,-1038,-1037,1042,-884,-883,1048,1049,1050,1051,1052,1053,1054,1055,1056,1057,1058,1059,1060,1061,1062,1063,1064,1065,1066,1067,1068,1069,1070,1071,1072,1073,1074,1075,1076,1077,1078,1079,1080,1081,1082,1083,1084,1085,1086,1087,1088,1089,1090,1091,1092,1093,1094,1095,1096,1097,1098,1099,1100,1101,1102,1103,1104,1105,-844,-843,-842,-841,-840,-839,-838,-851,-911,-910,1023,-908,-907,-906,-905,-904,-903,-902,-901,-900,-899,-898,1024,-874,-873,1025,1026,1027,1028,1029,1030,167,1031,1032,1033,1034,1035],[844,845,846,847,848,380,381,382,383,849],[805],[-1739],[1812],[835],[-909],[-907]],"properties":{"MODE":"METRO TRAIN","SHORT_NAME":"Replacement Bus"}},{"type":"MultiLineString","arcs":[[1813,1814,1815,1816,1817,1818,1819,1820,1821,1822,1823,1824,1825,1826,1827,1828,1829,1830,1831,1832,1833,1834,1835,1836,1837,1838,1839,1840,1841,1842,1843,1844,1845,1846,1847,1848,1849,-1821,-1820,-1819,1850,1851,1852,1853,1854,1855,1856,1857,1858,1859,1860,1861,1862,1863,1864,1865,1866,1867,1868,1869,1870,1871,1872,1873,1874,1875,1876,1877,1878,1879,1880,1881,1882,1883,1884,1885,1886,1887,1888,1889,1890,1891,1892,1893,1894,1895,1896,1897,1898,1899,1900,1901,1902,1903,1904,1905,1188,1189,1190,1191,1192,1193,1194,1906,1907,1908,1909,1910,1911,1912,1913,1914,1915,1916,1917,1918,1919,1920,1921],[1922,1923,1924,1925,1926,1927,1928,1929,1930,1931,1932],[1933,1934,1935,1936,1937],[1938,1939,1940,1941,1942,1943],[1944,1945,1946,1947,1948,1949],[1950,1951,1952,1953,1954,1955,1956,1957,1958,1959,1960,1961,1962,1963,1964,1965,1966,1967,1968,1969,1970,1971,1972,1973,1974,1975,1976,1977,1978],[1979,1980,1981,1982,1983,1984],[-1916],[-1912],[-1881],[-1879],[-1877,-1876],[1985,1986,1987,1988,-1869,1989,1990,1991,1992,1993,1994,1995,1996,1997,1998,1999,2000]],"properties":{"MODE":"METRO TRAIN","SHORT_NAME":"Sandringham"}},{"type":"MultiLineString","arcs":[[2001,2002,2003,2004,2005,2006,2007,2008,2009,2010,2011,2012,2013,2014,2015,2016,2017,2018,2019,2020,2021,2022,2023,2024,2025,2026,2027,2028,2029,2030,2031,2032,2033,2034,2035,2036,2037,2038,2039,2040,2041,2042,2043,2044,2045,2046,186,187,2047,2048,2049,2050,2051,2052,2053],[2054,2055,2056,2057,2058,2059,2060,2061,2062,2063,2064,2065,2066,2067,2068,2069,2070,2071,2072,2073,2074,2075,2076,2077,2078,2079,2080,2081,2082,2083,2084,2085,2086,2087,2088,2089,2090,2091,2092,2093,2094,2095,2096],[2097,2098,2099,2100,2101,2102,2103,2104,2105,2106,2107,2108,2109,2110,2111,2112,2113,2114,2115,2116,2117,2118],[2119,2120,2121,2122,2123,2124,2125,2126,2127,2128,1715,1716,1717,1718,1719,1720,1721,1722,1723,1724,-1725,1725,1726,1727,1728,1729,1730,1731,1732],[1776,1777,1778,1779,1780,1781],[1782,-1775,1783,1784,1785,1786,1787,1788,1789,1790,1791,1792,1793,1794,1795,1796,971,972,1797,1798,1799,1800,2129,2130,2131,-979,1765,1766,1767,1768,1769,1770,1771,1772,1773],[977],[1775],[2132],[2133,2134],[2135],[2136,2137,2138,2139,2140,2141,2142],[2143,2144,2145,-2108],[2146,2147,2148],[2149,2144],[2150,2151,2152],[2153,2154],[2155],[2156,2157,2158,2159,2160,2161,2162,2163,2164,2165],[2166],[2167,2168,2169,2170,2171,2172,2173,2174,2175,2176,2177,2178,2179],[-2179],[2180],[-2175],[2181,2182,2183,2184,2185],[2186,2187,2188],[2189,2190,2191,2192],[2193,2194,2195,2196,2197,2198,2199,2200,2201,2202,2203,2204,2205,2206,2207,2208,2209],[2210,2211,2212,2213],[2214,2215,2216],[2217,2218],[2219],[-202,2220,-200,-199,-198,-197,-196,2221,2222,2223,-192,-191,-190,-207,-206,2224,2225,2226,2227],[2226,2228],[2229,2230],[2231,2232],[2233]],"properties":{"MODE":"METRO TRAIN","SHORT_NAME":"Replacement Bus"}},{"type":"MultiLineString","arcs":[[2234,2235,2236,2237,2238,2239,2240,2241,2242,2243,2244,2245,2246,2247,1042,-884,-883,-882,-881,-880,-879,-878,-877,-876,2248,2249,-871,-870,-869,-868,-867,-866,-865,-864,-863,-862,-861,-860,-859,-858,-857,-856,-855,-854,-853,-852,-86,-384,-383,-382,-381,-849,-848,-847,-846,-845,-1106,-1105,-1104,-1103,-1102,-1101,-1100,-1099,-1098,-1097,-1096,-1095,-1094,-1093,-1092,-1091,-1090,-1089,-1088,-1087,-1086,-1085,-1084,-1083,-1082,-1081,-1080,-1079,-1078,-1077,-1076,-1075,-1074,-1073,-1072,-1071,-1070,-1069,-1068,-1067,-1066,-1065,-1064,-1063,-1062,-1061,-1060,-1059,-1058,-1057,-1112,-1111,-1110,-1109,-1108,-1047,-1046,-1045,2250,2251,2252,2253,2254,2255,2256,2257,2258,2259,2260,2261,2262,2263,2264,2265,2266,2267,2268],[814,2269,2270,2271,2272,1029,-1030,-1029,-1028,-1027,-1026,-872],[-88,-87,837,838,839,840,841,842,843],[849,850],[-911,-910,1023,-908,-907,-906,-905,-904,-903,-902,-901,-900,-899,-898,1024,-874,-873],[-909],[-907],[-897,2273,2274,162,163,164,2275,2276,2277],[2278,886,887,888,889,890,891,892,893,894,895],[-1048],[1030,167,1031,1032,1033,1034,2279,2280],[-1056,-1055,-1054,-1053,-1052,-1051,-1050,1106],[2253],[2255],[2257],[868,869]],"properties":{"MODE":"METRO TRAIN","SHORT_NAME":"Upfield"}},{"type":"MultiLineString","arcs":[[2281,2282,2283,2284,2285,2286,2287,2288,2289,2290,2291,2292,2293,2294,2295,2296,2297,2298,2299,2300,2301,2302,2303,2304,2305,2306,2307,2308,2309,2310,2311,2312,2313,2314,180,2315,2316,2317,2318,2319,2320,2321,2322,2323,2324,2325,2326,2327,2328,2329,2330,2331,-2301],[820,821,822,823,824,825,826,827,-802,-801,-800,2332,2333],[798],[819,800],[1205,2334],[2335,2336,2337,2338,2339,2340,2341,2342,2343,2344,2345,2346,2347,2348,2349,2350,2351,2352,2353,2354,2355,2356,2357,2358,2359,2360,2361,2362,2363,2364,2365,2366,2367,2368,2369,2370,2371,2372,2373,2374],[2375,2376,2377,2378,2379,2380,2381,2382,2383,2384,2385,2386,2387],[2388,2389,2390,2391,2392,2393,2394,2395,2396,2397,2398,2399],[2400,2401,2402,2403,2404,2405,2406,2407,2408,2409,2410,2411],[2412,2413,2414],[2379],[2415,2416,2417,2418,2419,2420,2421,2422,2423,2424,2425,2426,2427,2428,2429,2430,2431,2432,2433,2434,2435,2436,2437,2438,2439,2124,2125,2126,2127,2128,1715,1716,1717,1718,1719,1720,1721,1722,1723,1724,-1725,1725,1726,1727,1728,1729,1730,1731,1732],[1776,1777,1778,1779,1780,1781],[1782,-1775,1783,1784,1785,1786,1787,1788,1789,1790,1791,1792,1793,1794,1795,1796,971,972,1797,1798,1799,1800,977,1765,1766,1767,1768,1769,1770,1771,1772,1773],[1775],[2440,-2438],[-2436],[-2434],[-2432],[-2430,2441],[2442],[2443,2444],[2445],[2407],[2446],[2447,2448,2449,2450,2451],[2452],[2453],[2454],[-2399],[2455],[2456,2457],[2458,2459],[2460],[2461,2462],[2463],[2464,2465],[2466,2467,2468],[2469,2470],[-2356],[2471],[2472,2473],[2474],[2475],[2476],[-180,-179,-178,-177,-176,-175,-174,-173,-1812,828,-171,-170,829,830,831,832,833,834,835,836,-811,-810,-809,-808,-807,-806,-805,-804,-803],[-806],[811,812,813,814,815,816,817,818,-1811,2477,2478,2479],[-2299],[-2292],[2480,2481,2482],[2483,2484,2485,2486],[835],[2487,2488,2489],[2296],[2490,2331],[2491,2492,2493],[2494,1210],[2495]],"properties":{"MODE":"METRO TRAIN","SHORT_NAME":"Replacement Bus"}},{"type":"MultiLineString","arcs":[[2496,2497,2498,2499,2500,2501,2502,2503],[2504,2505,2506,2507,2508,2509,2305,2306,2307,2308,2309,2310,2311,2312,2313,2314,180,2315,2316,2317,2318,2319,2320,2321,2322,2323,2324,2510,2511,2512,2513],[798,799,800,801,802,803,804,805,806,807,808,809,810,811,812,813,814,815,816,817,818,-1811,2477,2478,2479,175,176,177,178,179],[820,821,822,823,824,825,826,827],[819,800],[2499],[2514,2515,2516,2517,2518,2519,2520,2521,2522,2384,2523,2387,-2381,-2380,-2379,-2415,-2414,-2413,2383],[-2387,-2412,2415,2416,2417,2418,2419,2420,2421,2422,2423,2424,2425,2426,2427,2428,2429,2430,2431,2432,2433,2434,2435,2436,2437,2438,2439,2124,2125,2126,2127,2128,1715,1716,1717,1718,1719,1720,1721,1722,1723,1724,-1725,1725,1726,1727,1728,1729,1730,1731,1732],[1776,1777,1778,1779,1780,1781],[1782,-1775,1783,1784,1785,1786,1787,1788,1789,1790,1791,1792,1793,1794,1795,1796,971,972,1797,1798,1799,1800,977,1765,1766,1767,1768,1769,1770,1771,1772,1773],[1775],[2440,-2438],[-2436],[-2434],[-2432],[-2430,2441],[2442],[2443,2444],[2445,2406,2407,2408,2446],[-2386,2524,2525,2526,2527],[2379],[2528],[2529],[2530],[-175,-174,-173,-1812,828,-171,-170,829,830,831,832,833,834,835,836],[835],[-806],[2495],[2531]],"properties":{"MODE":"METRO TRAIN","SHORT_NAME":"Replacement Bus"}},{"type":"LineString","arcs":[2532,2533,2534,2535,2536,2537,2538,2539,2540,2541,2542,2543,2544,2545,2546,2547,2548,2549,2550,2551,2552,2553,2554,2555,2556,2557,2558,2559,2560,2561,2562,2563,2564,2565,2566,2567,2568,2569,2570,2571,2572,2573,2574,2575,2576,2577,2578,2579,2580,2581,2582,2583,2584,2585,2586,2587,2588,2589,2590,2591,2592,2593,2594,2595,2596,2597,2598,2599,2600,2601,2602,2603,2604,2605,2606,2607,2608,2609,2610,2611,2612,2613,2614,2615,2616,2617,2618,2619,2620,2621,2622,2623,2624,2625,2626,2627],"properties":{"MODE":"METRO TRAM","SHORT_NAME":"1"}},{"type":"MultiLineString","arcs":[[2628,2629,2630,2631,2632,2633,2634,2635,2636,2637,2638,2639,2640,2641,2642,2643,2644,2645,2646,2647,2648,2649,2650,2651,2652,2653,2654,2655,2656,2657,2658,2659,2660,2661,2662,2663,2664,2665,2666,2667,2668,2669,2670,2671,2672,2673,2674,2675,2676,2677,2678,2679,2680,2681,2682,2683,2684,2685,2686,2687,2688,2689,2690,2691,2692,2693,2694,2695,2696,2697,2698,2699,2700,2701,2702,2703,2704,2705,2706,2707,2708,2709,2710,2711,2712,2713,2714,2715,2716,2717,2718,2719,2720,2721,2722,2723],[2724]],"properties":{"MODE":"METRO TRAM","SHORT_NAME":"109"}},{"type":"MultiLineString","arcs":[[2725,2726,2727,2728,2729,-2708,-2707,-2706,-2705,-2704,-2703,-2702,-2701,-2700,-2699,-2698,-2697,-2696,-2695,-2694,-2693,-2692,-2691,2730,2731,2732,2733,2734,2735,2736,2737,2738,2739,2740,2741,2742,2743,2744],[2745],[2746,2747,2748,2749,2750,2751,2752,2753,2754,2755,2756,2757,-2664,-2663,-2662,-2661,-2660,-2659,-2658,-2657,-2656,-2655,-2654,-2653,-2652,-2651,-2650,-2649,-2648,2758,2759,2760,2761,2762,2763]],"properties":{"MODE":"METRO TRAM","SHORT_NAME":"11"}},{"type":"MultiLineString","arcs":[[-2676,-2675,-2674,-2673,-2672,-2671,-2670,-2669,-2668,-2667,-2666,-2665,-2664,-2663,-2662,-2661,-2660,-2659,-2658,-2657,-2656,-2655,-2654,-2653,-2652,-2651,-2650,-2649,-2648,-2647,-2646,-2645,-2644,-2643,-2642,-2641,-2640],[-2712,-2711,-2710,-2709,-2708,-2707,-2706,-2705,-2704,-2703,-2702,-2701,-2700,-2699,-2698,-2697,-2696,-2695,-2694,-2693,-2692,-2691,-2690,-2689,-2688,-2687,-2686,-2685,-2684,-2683,-2682,-2681,-2680,-2679],[2764,2765,2766,2767,2768,2769,2770,2771,2772],[2773,2774,2775,2776,2777,2778,2779,2780]],"properties":{"MODE":"METRO TRAM","SHORT_NAME":"12"}},{"type":"MultiLineString","arcs":[[2534,2535,2536,2537,2538,2539,2540,2541,2542,2543,2544,2545,2546,2547,2548,2549,2550,2551,2552,2553,2554,2555,2556,2557,2558,2559,2560,2561,2562,2563,2564,2565,2566,2781,2782,2783,2784,2785,2786,2787,2788,2789,2790,2791,2792,2793,2794,2795,2796,2797,2798,2799,2800,2801,2802,2803,2804,2805,2806,2807,2808,2809,2810,2811,2812,2813,2814,2815,2816,2817,2818,2819,2820,2821,2822,2823,2824,2825,2826,2827,2828,2829,2830,2831,2832,2833,2834,2835,2836,2837,2838,2839,2840,2841],[-2625,-2624,-2623,-2622,-2621,-2620,-2619,-2618,-2617,-2616,-2615,-2614,-2613,-2612,-2611,-2610,-2609,-2608,-2607,-2606,-2605,-2604,-2603,-2602,-2601,-2600,-2599,-2598,-2597,-2596,-2595,-2594,-2593,2842,2843,2844,2845,2846,2847,2848,2849,2850,2851,2852,2853,2854,2855,2856,2857,2858,2859,2860,2861,2862,2863,2864,2865,2866,2867,2868,2869,2870,2871,2872,2873,2874,2875,2876,2877,2878,2879,2880,2881,2882,2883,2884,2885,2886,2887,2888,2889,2890,2891,2892,2893,2894,2895,2896],[2897,2898,2899,2900,2901,2902,2903,2904,2905,2906,2907,2908],[2909,2910,2911,2912]],"properties":{"MODE":"METRO TRAM","SHORT_NAME":"16"}},{"type":"MultiLineString","arcs":[[2913,2914,2915,2916,2917,2918,2919,2920,2921,2922,2923,2924,2925,2926,2927,2928,2929,2930,2931,2932],[2933,2934,2935,2936,2937,2938,2939,2940,2941,2942,2943,2944,2945,2946,2947,2948,2949,2950,2951,2952]],"properties":{"MODE":"METRO TRAM","SHORT_NAME":"19"}},{"type":"MultiLineString","arcs":[[2534,2535,2536,2537,2538,2539,2540,2541,2542,2543,2544,2545,2546,2547,2548,2549,2550,2551,2552,2553,2554,2555,2556,2557,2558,2559,2560,2561,2562,2563,2564,2565,2566,2781,2782,2783,2784,2785,2786,2787,2788,2789,2790,2791,2792,2793,2794,2795,2796,2797,2798,2909,2910,2911,2912,-2812,-2811,-2810,-2809,-2808],[2953,2954,2955,2956,2957,2958,2959,2960,2961,2962,2963,-2870,-2869,-2868,-2867,-2866,2897,2898,2899,2900,2901,2902],[-2625,-2624,-2623,-2622,-2621,-2620,-2619,-2618,-2617,-2616,-2615,-2614,-2613,-2612,-2611,-2610,-2609,-2608,-2607,-2606,-2605,-2604,-2603,-2602,-2601,-2600,-2599,-2598,-2597,-2596,-2595,-2594,-2593,2842,2843,2844,2845,2846,2847,2848,2849,2850,2851,2852,2853,2854,2855,2856,2857,2858,2859,2860,2861,2862,2863,2864],[2812,2813,2814,2815,2816,2964,2965,2966,2967,2968,2969,2970,2971,2972,2973]],"properties":{"MODE":"METRO TRAM","SHORT_NAME":"3"}},{"type":"MultiLineString","arcs":[[2974,2975,2976,2977,2978,2979,2980,2981,2982,2983,2984,2985,2986,2987,2988,2989,2990,2991,2992,2993,2994,2995,2996,2997,2998,2999,3000,3001,3002,3003,3004,3005,3006,3007,3008,3009,3010,3011,3012,3013],[3014,3015,3016,3017,3018,3019,3020,3021,3022,3023,3024,3025,3026,3027,3028,3029,3030,3031,3032,3033,3034,3035,3036,3037,3038,3039,3040,3041]],"properties":{"MODE":"METRO TRAM","SHORT_NAME":"30"}},{"type":"MultiLineString","arcs":[[3042,3043,3044,3045,3046,3047,3048,3049,3050,3051,3052,3053,3054,3055,3056,3057,3058,3059,3060,3061,3062,3063,3064,3065,3066,3067,3068,3069,3070,3071,3072,3073,3074,3075,2982,2983,2984,2985,2986,2987,2988,2989,2990,2991,2992,2993],[3076,3077,3078,3079,3080,3081,3082,3083,3084,3085,3086,3087,3088,3089,3090,3091,3092,3093,3094,3095,3096,3097,3098,3099,3100,3101,3102,3103,3104,3105,3106,3107,3108,3109,3110,3111,-2981,3112,-2978,3113,3114,3115,3116,-3038,-3037,-3036,-3035,-3034,-3033,-3032,-3031,-3030,-3029,-3028,-3027,-3026,-3025,-3024,-3023,-3022,-3021,-3020,-3019,-3018,-3017,-3016,-3015]],"properties":{"MODE":"METRO TRAM","SHORT_NAME":"35"}},{"type":"MultiLineString","arcs":[[-2745,-2746],[-2713,-2712,-2711,-2710],[-2642,-2641,-2640,-2639],[3117,3118,3119,-2717,3120,3121,3122,3123,3124,3125,3126,1640,3127,3128,3129,3130,3131,3132,3133,3134,3135,3136,3137,3138,3139,3064,3140,3141,-2699,-2698,-2697,-2696,-2695,-2694,-2693,-2692,-2691,2730,2731,2732,2733,2734,2735,2736,2737,2738,2739,2740,2741,2742,2743],[2746,2747,2748,2749,2750,2751,2752,2753,2754,2755,2756,2757,-2664,-2663,-2662,-2661,-2660,-2659,-2658,-2657,-2656,3142,3143,3144,3145,-3103,-3102,3146,3147,3148,3149,3150,3151,3152,3153,3154,3155,3156,3157,3158,3159,3160,3161,3162,3163,3164,3165,-2635,3166,3167]],"properties":{"MODE":"METRO TRAM","SHORT_NAME":"48"}},{"type":"LineString","arcs":[-2625,-2624,-2623,-2622,-2621,-2620,-2619,-2618,-2617,-2616,-2615,-2614,-2613,-2612,-2611,-2610,-2609,-2608,-2607,-2606,-2605,-2604,-2603,-2602,-2601,-2600,-2599,-2598,-2597,-2596,-2595,-2594,-2593,2842,2843,2844,2845,2846,2847,2848,2849,2850,2851,2852,2853,2854,2855,2856,2857,2858,3168,3169,3170,3171,3172,3173,3174,3175,3176,3177,3178,3179,3180,3181,3182,3183,3184,3185,3186,3187,3188,3189,3190,3191,3192,-2798,-2797,-2796,-2795,-2794,-2793,-2792,-2791,-2790,-2789,-2788,-2787,-2786,-2785,-2784,-2783,-2782,-2567,-2566,-2565,-2564,-2563,-2562,-2561,-2560,-2559,-2558,-2557,-2556,-2555,-2554,-2553,-2552,-2551,-2550,-2549,-2548,-2547,-2546,-2545,-2544,-2543,-2542,-2541,-2540,-2539,-2538,-2537,-2536,-2535],"properties":{"MODE":"METRO TRAM","SHORT_NAME":"5"}},{"type":"MultiLineString","arcs":[[3193,3194,3195,3196,3197,3198,3199,3200,3201,3202,3203,3204,3205,3206,3207,3208,3209,3210,3211,3212,3213,3214,3215,3216,3217,3218,3219,3220,3221,3222,3223,3224,2921,2922,2923,2924,2925,2926,2927,2928,2929,2930,2931,2932],[2933,2934,2935,2936,2937,2938,2939,2940,2941,2942,2943,3225,3226,3227,3228,3229,3230,3231,3232,3233,3234,3235,3236,3237,3238,3239,3240,3241,3242,3243,3244,3245,3246,3247,3248,3249,3250,3251,3252,3253,3254],[3248],[3255,3256,3257,3258,3259],[-3203,-3202],[3260,3261],[3262],[3235],[3237]],"properties":{"MODE":"METRO TRAM","SHORT_NAME":"57"}},{"type":"MultiLineString","arcs":[[3263,3264,3265,3266,3267,3268,3269,3270,3271,3272,3273,3274,3275,3276,3277,3278,3279,-2790,-2789,-2788,-2787,3280,3281,3282,3283,3284,3285,3286,3287,3288,3289,2573,3290,2777],[3291,3292,3293,3294,3295,3296,3297,3298,3299,3300,3301,3302,3303,3304,3305,3306,3307,3308,3309,3310,3311,3312,3313,3314,3315,3316,3317,3318,3319],[3320,3321,3322,3323,3324,3325,3326,3327,3328,3329,3330,3331,3332,3333,3334,3335,-2855,-2854,-2853,-2852,3336,3337,3338,3339,3340,3341,3342,3343,3344,3345,3346,3347,3348,3349,3350,3351,3352,3353,3354,3355,3356,3357,3358,3359,3360,3361,3362,3363,3364,3365,3366,3367,3368,3369],[2768,3370,3371,3372,2584,3373,3374,3375,3376]],"properties":{"MODE":"METRO TRAM","SHORT_NAME":"58"}},{"type":"MultiLineString","arcs":[[3377,3378,3379,3380,3381,3382,3383,3384,3385,3386,3387,3216,3388,3389,3295,3296,3297,3298,3299,3390,3391,2920,2921,2922,2923,2924,2925,2926,2927,2928,2929,2930,2931,2932],[2933,2934,2935,2936,2937,2938,2939,2940,2941,2942,2943,2944,2945,3392,-3302,3393,3361,3362,3363,3364,3365,3394,3395,3231,3396,3397,3398,3399,3400,3401,3402,3403,3404,3405,3406,3407,3408,3409]],"properties":{"MODE":"METRO TRAM","SHORT_NAME":"59"}},{"type":"LineString","arcs":[3410,3411,3412,-2626,-2625,-2624,-2623,-2622,-2621,-2620,-2619,-2618,-2617,-2616,-2615,-2614,-2613,-2612,-2611,-2610,-2609,-2608,-2607,-2606,-2605,-2604,-2603,-2602,-2601,-2600,-2599,-2598,-2597,-2596,-2595,-2594,-2593,2842,2843,2844,2845,2846,2847,2848,2849,2850,2851,2852,2853,2854,2855,2856,2857,3413,3414,3415,3416,3417,3418,3419,3420,3421,3422,3423,3424,3425,3426,3427,3428,3429,3430,3431,3432,3433,3434,-2796,-2795,-2794,-2793,-2792,-2791,-2790,-2789,-2788,-2787,-2786,-2785,-2784,-2783,-2782,-2567,-2566,-2565,-2564,-2563,-2562,-2561,-2560,-2559,-2558,-2557,-2556,-2555,-2554,-2553,-2552,-2551,-2550,-2549,-2548,-2547,-2546,-2545,-2544,-2543,-2542,-2541,-2540,-2539,-2538,-2537,-2536,-2535,-2534,3435,3436,3437,3438],"properties":{"MODE":"METRO TRAM","SHORT_NAME":"6"}},{"type":"MultiLineString","arcs":[[-2625,-2624,-2623,-2622,-2621,-2620,-2619,-2618,-2617,-2616,-2615,-2614,-2613,-2612,-2611,-2610,-2609,-2608,-2607,-2606,-2605,-2604,-2603,-2602,-2601,-2600,-2599,-2598,-2597,-2596,-2595,-2594,-2593,2842,2843,2844,2845,2846,2847,2848,3282],[2534,2535,2536,2537,2538,2539,2540,2541,2542,2543,2544,2545,2546,2547,2548,2549,2550,2551,2552,2553,2554,2555,2556,2557,2558,2559,2560,2561,2562,2563,2564,2565,2566,2781,2782,2783,2784,2785,2786,2787,2788,2789,2790,2791,2792,2793,2794,2795,2796,2797,-3193,-3192,-3191,-3190,-3189,3439,3440,3441,3442,-2875,3443,3444,3445,3446,3447,3448,3449,3450,3451,3452,2818,3453,-3174,-3173,-3172,-3171,-3170,-3169,-2859,-2858,-2857,-2856,-2855,-2854,-2853,-2852,-2851,-2850,-3282,-3281],[-3338,-3337]],"properties":{"MODE":"METRO TRAM","SHORT_NAME":"64"}},{"type":"MultiLineString","arcs":[[3454,3455,3456,3457,3458,3459,3460,3461,3462,3463,3464,3465,3466,-2861,-2860,-2859,-2858,-2857,-2856,-2855,-2854,-2853,-2852,-2851,-2850,-2849,-2848,-2847,-2846,-2845,-2844,-2843,2592,2593,2594,2595,2596,2597,2598,2599,2600,2601,2602,2603,2604,2605,2606,2607,2608,2609,2610,2611,2612,2613,2614,2615,2616,2617,2618,2619,2620,2621,2622,2623,2624],[2534,2535,2536,2537,2538,2539,2540,2541,2542,2543,2544,2545,2546,2547,2548,2549,2550,2551,2552,2553,2554,2555,2556,2557,2558,2559,2560,2561,2562,2563,2564,2565,2566,2781,2782,2783,2784,2785,2786,2787,2788,2789,2790,2791,2792,2793,2794,2795,2796,2797,2798,2909,2910,2911,3467,3468,3469,3470,3471,3472,3473,3474,3475,3476,3477,3478]],"properties":{"MODE":"METRO TRAM","SHORT_NAME":"67"}},{"type":"LineString","arcs":[3076,3077,3078,3079,3080,3081,3082,3083,3084,3085,3086,3087,3088,3089,3090,3091,3092,3479,3480,3481,3482,3483,3484,3485,3486,3487,3488,3489,3490,3491,3492,3493,3494,3495,3496,3497,3498,3499,3500,3501,3502,3503,3504,3505,3506,3507,3508,3509,3510,3511,3512,3513,3514,3515,3516,3517,3518,3519,3520,3521,3522,3523,3524,3525,3526,3527,3528,3529,3530,3531,3532,3533,3534,3535,3536,3537,3538,3539,3540,3541,3542,3543,3544,3545,3546,3547,3548,3549,3550,3551,3552,3553,3554,3555,3556,3557,3558,3559,3560,3561,-3059,-3058,-3057,-3056,-3055,-3054,-3053,-3052,-3051,-3050,-3049,-3048,-3047,-3046,-3045,-3044,-3043],"properties":{"MODE":"METRO TRAM","SHORT_NAME":"70"}},{"type":"MultiLineString","arcs":[[-2625,-2624,-2623,-2622,-2621,-2620,-2619,-2618,-2617,-2616,-2615,-2614,-2613,-2612,-2611,-2610,-2609,-2608,-2607,-2606,-2605,-2604,-2603,-2602,-2601,-2600,-2599,-2598,-2597,-2596,-2595,-2594,-2593,2842,2843,2844,2845,2846,2847,2848,2849,2850,2851,2852,2853,2854,2855,2856,3562,3563,3564,3565,3566,3567,3568,3569,3570,3571,3572,3573,3574,3575,3576,3577,3578,3579,3580,3581,3582,3583,3584,3585,3586,3587,3588,3589,3590,3591,3592,3593,3594,3595,3596,3597,3598,3599,3600,3601,3602,3603,3604,3605,3606,-2794,-2793,-2792,-2791,-2790,-2789,-2788,-2787,-2786,-2785,-2784,-2783,-2782,-2567,-2566,-2565,-2564,-2563,-2562,-2561,-2560,-2559,-2558,-2557,-2556,-2555,-2554,-2553,-2552,-2551,-2550,-2549,-2548,-2547,-2546,-2545,-2544,-2543,-2542,-2541,-2540,-2539,-2538,-2537,-2536,-2535],[3607]],"properties":{"MODE":"METRO TRAM","SHORT_NAME":"72"}},{"type":"MultiLineString","arcs":[[3608,3609,3610,3611,3612,3613,3614,3615,3616,3617,3618,3527,3528,3529,3619,3620,3621,3622,3623,3624,3625,3626,3627,-3161,-3160,-3159,-3158,-3157,-3156,-3155,-3154,-3153,-3152,3628,3629,3630,3631,3632,3633,3634,3635,-3061,-3060,-3059,-3058,-3057,-3056,-3055,-3054,-3053,-3052,-3051,-3050,-3049,-3048,-3047,-3046,-3045,-3044,-3043],[3636,3637,3638,3639,3640,3641,3642,3643,3644,3645,-3514,-3513,-3512,3646,3647,3648,3649,3650,3651,3652,3653,3654,3655,3124,3125,3126,1640,3127,3128,3129,3130,3131,3132,3656,3657,3658,3659,3660,3661,3662,-3095,-3094,-3093,-3092,-3091,-3090,-3089,-3088,-3087,-3086,-3085,-3084,-3083,-3082,-3081,-3080,-3079,-3078,-3077]],"properties":{"MODE":"METRO TRAM","SHORT_NAME":"75"}},{"type":"LineString","arcs":[3663,3664,3665,3666,3667,3668,3669,3670,3671,3672,3673,3674,3675,3676,3677,3678,3679,3680,3681,3682,3683,3684,3685,3686,3687,3688,3689,3690,3691,3692,3693,3694,3695,3696,3697,3698,3699,3700,3701,3702,3703,3704,3705,3706,3707,3708,3709,3710,3711,3712,3713,3714,3715,3716],"properties":{"MODE":"METRO TRAM","SHORT_NAME":"78"}},{"type":"MultiLineString","arcs":[[3384,3717,3718,3719,3720,3721,3722,3723,3724,3725,3252,3726,3727],[-3404,3728,3729,3730,3731,3732,3733,-3196,3734,3735]],"properties":{"MODE":"METRO TRAM","SHORT_NAME":"82"}},{"type":"MultiLineString","arcs":[[3736,3737,3738,3739,3740,3741,3742,3743,3744,3745,-3116,3746,-2983,-3076,-3075,-3074,3747,3748,3749,3750,3751,3752,3753,3754,3755,3756,3757,3758,3759,3760,3761,3762,3763,3764,3765,3766,3767,3768,-3025,-3024,-3023,-3022,-3021,-3020,-3019,-3018,-3017,-3016,-3015,-3043],[3769,3770,3771,3772,3773,3774,3775,3776,3777,3778,2979,2980,-3112,-3111,-3110,3779,3780,3781,3782,3783,3784,3785,3786,3787,3788,3789,3790,3791,3792,3793,3794,3795,3796,3797,3798,3799,3800,3801,3802,3803,3004,3005,3006,3007,3008,3009,3010,3011,3012,3013,-3077]],"properties":{"MODE":"METRO TRAM","SHORT_NAME":"86"}},{"type":"MultiLineString","arcs":[[3804,3805,-2808,-2807,-2806,-2805,3806,3807,3808,3809,3810,3811,3812,2680,2681,2682,2683,2684,2685,2686,2687,2688,3813,3814,3815,3816,3817,3818,3819,3762,3820,3821,3822,-2997,-2996,-2995],[3823,3824,2902,2903,2904,2905,3825,3826,3827,3828,3829,3830,3831,2675],[-3797,3832,3833,3834,3835,2667,2668,2669,2670,2671,2672,2673,2674],[-3760,-3759,-3758,-3757,-3756,-3755,-3754,-3753,-3752,-3751,-3750,-3749,-3748,3073,3074,3075,2982,-3747,3115,-3746,-3745,3836,3837,3838,3839,3776,3777,3778,2979,2980,-3112,-3111,-3110,3779,3780,3781,3782,3783,3784,3785,3786,3787,3788,3789,3790,3791,3792,3840],[3841,3842,3843,-3761]],"properties":{"MODE":"METRO TRAM","SHORT_NAME":"96"}}]}}}