{"type":"Topology","arcs":[[[76647,22682],[-58,89]],[[76589,22771],[-3,4],[-5,6],[-3,6],[-12,20],[-17,23],[-8,12],[-9,15],[-4,5],[-42,50],[-12,13],[-11,11],[-9,8],[-11,12],[-5,7],[-9,13],[-37,62],[-4,5],[-3,4],[-4,3],[-4,3],[-4,2],[-6,3],[-5,2],[-4,2],[-28,8]],[[76330,23070],[-6,2]],[[76324,23072],[-21,17]],[[76303,23089],[-50,40],[-70,34],[-52,17],[-59,20],[-13,4]],[[76059,23204],[-28,5]],[[76031,23209],[-101,9],[-104,-3]],[[75826,23215],[-12,0]],[[75814,23215],[-6,0]],[[75808,23215],[-13,1]],[[75795,23216],[-158,22],[-223,-26],[-104,18],[-209,78],[-7,2],[-6,2],[-7,1],[-15,1],[-5,0],[-7,0],[-7,-1],[-7,-1],[-9,-2],[-17,-4],[-17,-4],[-15,-2],[-22,-2],[-87,-7],[-245,32],[-19,3],[-37,9]],[[74572,23335],[-148,33],[-167,26],[-130,46],[-130,6],[-18,3],[-115,17],[-13,2],[-95,-1],[-151,21],[-110,9],[-118,17],[-118,41]],[[73259,23555],[-59,30],[-85,62],[-68,75],[-79,132],[-13,19],[-15,22],[-11,17],[-13,21],[-72,121],[-19,37],[-13,23],[-3,5],[-14,23],[-44,69],[-62,106],[-11,20],[-10,17],[-22,54],[-2,8],[-1,10],[0,13],[11,60],[28,57],[116,140],[31,40],[45,64],[31,43]],[[72905,24843],[246,341]],[[73151,25184],[156,214],[300,416],[18,27],[69,96],[171,236],[32,45],[22,31],[14,19],[153,210],[104,97],[433,322],[25,16],[21,12],[15,8],[48,19],[26,8],[44,9],[263,34],[53,11],[56,30],[54,57],[23,34],[76,114],[53,81],[96,142],[14,23],[7,14],[6,14],[4,11],[2,6],[5,34],[1,19],[1,8],[1,23],[3,73],[25,131],[19,67],[16,30]],[[75580,27925],[17,32],[39,64]],[[75636,28021],[26,43]],[[75662,28064],[31,51],[35,86],[12,55],[11,73],[1,5],[6,38],[44,286],[9,64],[11,69],[11,68]],[[75833,28859],[10,66]],[[75843,28925],[35,115],[160,325],[31,76],[13,55]],[[76082,29496],[20,115]],[[76102,29611],[8,55],[4,23],[5,30],[7,45]],[[76126,29764],[24,155]],[[76150,29919],[157,994]],[[76307,30913],[10,63]],[[76317,30976],[6,38]],[[76323,31014],[5,29]],[[76328,31043],[30,142]],[[76358,31185],[42,123],[9,26],[6,20],[108,318],[334,986],[209,617],[129,304],[248,565],[34,131],[31,286],[22,111],[396,1261],[25,118],[176,1288],[28,206],[53,387],[66,476],[6,52],[11,73],[30,90],[36,53],[490,537],[49,66],[21,37],[96,178],[90,168],[33,108],[1,37],[-8,156],[-5,45],[-14,61],[-15,41],[-132,307],[-18,50],[-9,96],[28,315],[0,46],[-9,66],[-7,28],[-45,150],[-72,242],[-33,109],[-28,94],[-19,65],[-15,38],[-42,77],[-181,232],[-37,52],[-18,38],[-16,59],[-3,76],[5,75],[1,42],[-1,23],[-10,52],[-28,64],[-247,451],[-37,52],[-30,29],[-18,14],[-39,23],[-47,17],[-78,18],[-59,19],[-78,46],[-58,56],[-39,61],[-20,45],[-55,143],[-17,138],[16,116],[38,123],[305,641],[32,95],[70,265],[33,79],[48,81],[51,60],[60,55],[657,507],[76,74],[42,58],[35,53],[21,40],[21,53],[7,29],[6,100],[-12,72],[-33,95],[-13,104],[6,63],[46,141],[53,81],[77,72],[268,192],[50,25],[62,18],[35,4],[53,-1],[67,-8],[34,-1],[47,5],[68,21],[102,72],[162,169],[26,32],[30,53],[13,28],[9,28],[4,16],[8,45],[-3,105],[-37,228],[-3,86],[53,596],[18,116],[48,162],[11,84],[77,869],[37,144],[62,146],[277,641],[163,378],[74,120],[171,183],[114,185],[26,48],[32,56],[43,72],[103,179],[28,63],[29,96],[12,86],[82,890],[21,131],[34,91],[56,105]],[[81792,53233],[276,505],[80,173],[76,77],[66,36],[19,8],[71,32],[34,16]],[[82414,54080],[67,36]],[[82481,54116],[102,75],[60,67],[44,64],[47,105],[208,762],[45,166],[118,443],[453,1668],[34,97],[30,54],[57,71],[106,89],[749,574],[81,71],[52,63],[389,533],[574,785],[79,84],[42,29],[1105,683],[1366,844],[94,74],[277,285],[513,534],[63,57],[105,63],[97,34],[2219,478],[396,87],[89,30],[50,29],[1056,749],[109,79],[114,57],[1795,567],[97,34],[83,45],[82,64],[186,199],[43,45],[40,43],[183,199],[631,680],[580,624],[608,657],[1555,1678],[78,72],[127,70],[1080,480],[2256,1006],[1829,817],[1605,716],[1247,558],[444,209],[117,56],[252,119],[136,65],[34,15],[688,327],[603,325],[1405,758],[1905,1028],[97,44],[1012,339],[514,174],[690,232],[119,23],[232,-13],[118,10],[200,36],[67,18],[75,35],[53,41],[83,111],[45,105],[18,68],[150,714],[24,89],[50,112],[716,1304],[506,922],[35,54],[71,80],[79,62],[618,334],[46,28],[68,54],[15,15],[12,13],[107,135],[42,47],[14,19],[18,24],[143,180],[137,172],[35,43],[16,19],[43,59],[294,367],[60,59],[67,49],[506,316],[84,67],[95,118],[711,1045],[647,950],[277,408],[77,114],[4,6],[443,651],[60,110],[26,75],[81,300],[53,130],[245,411],[75,125],[74,123],[221,371],[68,112],[45,76],[45,72],[67,114],[86,145],[24,40],[8,13],[34,50],[99,107],[88,64],[64,36],[133,48],[837,203],[1057,257],[67,12],[88,3],[86,-12],[110,-37],[167,-76],[77,-28],[129,-20],[80,4],[98,21],[708,207],[260,75],[262,78],[103,45],[390,218],[85,55],[61,52],[85,105],[34,62],[75,179],[32,105],[26,140],[28,91],[61,101],[56,57],[289,212],[63,51],[70,73],[250,293],[310,362],[58,58],[65,47],[73,40],[1151,553],[88,38],[90,25],[120,14],[52,-2],[1329,-82],[133,-17],[159,-8],[92,-18],[124,-65],[54,-49],[208,-229],[47,-41],[502,-417],[9,-8],[2,-2],[53,-42],[112,-56],[88,-19],[702,-115],[111,-2],[155,52],[107,28],[38,5],[39,4],[61,2],[308,-18],[128,1],[97,16],[91,27],[86,26],[32,10],[89,27],[60,22],[142,83],[376,185],[46,30],[58,63],[42,96],[4,20],[3,13],[11,73],[3,27],[23,152]],[[73151,25184],[-246,-341]],[[73259,23555],[45,-23],[87,-25],[66,-10],[379,-54],[26,-4],[59,-8],[22,-4],[121,-17],[35,-10],[473,-65]],[[75795,23216],[13,-1]],[[75814,23215],[12,0]],[[76031,23209],[28,-5]],[[76330,23070],[-6,2]],[[76303,23089],[-29,32],[-15,34],[-4,4],[-7,8],[-3,3],[-53,40],[-47,61],[-14,16],[-15,16],[-40,35],[-11,9],[-6,3],[-5,3],[-6,4],[-4,2],[-5,2],[-16,7],[-24,8],[-13,4],[-13,3],[-45,10],[-90,16]],[[75838,23409],[-19,3],[-87,17],[-85,16],[-46,9],[-82,15]],[[75519,23469],[-20,3]],[[75499,23472],[-34,3]],[[75465,23475],[-41,-1],[-33,0]],[[75391,23474],[-127,-28],[-84,-46],[-50,-41],[-19,-14],[-35,-21],[-12,-6],[-18,-8],[-23,-8],[-11,-2],[-14,-3],[-16,-2],[-21,-2],[-73,-6],[-15,-1]],[[74873,23286],[-15,0]],[[74858,23286],[-91,10],[-114,18],[-13,3],[-24,3],[-15,1],[-15,1],[-36,2],[-198,32],[-236,34],[-150,25],[-36,5],[-78,11],[-143,20],[-233,30]],[[73476,23481],[-19,3],[-83,14]],[[73374,23498],[-77,20],[-59,26],[-60,39],[-41,36]],[[73137,23619],[-45,39],[-53,50],[-25,37],[-70,118],[-22,37]],[[72922,23900],[-35,44],[-45,21],[-198,26],[-223,24],[-342,47],[-93,9],[-144,22],[-77,11],[-119,15],[-118,16],[-95,23],[-95,34],[-50,18],[-82,29],[-66,24],[-19,6],[-38,14],[-47,17],[-84,30],[-113,37],[-274,97]],[[70565,24464],[-285,103],[-31,11],[-17,6],[-44,22],[-1222,681],[-1041,578],[-931,518],[-44,23],[-877,367],[-204,89],[-979,362],[-4169,615],[-101,25],[-77,-2],[-51,-20],[-56,-49],[-62,-78],[-81,-71],[-104,-120],[-104,-170],[-56,-126],[-292,-672],[-67,-150],[-64,-73],[-58,-32],[-108,-16],[-80,20],[-62,41],[-36,39],[-38,70],[-12,87],[21,95],[61,98],[55,106],[39,126],[13,91],[1,94],[17,122],[0,65],[-21,78],[-66,96],[-98,69],[-81,67],[-56,36],[-80,28],[-133,28],[-103,34],[-353,153],[-136,63],[-61,34],[-48,46],[-157,196],[-166,233],[-41,52],[-65,59],[-57,34],[-96,35],[-115,16],[-87,31],[-97,72],[-310,381],[-42,35],[-247,152],[-63,27],[-402,157],[-169,97],[-377,255],[-129,104],[-254,297],[-182,206],[-255,217],[-209,187],[-176,144],[-84,45],[-79,25],[-100,14],[-444,0],[-53,4],[-132,31],[-75,31],[-226,124],[-246,139],[-115,48],[-145,29],[-127,0],[-240,-22],[-64,-11],[-204,-50],[-123,-4],[-86,16],[-155,49],[-221,41],[-120,3],[-100,-19],[-240,-85],[-177,-40],[-84,-9],[-143,-2],[-199,30],[-99,28],[-83,33],[-241,104],[-79,26],[-56,8],[-513,6],[-177,18],[-150,-6],[-873,-206],[-92,-13],[-149,7],[-521,81],[-169,48],[-405,191],[-102,36],[-92,12],[-111,-4],[-562,-40],[-405,-28],[-88,3],[-137,44],[-280,183],[-263,177],[-99,82],[-54,59],[-56,79],[-72,147],[-17,28],[-43,58],[-46,50],[-220,177],[-65,43],[-53,29],[-14,7],[-10,4],[-33,15],[-23,9],[-49,17],[-121,27],[-39,5],[-46,4],[-84,1],[-122,-14],[-453,-63],[-64,-9],[-5,-1],[-6,0],[-10,-2],[-14,-1],[-29,-1],[-25,1],[-26,2],[-3,0],[-52,9],[-70,32],[-14,8]],[[42821,32955],[-15,10],[-5,3],[-4,3]],[[42797,32971],[-10,10],[-18,19],[-5,6],[-4,7],[-4,5],[-18,38],[-12,36]],[[42726,33092],[-6,18],[-51,165]],[[42669,33275],[-7,19]],[[42662,33294],[-11,24],[-11,20],[-30,48],[-19,25],[-19,22],[-9,10],[-4,4],[-4,4],[-4,4],[-14,14],[-36,29],[-34,23],[-128,58],[-44,10],[-18,3],[-183,28],[-134,20],[-284,44],[-6,1],[-2,0],[-57,9]],[[41611,33694],[-33,5],[-81,19],[-110,43],[-77,43],[-113,65],[-183,104],[-1276,736],[-460,266],[-917,569],[-452,283],[-236,146],[-112,71],[-179,110],[-132,70],[-117,47],[-202,54],[-311,50],[-628,96],[-113,20],[-451,164],[-69,15],[-63,0],[-77,-14],[-357,-97],[-58,-5],[-128,12],[-136,23],[-264,94],[-113,29],[-434,74],[-82,25],[-183,90],[-263,124],[-42,14],[-651,151],[-86,24],[-98,41],[-992,461],[-119,34],[-545,106],[-795,157],[-226,43],[-441,68],[-601,59],[-150,3],[-340,-49],[-69,-9],[-61,-2],[-80,19],[-192,92],[-82,20],[-68,-3],[-79,-27],[-61,-42],[-30,-29],[-24,-26],[-89,-89],[-56,-58],[-47,-59],[-47,-78],[-75,-153],[-38,-50],[-49,-39],[-76,-33],[-113,-24],[-217,-17],[-169,-48],[-59,-7],[-112,12],[-183,68],[-98,-4],[-55,-17],[-122,-71],[-76,-30],[-50,-7],[-103,14],[-85,42],[-132,104],[-475,567],[-88,112],[-349,400],[-81,63],[-232,141],[-878,544],[-574,351],[-403,335],[-277,237],[-104,69],[-110,35],[-405,56],[-66,11],[-90,34],[-75,48],[-313,263],[-139,94],[-279,132],[-92,48],[-240,161],[-315,221],[-69,53],[-38,35],[-30,24],[-21,16],[-96,53],[-153,71],[-568,316],[-320,183],[-65,34],[-95,33],[-532,133],[-329,104],[-457,149],[-88,37],[-251,116],[-84,24],[-527,78],[-76,23],[-64,33],[-460,276],[-179,94],[-63,49],[-202,203],[-81,72],[-42,21],[-54,20],[-121,43],[-55,20],[-51,14],[-107,18],[-20,3],[-8,1],[-13,2],[-31,5],[-101,17]],[[76647,22682],[23,-46],[5,-9],[8,-14],[22,-31]],[[76705,22582],[10,-9],[10,-5],[9,-4],[8,-3],[8,-2],[10,-1],[44,12],[39,29],[75,29]],[[76918,22628],[5,1],[5,1]],[[76928,22630],[8,1],[15,0],[15,4]],[[76966,22635],[26,5]],[[76992,22640],[49,14]],[[77041,22654],[39,13]],[[77080,22667],[15,5],[11,4],[29,11]],[[77135,22687],[98,31]],[[77233,22718],[37,11]],[[77270,22729],[11,2]],[[77281,22731],[10,1],[4,0]],[[77295,22732],[14,0],[3,-1]],[[77312,22731],[12,-1]],[[77324,22730],[8,-2]],[[77332,22728],[4,-1]],[[77336,22727],[9,-2]],[[77345,22725],[15,-6]],[[77360,22719],[8,-4]],[[77368,22715],[130,-91]],[[77498,22624],[17,-13]],[[77515,22611],[9,-5],[21,-16]],[[77545,22590],[88,-69],[78,-35],[44,-15],[68,-23],[13,-5],[26,-14],[16,-13],[15,-16],[7,-7],[11,-11],[23,-30],[12,-30],[5,-48],[-13,-97],[-13,-74],[-9,-56],[-24,-181]],[[77892,21866],[-1,-9],[-1,-6],[1,-24],[3,-18],[2,-4],[2,-4],[4,-9],[11,-13],[22,-14],[29,-11]],[[77964,21754],[41,-18],[30,-15]],[[78035,21721],[12,-7],[81,-47]],[[78128,21667],[15,-8]],[[78143,21659],[34,-15]],[[78177,21644],[14,-6]],[[78191,21638],[49,-29],[8,-4],[25,-11],[81,-37],[72,-35],[55,-39],[24,-23],[15,-19],[11,-14]],[[78531,21427],[61,-78]],[[78592,21349],[95,-126],[11,-13],[18,-21]],[[78716,21189],[9,-10]],[[78725,21179],[23,-35],[3,-5],[11,-14],[115,-155],[10,-13],[8,-9],[30,-36],[63,-74],[34,-39]],[[79022,20799],[18,-20]],[[79040,20779],[310,-354]],[[79350,20425],[11,-13],[18,-19]],[[79379,20393],[5,-5]],[[79384,20388],[44,-31]],[[79428,20357],[33,-26]],[[79461,20331],[18,-16],[32,-34]],[[79511,20281],[110,-96],[62,-45],[190,-109]],[[79873,20031],[54,-31],[47,-26]],[[79974,19974],[207,-120]],[[80181,19854],[36,-21],[35,-20]],[[80252,19813],[160,-92]],[[80412,19721],[131,-75]],[[80543,19646],[55,-34]],[[80598,19612],[176,-102]],[[80774,19510],[23,-16],[9,-7],[15,-14],[12,-12]],[[80833,19461],[44,-43]],[[80877,19418],[396,-382]],[[81273,19036],[21,-21],[38,-36]],[[81332,18979],[349,-337],[62,-53],[90,-86]],[[81833,18503],[30,-29],[98,-94]],[[81961,18380],[85,-89],[12,-11],[18,-17],[63,-60]],[[82139,18203],[16,-16]],[[82155,18187],[98,-98]],[[82253,18089],[30,-28]],[[82283,18061],[74,-72]],[[82357,17989],[69,-67]],[[82426,17922],[317,-305],[43,-38]],[[82786,17579],[59,-53],[19,-18]],[[82864,17508],[28,-27]],[[82892,17481],[45,-44],[99,-104],[129,-117]],[[83165,17216],[31,-31]],[[83196,17185],[84,-86],[70,-60],[128,-123],[36,-35],[9,-7],[34,-33]],[[83557,16841],[39,-38]],[[83596,16803],[89,-88],[118,-125],[21,-21],[33,-31],[42,-40],[29,-28],[77,-64]],[[84005,16406],[101,-91]],[[84106,16315],[153,-136]],[[84259,16179],[267,-237],[18,-12]],[[84544,15930],[108,-64]],[[84652,15866],[49,-28]],[[84701,15838],[51,-50],[83,-161],[30,-41],[43,-40],[46,-29]],[[84954,15517],[39,-24]],[[84993,15493],[146,-85],[8,-5],[15,-8],[78,-45],[37,-21],[14,-8],[119,-69],[110,-63],[547,-316],[79,-34],[58,-14],[221,-37]],[[86425,14788],[97,-14]],[[86522,14774],[66,-8]],[[86588,14766],[115,-11],[305,-42],[56,-16],[72,-39],[220,-147],[72,-44],[26,-18],[67,-45]],[[87521,14404],[48,-31]],[[87569,14373],[92,-61],[68,-37],[427,-127],[69,-17],[18,-4],[17,-3],[22,-3],[272,-33],[113,-32],[26,-15],[24,-17],[7,-7],[14,-12],[52,-68]],[[88790,13937],[26,-43]],[[88816,13894],[65,-97]],[[88881,13797],[34,-43],[41,-38],[28,-20],[163,-81]],[[89147,13615],[166,-74],[20,-9]],[[89333,13532],[102,-50]],[[89435,13482],[56,-25]],[[89491,13457],[16,-6],[15,-5],[9,-4],[9,-3]],[[89540,13439],[15,-7]],[[89555,13432],[43,-25],[75,-68],[127,-144],[47,-47],[35,-25],[30,-16],[32,-13],[26,-7]],[[89970,13087],[12,-3],[329,-80],[474,-116]],[[90785,12888],[60,-15]],[[90845,12873],[85,-20]],[[90930,12853],[687,-168]],[[91617,12685],[727,-178]],[[92344,12507],[256,-62],[111,-31],[326,-79],[62,-15],[50,-12]],[[93149,12308],[57,-14]],[[93206,12294],[52,-13],[118,-28],[199,-44],[75,-13]],[[93650,12196],[75,-18]],[[93725,12178],[44,-11]],[[93769,12167],[180,-42],[53,-6],[90,9],[922,182],[116,6],[570,-43],[74,-2],[156,-15],[434,-34],[1071,-80],[163,-9],[173,-17],[446,-32],[168,-24],[433,-112],[809,-276],[85,-25],[867,-88]],[[100579,11559],[529,-54],[147,-44],[80,-44],[535,-323],[19,-10],[21,-14],[62,-36],[48,-27],[550,-330],[72,-29],[60,-7],[150,-1],[330,-66],[100,-11],[76,13],[147,67],[102,18],[91,-15],[181,-61],[421,-210],[121,-74],[86,-116],[65,-58],[56,-34],[16,-11],[25,-20],[13,-9],[68,-46],[130,-58],[194,-50],[183,-26],[153,5],[45,-4],[93,-10],[64,-10],[72,-27],[449,-275],[136,-112],[42,-27],[215,-115],[64,-51],[182,-181],[103,-59],[24,-7],[26,-5],[11,-2],[73,-24],[72,-34],[16,-5],[27,-9],[6,-2],[77,-28],[42,-14],[106,-20],[494,-23],[59,-5],[108,-38],[106,-74],[528,-356],[108,-73],[85,-45],[256,-94],[382,-146],[195,-78],[508,-210],[148,-68],[275,-116],[122,-43],[74,-10],[366,-38],[507,-55],[1675,-176],[150,10],[255,49],[108,22],[184,36],[269,53],[512,100],[113,37],[85,48],[328,207],[86,42],[1393,571],[58,22],[147,62],[77,25],[97,4],[20,-3],[22,-4],[21,-4],[3,-1],[40,-11],[52,-26],[412,-324],[60,-59],[13,-19],[10,-17],[25,-60],[25,-115],[20,-50],[61,-80],[114,-93],[180,-163],[97,-57],[94,-31],[94,-5],[111,25],[161,11],[84,-13],[56,-24],[39,-24],[19,-15],[18,-12],[13,-10],[65,-74],[135,-326],[55,-68],[74,-47],[56,-17],[257,-60],[132,-26],[85,-2],[131,17],[88,-3],[56,-18],[314,-192],[250,-156],[120,-55],[118,-41],[83,-29],[101,-36],[239,-82],[96,-34],[8,-3],[64,-23],[300,-104],[71,-13],[114,18],[548,217],[625,251],[62,34],[90,71],[601,517],[90,70],[94,45],[670,209],[158,50],[559,177],[166,55]],[[125752,7635],[82,26],[7,2],[10,2],[21,4],[221,72],[64,21],[299,94],[11,3],[744,234],[203,46],[942,202],[1475,318],[428,93],[84,15],[223,28],[1173,158],[1180,155],[83,21],[198,80],[377,144],[112,22],[88,3],[920,-23],[79,1],[137,32],[55,25],[118,81],[242,236],[304,290],[223,222],[259,248],[510,498],[37,29],[307,213],[40,25],[20,12],[20,12],[11,6],[57,23],[101,24],[1051,137],[448,56],[775,102],[62,2],[103,-14],[501,-98],[88,-19],[419,-78],[293,-61],[178,-25],[180,14],[315,20],[37,14],[110,73],[67,89],[65,193],[27,185],[-3,73],[-25,146],[2,80],[168,1055],[4,86],[-19,78],[-245,686],[-21,64],[2,65],[51,353],[109,706],[119,782],[34,84],[49,63],[31,24],[74,56],[7,5],[38,29],[103,81],[72,94],[35,90],[35,205],[47,68],[14,10],[60,46],[316,237],[49,32],[1330,742],[1431,806],[61,31],[261,149],[114,59],[581,258],[659,296],[323,144],[273,124],[269,117],[118,39],[343,95],[594,158],[133,58],[299,195],[306,196],[603,389],[1211,777],[600,384],[132,59],[99,24],[725,92],[152,-1],[459,-75],[1062,-181],[355,-60],[1793,-304],[820,-140],[58,1],[59,17],[931,517],[70,29],[171,47]],[[77545,22590],[-9,7],[-9,6]],[[77527,22603],[-29,21]],[[76589,22771],[-13,17],[-8,10],[-11,14],[-15,19]],[[76542,22831],[-15,25],[-25,32]],[[76502,22888],[-13,11]],[[76489,22899],[-12,12]],[[76477,22911],[-12,15],[-22,21],[-11,13]],[[76432,22960],[-13,14]],[[76419,22974],[-9,12],[-43,69],[-9,12],[-13,23]],[[76345,23090],[-45,73]],[[76300,23163],[-9,12]],[[76291,23175],[-10,15]],[[76281,23190],[-74,79],[-49,31],[-27,17],[-23,15],[-11,7],[-11,5],[-8,4],[-14,7],[-15,7],[-30,12],[-20,6],[-29,8],[-25,4],[-21,4]],[[75924,23396],[-20,4]],[[75904,23400],[-66,9]],[[75519,23469],[-20,3]],[[75465,23475],[-18,0],[-56,-1]],[[72922,23900],[-109,200]],[[72813,24100],[-5,10],[-9,13],[-14,25],[-59,101],[-32,46]],[[72694,24295],[-13,26]],[[72681,24321],[-8,15],[-4,9],[-8,14]],[[72661,24359],[-7,13]],[[72654,24372],[-281,477],[-80,127]],[[72293,24976],[-106,180]],[[72187,25156],[-39,75],[-92,155],[-85,137]],[[71971,25523],[-40,65]],[[71931,25588],[-18,29],[-21,36],[-27,66],[-103,410]],[[71762,26129],[-21,87],[-4,17],[-11,44]],[[71726,26277],[-17,60]],[[71709,26337],[-27,73],[-67,128],[-109,177],[-221,361],[-12,18],[-12,20],[-72,118]],[[71189,27232],[-34,54]],[[71155,27286],[-5,9]],[[71150,27295],[-35,56]],[[71115,27351],[-78,127],[-32,53],[-8,14],[-17,28],[-311,507],[-382,622],[-604,987],[-126,203],[-26,52],[-22,54],[-15,60],[-24,126],[-1,9]],[[69469,30193],[-33,192]],[[69436,30385],[-23,131],[-9,56],[-7,125],[13,776],[7,75],[24,93],[59,123],[142,251]],[[69642,32015],[17,30],[2,3],[2,3],[0,2],[23,40]],[[69686,32093],[6,11]],[[69692,32104],[79,140],[11,19],[10,16],[65,83],[65,66],[58,46],[290,161],[95,84],[60,90],[28,74],[16,113],[-27,235],[8,91],[251,1690],[12,151],[-15,129],[-23,87],[-54,150],[-42,87],[-80,107],[-75,65],[-1117,804],[-73,47],[-88,41],[-124,35],[-123,12],[-86,-6],[-506,-55],[-117,-17],[-119,-19],[-16,-2],[-65,-11],[-10,-1],[-572,-96],[-37,-6],[-17,-2],[-20,-3],[-40,-3],[-76,2],[-111,17],[-574,148],[-816,214],[-302,79],[-136,41],[-116,69],[-98,91],[-53,76],[-286,485],[-45,86],[-83,237],[-8,25],[-13,39],[-7,21],[-16,93],[-10,132],[-5,96],[-7,109],[-1,5],[-7,108],[8,117],[25,183],[0,68],[-13,78],[-23,65],[-38,68],[-143,204],[-32,52],[-43,106],[-35,214],[-50,166],[-48,181],[-60,159],[-107,126],[-466,340],[-16,12],[-45,32],[-150,107],[-171,123],[-95,87],[-49,64],[-62,131],[-134,608],[-21,81],[-48,106],[-152,213],[-180,240],[-258,354],[-591,803],[-133,173],[-39,89],[-19,110],[4,187],[-19,126],[-78,223],[-78,119],[-12,12],[-12,9],[-10,8],[-63,47],[-151,74],[-61,19],[-199,26],[-94,25],[-99,48],[-69,49],[-83,87],[-44,64],[-847,1541],[-257,471],[-59,82],[-50,46],[-85,53],[-212,101],[-95,61],[-31,27],[-16,19],[-18,22],[-42,65],[-226,454],[-26,86],[-14,87],[-25,444],[-16,205],[-30,467],[-14,267],[-23,102],[-28,73],[-172,304],[-47,108],[-16,65],[-22,173],[-44,122],[-73,99],[-56,47],[-29,19],[-42,28],[-21,13],[-16,10],[-27,17],[-64,32],[-106,21],[-319,10],[-42,-1],[-21,-3],[-22,-2],[-84,-21],[-149,-69],[-85,-27],[-22,-3],[-21,-2],[-21,-3],[-22,-1],[-127,21],[-106,52],[-128,101],[-318,312],[-85,65],[-85,44],[-616,204],[-149,67],[-233,171],[-107,50],[-425,144],[-63,21],[-184,65],[-36,20],[-29,18],[-47,41],[-22,28],[-9,12],[-5,8],[-21,39],[-13,34],[-5,20],[-2,12],[-6,53],[11,83],[44,220],[11,56],[5,21],[24,71],[83,166],[43,79],[29,55],[80,100],[56,91],[48,117],[183,250],[65,108],[20,49],[61,209],[46,104],[115,195],[117,148],[80,147],[15,22],[33,42],[58,80],[46,87],[5,13],[4,15],[3,10],[10,44],[4,111],[-24,162],[5,88],[17,111],[-2,73],[-15,72],[-36,102],[-21,108],[-31,93],[-241,428],[-48,133],[-4,27],[-1,14],[-1,18],[-2,77],[-9,85],[-60,293],[-35,92],[-62,119],[-36,94],[-49,189],[-98,193],[-43,126],[-67,371],[-28,343],[-12,71],[-69,243],[-13,83],[-9,231],[24,135],[57,176],[17,91],[1,173],[19,105],[97,436],[6,123],[-20,149],[3,97],[17,77],[59,181],[44,88],[41,53],[162,170],[62,97],[16,42],[43,167],[90,206],[32,113],[5,53],[-17,124],[-79,263],[-14,69],[-5,106],[12,93],[214,1012],[23,81],[10,27],[5,12],[6,11],[33,62],[38,55],[66,68],[60,47],[240,144],[93,42],[165,58],[7,3],[20,6],[60,21],[31,10],[37,18],[60,46]],[[55935,64315],[87,81],[14,13]],[[56036,64409],[18,18]],[[56054,64427],[23,24]],[[56077,64451],[6,8]],[[56083,64459],[6,8]],[[56089,64467],[9,16]],[[56098,64483],[18,32]],[[56116,64515],[8,19]],[[56124,64534],[6,17]],[[56130,64551],[6,21]],[[56136,64572],[6,22]],[[56142,64594],[11,44]],[[56153,64638],[41,168],[41,111]],[[56235,64917],[30,84],[8,84],[0,12],[-1,9],[0,9],[-6,37],[-17,59]],[[56249,65211],[-6,16]],[[56243,65227],[-19,37]],[[56224,65264],[-8,13]],[[56216,65277],[-13,19],[-5,6],[-5,7],[-17,18],[-30,27]],[[56146,65354],[-9,7]],[[56137,65361],[-5,3]],[[56132,65364],[-11,7]],[[56121,65371],[-10,6]],[[56111,65377],[-11,5]],[[56100,65382],[-12,6]],[[56088,65388],[-42,14]],[[56046,65402],[-38,9]],[[56008,65411],[-120,28],[-208,49],[-137,33],[-27,8]],[[55516,65529],[-24,10]],[[55492,65539],[-14,8]],[[55478,65547],[-8,6]],[[55470,65553],[-8,6]],[[55462,65559],[-7,5]],[[55455,65564],[-45,53],[-99,175],[-57,70],[-44,36],[-14,9],[-17,11],[-5,3],[-5,3],[-27,23],[-42,38],[-80,72],[-27,24],[-125,97]],[[57114,66643],[-37,-243],[-5,-30],[-3,-12],[-4,-17],[-5,-18],[-30,-77],[-101,-171],[-656,-1093],[-38,-65]],[[55455,65564],[7,-5]],[[55462,65559],[8,-6]],[[55470,65553],[8,-6]],[[55492,65539],[24,-10]],[[56008,65411],[38,-9]],[[56088,65388],[12,-6]],[[56100,65382],[11,-5]],[[56121,65371],[11,-7]],[[56137,65361],[9,-7]],[[56216,65277],[8,-13]],[[56243,65227],[6,-16]],[[70491,89414],[36,-372],[1,-12],[5,-57],[29,-296],[17,-174],[10,-315],[28,-1140],[24,-980],[-6,-128],[-27,-130],[-717,-2274],[-325,-1027],[-307,-961],[-158,-501],[-230,-612],[-27,-70],[-3,-8],[-11,-25],[-11,-21],[-188,-347],[-109,-205],[-822,-1534],[-275,-516],[-760,-1417],[-125,-238],[-191,-349],[-482,-895],[-575,-1072],[-278,-601],[-349,-763],[-426,-940],[-188,-409],[-95,-153],[-68,-76],[-101,-85],[-63,-43],[-97,-50],[-652,-264],[-137,-57],[-1189,-479],[-314,-129],[-55,-28],[-289,-170],[-1291,-762],[-175,-103],[-123,-58],[-1358,-542],[-123,-73],[-194,-158],[-176,-95],[-87,-72],[-42,-54],[-52,-108],[-212,-618],[-24,-81],[-14,-85],[-1,-5],[-5,-34]],[[56153,64638],[-7,-29],[-4,-15]],[[56136,64572],[-6,-21]],[[56124,64534],[-8,-19]],[[56098,64483],[-9,-16]],[[56083,64459],[-6,-8]],[[56054,64427],[-18,-18]],[[56036,64409],[-101,-94]],[[73137,23619],[-75,69],[-46,58],[-58,97],[-36,61],[-86,158]],[[72836,24062],[-28,50]],[[72808,24112],[-9,14],[-9,17],[-35,59],[-41,69]],[[72714,24271],[-29,49]],[[72685,24320],[-6,10],[-12,20],[-13,22]],[[74873,23286],[-15,0]],[[73476,23481],[-102,17]],[[72293,24976],[-106,180]],[[70565,24464],[-102,30],[-85,-2],[-81,-27],[-21,-7],[-22,-9],[-97,-57],[-100,-106],[-61,-127],[-21,-111],[-92,-803],[-12,-69],[-33,-105],[-232,-547],[-10,-23],[-10,-21],[-63,-103],[-75,-85],[-107,-85],[-106,-59],[-64,-23],[-21,-7],[-22,-6],[-85,-15],[-106,-5],[-85,7],[-128,21],[-125,21],[-3,1],[-15,3],[-17,2],[-122,21],[-57,10],[-829,171],[-85,14],[-149,0],[-85,-14],[-85,-25],[-148,-75],[-707,-485],[-68,-51],[-112,-119],[-57,-91],[-30,-63],[-33,-104],[-16,-87],[-4,-119],[10,-87],[32,-168],[11,-143],[-23,-212],[-17,-130],[-2,-15],[-2,-14],[-1,-14],[-9,-136],[-13,-99],[-13,-62],[-19,-98],[-6,-29],[-2,-10],[-17,-83],[-82,-331],[-6,-29],[-6,-33],[-7,-41],[-49,-334],[-36,-227],[-39,-139],[-53,-108],[-60,-85],[-105,-105],[-121,-77],[-145,-69],[-1211,-597],[-1125,-553],[-63,-35]],[[62798,17067],[-40,-22],[-150,-89],[-63,-37],[-11,-6],[-87,-52],[-194,-132],[-140,-110],[-105,-91],[-491,-461],[-1155,-1082],[-27,-27]],[[60335,14958],[-228,-217],[-102,-134],[-15,-17],[-43,-50],[-23,-27],[-26,-32],[-193,-244],[-44,-76],[-329,-700],[-21,-44],[-179,-381],[-27,-60],[-158,-333],[-32,-69],[-70,-147],[-30,-63],[-292,-621],[-53,-198],[-3,-6],[-4,-8],[-15,-22],[-22,-25],[-77,-74],[-59,-71],[-82,-135],[-34,-57],[-24,-73],[-3,-19],[-4,-23],[-17,-112],[-35,-231],[-22,-142],[-37,-248],[-4,-29],[-1,-12],[0,-7],[33,-135],[62,-111],[11,-35],[6,-16],[3,-11],[13,-44],[7,-21],[4,-93],[-5,-44],[-2,-11],[-3,-10],[-16,-61],[-36,-147],[-6,-26],[-1,-8],[0,-7],[0,-14],[5,-31],[45,-72],[69,-62],[67,-60],[13,-12],[302,-274],[39,-43],[28,-59],[10,-64],[-22,-93],[-123,-267],[-47,-107],[-10,-22],[-107,-227],[-153,-328],[-20,-45],[-25,-54],[-138,-297],[-53,-86],[-81,-68],[-73,-33],[-122,-34],[-63,-17],[-264,-73],[-63,-8],[-217,9],[-430,-81]],[[39220,53023],[-61,-100],[-194,-329],[-9,-26],[-101,-404],[3,-97],[44,-166],[18,-298],[30,-449],[-9,-71],[-21,-60],[-119,-224],[-14,-66],[-7,-175],[-11,-58],[-30,-55],[-290,-365],[-39,-97],[-36,-224],[-62,-172],[-20,-301],[-40,-289],[-31,-200],[-159,-666],[-40,-163],[-41,-510],[-17,-285],[-18,-201],[20,-88],[121,-349],[9,-83],[58,-626],[17,-61],[33,-59],[430,-538],[31,-62],[87,-255],[41,-58],[271,-257],[231,-323],[527,-758],[60,-44],[482,-215],[42,-32],[24,-57],[14,-129],[-38,-426],[-38,-282],[-1,-56],[80,-558],[28,-82],[103,-97],[391,-285],[239,-172],[285,-211],[730,-531],[211,-155],[679,-495],[86,-66],[57,-56],[179,-262],[300,-457],[11,-92],[-48,-158],[-6,-142],[29,-166],[-9,-83],[-28,-41],[-66,-44],[-56,-6],[-57,17],[-168,69],[-193,17],[-68,29],[-90,55],[-77,34],[-73,8],[-63,-8],[-59,-22],[-76,-70],[-34,-83],[-14,-209],[-43,-843],[-17,-195],[-30,-190],[9,-139],[151,-693],[4,-91],[-107,-1413],[-23,-380],[1,-74],[3,-107],[16,-114],[22,-71],[64,-203],[3,-12],[19,-73]],[[42669,33275],[1,-6],[56,-177]],[[42797,32971],[5,-4],[6,-4],[13,-8]],[[76291,23175],[-5,5],[-7,8],[-7,7],[-17,10]],[[76255,23205],[-88,62],[-20,17],[-18,17],[-15,11]],[[76114,23312],[-11,9]],[[76103,23321],[-19,17]],[[76084,23338],[-6,7]],[[76078,23345],[-7,8],[-4,7],[-21,40],[-7,15],[-13,36],[-30,120]],[[75996,23571],[-4,19]],[[75992,23590],[-2,9]],[[75990,23599],[-3,14],[-3,10],[-1,5]],[[75983,23628],[-6,25]],[[75977,23653],[-39,212]],[[75938,23865],[-7,39],[-6,28]],[[75925,23932],[-17,94],[-19,65],[-23,51],[-38,59],[-74,101],[-7,9],[-7,10],[-26,46]],[[75714,24367],[-9,18]],[[75705,24385],[-29,97],[-2,11],[-3,15],[-20,125],[-15,90],[-3,11]],[[75633,24734],[-5,23]],[[75628,24757],[-21,57],[-29,59],[-9,21],[-5,14],[-3,7],[-7,27]],[[75554,24942],[-4,15]],[[75550,24957],[-10,62]],[[75540,25019],[-3,32]],[[75537,25051],[-4,38]],[[75533,25089],[-2,12],[-1,22]],[[75530,25123],[-1,26]],[[75529,25149],[1,17],[7,34],[6,24],[3,14],[32,106],[16,35],[9,16],[6,10],[24,33],[42,47]],[[75675,25485],[5,4]],[[75680,25489],[172,115]],[[75852,25604],[30,32]],[[75882,25636],[28,43],[21,49],[5,20],[3,14],[5,32],[0,45],[-3,29],[-3,23],[-2,13],[-2,16]],[[75934,25920],[-6,43],[-2,17],[-5,36]],[[75921,26016],[-16,121]],[[75905,26137],[-2,15]],[[75903,26152],[-2,8],[-2,11],[-12,45],[-27,72],[-100,182],[-12,23],[-8,17],[-4,11],[-6,15],[-9,24],[-21,76]],[[75700,26636],[-20,81]],[[75680,26717],[-47,186]],[[75633,26903],[-38,152],[-6,44],[-2,6],[-8,38]],[[75579,27143],[-15,59]],[[75564,27202],[-37,134],[-9,73],[1,107]],[[75519,27516],[2,41]],[[75521,27557],[5,37],[3,27],[11,154]],[[75540,27775],[2,22]],[[75542,27797],[11,56],[10,32],[17,40]],[[76082,29496],[27,170],[7,58],[4,35]],[[76120,29759],[13,77]],[[76133,29836],[20,111],[85,537]],[[76238,30484],[99,624]],[[76337,31108],[20,77]],[[76357,31185],[22,66],[16,46],[12,38],[47,137],[78,229],[250,739],[283,836],[28,72],[83,190],[17,39],[1,2],[11,25],[55,126],[182,414],[34,131],[31,286],[22,111],[395,1261],[26,118],[175,1283],[51,377],[31,221],[65,476],[16,115],[11,50],[12,32],[20,38],[25,34],[477,522],[83,118],[96,177],[90,169],[33,107],[0,58],[-7,135],[-14,86],[-13,42],[-135,318],[-18,43],[-7,24],[-6,38],[1,61],[25,275],[0,96],[-15,75],[-22,72],[-7,22],[-8,28],[-7,24],[-4,13],[-38,126],[-13,44],[-6,21],[-12,42],[-19,63],[-11,36],[-13,42],[-15,50],[-10,36],[-11,34],[-9,28],[-67,115],[-180,231],[-20,30],[-23,53],[-13,63],[0,55],[6,105],[-3,43],[-7,39],[-36,81],[-238,435],[-34,51],[-31,30],[-44,31],[-48,22],[-104,25],[-44,14],[-40,20],[-42,28],[-56,55],[-21,28],[-29,52],[-67,168],[-17,142],[16,116],[38,124],[305,640],[32,96],[70,265],[33,78],[48,82],[51,60],[60,55],[658,507],[75,74],[42,58],[35,53],[32,66],[14,42],[9,113],[-12,72],[-33,95],[-14,104],[7,63],[46,141],[53,81],[77,73],[268,192],[50,25],[63,19],[35,4],[34,-1],[86,-9],[34,0],[47,4],[67,21],[102,72],[171,179],[33,47],[26,55],[10,29],[4,15],[8,45],[-4,105],[-36,228],[-3,86],[53,596],[17,116],[48,162],[12,84],[77,870],[37,144],[62,146],[277,640],[163,379],[74,120],[171,182],[114,186],[27,47],[2,4],[29,53],[43,72],[103,179],[28,63],[29,95],[12,86],[82,890],[21,132],[34,90],[57,105]],[[82481,54116],[126,102],[77,105],[48,107],[209,759],[44,167],[119,443],[452,1668],[41,137],[0,62],[-162,792],[-332,1619],[-10,84],[0,957],[2,1147],[1,1175],[-1,150],[10,100],[23,53],[585,949],[617,1004],[876,1427],[50,84],[270,441],[24,52],[4,14],[4,12],[10,42],[4,58],[3,445],[2,1989],[-1,17],[0,22],[0,130],[20,64],[43,48],[41,19],[146,33],[1396,303],[115,46],[79,69],[356,444],[209,257],[513,642],[67,96],[65,133],[40,150],[16,102],[83,641],[4,117],[-11,133],[-72,648],[-16,172],[-118,1101],[-7,119],[1,1681],[7,117],[35,123],[408,925],[60,136],[30,37],[42,19],[155,16],[704,73],[82,23],[273,129],[58,38],[15,14],[10,10],[12,16],[97,113],[3,3],[4,4],[3,4],[6,7],[17,19],[123,144]],[[54868,66178],[-47,31],[-26,15],[-63,37],[-76,20],[-283,11],[-97,16],[-76,42],[-33,34],[-68,90],[-99,129],[-93,119],[-36,47],[-286,419],[-57,115],[-14,109],[2,1433],[18,122],[35,125],[9,77],[-15,90],[-200,718],[-14,115],[-2,1847],[-1,1025],[3,56],[60,416],[36,266],[291,2063],[47,347],[180,1269],[150,1069],[207,1476],[32,215],[-1,2153],[1,510],[-1,2163],[1,372],[0,740],[-6,110],[-22,55],[-1049,1661],[-739,1172],[-219,365],[-324,605],[-265,498],[-216,402],[-782,1468],[-76,142],[-320,607],[-107,192],[-315,593],[-134,248],[-360,685],[-153,321],[-247,536],[-264,569],[-131,290],[-514,1119],[-160,356],[-246,534],[-169,363],[-443,588],[-327,435],[-39,59],[-37,78],[-265,728],[-604,1638],[-335,908],[-205,567],[-313,848],[-93,258],[-8,21],[-9,23],[-24,63],[-12,37],[-67,182],[-37,69],[-61,61],[-120,62],[-283,133],[-208,102],[-83,61],[-62,58],[-440,452],[-339,350],[-197,199],[-520,536],[-276,286],[-68,83],[-51,84],[-461,812],[-348,622],[-80,90],[-93,50],[-38,12],[-513,87],[-110,30],[-95,45],[-76,49],[-83,76],[-62,74],[-58,98],[-125,270],[-439,961],[-86,150],[-103,129],[-535,533],[-46,48],[-533,532],[-79,81],[-128,162],[-238,354],[-1014,1461],[-368,531],[-194,278],[-268,388],[-377,544],[-97,136],[-315,313],[-65,85],[-526,828],[-432,677],[-63,107],[-259,588],[-45,115],[-11,74],[1,336],[3,50],[48,345],[5,112],[-15,167],[-13,138],[-35,182]],[[84954,15517],[166,-96],[20,-11],[52,-30],[38,-23],[11,-5],[494,-286],[336,-193],[92,-38],[302,-50]],[[86465,14785],[28,-4]],[[86493,14781],[29,-4],[65,-9],[31,-3],[85,-8],[294,-40],[57,-15],[59,-28],[219,-145],[131,-82]],[[87463,14447],[70,-48]],[[87533,14399],[160,-105],[65,-27],[421,-124],[26,-7],[23,-5],[16,-3],[32,-5],[32,-4],[252,-30],[97,-26],[37,-21],[24,-18],[16,-14],[18,-18],[49,-61]],[[88801,13931],[20,-32]],[[88821,13899],[69,-112]],[[88890,13787],[-9,10]],[[56664,6949],[-135,-26],[-38,-10],[-23,-6],[-44,-13],[-18,-3],[-262,-73],[-1494,-417],[-556,-153],[-173,-49],[-784,-216],[-173,-52],[-69,-14],[-75,-1],[-74,10],[-1522,429],[-222,61],[-91,17],[-257,-1],[-581,-12],[-270,-7],[-134,-23],[-282,-71],[-92,-3],[-518,75],[-39,1],[-410,-5],[-417,-15],[-72,-8],[-718,-116],[-93,-31],[-134,-84],[-313,-205],[-87,-48],[-65,-25],[-554,-194],[-1391,-488],[-69,-28],[-2220,-993],[-122,-63],[-38,-37],[-662,-631],[-329,-312],[-112,-131],[-233,-381],[-68,-67],[-94,-33],[-236,-37],[-73,2],[-53,15],[-100,45],[-1333,627],[-64,22],[-84,6],[-1136,-17],[-156,7],[-404,43],[-126,3],[-468,-37],[-474,-41],[-102,-34],[-223,-152],[-75,-76],[-214,-317],[-225,-334],[-20,-29],[-43,-65],[-50,-55],[-46,-25],[-258,-84],[-74,-23],[-171,-55],[-8,-2],[-7,-2],[-27,-3],[-88,5],[-148,22],[-219,32],[-289,43],[-32,5],[-139,1],[-123,-27],[-600,-203],[-2293,-775],[-165,-33],[-73,1],[-1088,156],[-298,37],[-668,98],[-357,49],[-80,21],[-80,35],[-80,50],[-81,78],[-77,115],[-22,57],[-125,276],[-130,298],[-47,89],[-94,121],[-43,37],[-65,34],[-170,58],[-41,20],[-189,112],[-78,61],[-180,185],[-64,90],[-95,170],[-38,48],[-589,578],[-129,134],[-45,83],[-11,51],[-93,556],[-47,112],[-71,67],[-997,615],[-329,198],[-84,35],[-910,247],[-59,17],[-199,80],[-96,27],[-234,35],[-244,66],[-197,57],[-196,50],[-264,75],[-119,57],[-78,37],[-337,180],[-142,79],[-198,137],[-410,304],[-128,89],[-85,37],[-107,16],[-811,-84],[-836,-89],[-719,-75],[-134,-1],[-382,13],[-678,15],[-75,-18],[-48,-24],[-148,-98],[-596,-265],[-366,-166],[-726,-322],[-95,-40],[-112,-11],[-120,19],[-110,17],[-421,62],[-89,-18],[-207,-99],[-45,-34],[-50,-61],[-44,-78],[-500,-848],[-243,-410],[-65,-99],[-221,-300],[-237,-330],[-20,-23],[-22,-20],[-12,-11],[-94,-56],[-88,-21],[-389,-65],[-57,-19],[-135,-62],[-119,-28],[-337,-12],[-94,-23],[-258,-118],[-87,-57],[-111,-90],[-97,-54],[-493,-224],[-99,-32],[-333,-55],[-58,-15],[-77,-43],[-44,-44],[-564,-747],[-82,-102],[-64,-36],[-142,-24],[-107,-6],[-250,39],[-80,6],[-239,-9],[-461,-21],[-1005,-49],[-73,-15],[-89,-38],[-61,-44],[-83,-91],[-45,-83],[-160,-330],[-89,-104],[-53,-86],[-47,-220],[-57,-121],[-170,-325],[-51,-65],[-82,-66],[-54,-33],[-175,-108],[-129,-82],[-108,-24],[-235,32],[-314,39],[-66,-2],[-253,-31],[-144,3],[-741,102],[-148,2],[-42,-1],[-193,-5],[-256,-7],[-101,-14],[-153,-49],[-91,-3],[-62,-9],[-8,-2],[-20,-7],[-129,-66],[-33,-8],[-48,-9],[-88,-18],[-20,-4],[-100,-7],[-215,31],[-101,-9],[-91,19],[-46,37],[-81,94],[-129,82]],[[60335,14958],[1685,1578],[114,98],[147,113],[168,114],[97,57],[51,30],[75,44],[126,75]],[[79936,22361],[-20,0],[-3,0]],[[79913,22361],[-3,-18],[-9,-55],[22,-4]],[[79923,22284],[53,-7],[1,0],[0,0],[3,-1],[10,-3]],[[79990,22273],[2,0],[86,-13]],[[80078,22260],[21,-3],[9,-1],[13,-2],[-6,-26],[-12,-75],[-4,-24],[136,-20],[56,-8],[101,-16],[-7,-44],[-3,-21]],[[80382,22020],[-3,-21]],[[80379,21999],[-7,-50],[22,-120],[38,-79]],[[80432,21750],[10,-20]],[[80442,21730],[32,-39],[64,-150],[58,-5],[-6,-37],[-2,-18],[77,-11],[-14,-105],[0,-2]],[[80651,21363],[-2,-17]],[[80649,21346],[0,-26],[54,-111],[5,-43]],[[80708,21166],[0,-16]],[[80708,21150],[-6,-54]],[[80702,21096],[-2,-9]],[[80700,21087],[-19,-57]],[[80681,21030],[-4,-29]],[[80677,21001],[-16,-45]],[[80661,20956],[-6,-22]],[[80655,20934],[-12,-34]],[[80643,20900],[-2,-15],[-10,-7]],[[80631,20878],[-2,-7]],[[80629,20871],[-1,-5]],[[80628,20866],[-5,-28]],[[80623,20838],[-2,-15]],[[80621,20823],[-7,-44]],[[80614,20779],[-3,-12]],[[80611,20767],[-11,-67]],[[80594,20704],[21,149],[7,31],[23,67],[11,32]],[[80656,20983],[38,120],[5,57],[-5,38],[-16,45],[-60,119],[-41,81],[-51,101],[-18,36],[-37,63],[-37,82],[-145,292],[-15,45],[-1,28],[3,17],[8,56],[3,30],[2,22],[2,14],[1,11],[4,31]],[[80296,22271],[0,16]],[[80296,22287],[-1,11]],[[80295,22298],[-1,4]],[[80294,22302],[-2,5]],[[80292,22307],[0,3]],[[80292,22310],[-3,7]],[[80289,22317],[-1,2]],[[80288,22319],[-3,5]],[[80285,22324],[-66,42]],[[80219,22366],[-8,0]],[[80211,22366],[-71,-13],[-5,-1],[-6,0],[-11,1],[-4,0]],[[80114,22353],[-47,-2]],[[80067,22351],[-71,-3]],[[79996,22348],[-22,-3]],[[79974,22345],[-13,-1]],[[79961,22344],[-17,-1]],[[79944,22343],[-10,1],[-10,1],[-17,2],[-15,1],[-32,10]],[[79860,22358],[-40,27]],[[79820,22385],[-6,6]],[[79814,22391],[-8,10],[-4,5],[-9,13],[-3,3],[-25,26]],[[79765,22448],[-6,5]],[[79759,22453],[-8,5]],[[79751,22458],[-4,3]],[[79747,22461],[-6,3]],[[79741,22464],[-147,36],[-33,6],[-35,6],[-16,2],[-82,8],[-111,18],[-56,5],[-20,3],[-8,1],[-21,3],[-9,1],[-16,2],[-55,3],[-163,26],[-15,0],[-10,0],[-12,-2],[-26,-7],[-28,-13],[-10,-8],[-6,-4],[-106,-98],[-151,-114],[-25,-15],[-12,-5],[-12,-5],[-9,-4],[-12,-3],[-21,-6],[-33,-4],[-28,1]],[[78453,22297],[-38,5]],[[78415,22302],[-49,7],[-33,5],[-89,11]],[[78244,22325],[-14,1],[-14,1],[-5,1],[-49,7]],[[78162,22335],[-89,12],[-36,6],[-37,5]],[[78000,22358],[-38,7]],[[77962,22365],[-12,2],[-18,7],[-15,11],[-8,6],[-29,29],[-4,4],[-27,21],[-25,11],[-15,5],[-48,17]],[[77761,22478],[-35,10]],[[77726,22488],[-13,4]],[[77713,22492],[-8,4]],[[77705,22496],[-12,6],[-23,12],[-32,19]],[[77638,22533],[-15,9]],[[77623,22542],[-106,80]],[[77517,22622],[-6,4],[-7,5],[-7,5],[-6,4],[-6,4],[-10,7],[-45,34],[-42,35],[-58,25],[-26,3],[-9,0],[-9,-1],[-6,0],[-4,-1],[-8,-2],[-14,-4]],[[77254,22740],[-23,-8]],[[77231,22732],[-10,-4]],[[77221,22728],[-79,-30]],[[77142,22698],[-38,-14],[-12,-4]],[[77092,22680],[-84,-31]],[[77008,22649],[83,35],[11,4],[30,11],[5,1]],[[77137,22700],[33,12]],[[77170,22712],[-28,-14]],[[77142,22698],[48,17]],[[77190,22715],[-17,-7],[-69,-25]],[[77104,22683],[-12,-4]],[[77092,22679],[-39,-15]],[[77053,22664],[-71,-25]],[[76982,22639],[-16,-4]],[[76928,22630],[-10,-2]],[[76705,22582],[-10,10]],[[76695,22592],[-18,21],[-4,6],[-7,14],[-5,10],[-15,24],[-56,90],[-9,22],[-2,8],[0,6],[-1,17],[3,17],[6,15],[4,7],[4,7],[11,12],[7,5],[7,6],[7,3],[10,5],[23,10],[51,19],[29,10],[155,57],[43,15],[29,11],[130,49],[46,17],[13,4],[9,2],[7,1],[16,0],[33,-8],[25,-16],[6,-5],[7,-8],[7,-8],[5,-9],[14,-32],[10,-27],[9,-26],[6,-16],[11,-30],[42,-113],[7,-18],[9,-19],[11,-18],[8,-11],[28,-28],[15,-11],[43,-33]],[[77484,22646],[47,-33]],[[77531,22613],[-22,17],[-65,48],[-8,7],[-34,31],[-8,6],[-6,4],[-13,8],[-44,16],[-18,2],[-9,0],[-4,0],[-5,0],[-10,-2],[-5,0],[-15,-4],[-67,-23]],[[77198,22723],[-22,-9]],[[77176,22714],[45,14]],[[80611,20767],[3,12]],[[80621,20823],[2,15]],[[80628,20866],[1,5]],[[80631,20878],[0,5],[1,4],[5,-1],[6,14]],[[80655,20934],[6,22]],[[80677,21001],[4,29]],[[80700,21087],[2,9]],[[80708,21150],[0,16]],[[80649,21346],[2,17]],[[80442,21730],[-10,20]],[[80379,21999],[3,21]],[[80078,22260],[-82,12],[-6,1]],[[79990,22273],[-8,0],[-6,-1],[-1,1],[-1,0],[0,0],[-2,1],[-7,2],[-8,2],[-34,6]],[[77190,22715],[59,20],[34,8],[5,0],[6,1],[10,0],[81,-30],[106,-79]],[[77491,22635],[88,-66],[7,-4],[7,-5],[13,-10],[22,-14],[51,-28],[6,-2],[8,-3],[41,-12],[25,-7],[51,-18],[56,-28],[11,-10],[24,-24],[9,-9],[9,-8],[5,-4],[19,-10],[12,-4],[12,-2],[61,-9]],[[78028,22358],[11,-1],[47,-7]],[[78086,22350],[109,-15],[67,-10],[15,-2],[61,-5],[28,-3],[14,-2]],[[78380,22313],[103,-8],[47,5],[13,3],[8,3],[12,4],[152,103],[121,113],[22,17],[8,5],[6,5],[7,3],[13,7],[20,8],[35,6],[8,0],[13,0],[154,-25],[89,-4],[15,-1],[7,-1],[9,-1],[196,-31],[39,-3],[42,-3],[21,-2],[42,-7],[122,-30],[35,-11],[19,-11],[23,-19],[11,-12],[13,-18],[9,-11],[11,-11],[29,-20],[47,-15]],[[79901,22351],[3,0],[11,0],[22,0],[32,0]],[[79969,22351],[39,-1]],[[80008,22350],[41,0]],[[80049,22350],[65,3]],[[80211,22366],[8,0]],[[80285,22324],[3,-5]],[[80289,22317],[3,-7]],[[80292,22307],[2,-5]],[[80295,22298],[1,-11]],[[80296,22271],[-2,-27],[-2,-20],[-5,-45],[-4,-29],[-8,-53],[-1,-9],[1,-26],[11,-37],[89,-180],[164,-324],[70,-138],[65,-130],[22,-59],[5,-45],[-4,-39],[-41,-127]],[[77170,22712],[6,2]],[[77531,22613],[89,-68],[63,-36],[24,-12],[10,-4],[41,-13],[13,-4],[38,-13],[47,-21],[22,-17],[11,-11],[19,-19],[10,-9],[16,-10],[9,-4],[6,-2],[8,-3],[7,-1]],[[77964,22366],[64,-8]],[[78028,22358],[11,-1],[47,-7]],[[78453,22297],[-68,5]],[[78385,22302],[-20,2],[-13,2],[-16,3],[-20,4],[-17,2],[-137,20]],[[78244,22325],[-19,2],[-9,1],[-23,4],[-119,17],[-81,11],[-31,5]],[[77254,22740],[-23,-8]],[[78000,22358],[-29,4],[-13,2],[-22,7],[-27,18],[-16,16],[-14,14],[-18,15],[-31,16],[-22,8],[-53,18],[-39,12],[-67,32],[-43,28],[-12,9],[-35,27],[-27,20],[-41,31]],[[79934,22350],[74,0]],[[77761,22478],[-35,10]],[[77713,22492],[-8,4]],[[77638,22533],[-15,9]],[[77517,22622],[-17,13],[-16,11]],[[76982,22639],[26,10]],[[79934,22350],[-19,-1],[-8,0],[-10,1]],[[79897,22350],[-13,1],[-24,7]],[[79820,22385],[-6,6]],[[79765,22448],[-6,5]],[[79759,22453],[-8,5]],[[79747,22461],[-6,3]],[[89117,19086],[-38,-44]],[[89079,19042],[-28,-12]],[[89051,19030],[-6,-1]],[[89045,19029],[-16,-1]],[[89029,19028],[-8,1]],[[89021,19029],[-7,1]],[[89014,19030],[-7,2]],[[89007,19032],[-4,2]],[[89003,19034],[-47,27],[-99,29],[-53,4],[-22,5],[-3,2],[-6,2],[-4,2],[-11,7],[-66,45],[-52,12],[-6,1],[-7,2],[-5,3],[-16,8],[-80,47],[-12,2],[-21,1],[-15,3],[-32,13]],[[88446,19249],[-32,19],[-65,67],[-16,12],[-6,5],[-5,5]],[[88322,19357],[-179,108],[-221,161],[-49,66],[-14,14],[-7,6],[-2,1],[-3,2],[-4,2],[-4,2],[-14,4],[-26,3],[-67,-3]],[[87732,19723],[-125,20],[-59,27]],[[87548,19770],[-45,24],[-103,74],[-37,53],[-37,90]],[[87326,20011],[-43,108]],[[87283,20119],[-1,3],[-7,16]],[[87275,20138],[-138,344],[-68,108],[-23,42],[-17,46],[-50,216],[-10,33],[-16,44],[-8,17],[-10,27],[-7,16],[-3,8],[-6,15],[-30,71],[-28,51],[-366,484],[-13,16],[-23,25],[-57,75],[-5,7],[-15,24],[-15,20],[-70,95],[-20,24],[-37,35],[-84,46],[-307,76],[-34,12],[-40,26],[-20,21],[-28,46],[-8,17],[-10,23],[-57,133],[-124,292],[-21,44],[-12,23],[-12,25],[-48,48],[-42,16],[-57,2],[-41,-15],[-7,-4],[-23,-13]],[[85265,22799],[-20,-11]],[[85245,22788],[-34,-19]],[[85211,22769],[-24,-13]],[[85187,22756],[-9,-4]],[[85178,22752],[-4,-2],[-74,-42]],[[85100,22708],[-39,-17],[-44,-12],[-36,-4],[-119,-10],[-69,-6],[-32,-2],[-23,-2],[-23,-2],[-81,2],[-437,45],[-28,-1],[-32,-6],[-29,-6],[-41,-8],[-8,-1],[-18,-4],[-22,-4],[-60,-5],[-86,-16],[-9,-2],[-43,-9],[-165,-30],[-67,-10],[-12,-2],[-22,-4],[-122,-29],[-108,-21],[-39,-5],[-64,3],[-365,58],[-173,9]],[[82684,22607],[-107,12],[-49,-12],[-73,-46],[-50,-15],[-37,3],[-290,54]],[[82078,22603],[-50,9],[-72,13],[-58,11],[-35,6],[-132,28],[-33,5],[-15,1],[-33,2],[-15,1],[-133,-5],[-46,-10],[-59,-37],[-61,-54],[-18,-15],[-74,-66],[-33,-28],[-40,-24],[-12,-5],[-24,-10],[-52,-12],[-61,-2],[-30,4],[-225,49],[-49,-2],[-26,-8],[-11,-5],[-16,-8],[-103,-55],[-40,-9],[-25,0],[-40,5],[-125,9],[-17,0],[-21,-1],[-108,-24],[-38,-10],[-8,-2],[-5,0]],[[80135,22354],[-86,-4]],[[79944,22343],[17,1]],[[79974,22345],[22,3]],[[79996,22348],[71,3]],[[80067,22351],[59,3],[9,0]],[[89121,19083],[-42,-41]],[[89051,19030],[-6,-1]],[[89029,19028],[-8,1]],[[89014,19030],[-7,2]],[[89007,19032],[-4,2]],[[85265,22799],[-11,-8]],[[85254,22791],[-40,-26],[-14,-6],[-21,-8],[-7,-3],[-8,-4],[-64,-36]],[[85254,22791],[21,16]],[[85275,22807],[4,2]],[[85279,22809],[22,12]],[[85301,22821],[23,9],[31,5],[44,-6],[45,-20],[41,-45],[14,-28],[15,-29],[11,-23],[149,-350],[31,-75],[6,-11],[8,-19],[6,-13],[6,-13],[59,-72],[59,-26],[283,-70],[39,-12],[72,-43],[22,-20],[31,-35],[82,-110],[15,-19],[3,-3],[17,-24],[46,-60],[23,-30],[6,-8],[7,-9],[38,-49],[320,-423],[32,-51],[25,-62],[17,-32],[4,-9],[7,-15],[8,-20],[28,-86],[51,-216],[34,-90],[62,-94],[19,-35],[135,-342]],[[87283,20119],[43,-108]],[[87548,19770],[84,-25],[100,-22]],[[88322,19357],[15,-11],[8,-5],[26,-24],[37,-40],[38,-28]],[[85265,22799],[10,8]],[[77964,22366],[14,-2],[66,-9],[146,-21],[73,-11],[74,-8],[29,-4],[21,-3]],[[78387,22308],[52,-8]],[[78439,22300],[9,-1]],[[78448,22299],[49,0],[21,3],[9,3],[14,4],[12,4],[14,6],[14,6],[24,15],[135,100],[123,113],[6,4],[7,5],[14,8],[24,9],[18,4],[12,2],[8,1],[6,0],[22,-2],[151,-24],[74,-3],[12,-1],[16,-1],[212,-33],[31,-2],[43,-3],[11,-1],[10,-1],[134,-31]],[[79674,22484],[41,-9]],[[79715,22475],[8,-2]],[[79723,22473],[10,-4]],[[79733,22469],[10,-5]],[[79743,22464],[14,-8]],[[79757,22456],[15,-12],[21,-22],[6,-8],[8,-10],[16,-18],[29,-21],[24,-10]],[[79876,22355],[21,-5]],[[79934,22350],[74,0]],[[80008,22350],[127,6],[8,1],[6,1],[10,2],[96,26],[57,7],[15,-1],[23,-1],[117,-9],[30,-3],[46,3],[32,11],[76,44],[12,6],[14,7],[14,5],[39,11],[29,1],[114,-22],[113,-27],[42,-5],[68,4],[35,9],[31,12],[47,28],[89,79],[29,23],[33,29],[18,15],[32,28],[18,13],[45,18],[32,5],[121,4],[32,-1],[17,-1],[9,0],[10,-1],[94,-18]],[[81788,22659],[111,-20],[57,-11],[73,-15]],[[82029,22613],[71,-12]],[[82100,22601],[268,-50],[76,8],[73,45],[50,17],[31,-1]],[[82598,22620],[118,-15]],[[82716,22605],[56,1],[68,-4]],[[82840,22602],[394,-62],[88,3],[108,21],[127,33],[21,3],[52,6],[48,7],[142,27],[44,8],[8,2],[86,16],[61,5],[21,4],[19,4],[4,1],[44,9],[30,6],[32,5],[28,1],[455,-46],[63,0],[36,2],[45,4],[66,5],[33,3],[52,4],[79,9],[71,27],[34,19],[24,13],[11,6]],[[85166,22747],[12,5]],[[85187,22756],[24,13]],[[79674,22484],[41,-9]],[[79723,22473],[10,-4]],[[79743,22464],[14,-8]],[[79876,22355],[25,-4]],[[78380,22313],[44,-7]],[[78424,22306],[9,-3]],[[78433,22303],[15,-4]],[[85166,22747],[58,32],[41,22]],[[85265,22801],[14,8]],[[79969,22351],[149,5],[17,1],[5,1],[4,1],[7,1],[89,24],[29,6],[44,4],[19,0],[16,-1],[158,-13],[50,7],[31,13],[63,38],[13,7],[13,6],[37,13],[31,4],[38,-3],[227,-49],[99,5],[32,10],[18,7],[51,30],[58,51],[29,25],[13,10],[37,32],[61,54],[19,14],[21,11],[26,8],[24,4],[127,5],[23,-1],[37,-2],[26,-3]],[[81710,22676],[20,-3]],[[81730,22673],[135,-25],[43,-9],[14,-2],[69,-14],[33,-7],[40,-9],[36,-6]],[[82598,22620],[119,-13],[91,0],[32,-5]],[[81710,22676],[20,-3]],[[81730,22673],[58,-14]],[[78439,22300],[-24,2]],[[82078,22603],[-49,10]],[[77104,22767],[19,-52],[17,-50],[22,-37],[50,-73],[35,-125],[4,-29],[0,-55],[-2,-16],[-3,-19],[-2,-19],[-6,-49],[-1,-12],[-1,-17],[3,-39],[7,-22],[7,-18],[5,-9],[18,-18],[12,-14],[32,-40],[13,-16],[28,-36],[12,-24],[10,-13],[13,-13],[23,-18],[11,-6],[19,-8],[39,-9],[111,-18],[110,-6],[36,-7],[35,-11],[82,-37],[21,-12],[5,-5],[11,-12],[9,-12],[36,-26],[8,-4],[15,-6],[38,-18]],[[78005,21737],[30,-15]],[[78035,21722],[57,-32]],[[78092,21690],[37,-21]],[[78129,21669],[15,-9]],[[78144,21660],[34,-14],[62,-36],[59,-26],[55,-25],[84,-42],[44,-33],[24,-23],[13,-16],[3,-4],[71,-91],[73,-96],[30,-41],[30,-33],[26,-40],[10,-14],[116,-155],[11,-14],[8,-10],[92,-107],[20,-24],[32,-36],[54,-61]],[[79095,20719],[125,-143]],[[79220,20576],[114,-131],[17,-19],[5,-6],[9,-10]],[[79365,20410],[63,-53]],[[79428,20357],[33,-26]],[[79873,20031],[67,-38],[34,-19]],[[80181,19854],[32,-18],[39,-23]],[[80412,19721],[62,-36],[69,-39]],[[80598,19612],[176,-102]],[[80833,19461],[44,-43]],[[81273,19036],[26,-26],[33,-31]],[[81833,18503],[38,-36],[90,-87]],[[82357,17989],[45,-44],[24,-23]],[[82864,17508],[8,-8],[20,-19]],[[83165,17216],[31,-31]],[[83557,16841],[16,-15],[23,-23]],[[84005,16406],[101,-91]],[[84106,16315],[153,-136]],[[84544,15930],[40,-24]],[[84584,15906],[36,-21],[32,-19]],[[84993,15493],[48,-44],[115,-329],[52,-163],[235,-669],[60,-173],[5,-13],[12,-35],[15,-45],[51,-145],[80,-204],[25,-61],[33,-84],[10,-27],[64,-162],[31,-71],[72,-194],[69,-174],[112,-200],[31,-52],[7,-11],[12,-22],[31,-51],[24,-41],[25,-41],[98,-164],[376,-633],[24,-39],[7,-11],[28,-29]],[[86745,11606],[16,-15]],[[86761,11591],[11,-10]],[[86772,11581],[43,-38]],[[86818,11546],[-43,34]],[[86775,11580],[-14,11]],[[86761,11591],[-24,20]],[[86737,11611],[35,-30]],[[77097,22764],[18,-49],[11,-31],[9,-20],[19,-33],[45,-69],[12,-24],[25,-96],[5,-35],[3,-31],[0,-19],[-4,-57],[-5,-48],[-3,-38],[9,-59],[4,-10],[4,-10],[7,-12],[4,-5],[11,-14],[12,-15],[38,-46],[33,-42],[9,-14],[14,-22],[2,-2],[11,-10],[28,-22],[120,-47],[51,-7],[95,8],[22,-1],[36,-8],[37,-10],[30,-12],[52,-26],[20,-11],[7,-6],[8,-8],[7,-8],[4,-6],[20,-17],[37,-18]],[[77892,21866],[1,10]],[[77894,21875],[-2,-18],[0,-6],[0,-9],[1,-7],[10,-30],[42,-39],[7,-4],[12,-6],[41,-19]],[[82139,18203],[16,-16]],[[82253,18089],[152,-140],[48,-51],[333,-319]],[[86745,11606],[30,-26]],[[86737,11611],[-29,33],[-41,70],[-104,175],[-142,238],[-25,42],[-68,114],[-17,28],[-32,53],[-86,146],[-26,42],[-19,32],[-58,99],[-97,168],[-18,35],[-23,54],[-127,332],[-26,60],[-35,87],[-42,108],[-26,66],[-8,22],[-41,99],[-57,146],[-44,124],[-40,118],[-5,13],[-26,73],[-25,72],[-173,489],[-71,207],[-61,192],[-92,266],[-24,44],[-41,36],[-90,55],[-36,35],[-33,48],[-31,60]],[[84798,15692],[-47,95]],[[84751,15787],[-50,49]],[[84701,15836],[-15,9]],[[84686,15845],[-64,37],[-47,28]],[[84575,15910],[-37,22]],[[84538,15932],[-7,5],[-9,7],[-170,151]],[[84352,16095],[-348,309],[-78,67],[-28,26],[-83,79],[-132,138],[-43,42],[-70,67],[-52,49],[-42,42],[-85,80],[-112,104],[-244,234],[-98,103],[-26,26],[-40,38],[-8,8],[-18,18],[-103,91],[-483,465]],[[82259,18081],[-105,105]],[[82154,18186],[-17,17]],[[82137,18203],[-75,71],[-17,16],[-60,63],[-61,55],[-32,32],[-28,26],[-18,18],[-19,19],[-70,70],[-90,80],[-312,302],[-31,25],[-14,12],[-121,121],[-257,248],[-77,75],[-51,49],[-21,17],[-275,158],[-36,21],[-62,36],[-37,20],[-80,46],[-23,14],[-59,34],[-32,19],[-23,13],[-170,98],[-48,27],[-13,8],[-10,6],[-44,25],[-147,85],[-41,26],[-84,63],[-89,79],[-22,23]],[[79488,20303],[-104,85]],[[79379,20393],[-24,26],[-5,6]],[[79040,20779],[-18,20]],[[78725,21179],[-9,10]],[[78592,21349],[-61,78]],[[78191,21638],[-14,6]],[[78035,21721],[68,-39],[4,-2],[7,-4],[5,-2],[10,-5]],[[78129,21669],[15,-9]],[[84544,15930],[16,-11],[4,-2],[11,-7]],[[84751,15787],[69,-136],[18,-32],[26,-34],[49,-44],[80,-48]],[[84798,15692],[-49,95],[-66,57]],[[84683,15844],[-62,35],[-94,57],[-9,8],[-22,20],[-70,62],[-74,69]],[[84683,15844],[18,-8]],[[78035,21722],[57,-32]],[[76352,31244],[-1,1],[-4,-10],[-15,-48]],[[76332,31187],[-11,-25]],[[76321,31162],[-61,-20],[-11,-2]],[[76249,31140],[-19,-7]],[[76230,31133],[-14,-7]],[[76216,31126],[-13,-10]],[[76203,31116],[-9,-6],[-28,-30],[-16,-41],[-1,-5],[0,-5]],[[76149,31029],[1,-2],[1,-6],[0,-9]],[[76151,31012],[3,-83],[-1,-9],[-2,-8],[-18,-27]],[[76133,30885],[-21,-11]],[[76112,30874],[-5,-1],[-8,-1],[-41,13],[-24,19],[-48,22],[-65,11],[-6,1]],[[75915,30938],[-10,-1],[-1,0],[-2,-6],[-11,-71],[-35,-209],[1,-8],[16,-48],[12,-21],[14,-15],[15,-14],[11,-8],[51,-21],[14,-2],[38,4],[22,-123],[5,-30],[1,-83],[-3,-13],[-50,-133],[-36,-18],[-51,-17],[-4,-2],[4,-12],[3,-12],[14,-103],[3,-11],[65,-69],[24,-19],[16,-13]],[[76041,29860],[6,-3],[16,-14]],[[76063,29843],[32,-38]],[[76095,29805],[15,-3],[5,-1],[2,-8],[-4,-26],[-1,-2],[0,-2],[-2,0],[-6,1],[-10,6]],[[76094,29770],[0,1],[-51,-53],[-25,3],[-6,-3],[-2,-2],[-3,-19],[-1,-6],[-39,6],[-42,-3],[-3,-21],[11,-93],[5,-13],[5,-9],[57,-120],[4,-10],[7,-91],[-13,-38],[-19,-38],[-70,-143],[-15,-29],[-17,-35],[-9,-19],[0,-1],[-22,-58],[-24,-46]],[[75822,28930],[-13,-13],[-13,-10],[-10,-7]],[[75786,28900],[-53,-68],[-6,-18],[-4,-23],[-4,-23],[-1,-5],[24,-83],[16,-22],[20,-87],[-27,-181],[-7,-48],[-6,-40],[-3,-20],[-8,-46],[-3,-16],[-9,-38],[-24,-57],[-40,-53],[-16,-20]],[[75635,28052],[-4,-10],[-6,-11],[-2,-4],[-9,-14],[-1,-1],[2,-10],[0,-2],[-5,-7],[-10,6],[-4,1]],[[75596,28000],[-66,44],[-25,-5],[-9,-12],[-15,-17],[-6,-23],[52,-23],[24,-6],[40,-7],[12,-3],[19,-3],[10,-2],[39,-7],[7,-2],[-12,1]],[[75666,27935],[-10,-73]],[[75656,27862],[-20,-143],[-10,2]],[[75626,27721],[-12,2],[-11,-126],[-68,3],[-3,-30],[3,-11],[14,-29],[-6,-149],[34,-176]],[[75577,27205],[3,-16]],[[75580,27189],[3,-9],[14,-56],[-10,-3],[-18,-4],[-31,-8],[-6,0],[-4,29]],[[75528,27138],[-4,21],[-5,24]],[[76369,31222],[-12,-37]],[[76337,31108],[-9,-65]],[[76323,31014],[-16,-101]],[[76150,29919],[-24,-155]],[[76102,29611],[-18,-115],[-14,-55],[-31,-77],[-155,-314],[-39,-120],[-8,-52],[-13,-87],[-15,-95],[-12,-79],[-14,-87],[-24,-158],[-7,-44],[-8,-54],[-10,-55],[-18,-57],[-22,-49],[-51,-83],[-41,-68],[-5,-8],[-10,-19],[-25,-58],[-17,-67],[-5,-54],[-7,-90],[-5,-76],[-2,-21],[-7,-110],[9,-123],[31,-111],[20,-78],[4,-21],[6,-20],[8,-50],[113,-455],[32,-91],[19,-39],[100,-182],[27,-73],[12,-45],[3,-15],[3,-19],[16,-120],[13,-97],[2,-16],[2,-13],[3,-23],[3,-30],[1,-35],[-3,-25],[-4,-24],[-2,-10],[-4,-16],[-6,-16],[-5,-10],[-8,-18],[-20,-33],[-15,-20],[-25,-27],[-178,-120],[-50,-56],[-16,-25],[-6,-9],[-4,-7],[-16,-33],[-18,-52],[-15,-52],[-4,-13],[-3,-14],[-9,-89],[0,-25],[1,-8],[0,-14],[1,-36]],[[75537,25051],[2,-20]],[[75539,25031],[1,-12]],[[75550,24957],[4,-15]],[[75628,24757],[5,-23]],[[75705,24385],[9,-18]],[[75925,23932],[6,-30],[7,-37]],[[75977,23653],[6,-25]],[[75990,23599],[-4,12]],[[75986,23611],[-2,8],[-4,16],[-4,18],[-14,77],[-20,108],[-7,38],[-10,53]],[[75925,23929],[-5,25],[-2,12],[-8,42],[-3,17],[-31,94],[-43,74],[-80,106],[-11,17],[-17,26],[-16,32],[-19,48],[-17,67],[-32,196],[-5,30],[-24,83],[-39,84],[-13,34],[-11,41],[-9,54]],[[75540,25011],[-7,78]],[[75530,25123],[-1,26]],[[75675,25485],[5,4]],[[75852,25604],[30,32]],[[75934,25920],[-13,96]],[[75905,26137],[-2,15]],[[75700,26636],[-20,81]],[[75680,26717],[-47,186]],[[75579,27143],[-15,59]],[[75519,27516],[2,41]],[[75540,27775],[2,22]],[[75636,28021],[11,17],[15,26]],[[75833,28859],[10,66]],[[76120,29759],[13,77]],[[76370,31221],[-12,-36]],[[77099,22662],[-84,-20]],[[77015,22642],[-7,-2]],[[77008,22640],[-21,-7]],[[76987,22633],[-46,-9]],[[76941,22624],[-5,-2],[-7,-1],[-8,-3],[-8,-3],[-8,-4],[-96,-48],[-40,-11]],[[76769,22552],[-9,-1]],[[76760,22551],[-11,2],[-9,2],[-9,3],[-9,4],[-5,3],[-5,3],[-39,37]],[[76673,22605],[-10,9],[-6,7],[-6,8],[-19,32]],[[76632,22661],[-104,176]],[[76528,22837],[-11,17],[-7,11],[-20,27],[-23,27],[-6,7],[-15,15],[-9,8],[-28,37],[-36,57],[-7,11],[-8,10],[-27,46]],[[77099,22659],[-63,-14],[-28,-5]],[[77008,22640],[-21,-7]],[[77098,22666],[-68,-18]],[[77030,22648],[-8,-2]],[[77022,22646],[-16,-5]],[[77006,22641],[-65,-17]],[[76334,23108],[11,-18]],[[76419,22974],[19,-23],[8,-9],[16,-15],[6,-7],[18,-20],[25,-34],[10,-16],[8,-13],[8,-12],[17,-27],[51,-85],[45,-71],[4,-7],[5,-11],[5,-9]],[[76664,22615],[6,-7]],[[76670,22608],[3,-3]],[[77095,22672],[-15,-5]],[[76992,22640],[38,12]],[[77030,22652],[65,23]],[[77095,22675],[28,10],[37,13]],[[77160,22698],[-36,-8],[-20,-7]],[[76966,22635],[-25,-7]],[[76941,22628],[51,12]],[[76992,22640],[-27,-10]],[[76965,22630],[-11,-2],[-18,-1],[-5,-1],[-5,-1]],[[76926,22625],[-9,-1]],[[76917,22624],[-57,-21],[-62,-41],[-18,-6],[-20,-2],[-10,1],[-10,2],[-8,3],[-9,4],[-5,3],[-5,3],[-37,33],[-11,16],[-3,5],[-4,7],[-21,35]],[[76637,22666],[-18,29]],[[76619,22695],[-8,17]],[[76611,22712],[-4,8]],[[76607,22720],[-17,27]],[[76590,22747],[6,-7]],[[76596,22740],[6,-8]],[[76602,22732],[-10,16]],[[76592,22748],[-15,23],[-4,6],[-4,6],[-9,12],[-23,36],[-12,18],[-17,27],[-19,23]],[[76489,22899],[-23,27],[-6,7],[-10,9],[-10,11],[-19,23],[-9,15],[-11,19],[-22,35],[-17,29],[-12,18]],[[76350,23092],[-46,73],[-9,13],[-7,10],[-36,46]],[[76252,23234],[22,-26]],[[76274,23208],[24,-27],[9,-11],[30,-49],[17,-27]],[[76354,23094],[10,-13],[12,-20],[11,-20],[15,-23],[9,-15],[1,-4],[8,-13],[4,-7],[5,-8],[11,-14],[13,-13],[8,-9],[12,-11],[49,-58],[7,-10],[15,-24],[4,-7],[5,-8],[7,-13],[8,-12],[9,-15]],[[76577,22777],[37,-64]],[[76614,22713],[27,-44],[15,-24],[3,-5],[9,-21],[5,-9],[16,-18],[25,-21],[5,-3],[5,-3],[9,-4],[8,-3],[9,-2],[20,0],[36,11],[54,38],[45,17]],[[76905,22622],[9,2]],[[76914,22624],[5,1]],[[76919,22625],[8,2]],[[76927,22627],[10,1],[4,0]],[[75528,27138],[21,-144],[9,-74],[14,-118],[1,-5],[0,-2],[1,-3],[1,-3],[0,-2],[68,-129],[17,-46],[6,-18],[14,-47],[8,-29],[85,-292]],[[75773,26226],[13,0]],[[75786,26226],[34,13],[30,-74],[1,-1],[28,-4],[19,-4],[4,0],[8,-1],[-5,20]],[[75786,26226],[-5,-2],[-8,-1]],[[75773,26223],[1,-3]],[[75774,26220],[1,-10]],[[75775,26210],[-8,-118],[8,-31],[3,-9],[21,-53],[7,-17],[6,-12],[17,-37],[0,-5]],[[75829,25928],[63,-109]],[[75892,25819],[3,-3],[17,-28],[8,-12],[13,-30],[2,-8],[0,-5],[0,-5],[-4,-24]],[[75931,25704],[-24,-69],[-68,-96],[-29,-60]],[[75810,25479],[-13,-2]],[[75797,25477],[-91,13],[-80,-80]],[[75626,25410],[-10,-16],[-5,-15]],[[75611,25379],[-4,-28]],[[75607,25351],[0,-4],[-8,-53]],[[75599,25294],[-5,-34]],[[75594,25260],[-9,-64],[-1,-8]],[[75584,25188],[-2,-4]],[[75582,25184],[1,-2],[1,-1]],[[75584,25181],[1,-1],[0,-2],[0,-4],[-11,-8],[-2,3]],[[75572,25169],[-9,-5],[-8,-5],[-4,-5],[-2,-11],[-1,-5],[-3,-22],[-2,-4]],[[75543,25112],[69,-16],[18,-8],[33,-68],[33,-68],[61,-128],[-11,-5],[-67,6],[-12,-33],[-31,-8]],[[75636,24784],[4,-43]],[[75640,24741],[2,-33]],[[75642,24708],[7,-42]],[[75649,24666],[6,-27]],[[75655,24639],[19,-107],[6,-33]],[[75680,24499],[94,-13],[-1,-5],[-1,-5],[-11,-83],[-4,-39]],[[75757,24354],[-4,-27],[-6,-42],[-7,-59],[-5,-31],[-1,-11],[-4,-27],[-13,-96],[-5,-44],[-3,-22],[-2,-11]],[[75707,23984],[-6,-50]],[[75701,23934],[-3,-13]],[[75698,23921],[-1,-6]],[[75697,23915],[2,-9],[3,-4]],[[75702,23902],[13,1]],[[75715,23903],[43,-6]],[[75758,23897],[101,-14]],[[75859,23883],[46,-6],[18,-3],[5,-3]],[[75928,23871],[18,-2],[2,-15],[4,-20],[5,-25],[22,-119],[17,-33],[-4,-26],[-1,-13],[132,-19],[6,-2],[15,-2],[2,0],[84,-12],[2,0]],[[76232,23583],[3,-1],[3,-2],[3,-1],[31,-32],[119,-142],[4,-9],[0,-2],[0,-5]],[[76395,23389],[0,-3],[0,-3],[-2,-12]],[[76393,23371],[-11,-81],[-10,-65]],[[76372,23225],[0,-4],[-2,-16],[-2,-14],[-1,-8],[0,-3],[-1,-2],[-1,-3],[-2,-16],[-2,-18],[-2,-12],[-3,-1],[1,4],[0,5],[1,7],[2,15],[2,13],[0,3],[1,9]],[[76363,23184],[1,3],[0,5],[5,33]],[[76369,23225],[15,109],[6,50],[1,3]],[[76391,23387],[-1,1],[0,4],[-1,4],[-2,5],[-8,12],[-68,79],[-36,42],[-38,45],[-1,3],[-4,1]],[[75928,23871],[-6,-1],[-2,0]],[[75920,23870],[-10,2]],[[75910,23872],[-52,7]],[[75858,23879],[1,4]],[[75920,23870],[-10,2]],[[75858,23879],[-134,18],[-14,-2],[-6,-2],[-1,0],[-1,-1],[-4,-1],[-1,1],[-1,0]],[[75696,23892],[0,1],[-1,4],[0,2],[0,1],[0,1],[1,0]],[[75696,23901],[1,14]],[[75697,23915],[1,6]],[[75701,23934],[6,50]],[[75757,24354],[3,24],[-45,6],[-5,2],[-7,17],[1,30],[3,26],[5,35],[-32,5]],[[75655,24639],[-6,27]],[[75642,24708],[-2,33]],[[75636,24784],[5,48]],[[75641,24832],[10,71],[52,-7],[-1,13],[-4,10],[-14,28],[-70,144],[-69,9],[-3,2],[-1,0],[0,2],[2,8]],[[75572,25169],[-3,9],[0,9],[1,2]],[[75570,25189],[1,1],[0,1],[1,0],[3,0],[7,-7]],[[75584,25188],[10,72]],[[75599,25294],[8,57]],[[75611,25379],[-1,16],[1,1],[2,1],[13,13]],[[75797,25477],[13,2]],[[75931,25704],[1,21],[0,3],[0,7],[-1,3],[-1,8],[-5,12],[-16,28],[-4,8],[-12,21],[-1,4]],[[75829,25928],[-25,48],[-8,17],[-12,28],[-4,12],[-8,24],[-7,27],[10,126]],[[75774,26220],[-1,6]],[[75773,26226],[0,-3]],[[75580,27189],[-3,16]],[[75626,27721],[10,0],[20,141]],[[75666,27935],[-45,6],[-27,5],[-50,10],[-82,33],[-4,4],[18,18],[18,21],[18,24],[2,3],[16,-9],[69,-44]],[[75599,28006],[11,17],[21,32]],[[75631,28055],[4,-3]],[[75596,28000],[3,6]],[[75631,28055],[5,6],[67,102],[5,13],[9,33],[3,13],[1,6],[1,7],[12,72],[6,35],[6,48],[7,51],[2,14],[7,47],[4,27],[7,60],[-20,63],[-14,21],[-28,70],[1,28],[4,21],[2,9],[3,15],[3,15],[3,11],[46,58]],[[75773,28900],[29,19],[4,4],[10,9]],[[75816,28932],[6,-2]],[[75786,28900],[-13,0]],[[75816,28932],[51,117],[4,8],[3,8],[4,7],[53,106],[21,42],[19,40],[20,39],[17,78],[-18,69],[-56,115],[-5,11],[-2,6],[-2,5],[-2,5],[-1,4],[-2,8],[-2,8],[-1,5],[-1,8],[-1,26],[0,10],[1,10],[5,37],[1,6],[5,26],[15,29],[68,52],[29,37]],[[76039,29854],[-1,1]],[[76038,29855],[3,5]],[[76094,29770],[-2,3],[3,32]],[[76063,29843],[-20,9],[0,-1],[-4,3]],[[76038,29855],[-16,14],[-41,32],[-22,18],[-31,53],[-3,14],[-18,112],[-1,5],[71,23],[19,16],[48,114],[4,12],[6,36],[0,15],[-2,30],[-2,13],[-27,148],[-21,-2],[-7,1],[-12,1],[-48,15],[-39,30],[-2,-1],[-4,4],[-9,14],[-7,10],[-23,74],[0,13],[4,39],[3,10],[11,36],[3,14],[8,52],[1,14],[1,7],[12,80],[5,17],[1,5],[5,0],[1,-2],[9,-3]],[[76112,30874],[21,11]],[[76151,31012],[-3,5],[0,1],[1,11]],[[76203,31116],[13,10]],[[76230,31133],[19,7]],[[76321,31162],[3,6],[1,1],[7,18]],[[76927,22627],[-3,-1],[-5,-1]],[[76914,22624],[-9,-2]],[[76614,22713],[-12,19]],[[76590,22747],[-14,23],[-8,12],[-18,25],[-12,18],[-8,13],[-10,16],[-3,6],[-8,12]],[[76509,22872],[-32,39]],[[76432,22960],[-26,33],[-45,75],[-12,23]],[[76349,23091],[-16,25],[-30,49],[-9,12],[-10,14],[-41,52]],[[76243,23243],[-5,7]],[[76238,23250],[-7,7],[-5,5],[-19,15],[-21,13],[-45,29],[-21,13],[-16,10],[-7,6],[-8,6],[-8,7],[-13,15],[-6,7],[-3,5],[-3,5],[-29,67]],[[76027,23460],[-35,130]],[[75992,23590],[35,-130]],[[76317,30976],[-79,-492]],[[76238,23250],[14,-16]],[[76252,23234],[13,-16]],[[76265,23218],[4,-5],[5,-6],[2,-2],[22,-26],[8,-10],[32,-51],[12,-21]],[[76350,23097],[12,-17]],[[76362,23080],[-8,14]],[[76350,23092],[8,-16]],[[76358,23076],[34,-55],[14,-22],[5,-6],[4,-6],[11,-12],[29,-31]],[[76455,22944],[8,-8],[11,-10],[61,-42],[24,-11],[12,-3],[7,0],[6,-1],[7,1],[6,1],[4,0],[4,1],[9,3],[27,9],[101,36],[25,10],[202,75],[180,67],[9,2],[7,2],[8,1],[8,0],[38,-8],[35,-27],[6,-7],[5,-9],[5,-10],[7,-23],[10,-27],[15,-44],[6,-12],[25,-53],[5,-13],[2,-8],[1,-9],[0,-7],[-1,-7],[-3,-17],[-2,-6],[-4,-9],[-3,-5],[-6,-7],[-14,-13],[-8,-6],[-8,-4],[-64,-22],[-18,-7],[-50,-19]],[[76358,23076],[-9,15]],[[76362,23080],[7,-11],[6,-10],[8,-15],[31,-51],[6,-8],[4,-7],[8,-10],[23,-24]],[[76664,22615],[6,-7]],[[76760,22551],[9,1]],[[75540,25011],[-1,20]],[[79426,20330],[5,-4],[60,-47],[12,-10],[-41,-274],[-11,-29],[104,-17],[-40,-97]],[[79515,19852],[8,-31],[12,-42],[17,-61],[1,-18],[-17,-112],[-8,-50],[-4,-27],[-13,-86],[-5,-30],[-15,-101]],[[79491,19294],[-1,-16],[1,-12],[-3,1],[-3,0],[-24,4],[-68,11]],[[79393,19282],[-31,6]],[[79362,19288],[-20,3],[-25,4],[-19,-144],[7,-17],[-17,-122],[38,-6]],[[79326,19006],[6,-1],[-7,-47]],[[79325,18958],[0,-2]],[[79325,18956],[-31,-227]],[[79294,18729],[0,-8],[-17,3]],[[79277,18724],[51,-8],[90,-16],[-3,-20],[-3,-18],[-6,-46],[-10,-64],[-8,-52],[-9,-60],[-5,-31],[-10,-78],[-5,-36],[-5,-37],[-10,-60],[-5,-40],[-3,-21]],[[79336,18137],[-3,-22],[-49,8],[-2,-15]],[[79282,18108],[-7,-43]],[[79275,18065],[-4,-26]],[[79271,18039],[-3,5],[0,3],[1,6],[5,4]],[[79274,18057],[-3,-18]],[[79271,18039],[-4,-11],[57,-105],[69,-125],[11,-21],[57,-102],[17,-32],[39,-71],[35,-64],[2,-3],[-5,-3],[-5,-2],[-6,0],[-59,9],[-40,6],[-11,2]],[[79428,17517],[-5,1],[-28,4]],[[79395,17522],[26,-4],[2,-2],[2,-2],[2,-5]],[[79427,17509],[1,8]],[[80840,15260],[-11,17]],[[80829,15277],[-3,4],[-3,3],[-8,-5]],[[80815,15279],[-17,-11]],[[80798,15268],[-13,-9]],[[80785,15259],[7,-16]],[[80792,15243],[46,-73]],[[80838,15170],[12,-9],[5,-24]],[[80855,15137],[5,-22]],[[80860,15115],[4,-14],[3,-7],[43,-71]],[[80910,15023],[38,-4]],[[80948,15019],[1,0]],[[80949,15019],[10,-3],[7,-11]],[[80966,15005],[45,-85],[27,-52],[6,-12],[43,-56],[22,-37],[41,-71],[20,-36],[17,-30],[50,-86],[27,-60],[18,-37],[18,-40],[3,-6],[19,-44],[58,-124],[26,-57],[16,-34],[2,-5],[5,-12],[25,-52],[34,-75],[7,-15],[9,-20],[14,-31],[17,-37],[15,-34],[27,-58],[15,-30],[9,-20],[16,-37],[16,-33],[13,-28],[10,-29],[28,-73],[20,-57],[3,-6],[1,-4],[16,-42],[5,-13],[2,-7],[7,-19],[2,-3],[7,-8],[1,-2],[1,-1],[2,-5],[11,-29],[1,-3],[14,-38],[1,-3]],[[81778,13309],[3,-6],[2,-12],[-1,-12],[0,-2],[1,-2],[-6,1],[-5,1],[-6,3]],[[81766,13280],[22,-86],[23,-86],[5,-23],[3,-18],[8,-75]],[[81827,12992],[2,-17],[9,1],[5,-1]],[[81843,12975],[18,-152],[27,-127],[51,-227]],[[81939,12469],[5,2]],[[81944,12471],[2,1],[37,18],[-22,-11],[-17,-8]],[[82034,9845],[25,75],[13,39]],[[82072,9959],[-14,-41],[-32,-71]],[[76637,22666],[-44,71],[-15,27],[-3,7],[-2,9],[-2,8],[-1,10],[1,7],[0,6],[6,25],[7,13],[5,7],[5,7],[6,6],[5,4],[6,4],[9,6],[11,5],[14,5],[107,39],[143,51],[42,16],[31,11],[176,66],[12,4],[9,1],[7,1],[9,1],[7,-1],[33,-8],[16,-9],[9,-6],[6,-6],[8,-8],[6,-8],[6,-9],[14,-32],[10,-27],[9,-26],[5,-16],[14,-29],[5,-10],[4,-10],[34,-93],[6,-17],[4,-10],[16,-29],[14,-17],[23,-21],[31,-24],[12,-10],[6,-6],[6,-6],[14,-15],[25,-29],[7,-8],[71,-57],[56,-32],[9,-4],[29,-12]],[[77696,22488],[-16,7]],[[77680,22495],[-6,3],[-5,3],[-11,5]],[[77658,22506],[-40,22]],[[77618,22528],[-6,4]],[[77612,22532],[-9,6]],[[77603,22538],[-23,17]],[[77580,22555],[-9,7]],[[77571,22562],[-8,7]],[[77563,22569],[-16,18]],[[77547,22587],[-13,10]],[[77534,22597],[-19,14]],[[77368,22715],[-8,4]],[[77345,22725],[-9,2]],[[77332,22728],[-8,2]],[[77312,22731],[-7,1],[-10,0]],[[77281,22731],[-11,-2]],[[77233,22718],[-93,-36],[-32,-11],[-11,-3]],[[77097,22668],[-40,-12]],[[77057,22656],[-36,-9]],[[77021,22647],[-18,-6]],[[77003,22641],[10,2]],[[77013,22643],[9,3]],[[77092,22679],[-39,-15]],[[77053,22664],[-23,-12]],[[79427,17509],[-8,-52],[-9,-59],[14,-30],[7,-19]],[[79431,17349],[7,-23]],[[79438,17326],[5,-13],[0,-3],[-4,-28],[-2,-15],[-3,-15],[-4,-31],[49,-7],[94,-15],[38,-7],[47,-7]],[[79658,17185],[70,-10],[3,0],[10,-4],[3,-5],[7,-12],[16,-27],[6,-11],[77,-141],[14,-27],[-2,-18]],[[79862,16930],[-2,-10],[-6,-44],[-1,-10]],[[79853,16866],[-1,-5],[-1,-7],[-8,-49]],[[79843,16805],[-1,-8],[-3,-22],[-2,-14],[0,-2],[-1,-4],[-7,-46],[-2,-18],[-17,-112],[-10,-71],[-6,-40],[-14,-102],[-9,-67],[-2,-11],[38,-6],[16,-2],[24,-4],[67,-11],[30,-5],[21,-3],[58,-9],[97,-14],[1,-13],[9,-16],[3,-6],[6,-13],[38,-60],[7,-10],[16,-26],[16,-23]],[[80216,16067],[9,-13]],[[80225,16054],[6,-9],[21,-27],[25,-31],[15,-18]],[[80292,15969],[8,-6],[1,4],[2,3]],[[80303,15970],[1,10],[1,-2],[1,-1],[3,-2],[7,-8],[27,-30],[82,-90],[24,-27],[24,-27],[43,-48],[4,3]],[[80520,15748],[7,-6]],[[80527,15742],[139,-175],[18,-3]],[[80684,15564],[31,-5],[10,-2],[1,-13],[5,-52],[0,-15],[-2,-23],[-2,-20],[-1,-6],[6,-33],[50,-132]],[[80782,15263],[4,1]],[[80786,15264],[12,4]],[[80815,15279],[10,7],[3,-4],[1,-5]],[[81939,12469],[-5,-1]],[[81934,12468],[-5,-4],[-3,-3],[-4,-4]],[[81922,12457],[35,-190]],[[81957,12267],[29,-179]],[[81986,12088],[3,-39]],[[81989,12049],[6,-46]],[[81995,12003],[3,-34],[14,-116],[12,-403],[-1,-48],[0,-4],[66,0]],[[82089,11398],[2,0],[9,1],[3,-1]],[[82103,11398],[0,-4],[1,-13],[1,-6],[0,-4],[0,-9],[15,-147],[11,-27],[4,-7],[15,-22],[9,-15],[11,-19],[0,-6],[30,-5],[43,-7]],[[82243,11107],[99,77],[2,1],[4,-8]],[[82348,11177],[49,-47],[-1,-51],[-20,-88],[-6,-109],[-14,-85]],[[82356,10797],[1,-2],[0,-7],[0,-3],[-10,-5],[-5,-3],[-4,-4],[-5,-4],[-3,-3],[-5,-11],[-2,-5],[-1,-4],[-1,-5],[0,-4],[-6,-37]],[[82315,10700],[-1,-4],[-1,-2],[-5,-19],[-16,-47],[-10,-31],[-7,-17],[-4,-13],[-8,-23],[-19,-57],[-45,-135]],[[82199,10352],[-2,-4],[8,-2],[4,-2],[-1,-12],[-5,-10]],[[82203,10322],[-4,-12],[-5,-15],[-6,-18],[-101,-298],[-15,-43],[-9,-28]],[[82063,9908],[0,-11],[1,-1],[11,-5],[4,-2],[-1,-5],[-6,-20],[-7,-19],[-29,-71],[-4,-1],[1,6],[2,5],[7,21],[7,19],[0,1],[1,2],[9,15],[4,12],[5,15],[5,16],[1,3],[-6,2],[-3,1],[-5,9],[3,8]],[[80966,15005],[-7,7],[-4,3],[-4,1],[-4,0],[-3,0],[-23,-5],[-3,-2],[-8,14]],[[80860,15115],[-5,22]],[[80855,15137],[-12,17],[-1,2],[0,2],[0,1],[-4,11]],[[80792,15243],[-14,11],[0,1],[-1,1],[-1,1],[0,0],[0,1],[0,1],[1,3],[3,1],[1,0],[1,0]],[[80782,15263],[4,1]],[[80785,15259],[0,-1],[-1,-2],[-4,-2],[-2,0],[-1,1],[0,0],[-1,1],[0,1],[-52,144],[-2,40],[2,18],[1,10],[-1,35],[-5,54],[-35,6]],[[80527,15742],[-7,6]],[[80303,15970],[1,-4],[0,-4],[2,-4],[-3,-3],[-11,14]],[[80225,16054],[-9,13]],[[79843,16805],[4,23],[4,31],[2,7]],[[79862,16930],[1,6],[-3,5],[-23,42],[-9,18],[-36,65],[-26,47],[-21,36],[-8,7],[-4,6],[-9,13],[-66,10]],[[79438,17326],[-2,6],[-5,17]],[[79395,17522],[-10,1],[-44,7],[-22,3],[6,34],[1,10],[9,50],[7,36],[-3,11],[1,4],[0,1],[4,2],[26,136],[-51,102],[-40,74],[-18,33],[5,5],[5,8]],[[79274,18057],[1,8]],[[79282,18108],[3,21],[51,8]],[[79277,18724],[15,-3],[2,8]],[[79325,18956],[0,2]],[[79326,19006],[8,-1],[18,132],[20,-3],[21,148]],[[79362,19288],[-4,0],[0,5],[57,-9],[72,-12],[4,22]],[[82203,10322],[3,10],[2,6],[-6,2],[-1,0],[-6,3],[4,9]],[[82315,10700],[3,48],[12,24],[10,9],[3,1],[3,2],[3,1],[7,12]],[[82348,11177],[-2,4],[-5,-2],[-9,-5],[-10,-7],[-53,-52],[-26,-8]],[[82103,11398],[-3,-2],[-5,0],[-4,0],[-2,2]],[[81995,12003],[-6,46]],[[81986,12088],[-29,179]],[[81922,12457],[-2,9],[6,1],[4,0],[4,1]],[[81843,12975],[-4,-2],[-10,-1],[-2,20]],[[81766,13280],[4,1],[9,-2],[0,8],[0,10],[-1,12]],[[77547,22587],[16,-18]],[[77563,22569],[8,-7]],[[77571,22562],[9,-7]],[[77603,22538],[9,-6]],[[77618,22528],[40,-22]],[[77658,22506],[57,-24],[37,-11],[16,-6],[38,-13],[34,-14],[15,-9],[8,-6],[7,-6],[13,-10],[5,-5],[12,-11],[23,-26],[10,-17],[10,-22],[6,-49],[-14,-107],[-11,-67],[-9,-56],[-2,-11],[-24,-167],[-1,-12],[0,-6],[1,-25],[1,-8],[1,-4],[2,-5],[1,-5],[2,-4],[5,-9],[20,-21],[42,-17],[30,-14],[30,-13],[175,-99],[25,-12],[124,-57],[72,-34],[61,-42],[23,-24],[12,-14],[14,-19],[25,-37],[55,-65],[75,-99],[11,-15],[24,-34],[17,-21],[14,-17],[11,-15],[115,-153],[9,-11],[7,-10],[96,-112],[7,-9],[5,-7],[15,-20],[16,-21],[46,-45],[277,-316]],[[79354,20418],[29,-32],[15,-14]],[[79398,20372],[86,-72]],[[79484,20300],[24,-21],[19,-16],[22,-29],[16,-68],[-4,-37],[-7,-27],[-16,-30],[-66,-84],[-11,-19],[-5,-11],[-3,-8],[-7,-27],[-5,-31],[-4,-25],[-4,-28],[-5,-31],[-2,-19],[-11,-73],[-54,-352],[-4,-42],[-2,-13],[-3,-18],[-2,-16],[-6,-41],[-8,-46],[-20,-148],[-5,-28],[-3,-19],[-8,-52],[-11,-82],[-7,-56],[-10,-67],[-2,-16],[-46,-304],[2,-47],[6,-25],[34,-94],[9,-33],[4,-35],[-3,-35]],[[79276,18147],[-4,-27],[-1,-6],[-9,-66],[-2,-14],[-1,-13],[-2,-50]],[[79257,17971],[6,-87],[29,-103],[18,-41],[18,-33],[11,-20],[19,-34],[29,-54],[14,-26],[15,-27],[29,-54],[54,-98],[98,-180],[8,-16],[6,-11],[41,-74],[51,-95],[9,-15]],[[79712,17003],[60,-110],[4,-11],[34,-62]],[[79810,16820],[39,-71],[15,-25]],[[79864,16724],[57,-104]],[[79921,16620],[43,-80]],[[79964,16540],[89,-163]],[[80053,16377],[48,-88]],[[80101,16289],[28,-52]],[[80129,16237],[6,-11],[15,-27]],[[80150,16199],[60,-110],[67,-88],[16,-19],[19,-21],[22,-24],[67,-74],[37,-41],[108,-121],[75,-84],[52,-74],[29,-52],[28,-55],[69,-129],[2,-4],[1,-4],[3,-7],[8,-14]],[[80813,15278],[23,-44],[19,-36]],[[80855,15198],[94,-179]],[[80949,15019],[26,-49],[37,-70],[78,-117],[121,-209],[45,-90],[373,-810],[19,-45],[43,-118],[11,-28],[19,-54],[36,-99],[16,-49],[33,-123],[9,-30],[15,-86],[4,-39],[12,-106],[3,-25],[4,-34],[5,-37],[72,-330],[9,-50],[34,-173],[97,-250],[21,-82],[5,-61],[1,-365],[0,-89],[0,-5],[0,-85],[15,-94],[31,-66],[8,-11],[23,-34],[140,-212],[19,-42],[8,-35],[1,-15],[1,-13],[-1,-14],[-7,-47],[-18,-60],[-68,-189]],[[82249,10479],[-21,-58],[-37,-108],[-15,-44],[-104,-310]],[[82249,10479],[88,265],[3,18],[1,8],[0,7],[0,8],[-9,66],[-31,61],[-96,143],[-33,49],[-23,35],[-8,11],[-33,73],[-13,91],[0,49],[0,491],[-6,65],[-21,78],[-90,235],[-23,73],[-21,115],[-19,106],[-6,30],[-52,245],[-6,37],[-9,84],[-5,45],[-9,75],[-1,7],[-14,78],[-22,84],[-19,71],[-16,48],[-42,114],[-10,26],[-8,23],[-45,123],[-20,50],[-376,818],[-45,90],[-114,195],[-70,103],[-15,27],[-40,76],[-22,41],[-1,3]],[[80948,15019],[-116,222]],[[80832,15241],[-19,37]],[[80813,15278],[-30,57],[-53,98],[-1,2],[-9,16],[-35,68],[-16,29],[-55,75],[-70,77],[-99,110],[-104,116],[-56,61],[-73,97],[-8,14],[-55,101],[-17,30],[-4,7],[-12,23],[-94,173],[-158,289],[-14,25],[-20,28],[-27,49],[-13,26],[-12,24],[-11,26],[-16,30]],[[79751,16929],[-57,104],[-31,57],[-10,17],[-49,91],[-35,65],[-60,109],[-60,111],[-10,17],[-9,17],[-8,16],[-74,136],[-6,11],[-21,37],[-5,10],[-11,22],[-19,45],[-24,88],[-7,94]],[[79255,17976],[0,21],[0,10],[0,9],[1,8],[0,15],[2,16],[7,48]],[[79265,18103],[3,12],[1,4],[2,16],[4,26],[-1,45],[-14,54],[-36,103],[-4,55],[23,155],[19,128],[4,35],[12,81],[13,78],[6,59],[6,38],[2,14],[1,7],[5,28],[4,23],[4,30],[19,139],[2,14],[7,45],[13,88],[8,47],[37,241],[13,86],[9,86],[5,36],[3,22],[6,31],[5,18],[6,13],[6,10],[2,5],[84,116],[15,48],[-5,66],[-16,38],[-30,35]],[[79508,20278],[-6,5]],[[79502,20283],[-71,58],[-36,31]],[[79395,20372],[-34,35]],[[79361,20407],[-8,10],[-6,6],[-16,19],[-239,274],[-59,59],[-16,19],[-18,25],[-4,6],[-7,9],[-87,101],[-11,14],[-7,9],[-8,10],[-114,152],[-12,15],[-14,18],[-22,29],[-19,26],[-11,16],[-81,106],[-46,53],[-28,42],[-15,19],[-10,13],[-93,70],[-64,30],[-98,45],[-9,4],[-10,5],[-15,7],[-181,100],[-30,15],[-40,18],[-30,11],[-17,10],[-16,17],[-5,9],[-4,10],[-1,5],[-2,5],[-1,8],[-1,26],[0,6],[1,11],[25,168],[1,11],[9,55],[10,58],[15,111],[-4,49],[-10,26],[-20,29],[-13,13],[-10,9],[-7,6],[-16,13],[-16,12],[-46,20],[-94,33],[-15,6]],[[76965,22630],[38,11]],[[77021,22647],[20,7]],[[77095,22672],[5,2],[35,13]],[[79712,17003],[57,-105],[42,-78],[18,-33],[13,-24],[22,-39]],[[79921,16620],[43,-80]],[[80053,16377],[48,-88]],[[80129,16237],[4,-8],[17,-30]],[[79255,17976],[1,24]],[[79256,18000],[1,24],[2,13],[2,14],[4,29]],[[79265,18080],[10,70]],[[79275,18150],[2,32],[-4,38],[-11,37],[-29,82],[-7,25],[-3,21],[0,29],[45,307],[2,7],[1,8],[2,15],[6,46],[7,51],[12,88],[9,55],[2,11],[3,24],[24,171],[5,28],[6,38],[4,29],[3,18],[1,9],[5,49],[48,312],[12,85],[12,74],[3,20],[6,43],[2,14],[6,25],[4,13],[7,15],[11,19],[56,71],[25,44],[11,44],[0,24],[-13,56],[-23,35],[-19,16]],[[79484,20300],[18,-17]],[[79256,18000],[1,-29]],[[79265,18103],[4,12],[2,7],[4,28]],[[79810,16820],[-59,109]],[[80832,15241],[23,-43]],[[79398,20372],[-17,14],[-20,21]],[[76917,22624],[5,0],[4,1]],[[79276,18147],[-3,-12],[-1,-4],[-7,-51]],[[79354,20418],[9,-11],[3,-3],[3,-3],[5,-7],[21,-22]],[[83169,20246],[-59,23]],[[83110,20269],[-50,17]],[[83060,20286],[-220,76],[-59,16],[-56,9],[-14,2],[-24,4],[-18,2],[-203,28],[-68,2],[-316,-3],[-141,-1],[-26,0],[-51,3],[-117,13],[-25,4],[-43,12],[-112,46],[-8,3],[-8,3],[-24,5],[-57,2],[-41,-4],[-249,-24],[-203,-19],[-4,-1],[-11,-1],[-40,-11],[-260,-82],[-24,-6],[-14,-3],[-6,-1],[-20,-3],[-60,-6],[-39,-4],[-72,-5],[-69,-7],[-22,0],[-35,10],[-40,19],[-28,18],[-27,24],[-22,26],[-17,29],[-6,15],[-5,15],[-25,76],[-19,45],[-76,117],[-19,35],[-10,27],[-44,183],[-22,56],[-102,172],[-52,62],[-25,18],[-7,4],[-6,3],[-8,4],[-180,71],[-68,30],[-16,8],[-14,10],[-6,4],[-5,3],[-48,46],[-34,51],[-62,157],[-28,55],[-42,51],[-49,34],[-31,12],[-16,4],[-8,1],[-4,1],[-7,1],[-117,15],[-29,9],[-47,33],[-14,17],[-11,20],[-19,40],[-66,76],[-22,45],[-8,22],[-29,93],[-4,13],[-49,66],[-28,15],[-20,6],[-10,2],[-4,0],[-11,1],[-150,-10],[-100,7]],[[77137,22700],[-5,-1],[-4,-1],[-6,-2],[-12,-3],[-26,-9]],[[83170,20250],[-83,28]],[[83087,20278],[-27,8]],[[78424,22306],[29,-5]],[[78453,22301],[40,1],[41,5],[6,1],[28,0],[67,-2],[9,-1],[7,0],[11,-2],[39,-15],[38,-35],[21,-42],[34,-110],[38,-71],[43,-48],[19,-28],[19,-40],[16,-22],[46,-33],[38,-12],[110,-14],[11,-1],[5,-1],[20,-5],[31,-12],[44,-29],[36,-39],[28,-47],[75,-186],[79,-92],[11,-8],[25,-15],[155,-61],[100,-43],[7,-3],[5,-3],[9,-5],[9,-6],[6,-5],[42,-42],[123,-196],[21,-64],[50,-198],[22,-41],[52,-75],[32,-60],[36,-105],[2,-7],[4,-9],[5,-12],[23,-37],[51,-49],[49,-26],[29,-11],[42,-4],[61,7],[64,4],[14,2],[56,5],[39,4],[21,3],[12,2],[33,8],[300,94],[39,4],[40,3],[53,6],[20,1],[138,14],[80,7],[112,11],[67,3],[37,-6],[11,-3],[8,-2],[139,-57],[50,-8],[149,-16],[188,2],[77,0],[272,2],[57,-5],[170,-25],[22,-2],[20,-3],[39,-4],[53,-11],[284,-98]],[[83087,20278],[23,-9]],[[78387,22308],[46,-5]],[[78433,22303],[20,-2]],[[84068,29746],[-46,-68],[2,-79],[-36,-114],[6,-53],[-12,-145],[-43,-150],[-40,-95],[-47,-65],[-57,-50],[-57,-192],[-31,-49]],[[83707,28686],[-70,-51],[-316,-120],[-80,-60],[-21,-13],[-38,-11],[-85,-8],[-99,-30]],[[82998,28393],[-20,-12],[-12,-8],[-36,-31],[-82,-94],[-21,-38],[-3,-99],[35,-57],[78,-90],[20,-36],[10,-69],[-13,-73],[-108,-239],[-6,-37],[20,-49],[51,-60],[16,-38],[2,-70],[-27,-57],[-14,-16],[-8,-7],[-5,-5],[-102,-90],[-31,-38]],[[82742,27080],[-4,-9]],[[82738,27071],[-2,-120]],[[82736,26951],[-1,-17]],[[82735,26934],[-2,-19]],[[82733,26915],[-14,-49]],[[82719,26866],[-18,-38],[-42,-79]],[[82659,26749],[-49,-31],[-124,-25],[-52,23],[-72,58],[-39,9]],[[82323,26783],[-9,0]],[[82314,26783],[-5,-1]],[[82309,26782],[-7,-1],[-4,0]],[[82298,26781],[-10,-3]],[[82288,26778],[-8,-3]],[[82280,26775],[-8,-3]],[[82272,26772],[-51,-34]],[[82221,26738],[-25,-15]],[[82196,26723],[-78,-23]],[[82118,26700],[-22,-2]],[[82096,26698],[-36,-2]],[[82060,26696],[-13,1]],[[82047,26697],[-22,2]],[[82025,26699],[-11,3]],[[82014,26702],[-14,4]],[[82000,26706],[-92,40]],[[81908,26746],[-97,17],[-50,22],[-24,22],[-10,13],[-19,31],[-20,35],[-9,14],[-4,7],[-13,22],[-6,12]],[[81656,26941],[-52,74]],[[81604,27015],[-66,76],[-67,109],[-16,21]],[[81455,27221],[-36,32],[-10,7],[-3,2],[-28,13]],[[81378,27275],[-20,11]],[[81358,27286],[-7,4]],[[81351,27290],[-54,48],[-123,53],[-42,6],[-43,-9],[-17,-7],[-28,-20],[-61,-71],[-42,-60],[-5,-10],[-5,-10],[-2,-5],[-15,-30],[-23,-47],[-13,-24],[-15,-25],[-19,-24],[-7,-7],[-13,-14],[-9,-10],[-52,-50],[-16,-18],[-102,-136],[-88,-82],[-42,-73],[-50,-50],[-112,-70],[-24,-21],[-32,-52],[-21,-70],[-13,-125],[-11,-64]],[[80252,26213],[-4,-15]],[[80248,26198],[-83,-239],[-14,-70],[0,-48],[12,-110],[4,-24],[6,-28],[17,-90],[7,-49],[0,-62],[-10,-153],[-20,-71],[-35,-45],[-12,-11],[-3,-3],[-6,-6],[-62,-57],[-110,-109],[-36,-42],[-56,-87],[-44,-50],[-181,-167],[-13,-10],[-8,-5],[-8,-4],[-60,-27],[-37,-18],[-27,-14],[-37,-40],[-131,-196],[-51,-44],[-200,-83],[-42,-11],[-12,0],[-93,-1],[-148,0],[-67,0],[-35,0],[-25,0],[-106,-1],[-74,0],[-4,0],[-245,0],[-76,-33],[-32,-49],[-82,-181],[-9,-24],[-2,-12],[-2,-13],[-4,-24],[-1,-13]],[[77991,23874],[-16,-114]],[[77975,23760],[7,-120],[-4,-27],[-7,-58]],[[77971,23555],[-8,-72],[-7,-52],[-8,-54],[-3,-84],[-25,-185],[-17,-71],[-3,-26],[-3,-21],[-4,-31],[-13,-97],[-12,-43],[-14,-25],[-17,-21],[-12,-10],[-8,-5],[-6,-4],[-14,-7],[-23,-9],[-11,-3],[-6,-1],[-6,0],[-33,1],[-161,23],[-53,5],[-116,17],[-17,2],[-5,0],[-4,-1],[-3,0],[-8,-1],[-11,-2],[-16,-5],[-12,-5],[-23,-7]],[[77289,22761],[-18,-6]],[[77271,22755],[-41,-16]],[[77230,22739],[-52,-22],[-44,-16],[-18,-5],[-32,-12]],[[77084,22684],[-101,-43],[-32,-8],[-10,-2],[-13,-1]],[[80262,26325],[-9,-106]],[[80253,26219],[-1,-6]],[[81475,27202],[-52,52]],[[81423,27254],[-9,5],[-11,6]],[[81403,27265],[-25,10]],[[81358,27286],[-7,4]],[[82742,27080],[-4,-9]],[[82736,26951],[-1,-17]],[[82735,26934],[-2,-19]],[[82719,26866],[-12,-40],[-48,-77]],[[81604,27015],[-72,88],[-57,99]],[[77271,22755],[-32,-13]],[[77239,22742],[-41,-19]],[[77289,22761],[-5,-2],[-13,-4]],[[80267,26325],[7,75],[9,42],[12,28],[24,43],[15,18],[25,20],[99,61],[53,49],[39,71],[33,36],[69,62],[83,116],[74,75],[34,35],[15,19],[24,40],[52,104],[6,11],[7,13],[19,29],[68,81],[21,19],[14,9],[19,8],[52,10],[33,-6],[101,-40],[29,-18],[43,-39],[57,-31]],[[81656,26941],[11,-16],[7,-14],[13,-21],[39,-66],[18,-21],[57,-35],[107,-22]],[[82000,26706],[14,-4]],[[82014,26702],[11,-3]],[[82047,26697],[13,-1]],[[82096,26698],[22,2]],[[82196,26723],[25,15]],[[82272,26772],[8,3]],[[82288,26778],[10,3]],[[82298,26781],[2,0],[4,1],[5,0]],[[82314,26783],[9,0]],[[82998,28393],[69,26],[141,20],[40,23],[45,36],[27,18],[18,8],[282,105],[87,57]],[[76695,22592],[-14,19],[-9,16],[-6,13],[-2,3],[-8,17],[-12,20],[-51,79],[-4,7],[-3,8],[-2,8],[-1,35],[5,17],[3,7],[3,5],[16,20],[6,5],[8,5],[10,5],[7,4],[113,40],[13,5],[97,36],[76,28],[28,11],[27,10],[153,57],[10,3],[7,1],[8,1],[8,0],[38,-8],[29,-20],[12,-14],[5,-9],[5,-10],[7,-23],[11,-29],[15,-41],[5,-13],[21,-42],[13,-31],[6,-10],[5,-9],[6,-7],[7,-7],[8,-8],[10,-6],[33,-11],[137,-19]],[[77554,22760],[77,-11],[85,-12],[34,-2],[9,1],[10,2],[41,17],[7,4],[18,14],[24,31],[18,49],[19,137],[2,22],[4,26],[3,16],[14,54],[25,193],[3,72],[0,4],[5,33],[12,95],[7,50]],[[77975,23760],[11,99]],[[77986,23859],[7,44]],[[77993,23903],[3,19]],[[77996,23922],[9,36],[84,184],[4,7],[6,11],[12,17],[16,18],[30,20],[48,9],[74,0],[104,0],[61,0],[4,1],[10,-1],[53,1],[99,0],[42,0],[40,0],[46,0],[108,0],[57,1],[93,1],[55,11],[201,84],[48,42],[143,213],[27,25],[18,9],[92,42],[9,5],[3,1],[8,5],[9,5],[12,9],[184,170],[89,124],[36,44],[92,97],[32,26],[4,3],[2,2],[18,19],[4,3],[49,48],[16,17],[39,94],[9,147],[0,70],[-8,55],[-9,51],[-14,67],[-14,115],[-2,35],[3,39],[14,58],[83,236]],[[80253,26219],[14,106]],[[81423,27254],[32,-33]],[[77230,22739],[15,6]],[[77245,22745],[8,3],[23,10],[12,5],[23,6],[11,4],[20,7],[16,3],[8,0],[5,0],[17,-2],[25,-3],[87,-12],[54,-6]],[[77239,22742],[6,3]],[[88888,25166],[-5,-6]],[[88883,25160],[-28,-40],[-29,-36],[-23,-28],[-35,-38],[-145,-174],[-61,-60],[-21,-50],[-38,-220],[-48,-61],[-186,-119],[-60,-55],[-75,-100],[-160,-125]],[[87974,24054],[-66,-39],[-72,-10],[-49,-6],[-18,0],[-9,1],[-11,2],[-47,17]],[[87702,24019],[-135,50],[-68,-11],[-115,-52],[-103,-44],[-117,-52],[-22,-10],[-53,-43],[-72,-114],[-28,-29],[-66,-47],[-69,-47],[-24,-19],[-10,-7]],[[86820,23594],[-14,-10],[-23,-17],[-14,-11]],[[86769,23556],[-40,-34],[-51,-38],[-39,-41],[-109,-182],[-132,-120],[-38,-25],[-28,-11],[-140,-52],[-48,-18],[-30,-11],[-24,-9],[-76,-29],[-45,-16],[-69,-21]],[[85900,22949],[-35,-13]],[[85865,22936],[-197,-80],[-105,-15],[-157,16],[-33,-2],[-72,-34]],[[85265,22801],[-20,-13]],[[88891,25168],[-8,-8]],[[77805,22415],[6,-1],[48,-8],[25,-6],[37,-15],[25,-12],[26,-17],[20,-13],[43,-31],[21,-16],[80,-42],[60,-20],[56,-14]],[[78252,22220],[18,-5]],[[78270,22215],[54,0],[3,4]],[[78327,22219],[4,20]],[[78331,22239],[1,7]],[[78332,22246],[1,4],[3,11]],[[78336,22261],[1,8]],[[78337,22269],[4,25],[4,29],[2,19],[0,4]],[[78347,22346],[-277,38]],[[78070,22384],[134,-19],[-3,-22],[-1,-4],[0,-4],[-1,-7],[0,-4],[139,-20],[2,1],[4,-1],[4,-1],[3,-3]],[[78351,22300],[0,-3],[-8,-32],[-2,-5],[-1,-3],[-8,-11]],[[78336,22261],[1,8]],[[78347,22346],[-2,0],[0,3],[4,26],[4,29],[2,17],[25,178],[0,12]],[[78380,22611],[2,13],[1,8],[134,-18],[16,-3],[7,-3],[29,-6],[10,-1],[38,8],[1,1],[4,2],[5,2],[14,-2]],[[78641,22612],[2,-1]],[[78643,22611],[20,-15],[4,-2],[12,-5],[185,-29]],[[78864,22560],[73,-11],[7,-1],[273,-41],[20,-3],[21,-3],[16,-2],[21,-4],[66,-10],[89,-13],[53,-8],[14,-2],[14,-3],[31,-4]],[[79562,22455],[58,-9]],[[79620,22446],[3,-1]],[[79623,22445],[28,-4]],[[79651,22441],[81,-13],[58,-9],[8,-2],[7,-1],[44,-45],[42,-16],[10,-2],[10,0],[2,8]],[[79936,22361],[136,1],[6,22]],[[80078,22384],[15,6]],[[80093,22390],[45,-6]],[[80138,22384],[3,2]],[[80141,22386],[15,98],[5,36],[79,7],[41,-24],[16,-3],[107,-15],[36,-5],[104,-15],[40,-6],[60,-9],[45,-7],[123,-19],[325,-49],[6,38],[4,25],[9,61],[1,5],[25,159],[16,108],[6,36],[83,-13],[8,-1],[85,-13],[101,-16],[37,-6],[77,-12],[29,-3]],[[81624,22743],[4,-1],[9,0],[14,0],[34,-6],[12,-1],[27,-5],[42,-6],[54,-10],[6,0],[75,-13],[18,-3],[40,-6],[4,-1],[-1,-4],[-3,-7],[0,-2],[-43,6],[-19,3],[-10,2],[-68,19],[-26,4],[-19,5],[-51,8],[-19,2],[-10,2],[-9,1],[-55,11]],[[81630,22741],[-6,2]],[[80141,22386],[-1,-5],[-2,3]],[[80093,22390],[-15,-6]],[[79651,22441],[-28,4]],[[79620,22446],[-58,9]],[[78864,22560],[21,-3],[-3,-18],[-5,-18],[-5,-31],[3,-24],[-11,-94],[-3,-27],[0,-2],[-2,-2],[-56,11]],[[78803,22352],[-48,-2],[-50,-13],[-25,-7],[-10,-3],[0,-1],[-6,-6],[-7,-14],[-1,-2],[-2,-3],[-3,-3],[-13,-6],[-115,-1],[-58,-4],[-114,13]],[[78070,22384],[-64,10],[-25,3],[-84,12],[-19,3],[-36,5],[-14,2],[-11,1],[-14,0],[-13,2],[-12,3],[-7,1],[-49,9]],[[77722,22435],[-268,44],[-55,3]],[[77399,22482],[-7,1]],[[77392,22483],[-4,3]],[[77388,22486],[-3,2]],[[77385,22488],[-17,21]],[[77368,22509],[-9,9]],[[77359,22518],[-44,27]],[[77315,22545],[-64,20]],[[77251,22565],[-41,12],[-11,3],[-4,0],[-5,1],[-6,0],[-14,0],[-5,-1],[-4,0],[-12,-3]],[[77149,22577],[-11,-5]],[[77138,22572],[-26,-13]],[[77112,22559],[-40,-24]],[[77072,22535],[-40,-22],[-7,-4],[-5,-3],[-2,-2],[-47,-48],[-64,-75],[39,-54],[3,-2],[2,-1],[7,1],[23,10],[35,18],[16,6],[54,7],[8,1],[8,2],[38,11],[57,24],[18,7],[23,9],[26,8],[30,6],[70,8],[154,-4],[154,-11],[80,-8],[31,-2],[22,-2]],[[78252,22220],[18,-5]],[[78327,22219],[4,20]],[[78380,22611],[3,16],[-7,0],[-16,3],[-31,5],[-223,29],[-3,2]],[[78103,22666],[-1,0],[-6,1],[-4,0],[-116,18],[-121,16]],[[77855,22701],[-20,2],[-10,2],[-8,1],[-3,1],[-17,7],[-38,18],[-4,2],[-11,5],[-27,5],[-153,22],[-59,8],[-17,2],[-10,2],[-46,6],[-12,2],[-24,3],[-26,4],[-10,1],[-3,0],[-2,0],[-3,2],[-3,1]],[[77349,22797],[-1,1],[-1,2]],[[77347,22800],[-9,21],[-2,8],[-9,26],[-4,8],[-2,9],[-1,2],[-9,25],[-5,14],[-15,41],[4,1],[3,-7],[19,-54],[2,-6],[3,-8],[3,-9],[5,-11],[8,-24],[2,-7],[8,-20],[2,-4],[2,-3],[3,-2],[2,0],[3,-1],[38,-5],[11,-1],[14,-2],[53,-8],[3,-1],[1,0],[1,-2],[1,-1],[1,-2],[0,-3],[-3,-24],[-8,-61],[-3,-12],[8,-18],[129,-100],[120,-62],[25,-4],[36,-5],[4,-5]],[[77791,22483],[34,-17],[4,27],[-36,5],[-2,-15]],[[77791,22483],[-1,-9],[-3,-25],[-8,-14],[-30,2],[-16,-1],[-11,-1]],[[77399,22482],[-7,1]],[[77392,22483],[-4,3]],[[77388,22486],[-3,2]],[[77368,22509],[-9,9]],[[77315,22545],[-64,20]],[[77149,22577],[-11,-5]],[[77112,22559],[-40,-24]],[[85865,22936],[35,13]],[[86769,23556],[39,29],[12,9]],[[87702,24019],[48,-14],[10,-1],[13,0],[15,0],[110,13],[76,37]],[[82716,22605],[-32,2]],[[81254,31220],[-19,-110]],[[81235,31110],[-50,-288]],[[81185,30822],[-20,-114],[-6,-34],[-3,-21],[-6,-105],[-2,-62],[-4,-80],[-2,-43],[-2,-34],[-15,-224],[-25,-203],[-7,-39],[-8,-29],[-6,-16],[-2,-6],[-8,-30],[-20,-100],[-17,-45],[-21,-31],[-67,-81],[-24,-23],[-33,-21],[-50,-15],[-507,-81],[-51,-7],[-34,-5],[-16,-3],[-7,-1],[-54,-9],[-536,-84],[-89,-9],[-262,-16],[-181,-6],[-18,-1],[-8,-2],[-7,-1],[-11,-3],[-41,-24]],[[79015,29214],[-83,-59],[-42,-63],[-83,-84],[-82,-115],[-31,-64],[-28,-121],[-20,-66],[-23,-107],[-63,-484],[-17,-82],[-4,-24],[-5,-45],[-8,-59],[-4,-30],[-10,-80],[-9,-128],[-10,-79],[-5,-41],[-6,-41],[-19,-90],[-40,-305],[-45,-288],[-4,-10],[-2,-4],[-5,-10],[-6,-14],[-6,-13],[-46,-100],[-29,-61],[-11,-26],[-15,-57],[-18,-99],[-17,-107],[-11,-59],[-8,-53],[-21,-122],[-18,-113],[-1,-14],[-2,-21],[-3,-16],[-24,-141],[-2,-27],[13,-107],[-1,-11],[-1,-10],[-6,-45],[-9,-79],[-7,-45],[-14,-70],[-23,-179],[-9,-65],[-17,-128],[-10,-75],[-13,-96],[-16,-88],[-3,-12],[-9,-29],[-9,-28],[-1,-3],[-47,-125],[-41,-255],[-6,-20],[-5,-11],[-6,-9],[-4,-5],[-31,-31],[-11,-17],[-2,-17],[10,-24],[17,-20],[88,-78],[14,-13],[4,-5],[3,-3],[2,-3],[13,-24],[4,-40]],[[77993,23903],[-2,-29]],[[81249,31221],[-22,-146]],[[81227,31075],[-16,-105],[-26,-148]],[[77986,23859],[5,34],[2,16],[1,10],[-3,39],[-11,23],[-2,3],[-3,4],[-6,8],[-101,90],[-22,27],[-6,15],[1,19],[11,19],[29,29],[4,4],[3,3],[17,41],[39,246],[15,51],[34,83],[2,6],[4,13],[10,30],[5,18],[18,105],[23,167],[6,50],[9,69],[2,13],[7,56],[25,186],[10,60],[20,146],[4,24],[2,19],[-17,110],[4,44],[14,80],[11,63],[4,30],[13,64],[21,122],[5,29],[4,26],[8,46],[10,59],[34,203],[8,33],[20,55],[65,148],[14,30],[6,14],[5,10],[3,8],[2,7],[23,125],[70,503],[10,49],[6,47],[5,39],[11,82],[6,78],[15,122],[3,22],[1,4],[0,4],[17,129],[20,98],[67,502],[51,217],[13,42],[31,65],[94,129],[61,58],[46,67],[37,33]],[[78961,29181],[88,57],[9,4],[18,5],[25,3],[165,2],[283,16],[83,9],[423,67],[86,17],[25,4],[56,9],[23,3],[14,2],[45,4],[30,5],[504,80],[70,27],[36,32],[60,72],[39,67],[25,116],[8,32],[5,14],[3,8],[5,21],[2,6],[10,56],[24,201],[11,221],[3,65],[4,74],[10,157],[8,63],[10,54],[7,39],[6,30]],[[81184,30823],[43,252]],[[81184,30823],[17,100],[6,26],[1,5],[1,8],[26,148]],[[78961,29181],[54,33]],[[86425,14788],[60,-8],[37,-6]],[[86522,14774],[66,-8]],[[87521,14404],[48,-31]],[[88790,13937],[26,-43]],[[89147,13615],[91,-41],[95,-42]],[[89435,13482],[56,-25]],[[89540,13439],[15,-7]],[[89970,13087],[815,-199]],[[90845,12873],[85,-20]],[[91617,12685],[727,-178]],[[93149,12308],[57,-14]],[[93650,12196],[-45,11]],[[93605,12207],[-229,48],[-117,29],[-52,13]],[[93207,12297],[-23,5],[-134,32],[-375,92],[-75,20],[-928,227],[-742,181],[-520,127],[-428,104],[-46,14],[-28,11],[-33,19],[-46,37],[-27,30],[-135,152],[-69,60],[-42,25],[-8,4],[-23,10],[-110,50],[-47,21],[-164,73],[-12,6],[-58,26],[-140,69],[-61,46],[-43,49]],[[88821,13899],[-20,32]],[[87533,14399],[-3,2],[-67,46]],[[86493,14781],[-28,4]],[[93803,12158],[-34,9]],[[93725,12178],[-103,24]],[[93622,12202],[45,-10],[13,-4],[61,-20],[60,-14]],[[93605,12207],[17,-5]],[[84538,15932],[32,-19],[11,-5],[3,-2]],[[78143,21659],[-15,8]],[[78128,21667],[-57,33],[-2,2],[-12,8],[-22,12]],[[84701,15838],[-15,7]],[[79095,20719],[125,-143]],[[79365,20410],[14,-17]],[[79488,20303],[10,-9],[5,-5],[8,-8]],[[82283,18061],[-24,20]],[[82154,18186],[-17,17]],[[75076,23346],[54,30],[7,12],[0,5],[5,-1],[5,0]],[[75147,23392],[2,1],[67,-10],[16,-2],[46,-7],[41,-6],[71,-7],[78,-16],[10,-2],[18,-2]],[[75496,23341],[0,1]],[[75496,23342],[1,1]],[[75497,23343],[-1,-1]],[[75496,23342],[-1,-5]],[[75495,23337],[-31,5],[-8,2],[-12,3],[-123,17],[-24,3],[-14,3],[-47,6],[-18,3],[-38,5],[-9,2],[-17,2],[-5,1],[-2,3]],[[75243,23905],[-10,14],[15,93],[31,73]],[[75279,24085],[69,51]],[[75348,24136],[-38,-29]],[[75310,24107],[-31,-22]],[[75253,23889],[67,86]],[[75320,23975],[3,5]],[[75323,23980],[3,4]],[[75326,23984],[42,48],[76,21]],[[75444,24053],[58,-1]],[[75502,24052],[82,-3],[57,-1],[74,-2],[75,-3],[18,-1],[24,-7],[33,-17],[26,-22],[20,-27],[7,-12],[2,-7],[2,-6],[3,-12]],[[75925,23929],[-14,37],[-32,40],[-32,20],[-23,10],[-20,5],[-63,3],[-26,0],[-20,1],[-57,2],[-53,1],[-13,0]],[[75572,24048],[-128,5]],[[75261,23904],[65,80]],[[75349,24088],[-39,19]],[[75348,24136],[106,80],[20,-28]],[[75474,24188],[14,-15],[2,-2]],[[75490,24171],[64,-84],[12,-19],[21,-29],[11,-14],[46,-62],[52,-62]],[[75696,23901],[3,2],[2,0],[1,-1]],[[75715,23903],[43,-6]],[[76363,23184],[-25,3],[-24,-7],[-18,-9],[-7,-3],[-13,-5],[-13,-2],[-6,0],[-5,1],[-5,1],[-6,2],[-6,2],[-23,13],[-25,10],[-5,2],[-20,8],[-40,18],[-43,17],[-22,9],[-27,10],[-16,7],[-9,3],[-3,1],[-10,3],[-5,1],[-5,2],[-30,6],[-8,1],[-8,1]],[[75936,23279],[-18,3],[-7,0],[-110,16],[-28,4],[-91,12],[-7,1],[-89,13],[-24,2]],[[75562,23330],[-67,7]],[[75497,23343],[4,3],[95,70],[39,30],[9,6],[9,7],[12,8]],[[75496,23341],[33,-4],[33,-7]],[[75936,23279],[45,44],[59,30],[2,5],[3,10],[1,3],[7,10],[5,3],[3,3],[6,2],[50,41],[44,-6],[3,0],[2,-1],[6,-2],[2,0],[2,0],[19,-4],[19,-4],[136,-19]],[[76350,23394],[24,-3]],[[76374,23391],[14,0]],[[76388,23391],[7,-2]],[[76393,23371],[-8,-59],[-13,-87]],[[75696,23892],[-6,6],[-89,116],[-22,30],[-10,13],[-5,8],[-14,17],[-22,31],[-31,41],[-23,34]],[[75348,24136],[24,-31],[-23,-17]],[[75996,23571],[-10,40]],[[76078,23345],[3,-5],[3,-2]],[[76103,23321],[11,-9]],[[76255,23205],[26,-22],[8,-9],[10,-12]],[[76299,23162],[32,-52]],[[76334,23108],[-34,55]],[[75323,23980],[-3,-5]],[[75572,24048],[-70,4]],[[78267,17456],[9,57]],[[78276,17513],[25,168],[0,52],[-15,57],[-46,71],[-33,38],[-9,11],[-3,3],[-100,116],[-8,8],[-34,40],[-32,28],[-57,35],[-25,22],[-125,160],[-14,25],[-2,6],[-1,4],[-1,4],[-2,11],[0,21],[5,28],[10,30],[25,55],[72,150],[56,118],[9,18],[4,6],[5,7],[12,18],[8,10],[5,5],[10,11],[94,104],[18,21],[8,10],[5,7],[32,64],[15,56],[2,12],[4,27],[11,77],[5,32],[4,30],[30,198],[11,71],[18,125],[-7,128],[-26,87],[-9,17],[-9,16],[-14,26],[-15,26],[-5,9],[-12,17],[-6,10],[-6,10],[-11,19],[-1,1],[-6,12],[-6,13],[-64,111],[-8,13],[-12,22],[-3,7],[-7,12],[-7,14],[-4,8],[-3,7],[-4,8],[-4,11],[-7,18],[-4,10],[-32,81],[0,0],[18,-46],[3,-8],[19,-47],[4,-12],[4,-8]],[[78028,20275],[3,-8],[5,-11]],[[78036,20256],[6,-11],[4,-7]],[[78046,20238],[9,-17],[3,-7]],[[78058,20214],[4,-6],[12,-21],[26,-45]],[[78100,20142],[37,-64],[2,-4],[6,-13],[6,-11],[5,-8],[9,-16],[5,-9],[3,-4],[4,-7],[15,-23],[8,-13],[8,-14],[14,-25],[1,-2],[5,-7],[1,-3],[-12,23],[-7,12],[-26,46],[-16,29],[-4,6],[-7,12],[-2,3],[-3,5],[-4,7],[-13,23],[-33,55],[-43,77],[-7,11],[-6,12],[-5,10],[-4,8],[-2,5],[-4,7],[-3,7],[-3,9],[-32,81],[-55,140],[-4,10],[-2,6]],[[77932,20523],[-7,25]],[[77925,20548],[-3,24]],[[77922,20572],[0,15]],[[77922,20587],[0,10]],[[77922,20597],[0,5]],[[77922,20602],[2,20]],[[77924,20622],[5,35],[4,26],[17,122],[23,157],[1,29],[-5,39],[-7,26],[-12,28],[-22,41],[-23,34],[-4,6],[-8,9],[-26,24],[-20,22],[-28,53],[-13,65],[-1,24],[1,4],[0,7],[2,12],[12,97],[13,79],[33,209],[6,37],[13,70],[9,54],[7,36],[3,18],[8,63],[9,56],[7,43],[6,39],[11,82],[-6,59],[-35,56],[-7,7],[-5,4],[-16,14],[-13,10],[-11,8],[-47,21],[-82,29],[-21,7],[-12,5],[-10,7]],[[77534,22597],[-7,6]],[[77527,22603],[-23,13],[-10,8]],[[77494,22624],[-29,19]],[[77465,22643],[-103,71],[-58,13],[-4,0],[-4,0],[-6,0],[-9,-1],[-15,-3]],[[77266,22723],[-32,-10]],[[77234,22713],[-42,-15]],[[77192,22698],[-19,-5],[-18,-7],[-46,-16],[-11,-4]],[[77129,22664],[21,7],[22,8],[78,34]],[[77250,22713],[-34,-12]],[[77216,22701],[-89,-33]],[[77099,22662],[6,2],[23,8],[15,5],[49,21]],[[77099,22659],[5,2],[25,8],[87,32]],[[78100,20142],[-42,72]],[[78058,20214],[-9,17],[-3,7]],[[78036,20256],[-2,6],[-4,9],[-2,4]],[[78028,20275],[-5,13],[-64,163],[-23,56],[-14,54],[-2,34],[2,26],[8,54],[6,41],[3,23],[7,46],[12,82],[13,93],[-1,57],[-18,58],[-11,22],[-13,25],[-3,6],[-12,19],[-14,18],[-8,9],[-43,43],[-32,59],[-9,37],[-2,24],[-1,29],[1,7],[1,13],[11,82],[5,31],[45,283],[4,26],[13,69],[13,73],[7,46],[5,41],[2,12],[9,55],[9,58],[15,104],[-4,55],[-44,68],[-8,6],[-8,7],[-20,16],[-23,14],[-18,7],[-27,9],[-59,21],[-32,13],[-21,13]],[[77527,22603],[-38,22],[-33,20],[-93,64],[-41,12],[-8,1],[-9,1],[-4,0],[-5,-1],[-12,-1],[-34,-8]],[[77234,22713],[32,10]],[[77465,22643],[29,-19]],[[77924,20622],[-2,-20]],[[77922,20597],[0,-10]],[[77922,20572],[3,-24]],[[77932,20523],[4,-11],[9,-23],[36,-91],[0,0],[33,-84],[14,-35],[3,-9],[4,-8],[4,-8],[6,-11],[5,-12],[5,-8],[51,-89],[18,-32],[14,-23],[14,-23],[4,-7],[20,-36],[5,-7],[28,-50],[8,-14],[19,-36],[16,-37],[17,-66],[4,-120],[-15,-105],[-4,-25],[-4,-24],[-6,-42],[-2,-17],[-21,-138],[-11,-72],[-3,-19],[-1,-11],[-1,-7],[-11,-74],[-5,-35],[-2,-11],[-11,-42],[-17,-41],[-22,-36],[-7,-9],[-6,-7],[-11,-12],[-104,-115],[-5,-6],[-7,-8],[-8,-10],[-7,-10],[-5,-9],[-23,-43],[-53,-112],[-49,-103],[-34,-70],[-16,-44],[-7,-41],[2,-21],[1,-6],[1,-3],[1,-3],[2,-5],[12,-22],[62,-76],[52,-72],[32,-32],[72,-46],[22,-21],[87,-101],[7,-8],[26,-30],[65,-75],[20,-23],[21,-34],[14,-33],[6,-26],[4,-39],[-2,-25],[-26,-171]],[[84977,696],[-30,6],[-71,45],[-99,88],[-86,54],[-136,57],[-51,28],[-160,107],[-52,57],[-314,369],[-357,422],[-26,44],[-8,34],[0,20],[0,7],[0,6],[2,7],[2,10],[12,33],[170,303],[20,51],[8,67],[-1,276],[12,73],[56,142],[15,83],[-1,233],[0,28],[0,158],[0,281],[5,55],[51,304],[8,68],[41,491],[1,279],[-16,84],[-48,89],[-164,292],[-22,48],[-18,99],[0,648],[-5,58],[-7,30],[-2,7],[-3,10],[-6,14],[-24,47],[-90,165],[-411,754],[-94,238],[-9,72],[5,59],[4,19],[6,34],[5,24],[2,11],[6,30],[10,51],[52,270],[10,51],[88,455],[48,248],[2,53],[-20,62],[-57,60],[-61,23],[-230,60],[-93,51],[-202,183],[-109,66],[-415,141],[-81,46],[-33,69],[-2,11],[-1,8],[0,16],[4,25],[28,85]],[[77097,22764],[-95,264],[-28,78],[-10,70],[14,36],[9,14],[5,8],[6,8],[12,49],[-2,14],[-5,19],[-29,44],[-55,28],[-91,12],[-73,8],[-6,1],[-7,0],[-12,0],[-15,-1],[-36,-6],[-83,-15],[-123,-19],[-160,-27],[-76,-14],[-34,-5],[-20,-2],[-13,-2],[-11,0],[-10,0],[-9,1],[-8,1],[-18,4],[-22,6],[-48,16],[-23,8],[-25,11],[-20,9],[-19,9],[-11,5],[-13,4],[-126,27],[-146,23],[-25,4],[-39,9],[-68,13],[-57,8],[-75,-1],[-69,-13],[-45,-14],[-38,-17],[-64,-36],[-32,-23],[-20,-14],[-42,-29],[-21,-15],[-11,-6],[-11,-5],[-32,-10],[-14,-2],[-16,-2],[-21,-3],[-111,-6],[-96,11],[-35,7],[-15,3],[-88,12],[-15,1],[-15,2]],[[74586,23324],[-72,6],[-176,30],[-222,32]],[[74116,23392],[-150,25],[-36,5],[-65,10],[-62,8],[-75,11],[-28,4],[-143,16],[-126,19],[-41,7],[-14,2],[-45,12],[-67,26],[-53,28],[-57,41],[-88,82],[-28,36],[-31,47],[-58,98],[-7,14],[-6,10],[-14,24],[-86,145]],[[72836,24062],[-23,38]],[[72694,24295],[-13,26]],[[72661,24359],[-290,491],[-54,82],[-119,201],[-64,119],[-84,142],[-39,61],[-44,72],[-34,55],[-10,16],[-7,10],[-7,13],[-25,46],[-21,54],[-21,77],[-54,219],[-41,168],[-21,87],[-46,139],[-58,113],[-319,520],[-31,49],[-12,21],[-12,20],[-16,25],[-31,48]],[[71201,27207],[-70,108],[-120,196]],[[71011,27511],[-18,31],[-15,23],[-9,14],[-32,53],[-43,77],[-765,1248],[-573,935],[-27,51],[-21,55],[-11,39],[-5,21],[-24,126],[-34,200],[-22,132],[-9,56],[-8,111],[13,788],[8,78],[25,96],[60,125],[124,218]],[[69625,31988],[24,42]],[[69649,32030],[11,20],[6,10]],[[69666,32060],[20,33]],[[69692,32104],[17,30]],[[77104,22767],[-8,24],[-60,158],[-22,70],[-5,12],[-17,47],[-11,31],[-4,12],[-4,13],[-1,46],[8,22],[6,11],[7,11],[12,16],[7,12],[6,29],[-5,45],[-5,12],[-5,12],[-28,29],[-19,12],[-9,3],[-9,3],[-18,4],[-92,13],[-80,7],[-18,0],[-17,-1],[-32,-6],[-77,-13],[-132,-21],[-155,-23],[-81,-15],[-35,-5],[-7,-1],[-7,0],[-16,0],[-10,1],[-13,2],[-32,8],[-43,14],[-18,6],[-17,5],[-18,6],[-29,10],[-16,5],[-168,36],[-89,16],[-50,5],[-6,1],[-22,4],[-126,25],[-65,7],[-40,-1],[-44,-6],[-40,-9],[-32,-10],[-51,-22],[-62,-35],[-52,-37],[-42,-29],[-21,-14],[-10,-7],[-11,-5],[-32,-9],[-14,-2],[-16,-3],[-22,-2],[-110,-6],[-100,16],[-45,4],[-100,14],[-16,2]],[[74589,23326],[-43,5]],[[74546,23331],[40,-7]],[[69709,32139],[-21,-38]],[[69688,32101],[-22,-41]],[[69666,32060],[-4,-7],[-13,-23]],[[69649,32030],[-7,-15]],[[71950,25569],[-8,14],[-1,3],[1,2],[3,5]],[[71945,25593],[10,-18],[8,-13]],[[71963,25562],[7,-10],[110,-189],[39,-67],[15,-26],[35,-57],[9,-16],[20,-34],[22,-37],[27,-46],[9,-17],[6,-10],[3,-4],[41,-68],[4,-7],[5,-6],[13,-18],[24,-39],[35,-60],[51,-87],[15,-28],[13,-26],[15,-28],[35,-59],[21,-36],[10,-16],[52,-88],[29,-50],[15,-13]],[[72643,24420],[3,-1],[21,-9]],[[72667,24410],[15,-7]],[[72682,24403],[9,-4],[2,-1],[1,0],[7,-11],[18,-30]],[[72719,24357],[3,-5],[1,-2],[-1,-9]],[[72722,24341],[-3,-19],[0,-6],[0,-2],[0,-3]],[[72719,24311],[1,-1],[2,-2],[3,-2],[2,-1],[17,5],[2,0],[4,1]],[[72750,24311],[7,-1],[4,-1]],[[72761,24309],[20,-4],[7,-1],[10,-1]],[[72798,24303],[25,-2],[5,0],[-2,-15],[0,-25],[-3,-26],[-1,-10],[-2,-17],[-10,-44],[-10,-70],[-2,-16],[-12,-92],[1,-7],[-1,-4],[-1,-17],[-1,-3],[-2,-9],[-4,-37],[-4,-33],[80,-12],[30,-4],[9,0],[3,2],[2,2],[0,0],[1,0],[1,0],[2,-2],[2,-3],[2,-2],[1,-2],[2,-1],[1,0],[4,-1]],[[72914,23853],[6,-2],[1,-1],[8,-2]],[[72929,23848],[3,0]],[[72929,23848],[-9,-2]],[[72920,23846],[-3,-5],[-1,-4],[-2,-4]],[[72914,23833],[0,-5],[-3,-24],[-4,-27],[-7,-52],[-1,-8],[-1,-11],[-5,-31],[-10,-64],[-7,-49],[122,-17],[41,-7],[100,-14],[204,-31],[37,-4],[28,-4],[55,-9],[393,-56],[103,-15],[198,-29],[222,-32],[29,-4],[16,-2]],[[74424,23338],[63,-24]],[[74487,23314],[32,-4],[14,-2],[5,-1],[4,0],[3,0],[15,2],[18,5],[10,2],[5,0],[11,-1],[14,-1],[36,-5],[27,-11],[11,-6],[5,-1],[68,-10],[27,-8],[5,-3],[2,-1],[2,0],[11,-2],[48,-8],[21,-4],[33,-5],[35,-6],[23,-3]],[[74972,23241],[19,-4],[4,0],[1,5],[10,68],[2,1],[2,0],[20,10],[28,15],[18,10]],[[76372,23225],[12,83],[-62,9],[4,33]],[[76326,23350],[-5,-36],[59,-9],[-11,-80]],[[74487,23314],[-5,0],[-27,1],[-5,1],[-3,2],[-3,2],[-20,18]],[[72914,23833],[-1,13]],[[72913,23846],[1,7]],[[72920,23846],[-7,0]],[[72914,23853],[4,4],[2,3],[9,17],[1,4],[4,10],[1,4],[1,3],[0,2],[0,4],[-1,7],[-7,16],[-2,3],[-1,2],[-2,2],[-3,1],[-1,1],[0,1],[0,1],[-6,9],[-33,55],[-38,63],[-8,27],[13,123],[0,2],[-3,5],[-4,2],[-24,4],[9,70],[-27,5]],[[72761,24309],[-10,-1]],[[72751,24308],[-18,-5]],[[72733,24303],[-6,0]],[[72727,24303],[-6,4],[-1,3],[-1,1]],[[72722,24341],[0,5],[-2,5]],[[72720,24351],[-8,13],[2,1],[5,-8]],[[72750,24311],[1,-3]],[[72751,24308],[-18,-5]],[[72733,24303],[-6,0]],[[72720,24351],[-26,43],[-2,2],[-3,4],[-7,3]],[[72667,24410],[-24,10]],[[71963,25562],[-9,0],[-4,7]],[[69722,32142],[-236,-1925]],[[69486,30217],[63,-102],[4,-7],[96,-148],[28,-38]],[[69677,29922],[9,-13]],[[69686,29909],[11,-21],[13,-7]],[[69710,29881],[26,4],[28,15],[19,10],[27,15],[18,20],[15,-8],[-29,-54],[3,-47],[27,-72],[70,-152],[115,-298],[63,-161],[42,-109],[42,-83],[48,-66],[21,-22],[13,-14],[17,-16],[37,-29],[414,-254],[93,-67],[307,-262],[262,-207],[92,-58],[111,-8],[-29,-35],[-14,-17],[-20,-26],[-8,-13],[-36,-47],[-10,-13],[-9,-15],[-9,-22],[-4,-13],[-14,-70],[-46,-114],[-24,-93],[-9,-32],[-36,-140],[-3,-13],[-1,-5],[-23,-90]],[[71296,27200],[-9,2],[-5,1]],[[71282,27203],[-15,6]],[[71267,27209],[-62,18]],[[71205,27227],[-17,22]],[[71188,27249],[-33,55]],[[71155,27304],[-6,10],[-7,10],[-3,5],[0,5],[2,-4],[2,-3]],[[71143,27327],[2,-3],[5,-9],[5,-11]],[[71188,27249],[12,-7],[5,-15]],[[71267,27209],[29,-9]],[[71296,27200],[-18,-67],[-9,-37],[-6,-22],[-9,-36],[-1,-6],[-3,-15],[3,-61],[1,-18],[2,-10],[19,-55],[65,-137],[27,-62],[1,-32],[-24,-171],[16,-92],[11,-44],[6,-21],[16,-42],[19,-2],[8,-1],[118,-5],[55,-2],[71,4],[20,-1],[40,-2],[19,-2],[0,-13],[0,-10]],[[71743,26238],[7,-28]],[[71750,26210],[11,-28]],[[71761,26182],[7,-25]],[[71768,26157],[4,-12],[1,-7]],[[71773,26138],[84,-346],[18,-57]],[[71875,25735],[12,-22]],[[71887,25713],[42,-86],[10,-20],[6,-14]],[[71887,25713],[-12,22]],[[71773,26138],[-4,6],[-1,13]],[[71761,26182],[-11,28]],[[71743,26238],[-2,18],[-15,1],[-13,1],[-63,2],[-17,-1],[-26,-2],[-22,-1],[-54,3],[-53,3],[-65,2],[-15,0],[-17,2],[-1,7],[0,5],[-12,47],[-13,47],[-17,105],[24,169],[0,13],[-1,8],[-7,25],[-23,47],[-57,120],[-10,22],[-12,31],[-1,9],[-2,10],[-3,33],[-2,18],[1,37],[1,10],[3,15],[3,13],[5,19],[3,10],[4,15],[12,47],[6,25],[1,15],[1,4],[-2,11]],[[71143,27327],[-1657,2890]],[[69677,29922],[9,-13]],[[69710,29881],[18,25],[5,58],[-25,65],[-101,209],[-87,102],[-19,15],[-21,15],[-54,32],[-39,23],[-39,28],[-46,47],[-59,90],[-60,74],[-26,17],[-88,21],[-2,-1],[-10,7],[5,9],[1,0],[6,4],[29,42],[10,15],[17,25],[44,65],[25,61],[15,71],[46,360],[3,23],[9,73],[7,53],[6,50],[7,46],[14,143],[16,38],[19,19],[11,7],[131,47],[6,3],[16,13],[28,39],[18,33],[41,71],[16,32],[12,21],[2,4],[17,-11],[26,-15],[18,-11],[24,-13],[2,4],[7,14],[41,71],[-27,15],[16,26],[-8,5],[-10,-16],[-1,-2]],[[76326,23350],[7,47],[17,-3]],[[76388,23391],[17,-3],[9,-1],[6,-2]],[[76420,23385],[27,-5],[85,-12],[43,-6],[10,-1],[19,-3]],[[76604,23358],[50,-5],[5,0],[7,1],[0,1],[2,2],[11,3],[18,17],[12,12],[12,12],[19,18],[2,2],[4,1],[6,-2]],[[76752,23420],[19,-2],[13,-1],[21,-4],[21,-3],[35,-6]],[[76752,23420],[-2,0],[-2,0],[-3,-1],[-1,-1],[-2,-1],[-15,-15],[-12,-11],[-35,-37],[-3,-6],[-4,-1],[-69,11]],[[76420,23385],[-7,-1],[-9,1],[-13,2]],[[76391,23387],[-17,4]],[[74546,23331],[-31,4],[-218,33]],[[74297,23368],[-181,24]],[[74536,23334],[53,-8]],[[69625,31988],[15,30],[6,11],[8,13],[7,12],[10,19],[17,28]],[[69436,30385],[33,-192]],[[71115,27351],[17,-26],[18,-30]],[[71709,26337],[17,-60]],[[71726,26277],[20,-85],[16,-63]],[[71931,25588],[40,-65]],[[72685,24320],[29,-49]],[[72808,24112],[122,-207],[16,-27],[60,-102],[48,-71],[24,-28],[74,-68],[87,-58],[57,-26],[85,-25],[55,-8],[73,-12],[49,-7],[142,-17],[98,-13],[26,-3],[59,-6],[233,-41]],[[74116,23393],[73,-10]],[[74189,23383],[163,-21],[184,-28]],[[74116,23393],[73,-10]],[[74189,23383],[108,-15]],[[71135,27317],[33,-53]],[[71168,27264],[21,-32]],[[71201,27207],[-33,57]],[[71168,27264],[-13,22]],[[71135,27317],[-124,194]],[[76475,28717],[35,-113],[7,-22],[53,-174],[26,-80],[32,-108],[39,-86],[56,-88],[24,-77],[20,-137],[5,-35],[4,-34],[15,-71],[11,-35],[9,-29],[16,-51],[21,-176]],[[76848,27401],[25,-252],[34,-364],[12,-124],[4,-42],[1,-18],[3,-28],[45,-479],[9,-73],[19,-249],[0,-24],[0,-6],[0,-9],[-2,-9],[-1,-9],[-6,-53],[-4,-30],[-2,-24],[-1,-16],[0,-15],[-2,-19],[-28,-284],[-6,-58],[-4,-43],[-9,-81],[-10,-65],[-13,-96],[-12,-79],[-16,-116],[-2,-20],[-3,-31],[-8,-94],[-1,-12],[-1,-13],[-6,-69],[-1,-17],[-3,-38],[-8,-51],[-7,-42],[-2,-10],[-11,-64],[-1,-10],[-21,-56],[-23,-27],[-25,-17],[-29,-13],[-56,-7],[-51,-1],[-4,0],[-12,-1],[-20,-4],[-21,-7],[-4,-2],[-41,-23],[-30,-26],[-70,-84],[-34,-34],[-53,-42],[-37,-22],[-26,-14],[-17,-12],[-33,-29],[-2,-2],[-9,-11],[-4,-5],[-19,-27],[-12,-32],[-10,-40],[-16,-116],[-2,-17],[-1,-14],[0,-7],[4,-52],[16,-77],[4,-15],[2,-10],[18,-82],[3,-14],[3,-9],[21,-39]],[[76219,23275],[13,-17]],[[76232,23258],[6,-8]],[[76592,22748],[4,-8]],[[76596,22740],[11,-20]],[[76611,22712],[8,-17]],[[76265,23218],[-46,57]],[[76219,23275],[-8,10]],[[76211,23285],[-4,6]],[[76207,23291],[-4,6]],[[76203,23297],[-3,7]],[[76200,23304],[-2,4]],[[76198,23308],[-1,4]],[[76197,23312],[-4,16],[-6,27],[-7,30],[-8,34],[-2,10],[-6,26],[-12,60],[-6,45],[0,17],[1,17],[23,154],[14,43],[7,14],[10,14],[9,13],[10,11],[2,3],[23,21],[28,19],[26,15],[30,17],[79,65],[63,75],[34,36],[25,19],[14,9],[11,5],[9,4],[4,2],[26,8],[27,4],[61,1],[40,5],[28,10],[35,22],[42,75],[2,12],[2,10],[1,5],[6,36],[4,24],[11,63],[6,53],[5,59],[4,44],[11,133],[1,19],[3,18],[4,33],[12,85],[11,74],[4,33],[7,47],[2,16],[12,87],[4,39],[3,32],[1,8],[3,29],[4,36],[6,66],[22,220],[3,36],[1,20],[0,10],[1,11],[1,15],[12,98],[1,7],[1,7],[0,18],[-1,19],[-11,122],[-9,107],[-4,45],[-51,553],[-74,794]],[[76528,22837],[-5,8],[-4,9],[-4,9],[-6,9]],[[76577,22777],[-7,10],[-28,44]],[[76502,22888],[-30,35],[-12,12],[-13,12],[-24,30],[-7,10],[-17,28],[-19,32],[-7,13],[-1,1],[-10,17],[-12,19]],[[76265,23218],[9,-10]],[[76243,23243],[-11,15]],[[76211,23285],[-4,6]],[[76203,23297],[-3,7]],[[76198,23308],[-1,4]],[[67641,19465],[12,7]],[[67653,19472],[61,31],[78,41]],[[67792,19544],[41,22],[61,31],[98,51],[174,90],[181,91],[412,216],[70,41],[142,69],[161,83],[44,23],[40,17],[225,73],[655,212],[95,31],[93,29],[83,27],[62,20],[178,58],[132,46],[32,9],[27,7],[13,4],[14,4],[374,121],[41,13],[20,5]],[[71260,20937],[59,19]],[[71319,20956],[80,18],[51,0],[65,-12]],[[71515,20962],[744,-127],[26,-4]],[[72285,20831],[46,-6]],[[72331,20825],[42,-5],[81,-8]],[[72454,20812],[28,-7]],[[72482,20805],[21,-9]],[[72503,20796],[35,-9],[109,-15],[175,-22],[61,-8],[67,-9],[157,-21],[22,-2],[11,-1],[30,2],[34,7],[65,32],[161,150],[25,32],[18,62],[16,120],[59,101],[8,29],[9,39],[13,51],[11,47],[12,60],[66,62],[52,5]],[[73719,21508],[4,0]],[[73723,21508],[110,-17]],[[73833,21491],[310,-47],[68,3]],[[74211,21447],[11,3]],[[74222,21450],[12,4]],[[74234,21454],[11,3]],[[74245,21457],[12,5]],[[74257,21462],[9,4],[12,6],[33,14],[134,59],[21,12],[30,28],[14,21],[12,31],[2,21],[0,8],[1,15]],[[74525,21681],[-1,25],[0,57]],[[74524,21763],[13,129],[51,250],[8,44],[8,37],[7,34],[18,92],[15,71],[13,70],[16,79],[6,27],[3,19],[19,92],[32,97],[35,62],[165,226],[18,24],[30,41],[6,8],[43,59],[11,16],[42,58],[6,8],[6,9],[8,10],[17,19],[36,33],[20,16],[8,6],[16,11],[89,41],[85,19],[48,9],[20,3],[50,-3],[202,-38],[215,-40],[15,-5]],[[75904,23400],[-99,19],[-159,30],[-139,26],[-54,5],[-35,-4],[-114,-24],[-109,-47],[-18,-13],[-47,-40],[-34,-38],[-21,-30],[-27,-38],[-6,-7],[-10,-16],[-45,-60],[-43,-59],[-43,-59],[-131,-179],[-32,-54],[-36,-105],[-26,-132],[-15,-74],[-2,-11],[-8,-38],[-19,-96],[-26,-128],[-3,-15],[-21,-105],[-43,-212],[-14,-148]],[[74525,21748],[1,-40],[1,-25]],[[74527,21683],[-2,-21],[-1,-19],[-7,-26],[-11,-21],[-13,-17],[-14,-14],[-20,-14],[-22,-12],[-149,-64]],[[74288,21475],[-31,-13]],[[74257,21462],[-7,-3]],[[74250,21459],[-5,-2],[-11,-3]],[[77015,22642],[26,5],[44,10],[9,3],[13,2],[4,1],[16,5]],[[67639,19471],[18,8]],[[67657,19479],[13,6]],[[67670,19485],[28,11]],[[67698,19496],[3,1]],[[67701,19497],[91,47]],[[67619,19452],[33,17],[73,39]],[[67725,19508],[14,7]],[[67739,19515],[54,28]],[[67793,19543],[9,5]],[[67802,19548],[8,4]],[[67810,19552],[44,23]],[[67854,19575],[-52,-27]],[[77057,22656],[-27,-8]],[[71065,20854],[57,18]],[[71122,20872],[13,6]],[[71135,20878],[10,2]],[[71145,20880],[26,8],[38,13],[24,7],[11,1],[-10,-95],[26,-3]],[[71260,20811],[6,1],[1,0],[4,0],[-1,-4],[-1,-5],[-1,-4]],[[71268,20799],[-5,-41]],[[71263,20758],[-6,-65]],[[71257,20693],[1,-7],[-1,-4]],[[71257,20682],[-2,-7]],[[71255,20675],[-1,-4],[-5,-53],[-2,-15]],[[71247,20603],[2,-29],[0,-1],[63,-19]],[[71312,20554],[179,-52]],[[71491,20502],[28,-6],[1,0],[5,-1],[12,-6],[6,-2],[168,-48]],[[71711,20439],[63,-17]],[[71774,20422],[58,-10],[17,-2],[18,-3]],[[71867,20407],[7,-1],[295,-43]],[[72169,20363],[77,41],[43,30],[49,31]],[[72338,20465],[21,40]],[[72359,20505],[-17,29],[-4,6],[-6,10]],[[72332,20550],[-17,24]],[[72315,20574],[-8,13]],[[72307,20587],[-4,7],[-2,21]],[[72301,20615],[1,2],[1,1],[5,12]],[[72308,20630],[20,156]],[[72328,20786],[3,39]],[[72331,20825],[0,2],[0,2],[0,4],[-2,7]],[[72329,20840],[-2,9],[-1,4]],[[72326,20853],[6,-11]],[[72332,20842],[86,-4],[85,-15],[32,-30],[258,-37],[9,2],[39,-5],[46,-6]],[[72887,20747],[0,7]],[[72887,20754],[-4,-37],[-1,-9],[-3,-9],[-1,0],[0,-3],[4,-1],[1,0],[6,0],[4,0],[18,-2],[16,-2],[66,-9],[16,-2],[35,-5],[34,-4],[15,-2],[20,-3],[20,43],[2,16]],[[73135,20725],[-1,-11],[-208,27],[-39,6]],[[73135,20725],[5,35],[3,24],[2,15]],[[73145,20799],[-3,14]],[[73142,20813],[0,5],[44,95],[102,225],[8,25],[28,211],[3,20],[3,31],[8,47],[2,23],[5,29],[6,45],[6,51],[7,49],[6,49],[11,80],[4,27],[7,56],[8,-1],[36,-5],[61,-9],[22,-3],[121,-15],[2,1],[3,0],[2,-2],[4,-1],[41,-6],[61,-6],[5,-2],[1,-1],[169,-29],[1,1],[3,0],[3,-2],[28,-3],[63,-9],[55,-8],[22,-3],[73,-10],[98,-14],[59,-7],[117,-17],[22,-1]],[[74472,21729],[3,-1]],[[74475,21728],[1,-1]],[[74476,21727],[1,0]],[[74477,21727],[1,-3],[-1,-2],[0,0],[2,-5],[1,-1],[1,0],[5,-3],[10,-5],[3,0],[3,1],[2,4],[0,3],[-1,1],[-1,2],[-1,0],[-1,1],[-7,1]],[[74493,21721],[17,-2]],[[74510,21719],[3,2]],[[74513,21721],[-1,5],[-5,43],[-1,12],[-7,62],[-4,41],[-2,21],[0,65],[-2,27],[-1,8],[-1,7],[-1,5],[-21,135],[-2,9]],[[74465,22161],[20,-141],[1,-9],[2,-8],[1,-9],[1,-25],[0,-64],[6,-48],[5,-57],[2,-19],[6,-56],[1,-3]],[[74510,21722],[-33,5]],[[67621,19491],[-3,-1],[-5,4],[29,14]],[[67642,19508],[7,10],[6,1]],[[67655,19519],[67,10],[67,35]],[[67789,19564],[4,5],[63,16],[4,-1],[4,-1],[3,-2],[14,-14],[34,-67],[55,29],[221,131],[17,11],[114,67],[110,65],[345,206],[30,17],[40,25],[20,13],[12,7],[119,70],[88,51],[2,1],[1,1],[0,2],[0,3],[-5,15],[-13,33],[-11,12]],[[69060,20259],[-36,-17]],[[69024,20242],[-10,-2]],[[69014,20240],[-14,-12],[-119,-62],[4,-15]],[[68885,20151],[-9,-32],[-5,-3],[-3,-1],[-3,0],[-2,5],[2,6],[5,14],[15,11]],[[68885,20151],[-13,18],[5,3],[1,-1],[121,59],[19,19]],[[69018,20249],[4,0]],[[69022,20249],[45,19]],[[69067,20268],[5,3],[51,25],[4,2],[87,44],[52,27],[211,105],[161,89],[81,52],[191,120],[18,11],[22,14],[61,36]],[[70011,20796],[16,10]],[[70027,20806],[17,13],[50,-39],[18,-4],[19,-4],[4,-4],[-3,-13]],[[70132,20755],[9,-35]],[[70141,20720],[7,-23]],[[70148,20697],[21,-21]],[[70169,20676],[13,-4]],[[70182,20672],[42,-10]],[[70224,20662],[10,-8]],[[70234,20654],[7,-15]],[[70241,20639],[6,-5]],[[70247,20634],[25,5]],[[70272,20639],[17,6],[49,16],[18,26],[26,6]],[[70382,20693],[-27,-10],[3,-20],[-20,-9],[-38,-12],[-10,-2],[-43,-15],[-1,7]],[[70246,20632],[1,2]],[[70272,20639],[-4,41],[-1,6],[1,58],[0,7],[16,1],[25,4],[23,6],[1,-10],[0,-21],[-1,-33],[1,-24],[0,-14],[0,-5],[0,-9],[2,-4],[1,-4],[1,-4],[1,-1],[6,-3],[49,14],[111,9],[67,7],[88,16],[75,9],[16,66]],[[70750,20751],[-1,1],[-1,0]],[[70748,20752],[-1,-1],[-1,0],[-6,-2]],[[70740,20749],[-8,-2],[-19,-6],[-7,-5]],[[70706,20736],[13,9],[23,8],[3,1],[2,1],[3,2],[3,2],[2,-1],[1,0],[17,1]],[[70773,20759],[65,21],[49,16]],[[70887,20796],[67,21]],[[70954,20817],[58,19],[13,5],[28,9],[5,1],[7,3]],[[71135,20878],[1,-4]],[[71136,20874],[-10,-81],[47,22],[38,68],[5,17],[4,20],[2,11],[66,352],[30,163],[19,59],[52,75],[46,36],[79,47],[121,74],[571,344],[119,78],[33,29],[11,11],[12,12],[54,62],[45,49],[18,20],[8,8],[33,30],[17,12],[71,18],[123,-9],[66,-2],[16,-1],[30,-2],[232,4],[182,14],[111,10],[52,3],[21,1],[38,2],[39,2],[126,3],[114,4],[217,6],[33,0],[56,2],[60,2],[151,-18],[150,-16],[8,-1]],[[74452,22414],[-2,-10],[-2,-27],[3,-61],[1,-16],[-1,-6]],[[74451,22294],[2,-22]],[[74453,22272],[3,-25]],[[74456,22247],[7,-68]],[[74463,22179],[1,-11],[1,-7]],[[74493,21721],[-8,1],[-1,1],[-2,0],[-2,0],[-3,-1],[-1,-1],[-1,-1],[-2,0],[-2,0]],[[74471,21720],[1,9]],[[74475,21728],[1,-1]],[[74463,22179],[-7,65]],[[74456,22244],[142,-20],[12,-2],[16,-2],[185,-27],[10,79],[59,0],[-5,19],[0,11],[0,17],[1,10],[27,192],[-49,25],[-20,3],[-9,1],[-58,8],[-58,9],[-51,7]],[[74658,22574],[-39,6]],[[74619,22580],[11,77],[2,20],[5,30],[4,30],[2,13],[-1,5],[0,1],[0,2],[3,0]],[[74645,22758],[1,0],[6,-3],[47,-6],[2,5],[3,7],[2,6],[-20,3]],[[74686,22770],[-39,6],[11,77]],[[74658,22853],[3,20],[35,-4]],[[74696,22869],[4,0],[63,2],[16,17]],[[74779,22888],[13,20]],[[74792,22908],[10,14]],[[74802,22922],[46,63]],[[74848,22985],[16,22]],[[74864,23007],[7,9]],[[74871,23016],[7,18]],[[74878,23034],[6,42],[28,-1],[21,35]],[[74933,23110],[3,10]],[[74936,23120],[5,35]],[[74941,23155],[2,19]],[[74943,23174],[1,4]],[[74944,23178],[2,20],[7,42],[0,3],[19,-2]],[[74944,23178],[2,-3],[-3,-1]],[[74943,23174],[-2,-19]],[[74936,23120],[-3,-10]],[[74878,23034],[-7,-18]],[[74864,23007],[-16,-22]],[[74802,22922],[-10,-14]],[[74792,22908],[-13,-20]],[[74779,22888],[-22,-30],[-61,11]],[[74658,22853],[-13,-87],[0,-8]],[[74686,22770],[-8,-56],[-5,-34],[-5,-34],[-10,-72]],[[74619,22580],[-39,5],[-50,8],[-32,1],[-17,-7],[-12,-47],[-8,-52],[-3,-22],[-1,-6],[-5,-46]],[[74451,22294],[2,-22]],[[74456,22247],[0,-3]],[[74451,22294],[-2,5],[-2,21],[-5,33],[-12,20],[-126,35],[-127,18],[-96,6],[-32,-2],[-20,-3],[-17,-2],[-42,-5],[-168,1],[-131,-3],[-206,-6],[-21,-1],[-20,-1],[-33,-2],[-34,-2],[-223,-20],[-142,-5],[-110,-1],[-52,-2],[-93,0],[-89,-4],[-37,-15],[-110,-97],[-107,-70],[-14,-11],[-51,-46],[-28,-20],[-197,-110],[-429,-258],[-40,-23],[-106,-64],[-44,-27],[-62,-37],[-41,-36],[-39,-59],[-17,-54],[-94,-501],[-5,-24],[-3,-15],[-2,-9],[-7,-24],[-40,-86],[11,-21],[77,-9]],[[71268,20799],[-1,9],[-7,3]],[[71145,20880],[-9,-6]],[[71136,20874],[-14,-2]],[[70954,20817],[-67,-21]],[[70773,20759],[-17,-7],[-1,-1],[-2,0],[-3,0]],[[70748,20752],[-2,-1],[-2,0],[-4,-2]],[[70706,20736],[-2,-18],[-1,-56],[-1,-29],[2,-16],[1,-1],[1,-1],[0,-5],[0,-1],[-7,-1],[-1,1],[-3,1],[-5,5],[-13,30],[-29,13],[-111,-9],[-108,-23],[-47,-33],[-27,-50],[-7,0],[-13,58],[-4,17],[-1,11],[-1,13],[-1,10],[0,13],[-1,33],[-1,18],[0,22],[0,13],[0,9],[16,4],[23,3],[4,1],[35,6],[10,-71],[-2,-1],[-30,-9]],[[70246,20632],[-5,7]],[[70234,20654],[-10,8]],[[70182,20672],[-13,4]],[[70148,20697],[-7,23]],[[70132,20755],[-5,14],[-6,2],[-21,4],[-73,31]],[[70011,20796],[-34,-28],[-57,-34],[-7,-5],[-169,-104],[-108,-68],[-220,-120],[-85,-42],[-26,-13],[-32,-17],[-89,-44],[-56,-28],[-50,-25],[-11,-6],[-7,-3]],[[69024,20242],[-10,-2]],[[69018,20249],[4,0]],[[69067,20268],[3,-4],[1,-2],[1,-3],[12,-31],[1,-4],[3,-9],[2,-9],[6,-17],[2,-4],[3,-8],[0,-8],[-93,-30],[-132,-77],[-6,-4],[-18,-12],[-6,-4],[-184,-110],[-77,-44],[-306,-181],[-52,-32],[-10,-5],[-137,-83],[-26,-15],[-82,-47],[-55,-31],[-5,4],[-34,68],[-12,12],[-3,1],[-3,2],[-6,1],[-25,-7],[-16,-10],[-24,-1]],[[67655,19519],[-13,-11]],[[67642,19508],[-1,-4],[-2,-3],[-2,-3],[-3,-2],[-8,-3],[-4,-2],[-1,0]],[[74471,21720],[-47,10],[-31,4],[-74,10],[-147,21],[-39,5],[-25,4],[-24,3],[-71,9],[-71,10],[-8,0],[-1,-1],[-4,0],[-171,31],[-66,10],[-42,6],[-4,0],[-2,-1],[-3,0],[-2,2],[-58,8],[-62,9],[-62,8],[-24,3],[-14,3],[-23,3],[-22,-159],[-8,-61],[-4,-32],[-1,-11],[-9,-65],[-6,-44],[-4,-33],[-2,-17],[-5,-26],[2,-5],[1,-1],[-1,-8],[-5,-17],[-4,-30],[-32,-221],[-38,-87],[-34,-72],[-34,-77],[-26,-56],[-16,-43],[-3,-13]],[[72887,20754],[11,79],[-1,16],[-10,3],[-33,4],[-42,5],[-84,13],[-22,3],[-31,4],[-32,4],[-86,12],[-31,4],[-10,0],[-5,1],[-9,2],[-22,3],[-33,5],[-48,6],[-38,1],[-18,-6],[-20,-7],[-7,-20],[8,-24],[2,-9]],[[72332,20842],[0,-2]],[[72332,20840],[-3,0]],[[72332,20840],[2,-11]],[[72334,20829],[0,-4],[-2,-18],[-4,-21]],[[72308,20630],[-1,-10],[0,-4]],[[72307,20616],[1,-1],[0,-2],[-1,-2],[-1,-4],[-1,-3],[-1,-6],[0,-4],[0,-1],[0,-1],[3,-5]],[[72315,20574],[17,-24]],[[72359,20505],[13,-24],[-34,-16]],[[72169,20363],[-302,44]],[[71867,20407],[-45,3],[-48,12]],[[71711,20439],[-97,23],[-36,10],[-54,14],[-7,2],[0,1],[-26,13]],[[71312,20554],[-63,12]],[[71249,20566],[-9,0],[0,1],[1,6],[2,2],[4,28]],[[71255,20675],[-1,7],[-1,1],[4,10]],[[76299,23162],[-18,28]],[[74222,21450],[-11,-3]],[[72503,20796],[-21,9]],[[72454,20812],[-120,17]],[[72334,20829],[-10,1],[-27,0],[-12,1]],[[71515,20962],[-71,11],[-73,-6],[-125,-37],[-64,-21],[-33,-10],[-75,-27],[-95,-26]],[[70979,20846],[-128,-41],[-33,-11],[-64,-20],[-7,-2],[-65,-21],[-286,-93],[-33,-12],[-17,-6],[-27,-10],[-94,-31],[-52,-13],[-890,-287],[-128,-50],[-79,-41],[-116,-60],[-73,-38],[-56,-29],[-495,-261],[-92,-43],[-348,-181],[-23,-12],[-19,-9]],[[67810,19552],[-71,-37]],[[67725,19508],[-72,-36]],[[67793,19543],[-28,-15],[-12,-4],[-8,-4],[-44,-23]],[[67698,19496],[-28,-11]],[[67670,19485],[-13,-6]],[[71319,20956],[1491,482],[335,107],[67,13],[90,5],[35,-3],[19,-3],[21,-4],[227,-29],[115,-16]],[[73723,21508],[110,-17]],[[74288,21475],[-38,-16]],[[74250,21459],[-5,-2]],[[71260,20937],[-43,-14],[-6,-2],[-232,-75]],[[77006,22641],[7,2]],[[74525,21748],[-1,15]],[[75203,20730],[8,22],[-58,25],[-79,33],[-14,-26],[-141,69],[-69,42],[-85,101],[-44,102]],[[74721,21098],[-3,4],[0,4],[-1,1],[0,0],[0,4],[3,2],[2,0],[4,6]],[[74726,21119],[1,1]],[[74727,21120],[12,8]],[[74739,21128],[24,18]],[[74763,21146],[-17,-16]],[[74746,21130],[-17,-12]],[[74729,21118],[-3,1]],[[75189,20725],[-37,15]],[[75152,20740],[-12,3],[-6,2],[-2,1],[-210,90],[-65,36],[-46,40],[-24,27],[-32,46],[-17,34],[-9,24],[-23,58],[-15,41],[-12,30],[-23,60],[-70,180],[-38,121],[-13,65]],[[74535,21598],[-6,39],[-1,9],[-1,13],[-1,10],[-1,12]],[[74527,21683],[1,-12],[0,-5],[0,-6]],[[74528,21660],[25,-141],[33,-103],[71,-183],[39,-101],[5,-12],[7,-18],[16,-43],[29,-68],[30,-46],[24,-27],[44,-39],[69,-41],[217,-92],[4,-2],[11,-4]],[[74727,21120],[12,8]],[[74763,21146],[35,27],[-2,6],[-2,4],[-14,26],[-11,24]],[[74769,21233],[-38,72],[-6,11]],[[74725,21316],[-6,10],[-8,14],[-1,4],[-5,10]],[[74705,21354],[-39,74]],[[74666,21428],[-10,15],[-39,74],[-49,92],[-1,4],[-3,5],[-6,6],[-8,16],[-3,4],[-8,10],[-5,5],[-11,10],[-1,1],[-4,5],[-5,17],[-3,27]],[[74513,21721],[-3,1]],[[74513,21721],[3,-29],[2,-10],[2,-3],[3,-5],[2,-3],[4,-3],[5,-5],[13,-13],[7,-9],[9,-7],[3,-1],[1,-2],[0,-1],[0,-2]],[[74567,21628],[1,-6],[2,-9],[4,-8],[46,-86],[41,-77],[5,-14]],[[74705,21354],[20,-38]],[[74769,21233],[26,-45],[3,-7],[1,-2],[3,-4],[3,-4],[-1,-2],[-2,-1],[-1,0],[-1,0],[-5,-1],[-49,-37]],[[74729,21118],[-4,-7],[0,-1],[0,-2],[-2,-3],[-1,0],[-1,-7]],[[74535,21598],[-7,62]],[[77450,25661],[-16,-99],[-37,-290],[-45,-152],[-1,-5],[-14,-103]],[[77337,25012],[-15,-110],[-1,-1],[-2,-2],[-3,-1],[-7,-2],[-6,-9],[-8,-57],[-2,-17],[-12,-85],[-9,-64],[-9,-63],[-5,-36],[-11,-77],[-1,-9],[-23,-213],[-5,-37],[-1,-10],[-7,-51],[-24,-193],[-9,-68],[-11,-83],[-15,-112],[-2,-12],[-24,-178],[-10,-9],[-73,12],[-4,-1],[-2,-1],[-2,-2],[-1,-1],[-1,-3],[-11,-89]],[[77021,23428],[-4,-19],[-14,-102],[-11,-81],[-7,-50],[-4,-33],[-4,-26],[3,-14],[13,-35],[14,-42],[14,-37],[18,-50],[11,-32],[2,-4],[9,-25],[3,-10],[1,-1],[1,-5],[13,-37],[5,-13],[11,-29],[11,-31],[13,-36],[1,-3],[1,-2],[7,-19],[8,-22],[1,-5],[3,-8],[19,-54],[1,-3],[4,-8],[9,-24],[4,-14],[16,-45]],[[77193,22509],[8,-27]],[[77201,22482],[-1,-1],[-1,-3],[-3,-3],[-31,-11],[-39,7],[-3,0],[-1,-1],[-1,0],[-2,-2],[-6,-21],[-4,-15],[-7,-31],[-3,-10],[-3,-12],[0,-4],[-5,-17],[-4,-19],[-2,-8],[-10,-45],[-12,-48],[-6,-29],[-6,-20],[-8,-36],[-1,-5]],[[77042,22148],[0,-3]],[[77042,22145],[0,-2]],[[77042,22143],[5,-16],[10,-37],[-22,-48],[-86,-31]],[[76949,22011],[-16,-6],[-28,-11],[-87,-32],[-26,-9],[-4,-1],[-70,-27],[-5,-11],[43,-119],[-68,-34],[-58,-90],[-5,-8],[-83,-127],[11,18],[40,62],[15,24],[14,22],[5,7],[5,8],[52,80],[4,6],[66,36],[-42,116],[4,11],[63,24],[13,4],[9,4],[30,10],[26,10],[75,28],[14,5]],[[76946,22011],[87,32],[23,47],[-10,37],[-5,14]],[[77041,22141],[-1,3]],[[77040,22144],[0,3]],[[77040,22147],[2,6]],[[77042,22153],[9,41],[4,16],[16,66],[10,45],[4,18],[11,42],[4,18],[14,61],[4,10],[2,2],[1,0],[1,1],[6,-1],[35,-7],[30,10],[3,2],[1,2],[1,0],[1,4],[0,4]],[[77199,22487],[-27,80],[-3,7],[-7,19],[-3,7],[-23,64],[-8,23],[-22,62],[-13,35],[0,1],[-1,3],[-14,37],[-12,35],[-2,6],[-2,4],[-9,27],[-4,10],[-11,32],[-26,71],[-7,18],[-12,36],[-15,39],[-2,14],[2,16],[6,38],[3,27],[4,29],[10,69],[3,24],[9,69],[3,20],[4,41]],[[77020,23450],[10,69],[4,6],[1,1],[2,0],[3,0],[85,-1],[14,108],[8,57],[0,5],[1,5],[1,9],[14,104],[22,162],[30,241],[3,25],[2,12],[1,9],[4,40],[4,38],[1,16],[15,123],[2,11],[14,106],[9,62],[8,61],[8,53],[12,89],[4,26],[6,10],[10,3],[1,1],[1,2],[1,2],[28,201]],[[77349,25106],[1,9],[0,2],[1,3],[3,13],[31,104],[12,42],[6,46],[7,59],[7,53],[7,58],[4,27],[4,37],[18,102]],[[81905,22696],[-52,11],[-28,4],[-11,2],[-46,9],[-63,9],[-65,10],[-45,6],[-155,24],[-60,9],[-61,10],[-120,18],[-418,65],[-10,1],[-28,5],[-27,4],[-76,11],[-481,74],[-28,4],[-131,20],[-153,24],[-82,12],[-323,49],[-113,17],[-28,4],[-81,12],[-35,5],[-26,3],[-52,8],[-34,3]],[[79073,23129],[-14,-7],[-37,-17],[-2,-1],[-2,-1],[-4,-5],[-97,-132]],[[78917,22966],[-57,-77],[-1,-2],[-3,-2],[-11,-1],[-79,12]],[[78766,22896],[-317,51]],[[78449,22947],[-305,37],[-143,19],[-39,5],[-52,7],[-12,2],[-8,1],[-20,0],[-12,-2],[-6,-1],[-10,-1],[-384,53]],[[77458,23067],[-63,8]],[[77395,23075],[-10,1],[0,-1],[-1,0],[-1,-2],[-2,-3],[-2,-5],[0,-2],[-5,-34]],[[77374,23029],[-7,-47],[-31,-67],[-4,-9],[-7,-15],[-3,-5],[-4,-8],[-1,-2],[-1,-2],[-5,-3]],[[77311,22871],[-147,-55],[-79,-30],[-75,-27],[-123,-46],[-22,-8],[-3,-1],[-4,-2],[-117,-43]],[[76741,22659],[-27,-10],[-1,-1],[-1,-1],[-1,-1],[0,-1],[-1,-1],[0,-1],[0,-2]],[[76710,22641],[26,-75]],[[76736,22566],[5,-14],[1,-4],[27,-68],[17,-52]],[[76786,22428],[9,-28],[-9,-14],[-28,-31]],[[76758,22355],[-54,-41]],[[76704,22314],[-11,-7],[-17,-10],[-7,-4],[-52,-32],[-28,-16],[-152,-114],[-137,-107],[-113,-88],[-2,-2],[-49,-38],[-37,-34],[-36,-51]],[[76063,21811],[46,59],[28,25],[51,40],[3,2],[110,86],[289,221],[72,43],[10,6],[7,4],[11,6],[5,3]],[[76695,22306],[13,8],[10,7],[18,12],[11,10],[7,7],[6,6]],[[76760,22356],[30,30],[5,7],[1,3],[0,1],[1,3]],[[76797,22400],[-10,31]],[[76787,22431],[-12,36],[-27,73],[-1,3],[-8,21],[-5,12],[-17,51]],[[76717,22627],[-5,14],[0,1],[0,2],[0,1],[1,1],[0,1],[2,1]],[[76715,22648],[143,53],[4,2],[9,3],[124,46],[79,29],[20,8],[70,25],[137,52]],[[77301,22866],[13,5],[2,1],[1,1],[1,1],[1,3],[4,9],[11,24],[12,24],[22,48],[12,80],[1,3],[1,3],[0,2],[1,1],[3,3],[9,0]],[[77395,23074],[77,-11]],[[77472,23063],[377,-50],[8,1],[7,1],[7,2],[9,0],[12,-1],[5,0],[40,-6],[23,-3],[186,-25],[295,-35]],[[78441,22947],[330,-53]],[[78771,22894],[78,-12],[5,1],[2,0],[1,1],[2,1],[3,4]],[[78862,22889],[153,209],[3,3],[1,1],[2,1],[3,2],[48,22]],[[79072,23127],[5,2],[1,0],[2,0],[1,0],[6,-1],[10,-1],[131,-20],[84,-12],[130,-19],[137,-20],[25,-4],[122,-19],[44,-7],[14,-2],[19,-3],[208,-32],[217,-33],[250,-38],[173,-26],[305,-48],[117,-18],[135,-21],[172,-26],[250,-38]],[[81630,22741],[39,-6],[70,-10],[29,-5],[34,-7],[12,-2],[11,-2],[22,-3],[34,-10],[25,-1]],[[76063,21811],[-2,-3],[-2,-4],[-10,-17],[13,23],[1,1]],[[77868,26202],[-3,-22]],[[77865,26180],[-36,-272],[-12,-91],[-6,-48],[-5,-47],[-12,-95],[-1,-7],[-35,-271],[11,-12],[196,-26],[8,-8],[-3,-14],[-20,-105],[-13,-80],[-9,-60],[-13,-84],[-1,-4],[-6,-41],[-7,-43],[-6,-34],[-28,-179],[-2,-7],[-1,-7],[-12,-38],[-45,-279],[0,-1],[-1,-2],[-3,-5],[-8,-12],[-75,-110],[-49,-73],[-8,-12],[-6,-8],[-26,-39],[-57,-86],[-8,-11],[-4,-6],[-33,-50],[-12,-33],[-26,-199],[-2,-8],[-1,-13],[-11,-79],[-14,-107],[-12,-94],[-12,-86],[-15,-114],[-1,-9],[-13,-91],[-2,-5],[0,-1],[-1,0],[-1,-1],[-11,1]],[[76715,22648],[-11,-4],[-30,-11],[-26,-9],[-4,-2],[-85,-32],[-14,-5],[-23,-8],[-39,-14],[-21,-8],[-37,-6],[-74,23]],[[76351,22572],[-3,0]],[[76348,22572],[-13,4]],[[76334,22577],[14,-5]],[[76351,22572],[68,-19],[51,6],[50,19],[24,8],[22,8],[77,29],[18,6],[12,5],[41,15],[27,10]],[[77374,23029],[5,33],[1,10],[1,2],[0,2],[1,1],[7,1],[13,-1],[5,1],[1,2],[1,1],[13,88],[15,119],[13,95],[10,76],[15,115],[11,79],[1,7],[1,13],[6,41],[20,149],[6,35],[8,16],[33,49],[2,3],[7,10],[1,2],[60,90],[11,16],[45,67],[19,27],[6,10],[49,73],[6,8],[27,40],[8,12],[3,5],[1,2],[1,2],[0,2],[52,319],[15,100],[14,89],[23,145],[7,42],[2,16],[1,6],[3,21],[16,100],[31,128],[-8,12],[-194,26],[-12,11],[2,19],[24,185],[5,43],[3,19],[2,14],[34,277],[1,11],[18,136],[16,116],[3,13]],[[77337,20988],[-8,10]],[[77329,20998],[-2,2],[-2,2],[-1,2],[-81,109],[-7,7],[-224,150],[-14,13],[-9,6],[-22,15],[-25,17],[-13,9],[-120,79],[-46,31],[0,10],[10,15],[39,59],[46,71],[9,15],[3,4],[26,40],[-24,64],[2,12],[8,10],[4,4],[11,16],[22,24],[61,52]],[[76980,21836],[14,18],[-52,146]],[[76942,22000],[-33,90],[-3,10],[-28,77],[-18,51],[-15,41],[-14,38],[-3,9],[-4,8],[-24,69],[-3,7]],[[76797,22400],[-11,28]],[[76787,22431],[5,-11],[5,-14],[5,-15],[30,-83],[6,-17],[8,-22],[1,-4],[20,-54],[71,-197],[11,-30]],[[76949,21984],[44,-124]],[[76993,21860],[3,-12],[-98,-88],[-11,-16],[-4,-5],[-9,-10],[-1,-10],[24,-66],[-8,-11],[-69,-108],[-46,-70],[-10,-14],[3,-11],[111,-74],[16,-10],[17,-12],[19,-12],[13,-9],[16,-11],[40,-27],[238,-163],[7,-7],[78,-106],[4,-5],[3,-5]],[[77193,22509],[4,-8],[6,-17],[1,-4],[2,-6],[19,-52],[5,-17],[9,-34],[1,-7],[4,-32],[0,-15],[-3,-56],[-1,-14],[2,-72],[1,-8],[1,-9],[4,-14],[9,-22]],[[77257,22122],[3,-3],[8,-13],[2,-3],[1,-2],[2,-3],[4,-3],[17,-14],[12,-10],[8,-6],[6,-6],[16,-19],[14,-23]],[[77350,22017],[3,-7],[14,-31],[3,-10],[3,-6],[93,-324]],[[77466,21639],[2,-10]],[[77468,21629],[18,-61],[16,-60],[24,-80]],[[77526,21428],[3,-11]],[[77529,21417],[32,-113],[25,-91]],[[77586,21213],[3,-9]],[[77589,21204],[6,-23],[1,-4],[3,-9],[0,-4]],[[77599,21164],[-5,-7],[-9,-4],[-5,-3],[-8,-5],[-46,-35],[-8,-5],[-12,-10],[-73,-55],[-13,-10]],[[77420,21030],[-25,-18],[-34,-26],[-66,-51],[-12,-15],[-7,-40],[19,-44],[60,-52],[67,-34]],[[77422,20750],[6,-1]],[[77428,20749],[3,0],[8,0],[6,0],[19,3],[7,1],[7,1],[11,1],[10,-2],[43,-7],[27,-5],[45,-8],[19,-3],[79,-13],[65,-11]],[[77777,20706],[45,-8],[8,-1],[18,-3],[73,-12],[28,-4],[157,-25],[71,-11],[213,-35],[84,-13],[34,-5],[2,-1],[163,-26],[108,-17],[41,-6],[62,-10],[2,0]],[[78886,20529],[15,60]],[[78901,20589],[30,205]],[[78931,20794],[2,4],[1,1],[1,1],[9,1],[42,-12],[4,36],[4,30],[10,75],[1,11],[16,125],[12,87],[1,12],[22,185],[1,9],[12,77],[33,226],[19,129],[3,26],[9,61],[7,51],[20,149],[25,176],[1,6],[0,4],[4,25],[31,214],[12,86],[10,65],[23,161],[28,187],[11,70]],[[79305,23072],[3,16]],[[77199,22487],[2,-5]],[[77201,22482],[1,-2],[2,-5],[1,-2],[11,-33],[9,-22],[4,-13],[9,-34],[1,-7],[4,-32],[0,-15],[-4,-64],[0,-3],[0,-9],[3,-71],[1,-9],[1,-7],[4,-12],[4,-11],[1,-5],[1,-3]],[[77254,22123],[8,-24],[1,-3],[4,-6],[5,-4]],[[77272,22086],[24,-17],[5,-3],[12,-5],[2,-1],[2,-1],[18,-19],[7,-11],[3,-6],[6,-12],[6,-13]],[[77357,21998],[13,-31],[2,-5],[86,-302]],[[77458,21660],[22,-78],[19,-66],[19,-67]],[[77518,21449],[36,-124],[28,-101],[4,-15]],[[77586,21209],[8,-27],[3,-11],[2,-7]],[[77599,21164],[3,-32],[3,-10],[1,-2],[7,-12],[2,-4],[2,-7],[87,-330],[15,-39]],[[77719,20728],[3,-7],[1,-2],[2,-2],[1,-1],[2,-1],[1,-1],[2,-1],[2,0],[14,-3]],[[77747,20710],[33,-6],[54,-9],[17,-3],[75,-12],[10,-2],[55,-8],[84,-13],[42,-7],[184,-30],[99,-15],[111,-18],[84,-14],[89,-14],[99,-16]],[[78783,20543],[102,-16],[2,0],[2,0],[2,1],[0,0],[2,1],[0,1],[2,5]],[[78895,20535],[27,189]],[[78922,20724],[10,69],[1,2],[1,2],[5,3],[8,-2],[28,-15],[12,7],[5,37],[4,33],[0,2],[4,29],[5,38],[2,13],[3,27],[3,18],[11,87],[10,81],[1,6],[1,5],[21,180],[0,6],[2,11],[11,73],[29,197],[5,35],[1,7],[10,71],[13,87],[1,12],[6,40],[6,44],[21,158],[12,83],[14,98],[26,183],[9,60],[7,47],[75,514]],[[77747,20710],[-9,1],[-15,3],[-21,3],[-17,3],[-22,4],[-111,19],[-55,9],[-9,1],[-8,0],[-7,-1],[-8,-1],[-18,-3],[-8,0],[-8,-1],[-4,1]],[[77427,20748],[-16,5]],[[77411,20753],[-61,34],[-52,44],[-18,24],[-5,25],[6,38],[9,15],[56,43],[6,5],[15,11],[28,21],[22,17],[8,5],[8,7]],[[77433,21042],[72,54],[10,8],[9,7],[48,36],[4,3],[6,3],[7,4],[5,2],[3,10],[-1,4],[-1,4],[-1,4],[-8,28]],[[77589,21204],[7,-26],[3,-11],[2,-6],[2,-8],[1,-23],[3,-8],[8,-16],[4,-10],[86,-325],[18,-50]],[[77723,20721],[8,-6],[46,-9]],[[77004,26265],[1,-25]],[[77005,26240],[1,-6],[0,-3],[2,-71],[1,-7],[40,-121],[19,-54],[9,-28],[29,-87],[2,-5],[2,-7],[1,-13],[-15,-110],[-2,-11],[-9,-67],[-10,-69],[-19,-142],[-18,-134],[-19,-136],[-11,-84],[-18,-131],[-12,-93],[-12,-90],[-9,-64],[-23,-174],[-7,-54],[-2,-9],[-4,-34],[-4,-33],[-7,-57],[-5,-35],[-1,-5],[-6,-34],[-1,-5],[-25,-257],[-1,-9],[-18,-193],[-10,-108],[-7,-66],[-20,-215],[-5,-50],[-2,-24],[0,-10]],[[76809,23335],[2,-5],[17,-47],[18,-48],[38,-107]],[[76884,23128],[60,-167],[2,-5],[25,-71],[4,-9],[11,-31],[3,-10],[14,-38],[9,-27],[2,-3],[4,-11],[13,-38]],[[77031,22718],[9,-25]],[[77038,22700],[-7,18]],[[77031,22718],[-4,8],[-12,35],[-14,39],[-15,41],[-9,24],[-3,11],[-39,107],[-3,9],[-2,4],[-46,127],[-6,19]],[[76878,23142],[-5,14],[-2,3],[-13,36],[-5,14],[-10,30],[-34,92]],[[76809,23331],[-1,4],[0,3],[-1,3],[0,1],[3,28],[3,31],[6,69],[14,146],[8,74],[2,27],[27,283],[1,7],[11,110],[14,150],[2,9],[5,30],[1,5],[18,134],[3,33],[6,44],[7,50],[4,32],[3,25],[10,71],[8,62],[21,151],[4,32],[7,52],[21,158],[2,15],[2,12],[5,38],[11,76],[17,132],[20,145],[10,72],[10,70],[1,11],[4,25],[2,17],[4,26],[6,44],[0,8],[-2,7],[-4,10],[-48,145],[-7,22],[-26,76],[-15,47],[-2,11],[-2,66],[0,3],[1,7]],[[79946,20345],[-8,1]],[[79938,20346],[-5,0],[-103,16],[-206,33],[-89,13],[-20,-11],[-77,18],[-6,-1],[-1,-1],[-1,-1],[-3,-3],[-1,-2],[-1,-3],[-2,-13],[-1,-12],[-1,-2],[0,-2],[-1,-1],[-6,-2],[-4,2],[-40,41],[-9,1],[-5,-4],[-1,0],[-3,-1],[-5,1],[-47,50],[-400,63],[-44,7],[-73,11]],[[78886,20529],[2,-1],[92,-14],[31,-5],[209,-33],[79,-13],[47,-47],[8,-2],[5,4],[2,2],[9,-2],[40,-42],[10,1],[1,4],[4,25],[1,4],[1,2],[1,1],[2,1],[1,1],[1,0],[6,1],[75,-18],[18,12],[18,-3],[66,-10],[76,-12],[129,-20],[107,-17],[11,-2]],[[77395,23074],[-46,6],[-39,6],[-7,-1],[-4,-4],[-1,-2],[0,-2],[-1,-1]],[[77297,23076],[-2,-20]],[[77295,23056],[-4,-26]],[[77291,23030],[0,10]],[[77291,23040],[3,16]],[[77294,23056],[2,23]],[[77296,23079],[0,1],[0,2]],[[77296,23082],[-9,7],[-30,4],[-8,2],[-15,4],[-4,1],[-6,1],[-2,-1],[-4,-1],[-50,-18],[-5,-2],[-4,-2],[-44,-16],[-35,-13],[-42,-16],[-21,-8],[-80,-30],[-26,-9],[-13,-5],[-38,-13],[-71,-27],[-10,-4],[-71,-26],[-4,-2],[-4,-1],[-40,-15]],[[76660,22892],[-27,-10]],[[76633,22882],[-3,-1],[-5,-2],[-38,-14]],[[76587,22865],[-108,-40],[-46,-16],[-5,0],[-4,1],[-1,2],[-1,1],[-8,25]],[[76422,22818],[12,-7],[40,14],[34,12],[110,41]],[[76618,22878],[6,2],[6,2],[40,15],[29,11],[5,1],[84,32],[72,26],[46,17],[16,6],[79,30],[12,4],[26,9],[41,16],[46,17],[33,12],[4,2],[3,1],[42,16],[5,1],[6,3],[3,0],[2,1],[7,-1],[13,-3],[7,-2],[6,-2],[30,-4]],[[77287,23090],[22,-3],[49,-7],[37,-5]],[[76233,22832],[122,59],[2,1],[5,1],[5,0],[34,-27],[13,-26],[8,-22]],[[76422,22818],[2,-7],[3,-11],[2,-3],[35,-101],[30,-90],[3,-14],[6,-27],[9,-48],[36,-4],[25,9],[6,2],[3,0],[20,7],[21,6],[6,1],[12,-1],[2,0],[10,0],[6,1],[34,12],[20,8],[6,2],[13,5],[4,1]],[[76736,22566],[4,2],[2,1],[4,2],[59,22],[82,32],[30,10],[11,4],[18,7],[8,3],[58,21],[22,8],[32,12],[44,17],[9,4],[58,21],[10,4],[65,24]],[[77252,22760],[16,7],[3,1],[69,26]],[[77340,22794],[7,6]],[[77347,22800],[0,2],[0,2],[-1,1],[-11,30]],[[77335,22835],[-10,29]],[[77325,22864],[-18,49],[-14,41],[-3,7],[-1,4]],[[77289,22965],[-4,18],[0,12],[1,5],[1,7],[2,21],[2,12]],[[77296,23079],[0,1],[0,1],[0,1]],[[76222,22825],[142,67],[37,-28],[13,-26]],[[76414,22838],[43,-127],[38,-116],[1,-3],[6,-28],[4,-22],[6,-29],[35,-1],[27,9],[5,1],[3,1],[21,7],[21,6],[13,1],[22,-1],[20,8],[21,7],[21,8],[15,6],[8,3],[60,23],[90,36],[24,7],[11,4],[16,6],[16,6],[11,4],[50,19],[55,20],[32,11],[12,5],[4,2],[140,53]],[[77265,22764],[7,3],[4,1],[52,20]],[[77328,22788],[15,5],[1,1],[2,1],[1,1]],[[77347,22796],[1,1],[0,1],[1,2]],[[77349,22800],[-2,6]],[[77347,22806],[-11,30],[-10,30]],[[77326,22866],[-2,4],[-25,69],[-5,16],[-2,5],[-2,5]],[[77290,22965],[-2,8]],[[77288,22973],[-1,6]],[[77287,22979],[-1,4],[0,6],[0,4],[1,7],[4,30]],[[77295,23056],[3,21],[0,3],[-1,2],[0,2]],[[77297,23084],[-10,6]],[[80747,23611],[-21,3],[-7,1],[-86,10],[-41,6],[-123,25],[-174,38],[-183,-33],[-1,0],[-2,-1],[-2,-1],[-8,-5],[-74,-42],[-113,-64],[-170,-95],[-40,-22],[-10,-7],[-4,-3],[-6,-3],[-108,-59],[-55,-26],[-240,-110],[-39,-18],[-8,-4],[-48,-21],[-99,-47],[-13,-6]],[[78862,22889],[-219,-278]],[[78643,22611],[-2,-1],[-1,0],[-10,0]],[[78630,22610],[-46,-9],[-12,0],[-45,9],[-141,18],[-18,3],[-39,5],[-219,29],[-7,1]],[[78103,22666],[-7,0],[-4,0],[-237,35]],[[77855,22701],[-35,8],[-12,2],[-13,5],[-35,17],[-5,2],[-4,2],[-7,3],[-9,3],[-73,10],[-68,10],[-106,15],[-60,9],[-22,3]],[[77406,22790],[-51,7],[-2,0],[-3,1],[-1,2]],[[77349,22800],[-1,2],[-13,33]],[[77325,22864],[-2,4],[-1,0],[-1,1],[-2,1],[-18,-4]],[[77311,22871],[3,1],[2,0],[2,0],[2,0],[2,-1],[1,-1],[1,0],[2,-4]],[[77347,22806],[3,-5],[7,-3],[64,-9]],[[77421,22789],[81,-12],[83,-11],[79,-11],[70,-10],[10,-3],[11,-6],[5,-2],[38,-18],[12,-4],[10,-1],[7,-2],[32,-7],[234,-34],[4,-1],[9,0],[3,0],[220,-30],[25,-3],[32,-4],[16,-3],[104,-13],[11,-2],[13,-2],[10,-1],[34,-7],[7,0],[4,1],[38,8],[12,0]],[[78635,22611],[6,1]],[[78641,22612],[15,16],[49,63],[35,44],[27,35],[19,23],[40,52],[24,30],[5,6],[3,5],[59,80]],[[79073,23129],[17,8],[467,215],[98,54],[22,11],[12,7],[12,8],[11,6],[226,126],[156,88],[14,9],[1,0],[1,1],[2,0],[181,33],[4,1],[6,-1],[35,-8],[53,-12],[35,-8],[44,-10],[122,-24],[127,-17],[4,-1],[3,-1],[3,0],[18,-3]],[[77586,21209],[3,-5]],[[77589,21204],[4,-2],[148,-25],[62,-10],[68,-37],[12,-8],[1,0],[19,-7],[17,-5],[22,-4],[18,-3],[36,-7],[56,-10],[35,-6],[92,-16],[82,-14],[87,-15],[5,0],[110,-19],[120,-20],[15,-5]],[[78598,20991],[4,0],[2,0],[1,0],[16,6],[123,-21],[88,-14],[82,-14],[97,-15],[265,-45],[98,-16],[303,-46],[-64,11],[-44,7],[-99,15],[-105,16],[-58,9],[-139,23],[-83,14],[-87,15],[-17,3],[-77,12],[-74,12],[-95,16],[-111,19],[-27,-5]],[[78597,20993],[-16,5],[-109,18],[-112,19],[-13,2],[-76,13],[-79,14],[-150,25],[-48,8],[-66,13],[-13,2],[-7,2],[-5,2],[-9,3],[-5,2],[-6,3],[-3,1],[-77,43],[-65,11],[-144,24],[-8,10]],[[74352,24635],[18,-3]],[[74370,24632],[128,-20],[115,18]],[[74613,24630],[16,-1],[68,12],[10,0],[294,-44],[82,-13],[13,-2],[96,-14],[230,-32],[105,-16]],[[75527,24520],[4,-1],[1,-1],[1,-2],[1,-3],[-5,-37],[-4,-30],[-2,-13],[-5,-39],[-5,-39],[0,-1],[-1,-8],[-6,-46]],[[75506,24300],[1,-4]],[[75507,24296],[-14,-110]],[[75493,24186],[-2,-3]],[[75491,24183],[0,-3]],[[75491,24180],[-1,-9]],[[75490,24171],[72,-100],[30,-40],[54,-71],[41,-54],[5,-5],[2,-1],[1,-1],[3,0],[16,1],[4,0],[10,-1],[67,-9],[17,-2],[3,-1],[89,-12],[96,-13],[14,-2],[21,1],[166,-22],[65,-9],[62,-8],[3,-1],[4,-1],[4,-2],[3,-1],[1,-1],[3,-3]],[[76346,23813],[33,-33],[73,-75]],[[76452,23705],[42,-43],[1,-1],[1,-1],[0,-2],[1,-1],[0,0],[-1,-5],[0,-1],[-1,-3],[-4,-10],[-2,-4],[-5,-41],[-17,-125],[-13,-93],[-2,-14],[-5,-32],[-3,-25],[115,-22],[9,-85],[76,-11],[45,-6],[70,-10],[3,-1],[3,0],[7,-1],[27,-3],[68,-11],[6,-3],[3,-2],[1,-3],[7,-18]],[[76878,23142],[-14,12],[-59,7],[-36,6],[-68,10],[-96,13],[-40,6],[-6,85],[-109,15],[-7,8],[3,25],[6,45],[15,107],[20,143],[2,14],[6,14],[0,1],[0,2],[0,1],[-2,6]],[[76493,23662],[-114,116],[-34,34]],[[76345,23812],[-5,4],[-3,2],[-4,1],[-2,1],[-6,1],[-50,7],[-74,10],[-70,9]],[[76131,23847],[-97,13]],[[76034,23860],[-4,0]],[[76030,23860],[-9,-1]],[[76021,23859],[-7,0],[-38,5],[-64,9],[-5,1],[-23,3],[-67,9],[-88,12],[-13,1],[-6,-1],[-11,0],[-3,0],[-1,0],[-2,1],[-5,4],[-103,136],[-22,29],[-6,8],[-67,90],[-1,3]],[[75489,24169],[0,3]],[[75489,24172],[0,1]],[[75489,24173],[9,73],[13,100]],[[75511,24346],[21,166],[-19,9]],[[75513,24521],[-430,61],[-373,57],[-78,-11],[-2,0],[-3,0],[-6,1],[-4,0]],[[74617,24629],[-108,-18],[-11,0],[-128,21]],[[75489,24169],[0,3]],[[75489,24173],[17,133]],[[75506,24306],[0,-3]],[[75506,24303],[0,-3]],[[75506,24300],[-13,-106],[-2,-14]],[[75491,24183],[2,3]],[[75507,24296],[-1,7]],[[75506,24306],[5,40]],[[76131,23847],[-97,13]],[[76030,23860],[-9,-1]],[[79056,21676],[-311,49],[-192,29],[-98,14],[-69,11],[-116,18],[-210,32],[-26,4],[-48,7],[-23,4],[-67,11],[-3,0],[-10,2],[-24,4],[-35,6],[-11,2],[-79,13],[-27,5],[-4,0],[-18,3],[-7,1],[-23,3],[-208,34],[-26,6],[-8,4],[-6,3],[-27,21],[-1,1],[-3,2],[-2,3],[-2,5],[-6,14],[-8,18],[-1,2],[-1,2],[-6,8]],[[77257,22122],[-1,1],[-2,0]],[[77254,22123],[-2,0],[-3,-1],[-7,-2],[-48,-17]],[[77194,22103],[-56,-21],[-3,-1],[-2,0],[-4,2],[-51,65],[-32,41]],[[77046,22189],[1,-2],[1,-1],[0,-2],[0,-1],[0,-2],[0,-5],[0,-1],[0,-2],[-6,-25]],[[77042,22145],[0,-2]],[[76949,22011],[0,-27]],[[76443,25770],[-2,-15]],[[76441,25755],[0,-8],[-5,-36],[-1,-5],[-12,-87],[-13,-98],[-2,-13],[4,-16],[56,-78],[4,-15],[-22,-150],[2,-17],[-1,-13],[-28,-179],[-1,-4],[-18,-134],[-11,-78],[-4,-27],[-6,-41],[-6,-20],[-5,-42],[-5,-43],[-1,-7],[1,-14],[9,-12],[11,-7],[49,-8],[101,-15],[32,-5],[3,-1],[1,-1],[2,-1],[1,-7],[-32,-208],[0,-2],[0,-4],[0,-5],[5,-12],[47,-67],[21,-43],[4,-19],[2,-45],[-5,-9],[-2,-2],[-2,-1],[-2,0],[-45,-15],[0,-4],[1,-23],[-4,-12],[-24,-71],[35,-172],[0,-85],[-20,-45],[-29,-46],[-22,-24],[26,-32]],[[76530,23627],[34,-36],[49,-51],[8,-8],[33,-33],[77,-78],[23,-24],[33,-33]],[[76787,23364],[2,-3],[1,-2],[1,-1],[0,-1],[0,-7],[-12,-92],[-12,-83],[-9,-68],[-7,-46],[-3,-24],[2,-18],[1,-2],[13,-38],[13,-35],[13,-36],[20,-54],[12,-36],[10,-29],[16,-44],[12,-35],[3,-8],[11,-29],[39,-3],[6,-17],[4,-10],[1,-3],[2,-6],[1,-5],[3,-9],[3,-7],[1,-52],[-1,-5],[-1,-7],[-11,-42],[-6,-29],[-8,-30],[-12,-50],[-1,-12],[2,-3],[3,-3],[15,-20],[106,-137],[26,-34]],[[79051,21677],[-301,46],[-187,28],[-98,15],[-29,4],[-46,7],[-117,18],[-73,11],[-113,18],[-18,2],[-30,5],[-28,4],[-14,2],[-42,7],[-35,6],[-34,5],[-17,3],[-65,11],[-86,15],[-7,1],[-26,4],[-8,1],[-22,2],[-208,35],[-18,4],[-7,2],[-5,2],[-9,4],[-4,4],[-28,20],[-3,3],[-2,2],[-1,1],[-2,4],[-11,25]],[[77272,22086],[-7,6],[-4,5],[-11,23],[-57,-19]],[[77193,22101],[-53,-20],[-4,-1],[-1,0],[-3,0],[-5,2],[-50,65],[-20,25],[-46,60]],[[77011,22232],[-3,4],[-99,127],[-13,18],[-1,1],[-1,2],[-1,3],[0,10],[21,87],[17,62],[1,66],[-2,6],[-5,14],[-8,24],[-5,14],[-39,1],[-9,25],[-12,35],[-5,14],[-10,28],[-5,12],[-9,27],[-3,9],[-12,33],[-16,45],[-9,24],[-1,3],[-4,13],[-1,1],[-2,4],[-12,34],[-6,16],[-9,25],[-1,17],[3,24],[1,11],[7,45],[10,71],[11,83],[10,73],[1,11],[0,2],[-1,1],[0,1],[-3,5],[-44,45]],[[76742,23408],[-87,89],[-34,33],[-3,4],[-60,61],[-37,38]],[[76521,23633],[-19,21]],[[76502,23654],[0,4],[0,2],[1,1],[1,1],[23,25],[46,86],[1,80],[-36,182],[6,37],[22,38],[0,6],[0,4],[0,14],[0,5],[4,10],[8,4],[37,5],[6,8],[0,38],[-6,30],[-17,36],[-51,72],[-4,12],[0,5],[0,4],[0,2],[31,208],[-5,9],[-175,27],[-9,2],[-10,6],[-9,13],[-2,14],[5,38],[7,55],[6,19],[5,32],[5,36],[10,73],[19,136],[6,38],[11,76],[4,23],[9,59],[-2,13],[0,3],[0,4],[0,3],[20,135],[1,12],[-59,92],[-3,6],[-1,14],[14,100],[12,85],[6,51],[2,8]],[[76942,22000],[-1,4],[0,1],[0,1],[1,2],[1,1],[3,2]],[[77041,22141],[-1,3]],[[77040,22144],[0,3]],[[77042,22153],[4,20],[1,1],[0,2],[0,5],[0,2],[-1,3],[-1,2],[0,0],[-34,44]],[[74742,26810],[5,-7]],[[74747,26803],[27,-47],[12,-25],[6,-28],[0,-35],[-30,-255],[-9,-65],[-1,-11],[-21,-164],[-14,-95],[-8,-67],[-6,-49],[-3,-21],[9,-16],[86,-44],[160,-80],[261,-138],[91,-45],[2,-1],[36,-19],[8,-6],[4,-9],[22,-41],[145,-270],[3,-5],[2,-6],[5,-8],[22,-41],[5,-7],[4,-7],[7,-10],[12,-7]],[[75584,25181],[74,-11],[79,-11],[88,-12],[8,-1],[2,0],[3,-1],[2,-2],[1,-2],[1,-3],[10,-85],[-23,-170],[-5,-40],[-9,-60],[-2,-14],[-4,-29],[-3,-9],[-1,-2],[0,-2],[-1,-1],[-1,-18]],[[75803,24708],[0,-3],[0,-1],[0,-2],[1,-4],[4,-19],[3,-7],[5,-18],[19,-64],[8,-27],[2,-8],[19,-65],[4,-12],[4,-12],[7,-18],[24,-58],[71,-136],[24,-41],[43,-67],[62,-67],[90,-54],[2,-1],[4,-4],[6,-6],[16,-23],[12,-21],[9,-15],[3,-4],[6,-8],[8,-15],[6,-8],[16,-28],[6,-11],[19,-27],[40,-41]],[[76452,23705],[50,-51]],[[76502,23654],[28,-27]],[[76787,23364],[4,-4],[12,-13],[3,-5],[1,-2],[2,-5]],[[76809,23331],[-11,20],[-2,2],[-8,8],[-46,47]],[[76521,23633],[-18,19],[-4,3],[-6,7]],[[76345,23812],[-9,10],[-11,11],[-22,22],[-15,22],[-2,4],[-6,10],[-9,16],[-13,21],[-10,16],[-3,5],[-37,59],[-5,6],[-3,4],[-3,3],[-5,3],[-90,54],[-10,6],[-19,17],[-13,14],[-56,86],[-22,35],[-26,48],[-54,106],[-11,26],[-13,31],[-8,18],[-1,4],[-4,12],[-8,28],[-1,5],[-14,47],[-31,105],[-4,13],[-4,15],[0,2],[-1,5],[0,4],[0,8]],[[75802,24713],[0,7]],[[75802,24720],[1,5],[0,2],[1,3],[1,1],[1,2],[0,2],[2,8],[6,40],[6,41],[1,9],[6,43],[24,176],[0,4],[-11,84],[-15,6],[-75,10],[-50,7],[-18,3],[-100,14],[-12,9]],[[75570,25189],[-10,15],[-5,7],[-25,45],[-2,4],[-6,13],[-116,216],[-50,94],[-1,2],[-1,1],[-2,5],[-7,6],[-29,15],[-101,50],[-260,138],[-34,18],[-118,58],[-73,37],[-20,10],[-5,3],[-1,1],[-1,1],[-2,2],[-1,3],[-1,7],[4,33],[2,17],[3,21],[8,65],[13,93],[14,111],[7,49],[0,1],[1,8],[1,7],[9,69],[30,254],[0,34],[-12,41],[-32,60]],[[76964,25171],[47,-7],[3,-1],[6,-2],[3,0],[321,-46],[5,-9]],[[77518,21449],[11,-32]],[[77529,21417],[5,-3],[76,-13],[29,-4],[6,-1],[41,-7],[111,-19],[131,-22],[204,-35],[77,-13],[112,-20],[20,-3],[56,-10],[93,-15],[113,-19],[95,-16],[19,-3],[55,-10],[70,-11],[98,-17],[103,-17],[193,-32],[132,-22],[40,-7],[463,-69],[-435,66],[-38,6],[-30,5],[-238,40],[-100,17],[-100,16],[-70,12],[-95,16],[-73,12],[-101,17],[-109,18],[-87,15],[-73,12],[-122,21],[-24,5],[-108,18],[-51,9],[-100,17],[-32,6],[-75,12],[-62,11],[-15,2],[-31,6],[-31,5],[-37,6],[-98,16],[-10,13]],[[77337,25012],[13,96],[0,3],[-1,2],[-1,1],[-2,1],[-2,1],[-321,46],[-3,1],[-6,1],[-5,2],[-45,6],[-3,0],[-4,-3]],[[78597,20993],[4,-1],[5,-3],[4,-1],[92,-51],[23,-14],[10,-5],[75,-42],[118,-65],[5,-11],[0,-5],[-11,-71]],[[78895,20535],[-2,-11],[-13,-87],[-14,-90],[-16,-108],[-15,-99],[-25,-167],[-15,-99],[-2,-17],[-7,-41],[-6,-45],[-18,-123],[-5,-37],[-5,-29],[-5,-36],[-23,-151],[-2,-6],[-41,-285],[-31,-221],[51,375],[18,117],[1,8],[1,6],[1,6],[21,130],[7,51],[5,35],[5,30],[7,51],[4,25],[6,42],[12,84],[17,113],[1,8],[3,16],[11,75],[27,181],[15,100],[14,88],[1,11],[13,82],[2,18],[8,54]],[[78931,20794],[-5,16],[-120,67],[-71,40],[-5,2],[-5,3],[-24,13],[-88,49],[-15,7]],[[79855,19688],[-3,1]],[[79852,19689],[-27,24],[-13,21],[-8,23],[-2,15],[1,29],[-6,6],[-125,19],[-69,11],[-81,13],[-11,2],[-71,10],[-50,8],[-92,14],[-135,21],[-196,32],[-92,15],[-59,10],[-9,1],[-114,18],[-98,16],[-88,13],[-75,12],[-112,17],[-70,11],[-35,6],[-27,5],[-26,4],[-5,1],[-12,2],[-92,16],[-10,2],[-3,1],[-10,7],[-14,29],[-40,80],[-23,48],[-14,27],[-41,85],[-7,15],[-10,18],[-2,5],[-19,40],[-51,103],[-12,25],[-58,117],[-8,16],[-3,7],[-9,19]],[[77723,20721],[5,-10],[17,-33],[24,-49],[119,-242],[8,-18],[2,-4],[79,-161],[42,-85],[9,-18],[2,-4],[11,-10],[7,-1],[13,-2],[79,-13],[29,-6],[19,-3],[27,-5],[48,-8],[41,-6],[12,-3],[272,-41],[25,-4],[36,-6],[152,-24],[73,-11],[82,-14],[196,-32],[137,-21],[91,-14],[42,-7],[20,-3],[73,-11]],[[79515,19852],[282,-44],[7,-8],[-1,-30],[3,-17],[15,-32],[31,-32]],[[77265,22764],[11,-3],[3,-8],[2,-3],[2,-4],[6,-8],[6,-7],[6,-6],[6,-5],[4,-3],[37,-24],[23,-17],[27,3],[99,-65],[99,-88],[36,-23],[84,-33],[3,-12],[-2,-17],[6,-5],[13,-2],[61,-10],[19,-3],[10,-2],[12,-2],[14,-2],[74,-11],[77,-11],[3,0],[63,-9],[139,-20],[72,-10],[76,-10],[75,-11],[99,-14],[19,-3],[15,-1],[22,-4],[33,0],[30,8],[9,3],[34,12],[53,17],[58,1]],[[78803,22352],[46,-7],[37,-13],[22,-9],[7,-6]],[[78915,22317],[21,-17],[211,-30],[48,-8],[139,-21],[79,-12],[66,-9],[4,-1],[110,-16],[16,-3],[116,-17],[99,-15]],[[79824,22168],[62,-9],[58,-8],[46,-7],[245,-35],[55,-9],[87,-13],[49,-8],[217,-31],[75,-5],[45,-6],[180,-27],[88,-13],[142,-21],[55,-9],[70,-17],[246,-36],[-246,38],[-94,21],[-42,6],[-82,12],[-68,10],[-290,43],[-82,5],[-248,37],[-24,3],[-96,15],[-37,6],[-105,15],[-37,5],[-102,15],[-80,12],[-25,3],[-12,2]],[[79874,22162],[-67,10],[-205,31],[-107,15],[-21,3],[-207,32],[-88,13],[-32,5],[-207,30],[-24,19]],[[78916,22320],[-5,4]],[[78911,22324],[-19,6],[-37,14],[-14,4],[-61,7],[-24,-1],[-24,-6],[-113,-35],[-33,0],[-35,4],[-21,3],[-105,15],[-84,12],[-55,8],[-86,12],[-141,19],[-147,21],[-58,9],[-28,4],[-28,5],[-26,4],[-15,2],[-21,4],[-4,1],[-3,0],[-10,10],[3,17],[-6,10],[-98,41],[-94,79],[-29,23],[-94,64],[-30,-2],[-61,42],[-4,3],[-4,3],[-4,4],[-4,4],[-3,5],[-4,4],[-3,4],[-3,6],[-3,6],[-1,4],[-4,3],[-2,0],[-2,1],[-1,-1],[-2,0],[-14,-6]],[[77458,21660],[10,-31]],[[77468,21629],[6,-4],[107,-17],[88,-15],[27,-5],[67,-11],[11,-2],[8,-1],[59,-10],[53,-9],[55,-9],[78,-13],[40,-7],[97,-17],[69,-12],[60,-10],[124,-21],[97,-16],[97,-16],[87,-15],[98,-17],[147,-24],[123,-21],[263,-45],[67,-11],[41,-7],[263,-40],[38,-12],[8,2],[8,30],[5,32],[1,9],[0,6],[0,12],[-1,18],[0,12],[16,79],[86,567],[7,52],[11,74],[5,32],[1,9],[7,45],[11,71],[8,51],[1,10],[3,21],[15,100],[12,85],[58,394]],[[80000,22953],[-2,-14],[-58,-388],[-12,-83],[-10,-69],[-5,-29],[-3,-26],[-10,-59],[-17,-118],[-2,-15],[-12,-75],[-67,-456],[-44,-251],[0,-17],[0,-8],[1,-13],[-1,-11],[-3,-26],[-1,-3],[0,-7],[0,-7],[-13,-34],[-41,11],[-265,41],[-8,1],[-85,14],[-122,20],[-156,27],[-12,2],[-346,59],[-103,17],[-90,15],[-12,2],[-29,5],[-138,23],[-112,19],[-162,28],[-118,20],[-21,4],[-10,2],[-75,12],[-98,17],[-42,7],[-37,6],[-81,13],[-99,17],[-6,1],[-4,4],[-3,8]],[[80003,22971],[-3,-18]],[[83763,21169],[-279,45],[-64,9],[-27,5],[-16,2],[-20,3],[-78,13],[-12,2],[-43,5],[-52,8],[-177,28],[-70,16],[-91,14],[-30,5],[-47,9],[-10,1],[-80,13],[-50,7],[-46,9],[-22,4],[-10,1],[-41,6],[-55,1],[-31,-7],[-20,-6],[-57,-19],[-36,-6],[-24,1],[-35,6],[-7,0],[-12,1],[-29,3],[-144,21],[-152,23],[-37,5],[-40,6],[-125,20],[-70,10],[-26,5],[-21,2],[-64,3],[-8,0],[-9,-1],[-4,0],[-21,-2],[-142,-30],[-114,-14],[-26,-1],[-96,13],[-10,0],[-172,25],[-283,43],[-115,16],[-32,5],[-10,5],[-454,514],[-14,16],[-55,60],[-35,38],[-23,25],[-4,3],[-7,3],[-5,1]],[[78916,22320],[28,221],[-1,5],[-1,2],[-2,1],[0,0],[-1,0],[-51,8],[-12,2],[-61,9],[-11,2],[-32,6],[-70,10],[-26,4],[-7,2],[-11,5],[-6,4],[-9,8],[-1,1],[-1,1],[-6,0]],[[77421,22789],[-62,9],[-1,0],[-2,0],[-2,0],[-3,-1],[-2,0]],[[77349,22797],[-2,-1]],[[77347,22796],[-7,-2]],[[83758,21167],[-273,46],[-66,9],[-43,7],[-13,2],[-30,5],[-55,9],[-55,6],[-50,8],[-179,29],[-70,16],[-54,9],[-46,7],[-19,2],[-9,2],[-49,9],[-16,2],[-3,1],[-61,10],[-50,7],[-74,13],[-20,3],[-37,5],[-43,0],[-30,-7],[-30,-10],[-47,-15],[-39,-6],[-23,1],[-34,5],[-8,1],[-12,1],[-18,2],[-143,20],[-163,25],[-29,4],[-27,4],[-5,1],[-12,1],[-120,19],[-80,12],[-26,4],[-20,3],[-42,3],[-22,0],[-8,-1],[-9,0],[-56,-7],[-111,-25],[-112,-14],[-20,-1],[-31,2],[-72,11],[-4,0],[-4,0],[-4,0],[-167,24],[-87,13],[-153,24],[-45,6],[-107,16],[-44,6],[-9,5],[-289,326],[-40,46],[-25,29],[-27,31],[-73,83],[-125,136],[-5,5],[-3,1],[-4,2],[-1,0],[-1,0],[-53,8]],[[78915,22317],[-4,7]],[[78911,22324],[30,207],[-4,17],[-41,7],[-87,12],[-135,23],[-44,20]],[[77406,22790],[-47,6],[-3,0],[-4,0],[-4,-1],[-3,-1],[-17,-6]],[[77812,20586],[16,106],[1,4],[1,9],[45,316],[6,43],[6,46],[1,10],[1,6],[1,5],[7,45],[9,62],[3,22],[4,31],[8,55],[1,4],[23,193],[1,5],[14,90],[4,29],[12,72],[2,11],[4,27],[9,55],[1,7],[6,37],[2,15],[20,129],[1,5],[0,6],[2,36],[2,37],[1,16],[11,74],[2,22],[3,15],[3,24],[17,122],[1,9],[0,2],[28,203],[1,6],[3,21],[6,42],[1,12],[44,297],[-43,-297],[0,-6],[-8,-58],[-2,-11],[-17,-128],[-8,-58],[-3,-21],[-6,-43],[-9,-67],[-3,-17],[-17,-124],[-2,-18],[-1,-12],[-5,-79],[0,-5],[-2,-11],[-26,-169],[-1,-6],[-6,-38],[-7,-44],[-13,-82],[-19,-121],[-2,-10],[-9,-79],[-9,-75],[-4,-35],[-1,-8],[-3,-19],[-22,-147],[-6,-45],[-1,-6],[-11,-77],[-11,-80],[-21,-151],[-3,-20],[-14,-97],[-3,-21],[-16,-106],[0,8]],[[75803,24708],[0,-8],[-1,-2],[1,-1],[-1,-4],[-4,-29],[-23,-171],[0,-2],[-1,-2],[-2,-2],[-1,0],[-1,0],[-1,-1],[-2,0],[-31,5],[-45,6],[-52,7],[-41,6],[-60,7],[-4,1],[-21,3]],[[74617,24629],[-102,-17],[-2,-1],[-2,0],[-2,-2],[-2,-1],[-1,-2],[-1,-1],[-2,-11],[-30,-201],[7,-9],[101,-15],[3,-1],[2,0],[1,-1],[1,-1],[2,-2],[0,-1],[1,-2],[0,-3],[-1,-2],[-17,-117],[15,-18],[178,-28],[5,-2],[2,-2],[1,-2],[0,-4],[-25,-167],[-18,-118],[-8,-54],[-10,-69],[-3,-20],[4,-7],[40,-15],[76,-30],[3,-1],[1,-2],[58,-88],[52,-79],[75,-114],[7,-9],[37,-5],[3,-1],[1,-1],[1,0],[1,-1],[1,-1],[0,-4],[-7,-41]],[[75063,23356],[-2,-9]],[[75802,24713],[-1,-17],[0,-7],[-4,-28],[-6,-43],[-15,-113],[-9,-17],[-55,7],[-15,2],[-10,1],[-20,3],[-69,10],[-71,9]],[[74613,24630],[-98,-17],[-5,-1],[-2,-2],[-2,-1],[-1,-2],[-1,-2],[-1,-5],[-31,-207],[3,-9],[1,0],[3,-1],[97,-14],[6,-1],[1,-1],[1,0],[2,-1],[2,-2],[0,0],[1,-1],[0,-1],[0,-1],[1,-3],[-18,-120],[14,-18],[146,-23],[36,-6],[5,-11],[-4,-24],[-8,-53],[-15,-99],[-37,-249],[0,-3],[3,-4],[118,-46],[187,-282],[1,-2],[2,-5],[1,-1],[1,-2],[2,-1],[3,-1],[41,-8],[0,-5],[-2,-11],[-3,-21],[0,-7]],[[80279,28186],[-14,-90],[-3,-19],[-1,-4],[-7,-51],[-7,-50],[-12,-55],[-5,-15],[-6,-15],[-6,-13],[-5,-10],[-5,-9],[-36,-52],[-172,-226],[-23,-39],[-9,-27],[-8,-39],[-6,-20],[-4,-15],[-13,-49],[-4,-17],[-4,-20],[-12,-52],[-21,-45],[-43,-53],[-109,-138],[-61,-77],[-46,-55],[-100,-93],[-15,-21],[-9,-17],[-46,-95],[-7,-14],[-1,-3],[-2,-4],[-35,-42],[-48,-29],[-289,-137],[-114,-83],[-34,-17],[-80,-19],[-7,-2],[-9,-4],[-15,-8],[-10,-8],[-5,-4],[-34,-33],[-29,-24],[-112,-93],[-38,-34],[-17,-16],[-1,-1],[-2,-1],[-1,-3],[-1,-2],[0,-1],[-2,-13],[0,-4],[0,-20],[0,-8],[-23,-80],[-65,-173],[-2,-4],[-3,-5],[-160,-260],[-3,-5],[-3,-6],[-71,-135],[-65,-122],[-2,-8],[-9,-74],[-21,-157],[-7,-53],[-37,-283],[-1,-66],[-6,-37],[-13,-86],[-23,-143],[-5,-32],[-30,-196],[0,-2],[0,-4],[0,-3],[-7,-35],[-10,-71],[-6,-18],[-36,-44],[-2,-2],[-5,-6],[-32,-40],[-6,-6],[-1,-2],[-6,-8],[-22,-27],[-14,-16],[-31,-17],[-4,-2],[-148,-79],[-3,-2],[-2,-2],[-2,-3],[-3,-4],[-3,-11],[-14,-99],[-1,-14],[-1,-4],[-9,-71],[-4,-24],[-1,-11],[-12,-89],[-38,-282],[-8,-4],[-107,14],[-11,2],[-58,8],[-98,13],[-8,-2]],[[77312,23186],[-3,-6]],[[77309,23180],[-5,-47],[-5,-34],[-1,-12],[-1,-3]],[[77297,23084],[0,-4],[-1,-4],[-2,-20]],[[77289,22965],[2,-6],[0,-2],[0,-2],[-1,-1],[-1,-2],[-3,-3],[-16,-6],[-144,-53],[-23,-9],[-35,-13],[-64,-24],[-11,-4],[-7,-3],[-35,-13],[-8,-3],[-36,-13],[-12,-4],[-16,-6],[-41,-15],[-4,-1],[-8,-3],[-122,-45]],[[76704,22734],[-16,-6]],[[76688,22728],[-4,-1],[-1,1],[-1,0],[-2,3],[-12,33]],[[76668,22764],[-13,34],[-4,11],[-23,64]],[[76628,22873],[-1,3],[-1,1],[0,0],[-1,1],[-2,0],[-1,1],[-1,0],[-1,-1],[-2,0]],[[80277,28160],[-14,-87],[-6,-37],[0,-6],[-8,-58],[-4,-24],[-12,-43],[-3,-9],[-4,-10],[-7,-13],[-2,-4],[-3,-6],[-4,-9],[-12,-18],[-197,-260],[-22,-39],[-10,-26],[-8,-39],[-6,-20],[-4,-16],[-13,-48],[-4,-17],[-1,-8],[-3,-12],[-11,-52],[-14,-33],[-49,-64],[-131,-165],[-41,-52],[-38,-46],[-101,-96],[-31,-44],[-46,-96],[-6,-13],[-5,-10],[-5,-7],[-29,-33],[-48,-28],[-289,-137],[-114,-83],[-34,-18],[-80,-18],[-9,-3],[-3,-1],[-3,-1],[-17,-9],[-9,-8],[-5,-4],[-42,-40],[-133,-110],[-55,-49],[-1,-1],[-2,-3],[-1,-3],[-1,-1],[0,-1],[-1,-36],[-3,-17],[-20,-70],[-2,-6],[-13,-34],[-51,-133],[-2,-5],[-3,-6],[-53,-87],[-42,-67],[-50,-80],[-10,-17],[-5,-8],[-3,-5],[-25,-48],[-42,-79],[-64,-123],[-7,-12],[-1,-2],[0,-2],[-12,-86],[-25,-194],[-8,-56],[-2,-15],[-10,-76],[-19,-143],[0,-66],[-5,-32],[-14,-85],[-23,-142],[-10,-62],[-25,-172],[-1,-12],[-6,-36],[-10,-70],[-3,-11],[-4,-7],[-21,-26],[-15,-18],[-2,-3],[-24,-30],[-18,-22],[-2,-2],[-7,-9],[-31,-37],[-10,-9],[-23,-13],[-6,-3],[-145,-76],[-4,-3],[-3,-2],[-1,-2],[-3,-4],[-5,-12],[-13,-96],[-2,-17],[-7,-51],[-8,-60],[-11,-78],[-13,-101],[-11,-82],[-8,-56],[-7,-53],[-9,-5],[-102,13],[-64,9],[-52,7],[-55,8],[-10,-14]],[[77311,23173],[-6,-40],[-4,-34],[-2,-12],[-1,-7],[-1,-4]],[[77287,22979],[1,-6]],[[77290,22965],[3,-8],[-1,-1],[0,-2],[0,-1],[-1,-2],[-10,-4],[-155,-58],[-17,-7],[-37,-14],[-11,-4],[-63,-24],[-47,-17],[-8,-3],[-27,-10],[-9,-3],[-28,-10],[-5,-2],[-35,-13],[-5,-1],[-18,-7],[-127,-47]],[[76689,22727],[-2,-1],[-3,0],[-2,0],[-1,1],[-1,1],[-1,2],[-12,33]],[[76667,22763],[-12,32],[-9,23],[-18,53]],[[76628,22871],[-3,5],[-2,1],[-2,0],[-2,0],[-1,-1],[-31,-11]],[[77510,20678],[-44,60],[-6,4],[-12,3],[-9,2],[-11,2]],[[77420,21030],[15,11],[2,3],[1,1],[0,2],[0,2],[-3,6],[-19,26],[-49,56],[-57,61],[-179,167],[-67,71],[-64,80],[-48,72],[-39,70],[-22,48],[-9,20],[-9,21],[-26,70],[-98,272],[-18,52],[-10,36],[-2,16],[-1,13],[0,40],[2,17],[3,15],[2,9],[2,7],[4,12],[3,8],[26,42]],[[76717,22627],[-7,19],[-5,13],[-20,58]],[[76685,22717],[-17,47]],[[76628,22873],[0,3],[0,1],[1,1],[0,1],[0,1],[1,1],[3,1]],[[77509,20677],[-47,62],[-2,2],[-5,1],[-6,2],[-8,1],[-14,3]],[[77433,21042],[2,1],[1,3],[0,1],[-1,6],[-16,21],[-53,62],[-57,61],[-179,167],[-72,77],[-59,75],[-48,72],[-24,42],[-29,57],[-19,45],[-6,14],[-5,11],[-25,67],[-97,271],[-21,59],[-6,25],[-2,14],[-2,24],[1,29],[5,33],[3,9],[2,6],[4,13],[15,30],[3,5],[4,5],[6,8]],[[76667,22763],[16,-46]],[[76683,22717],[15,-41],[8,-23],[2,-4],[2,-8]],[[77309,23180],[40,300],[1,4],[0,3],[2,16],[6,42],[8,59],[9,67],[1,3],[3,23],[37,256],[2,19],[2,12],[1,5],[3,14],[7,51],[2,17],[15,102],[7,56],[20,152],[5,43],[14,106],[6,47],[15,112],[1,2],[1,4],[0,1],[2,11],[-2,-12],[0,-5],[-8,-61],[-5,-36],[-26,-200],[-4,-29],[-4,-24],[-3,-26],[-11,-78],[0,-3],[0,-8],[0,-2],[-1,-8],[-17,-129],[-13,-83],[-1,-11],[-1,-3],[0,-6],[-5,-30],[-40,-272],[-1,-7],[-9,-70],[-16,-121],[-1,-3],[-39,-294]],[[77312,23186],[-1,-13]],[[76689,22727],[-3,-2],[-1,-1],[0,-1],[0,-6]],[[76683,22717],[0,3],[0,2],[0,1],[1,2],[1,1],[2,1],[1,1]]],"transform":{"scale":[0.00003231376261470049,0.000025282158148169632],"translate":[142.47539595,-38.39162064]},"objects":{"public_transport_lines":{"type":"GeometryCollection","geometries":[{"type":"MultiLineString","arcs":[[0,1,2,3,4,5,6,7,8,9,10,11,12,13,14,15,16,17,18,19,20,21,22,23,24,25,26,27,28,29,30,31],[32],[33],[34],[35],[36]],"properties":{"MODE":"REGIONAL TRAIN","SHORT_NAME":"Seymour"}},{"type":"LineString","arcs":[0,1,37,3,38,39,40,41,42,43,44,45,46,47,48,49,50,51,52,53,54,55,56],"properties":{"MODE":"REGIONAL TRAIN","SHORT_NAME":"Ballarat"}},{"type":"LineString","arcs":[-56,-55,-54,-53,-52,-51,-50,-49,-48,-47,-46,-45,-44,-43,-42,-41,-40,-39,-4,-38,-2,-1],"properties":{"MODE":"REGIONAL TRAIN","SHORT_NAME":"Ballarat"}},{"type":"MultiLineString","arcs":[[57,58,59,60,61,62,63,64,65,66,67,68,69,70,71,72,73,74,75,76,77,78,79,80,81,82,83,84,85,86,87,88,89,90,91,92,93,94,95,96,97,98,99,100,101,102,103,104,105,106,107,108,109,110,111,112,113,114,115,116,117,118,119,120,121,122,123,124,125,126,127,128,129,130,131,132,133,134,135,136,137,138,139,140,141,142,143,144,145,146,147,148,149,150,151,152,153,154,155,156,157,158,159,160],[161,162]],"properties":{"MODE":"REGIONAL TRAIN","SHORT_NAME":"Traralgon"}},{"type":"MultiLineString","arcs":[[0,163,164,165,166,167,168,169,170,171,172,173,174,175,39,176,41,177,43,44,45,46,47,48,178,179,180,181,182,183,184,185,186,187,188,189,190,191,192,193,194,195,196,197,198,199,200,201,202,203,204,205,206,207,208,209,210,211,212,213,214,215,216,217,218,219,220,221,222,223,224,225,226,227,228,229,230,231,232],[233],[234,235,236],[237],[238],[239,240],[241],[242],[243],[244]],"properties":{"MODE":"REGIONAL TRAIN","SHORT_NAME":"Bendigo"}},{"type":"MultiLineString","arcs":[[245,233,-213,246,-211,247,-209,248,-207,249,-205,250,-203,251,252,-200,-199,-198,-197,-196,-195,-194,-193,-192,-191,-190,-189,-188,-187,-186,-185,-184,-183,-182,-181,-180,-179,-49,253,254,255,256,257],[0,163,164,165,166,167,168,169,170,171,172,173,174,175,39,176,41,177,43,44,45,46,47],[258],[259],[260]],"properties":{"MODE":"REGIONAL TRAIN","SHORT_NAME":"Bendigo"}},{"type":"LineString","arcs":[0,1,37,3,38,39,40,41,42,43,44,45,46,47,48,49,261,262,263],"properties":{"MODE":"REGIONAL TRAIN","SHORT_NAME":"Geelong"}},{"type":"LineString","arcs":[264,-55,265,-53,266,-51,-50,-49,-48,-47,-46,-45,-44,-43,-42,-41,-40,-39,-4,-38,-2,-1],"properties":{"MODE":"REGIONAL TRAIN","SHORT_NAME":"Ballarat"}},{"type":"LineString","arcs":[0,163,164,165,166,167,168,169,170,171,267,268,269,270,271,272,273,274,275,276,277,278,279,280,281,282,283,284,285,286,287,288,289,290,291,292,293,294,295,296,297,298,299,300,301,302,303,304,305,306,307,15,16,17,18,19,308,309,310,311,312,313,29],"properties":{"MODE":"REGIONAL TRAIN","SHORT_NAME":"Seymour"}},{"type":"LineString","arcs":[0,163,164,165,166,167,168,169,170,171,267,268,269,270,271,272,273,274,275,276,277,278,279,280,281,282,283,284,285,286,287,288,289,290,291,292,293,294,295,296,297,298,299,300,301,302,303,304,305,306,307,15,16,17,18,19,308,309,310,311,312,313,29,30,314],"properties":{"MODE":"REGIONAL TRAIN","SHORT_NAME":"Seymour"}},{"type":"LineString","arcs":[0,163,164,165,166,167,168,169,170,171,172,173,174,175,39,176,41,177,43,44,45,46,47,48,178,179,180,181,182,183,184,185,186,187,188,189,190,191,192,193,194,195,196,197,198,199,200,201,202,203,204,205,206,207,208,209,210,211,212,213,214,215,216,217,218,219,220,221,222,223,224,225,226,227,228,229,230,231,232,315],"properties":{"MODE":"REGIONAL TRAIN","SHORT_NAME":"Bendigo"}},{"type":"MultiLineString","arcs":[[57,58,59,60,61,62,63,64,65,66,67,68,69,70,71,72,73,74,75,76,77,78,79,80,81,82,83,84,85,86,87,88,89,90,91,92,93,94,95,96,97,98,99,100,101,102,103,104,105,106,107,108,109,110,111,112,113,114,115,116,117,118,119,120,121,122,123,124,125,126,127,128,129,130,131,316,317,318,319,320,321,322,323,141,142,143,144,145,146,147,148,149,150,151,152,153,154,155,156,157,158,159],[161,162]],"properties":{"MODE":"REGIONAL TRAIN","SHORT_NAME":"Traralgon"}},{"type":"MultiLineString","arcs":[[0,1,37,3,38,39,40,41,42,43,44,45,46,47,48,49,261,262,263,324],[325]],"properties":{"MODE":"REGIONAL TRAIN","SHORT_NAME":"Geelong"}},{"type":"MultiLineString","arcs":[[326,327,328,329,330,331,332,333,334,335,336,337,338,339,340,341,342,343,344,345,346,347,348,349,350,351,352],[353,354,355,356,357,358,359,360,361,362,363,364,365,366,367,368,369,370,371,372,373,374,375,376,377,378,379,380,381,382,383,384,385,386,387,388,389,390,391,392,393,394,395,396,397,398,399,400,401,402,403,404,405,406,-61,407,-59,408,409,410,411,412,413],[414],[415],[416],[417],[418],[419],[420],[421],[422],[423],[424],[425,426],[427,428,429,430,431,432,433,434,435],[436],[437],[438],[439],[440],[441],[442],[443,444,445],[446,447],[448],[449],[450],[451],[452],[453],[454],[455],[456],[457,458],[459],[460,461],[462]],"properties":{"MODE":"METRO TRAIN","SHORT_NAME":"Replacement Bus"}},{"type":"MultiLineString","arcs":[[463,464,465,466,467,468,469,470,471,472,473,474,475,476,477,478,479,480,481,482,483,484,485,486,487,-435,-452,457,458,-372,488,-370,489,490,491],[492],[404,405,406,-61,407,-59,408,409,410,411,412,413,-395,-450,-393,455],[372,373,374,375,376,377,378,379,380,381,382,383,384,385,386,387,388,389,390,391],[459],[460,461],[462],[448],[-443,-400,-399,-457],[446,447],[393],[395,396,397],[493],[494],[495,496],[497,498],[499,500,501,502],[503],[504],[505],[506],[443,444,445,-430,-429,-451],[507,508,509,510,511,512,513,514,515,516,517],[518,519,520,521,522,523,524,525,526],[527],[528],[529],[530],[531,-432,532,533,534],[432,433],[535,536],[-401],[430],[537,538,539],[540],[401,427],[541,542],[452],[453],[454],[543],[544]],"properties":{"MODE":"METRO TRAIN","SHORT_NAME":"Belgrave"}},{"type":"MultiLineString","arcs":[[545,546,547,548,549,550,551,552,553,554,97,98,555,100,556,102,557,104,558,106,559,108,560,110,561,112,113,114,115,116,562,118,119,563,121,564,123,565,125,566,567,128,568,569,130,131,132,570,571,572,573],[574,575,576,577],[578,-81,579],[580],[581],[582],[583],[584,585,586,587,588,589,590,591,592,593,594,595,-95,596,-93,597,-91,598,-89,599,-87,600,-85,-84,-83,601,602],[-82],[603],[604],[605,606],[607],[608]],"properties":{"MODE":"METRO TRAIN","SHORT_NAME":"Cranbourne"}},{"type":"MultiLineString","arcs":[[609,610,611,612,613,614,615,616,617,618,619,620,621,622,623,624,625,626,627,628,629,630,631,632,633,634],[635,-313,636,-27,637,-24,638,-22,639,640,641,-286,642,-284,643,-282,644,-280,645,-278,646,-276,647,648,649,650,288,651,290,652,292,653,294,654,296,655,298,656,657,301,658,303,659,305,660,307,15,661,17,662,19,308,663,310,311],[664,-28],[665,666,667,668,669,670,671,672,673,674],[675,676],[677,678,679,680],[681,-170,682,683,684],[685,-64,-63,686,687,688,689,403,404,405,406,690,691,692,693,694,695,696,697,698,699,700,701,702,703,704,705,706,707,708,709,710,711,712,713,714],[715,716,717],[718,719,720,721,722,723,724,725,726,727,728,729,730,731,732,733,734,735,736,737,738,739,740,741,742,743,744,745,746,747,748,749,750,751,752,753,754,755,756,757,758,759],[760,761,762,763],[764],[765,766,767,768],[769],[770],[771],[772],[773,774],[775,776],[777],[778],[779],[780],[781],[782],[783,784],[785],[786],[787,788,789],[790],[791,792,793],[794],[795,796,797],[798],[799],[800],[801],[802],[803],[804],[805],[806],[807],[808],[809,810,167,811,812,813,814,815,816],[274],[-26,817],[-25],[818,819,820,821,822],[823,824,825],[61],[826],[827],[828],[829],[830]],"properties":{"MODE":"METRO TRAIN","SHORT_NAME":"Replacement Bus"}},{"type":"MultiLineString","arcs":[[831,832,833,834,835,836,837,838,839,840,841,842,843,844,845,846,847,848,849],[850,851,852,853,854,855,856,857,858,859,860,861,862,863,864,865,866,867,868],[869,870],[-688,-687,692,693,694,695,871,872,873,874,875,876,877,878,879,880,881,882,-78,-77,883,-75,884,-73,885,-71,886,-69,887,-67,888,889,890,891,892,893,-679,-678],[894,895],[896,897,898,899,900,901,902,903,904,905,906,907,908,909,910,911],[912],[913,914,915,916,917,918,919,920,921,922,923,924,925,926,927,928],[929],[930,931],[932,933],[934],[935],[936],[937],[938],[939],[940],[941],[942],[943],[944],[945],[946],[947],[948],[949],[950],[951],[952],[953],[954],[955],[956],[75],[957,958,959],[960],[961,962,963,964,965,966,967,968,969,970,971,972,973,974,975,976,977,978,979,980],[981,982,983,984,985,986,987,988,989,990,991],[992],[993,63,-686,994,65],[73],[995],[996],[997],[998],[999,1000,1001,1002],[1003],[1004],[1005],[1006],[1007],[1008],[1009],[1010],[1011]],"properties":{"MODE":"METRO TRAIN","SHORT_NAME":"Replacement Bus"}},{"type":"MultiLineString","arcs":[[1012,1013,1014,447,383,384,385,386,387,388,389,390,391,392,393,394,395,396,397,398,1015],[1016,1017],[450,-428,-402,-401,442,-413,-412,443,444,-429],[-457,-406,-405,-404,-403],[406,-61,407,-59,408,409,410],[429,430,532,1018,1019,1020],[399],[507,1021,1022],[449],[-414],[452],[453],[454],[455]],"properties":{"MODE":"METRO TRAIN","SHORT_NAME":"Glen Waverley"}},{"type":"MultiLineString","arcs":[[1023,1024,1025,1026,1027,1028,1029,1030,1031,1032,1033,1034,1035,1036,1037,1038,1039,1040,1041,1042,1043,1044,1045,1046,1047,1048,1049,1050,1051,1052,1053,1054,1055,1056,1057,1058,1059,1060,1061,1062,1063,1064,-60,-408,60,-407,456,398,399,400,396],[1065,1066],[1067,1068,1069],[1070],[1071],[1072,1073],[1074],[1075],[1076,1077,412,-443],[1078],[1079],[1080],[1081,1082],[1083],[1084],[1085],[1086],[1087,1088],[1089],[1090],[-59,408,1091,1092],[1093,1094,1095,1096],[1097],[1098],[1099,1100],[1101]],"properties":{"MODE":"METRO TRAIN","SHORT_NAME":"Hurstbridge"}},{"type":"MultiLineString","arcs":[[1102,1103,1104,1105,1106,1107,1108,1109,-502,-537,1110,-480,506,-500,498,-484,-527,535],[1111],[-1016,399,400,-396,-414,-443],[1112,1113,1114,1115,1116,1117,1118,1119,1120,1121,1122],[1123],[1124,1125,1126,1127,1128,1129,1130,1131,1132,-327,1133,1134,1135,1136,1137,1138,1139],[1140],[1141],[1142],[1143],[1144,1145],[1146,1147,1148,1149,1150,1151,1152,1153,1154,1155,1156,1157,1158,1159],[1160],[1161],[1162,1163,1164,1165,1166,1167,1168],[1169,1170,1171],[1172],[1173],[1174],[1175],[480,481,482],[484,485,486,487,-435,-452,457,458,-372,488,-370,489,490,491],[372,373,374,375,376,377,378,379,380,381,382,383,384,385,386,387,388,389,390,391,392,393,394],[459],[460,461],[462],[448],[396,397,398],[-501],[544,-521,-520,-434,537,538,539,-522],[-519],[-518,531,-432,532,533,534,-510,543],[-517,-531,-515,-530,-513,-529,-511],[-516],[-514],[-512],[452],[453],[454],[455,-410,-409,58,-408,60,-407,456],[410,411,412],[443,444,445,-430,-429,-451],[507,508],[522,523,524,525],[540],[1176],[1177],[1178],[-406,-405,-404,-403,427],[1179],[430],[432],[446,447],[527],[449],[-402]],"properties":{"MODE":"METRO TRAIN","SHORT_NAME":"Replacement Bus"}},{"type":"MultiLineString","arcs":[[1180,1181,1182,1183,-1096,1184,1058,1059,1060,1061,1062,1063,1064,-60,-408,60,-407,456,398,399,442,-413,-1078,-1077],[1185,1186],[-59,408,1091,1092],[1093,1187,1188,1189],[1190],[1191],[1099,1100]],"properties":{"MODE":"METRO TRAIN","SHORT_NAME":"Mernda"}},{"type":"MultiLineString","arcs":[[545,546,547,548,549,550,551,552,553,554,97,98,555,100,556,102,557,104,558,106,559,108,560,110,561,112,113,114,115,116,562,118,119,563,121,564,123,565,125,566,567,128,568,569,130,131,132,133,1192,1193,136,1194,138,1195,140,141,1196,143,1197,145,1198,147,1199,149,1200,151,1201,153,1202,155,1203,1204,1205,-323,1206,-321,1207,-319,1208,-317],[1209,-158,1210,1211],[578,-81,579],[580],[581],[1212],[-605,586,-608,606,-591,1213],[591,592,593,594,595,-95,596,-93,597,-91,598,-89,599,-87,600,-85,1214,1215],[-84,-83,601,602],[-82],[1216,588,589],[582],[603],[1217],[1218],[1219],[1220],[1221]],"properties":{"MODE":"METRO TRAIN","SHORT_NAME":"Pakenham"}},{"type":"MultiLineString","arcs":[[1222,1223,1224,1225,1226,1227,1228],[1229,1230,1231,1232],[1233,1234,1235,1236,1237,1238,645,-278,646,-276,647,648,1239,1240],[675,676,-668,-667,-666],[1241],[1242],[1243,1244,1245,1246,748,1247,750,751,752,753,754,755,756,757,758,759],[1248,1249,1250],[1251],[1252],[1253,1254,1255,1256],[1257],[760,761,762,763],[764],[765,1258],[1259],[-275,-816,-817,-274,1260],[-273,1261,-271,1262,-269,1263,1264,-675,-674,-673,-685,-829,-683,169,-682,1265,171,267],[-672,829,-670,-669],[-815,818,-706,823,824,825,-689,-688,-687,-692,-715,806,-713,807,-711,808,-702,-701,809,810,167,811,812,813],[689,403,404,405,406,690],[670],[1266],[1267],[683],[-714],[-712]],"properties":{"MODE":"METRO TRAIN","SHORT_NAME":"Replacement Bus"}},{"type":"MultiLineString","arcs":[[1268,1269,1270,1271,1272,1273,1274,1275,1276,1277,1278,1279,1280,1281,873,874,875,-961,877,-960,879,-958,881,1282,1283,1284,1285,1286,1287,1288],[1289,1290,1291],[1292],[1293],[1294,1295],[1296,1297],[1298],[1299],[1300],[1301],[1302],[1303],[1304]],"properties":{"MODE":"METRO TRAIN","SHORT_NAME":"Sandringham"}},{"type":"LineString","arcs":[1305],"properties":{"MODE":"METRO TRAIN","SHORT_NAME":"Stony Point"}},{"type":"MultiLineString","arcs":[[1306,1307,1308,1309,179,1310,181,1311,1312,1313,1314,1315,1316,198,1317],[1318,1319,1320],[1321,1322,1323,1324,197],[1325,1326,1327,1328,1329,1330,1331,1332,1333,1334,1335,1336,1337,1338],[1339,1340,1341,1342,1343,1344,1222,1223,1224,1225,1226,1227,1228],[1251],[1252,-1250,1253,1254,1255,1256,754,1257,1345,1346,-758,1248],[756],[1250],[1347],[1348,1349],[1350],[1351],[1352,1353,1354,1355],[1356,1357],[1358,1359,1360],[1361],[1362],[1363],[1364,1365,1366,1367,1368,1369,1370,1371,1372,1373,1374,1375],[1376],[1377,1378,1379,1380,1381,1382,1383,1384,1385],[1386],[1387],[1388],[1389],[1390],[1391],[1392],[1393],[1394,1395,1396,1397],[1398],[1399,1400],[1401,1402],[1403],[1404],[-197,1405,-195,1406,-193,-192,-191,1407,1408,-188,1409,-186,-185,-184,-258,1410,-256,1411,1412,1413],[1414,1415],[1416,1417],[1418,1419],[1420]],"properties":{"MODE":"METRO TRAIN","SHORT_NAME":"Replacement Bus"}},{"type":"MultiLineString","arcs":[[1421,1422,1423,1424,818,-706,-705,-704,1425,1426,-699,1427,-697,-696,-695,-694,-693,-62,-407,-406,-405,-404,-690,-826,-828,-822,-821,1428,1429,1430,1431,1432,1433,1434,1435],[673,1436,-810,-700],[685,-64,-63,686,687,688],[690,691],[-715,806,-713,807,-711,808,-702,-701],[-714],[-712],[-710,1437,164,1438],[1439,707,708],[-823],[810,167,811,812,1440],[-825,826],[1441],[1442],[1443],[697]],"properties":{"MODE":"METRO TRAIN","SHORT_NAME":"Upfield"}},{"type":"MultiLineString","arcs":[[1444,1445,1446,1447,1448,1449,1450,1451,1452,1453,1454,1455,1456,1457,1458,1459,1460,1461,1462,1463,1464,174,1465,1466,1467,1468,1469,1470],[677,678,679,680,-669,-677,-667,1471],[665],[1472,1473,1474,1475,1476],[675,667],[1477,1478,1479,1480,1481,1482,1483],[889,1484],[1485,1486,1487,1488,1489,1490,1491,1492,1493,1494,1495,1496,1497,1498,1499,1500,1501,1502,1503,1504,1505,1506,1507,1508,1509,1510,1511,1512,1513,1514,1515,1516],[1517,1518,1519,1520,1521,1522,1523,1524,1525,1526,1527,1528],[1529,1530,1531,1532,1533,1534,1535,1536,1537,1538,1539,1540,1541,1542,1543,1544,1545,1546,1547,1548,1549,1550,1551,1552,1553,1554],[1555,1556,1557,1558,1559,1560,1561,1562],[1563,1564,1565,1566,1567,1568,1569],[1570,1571],[1572],[1573,1574,1575,1576,1577,1578,1579,1580,1581,1582,1583,1584,1585,1586,1587,1588,1589,1590,1591,1592,1344,1222,1223,1224,1225,1226,1227,1228],[1251],[1252,-1250,1253,1254,1255,1256,754,1257,756,1248],[1250],[1593,1594],[1595],[1596],[1597],[1598,1599,1600],[1601],[1602],[1603],[1604],[1605],[1606],[1607],[1608],[1609],[1610],[1611],[1612],[1613],[1614],[1615],[1616],[1617],[1618],[1619],[1620],[1621],[1622],[1623,1624],[1625],[1626],[1627,1628],[1629,1630],[1631,1632],[1633],[1634],[1635,1636],[1637],[1638,1639],[1640],[-174,-173,-172,-1266,681,-170,682,683,684,-672,829,-670],[-671],[672,673,674,-1265,1641],[1642],[1643],[1644,1645],[1646,1647],[1648],[1649],[1650],[1651,1652],[828],[1653],[1654],[1655,1656],[1657],[1658,893],[1659]],"properties":{"MODE":"METRO TRAIN","SHORT_NAME":"Replacement Bus"}},{"type":"MultiLineString","arcs":[[1660,1661,1662,1663,1664,1665,1666,1667],[1668,1669,1670,1463,1464,174,1465,1466,1671,1672],[665,666,667,668,669,670,671,672,673,674,-1265,1641,173],[677,678,679,680],[675,676],[1673],[1674,1675,1676,1677,1678,1525,1679,1528,-1523,-1573,-1521,-1572,-1571,1524],[-1528,-1570,1573,1574,1575,1576,1577,1578,1579,1580,1581,1582,1583,1584,1585,1586,1587,1588,1589,1590,1591,1592,1344,1222,1223,1224,1225,1226,1227,1228],[1251],[1252,-1250,1253,1254,1255,1256,754,1257,756,1248],[1250],[1593,1594],[1595],[1596],[1597],[1598,1599,1600],[1601],[1602],[1603,1565,1604,1567,1605],[-1527,1680,1681],[1521],[1682],[1683],[1684],[-173,-172,-1266,681,-170,682,683,684],[828],[829],[1659],[1685]],"properties":{"MODE":"METRO TRAIN","SHORT_NAME":"Replacement Bus"}},{"type":"LineString","arcs":[1686,1687,1688,1689,1690,1691,1692,1693,1694,1695,1696,1697,1698,1699,1700,1701,1702],"properties":{"MODE":"METRO TRAM","SHORT_NAME":"1"}},{"type":"MultiLineString","arcs":[[1703,1704,1705,1706,1707,1708,1709,1710,1711,1712,1713,1714,1715,1716,1717,1718,1719,1720,1721,1722,1723,1724,1725,1726,1727,1728,1729,1730,1731,1732],[1733]],"properties":{"MODE":"METRO TRAM","SHORT_NAME":"109"}},{"type":"MultiLineString","arcs":[[1734,1735,-1726,-1725,1736,1737,1738],[1739],[1740,-1712,-1711,1741]],"properties":{"MODE":"METRO TRAM","SHORT_NAME":"11"}},{"type":"MultiLineString","arcs":[[-1717,-1716,-1715,-1714,-1713,-1712,-1711,-1710,-1709,-1708],[-1728,-1727,-1726,-1725,-1724,-1723,-1722,-1721,-1720],[1742,1743,1744,1745,1746],[1747,1748,1749]],"properties":{"MODE":"METRO TRAM","SHORT_NAME":"12"}},{"type":"MultiLineString","arcs":[[1688,1750,1751,1752,1753,1754,1755,1756,1757,1758,1759,1760,1761,1762,1763,1764,1765,1766,1767],[-1701,1768,1769,1770,1771,1772,1773,1774,1775,1776,1777,1778,1779,1780,1781],[1782,1783,1784,1785],[1786,1787]],"properties":{"MODE":"METRO TRAM","SHORT_NAME":"16"}},{"type":"MultiLineString","arcs":[[1788,1789,1790,1791,1792],[1793,1794,1795,1796]],"properties":{"MODE":"METRO TRAM","SHORT_NAME":"19"}},{"type":"MultiLineString","arcs":[[1688,1750,1751,1752,1753,1754,1755,1756,1757,1786,1787,-1763,-1762],[1797,1798,-1779,1782,1783],[-1701,1768,1769,1770,1771,1772,1773,1774,1775,1776,1777],[1763,1799]],"properties":{"MODE":"METRO TRAM","SHORT_NAME":"3"}},{"type":"MultiLineString","arcs":[[1800,1801,1802,1803,1804,1805,1806,1807,1808,1809,1810],[1811,1812,1813]],"properties":{"MODE":"METRO TRAM","SHORT_NAME":"30"}},{"type":"MultiLineString","arcs":[[1814,1815,1816,1817,1818,1819,1820,1821,1822,1804,1805,1823,1807],[1824,1825,1826,1827,1828,1829,1830,1831,1832,1833,1834,-1803,1835,1836,-1813,-1812]],"properties":{"MODE":"METRO TRAM","SHORT_NAME":"35"}},{"type":"MultiLineString","arcs":[[-1739,-1740],[-1729,-1728],[-1708,-1707],[1837,-1731,1838,1839,1840,1841,1842,1843,1844,1820,1845,-1725,1736,1737],[1740,-1712,1846,-1831,1847,1848,1849,1850,-1705,1851]],"properties":{"MODE":"METRO TRAM","SHORT_NAME":"48"}},{"type":"LineString","arcs":[-1701,1768,1769,1770,1771,1772,1773,1774,1852,1853,1854,1855,-1757,-1756,-1755,-1754,-1753,-1752,-1751,-1689],"properties":{"MODE":"METRO TRAM","SHORT_NAME":"5"}},{"type":"MultiLineString","arcs":[[1856,1857,1858,1859,1860,1861,1862,1863,1864,1865,1866,1867,1791,1792],[1793,1794,1868,1869,1870,1871,1872,1873,1874,1875,1876,1877,1878,1879,1880],[1881],[1882,1883,1884,1885],[1886],[1887],[1888],[1889],[1890]],"properties":{"MODE":"METRO TRAM","SHORT_NAME":"57"}},{"type":"MultiLineString","arcs":[[1891,-1752,1892,1893,1894,1895,1691,1896,1693,1897,1748],[1898,1899,1900,1901],[1902,-1772,1903,1904,1905,1906,1907,1908],[1744,1909,1695,1910,1911,1698,1912]],"properties":{"MODE":"METRO TRAM","SHORT_NAME":"58"}},{"type":"MultiLineString","arcs":[[1913,1914,1915,1916,1866,1917,1918,1900,1919,1790,1791,1792],[1793,1794,1795,1920,1906,1921,1869,1922,1923,1924,1925]],"properties":{"MODE":"METRO TRAM","SHORT_NAME":"59"}},{"type":"LineString","arcs":[1926,-1702,-1701,1768,1769,1770,1771,1772,1773,1927,1928,-1755,-1754,-1753,-1752,-1751,-1689,-1688,1929],"properties":{"MODE":"METRO TRAM","SHORT_NAME":"6"}},{"type":"MultiLineString","arcs":[[-1701,1768,1769,1893],[1688,1750,1751,1752,1753,1754,1755,1756,-1856,1930,-1781,1931,1765,1932,-1854,-1853,-1775,-1774,-1773,-1772,-1771,-1893],[-1904]],"properties":{"MODE":"METRO TRAM","SHORT_NAME":"64"}},{"type":"MultiLineString","arcs":[[1933,1934,-1777,-1776,-1775,-1774,-1773,-1772,-1771,-1770,-1769,1700],[1688,1750,1751,1752,1753,1754,1755,1756,1757,1786,1935,1936]],"properties":{"MODE":"METRO TRAM","SHORT_NAME":"67"}},{"type":"LineString","arcs":[1824,1825,1937,1938,1939,1940,1941,1942,1943,-1817,-1816,-1815],"properties":{"MODE":"METRO TRAM","SHORT_NAME":"70"}},{"type":"MultiLineString","arcs":[[-1701,1768,1769,1770,1771,1772,1944,1945,1946,-1753,-1752,-1751,-1689],[1947]],"properties":{"MODE":"METRO TRAM","SHORT_NAME":"72"}},{"type":"MultiLineString","arcs":[[1948,1941,1949,-1849,1950,1951,1952,-1818,-1817,-1816,-1815],[1953,-1940,1954,1955,1840,1841,1842,1956,-1827,-1826,-1825]],"properties":{"MODE":"METRO TRAM","SHORT_NAME":"75"}},{"type":"LineString","arcs":[1957],"properties":{"MODE":"METRO TRAM","SHORT_NAME":"78"}},{"type":"MultiLineString","arcs":[[1958,1879,1959,1960],[-1924,1961,-1859,1962]],"properties":{"MODE":"METRO TRAM","SHORT_NAME":"82"}},{"type":"MultiLineString","arcs":[[1963,1964,1965,1966,-1805,-1823,1967,1968,1969,1970,1971,-1812,-1815],[1972,1973,1801,1802,-1835,1974,-1833,1975,1976,1977,1978,1810,-1825]],"properties":{"MODE":"METRO TRAM","SHORT_NAME":"86"}},{"type":"MultiLineString","arcs":[[1979,-1762,-1761,1980,1720,1721,1722,1981,1982,1970,1983,-1809],[1984,1783,1784,1985,1716],[-1978,1986,1987,1713,1714,1715],[-1968,1822,1804,-1967,-1966,1988,1989,1973,1801,1802,-1835,1974,-1833,1975,1990],[1991,-1969]],"properties":{"MODE":"METRO TRAM","SHORT_NAME":"96"}}]}}}