{"type":"Topology","arcs":[[[2118,2669],[-51,-6]],[[2067,2663],[-40,41]],[[2027,2704],[308,-51]],[[2335,2653],[-35,-29]],[[2300,2624],[-26,-223]],[[2274,2401],[16,-2],[-6,-105]],[[2284,2294],[-121,20]],[[2163,2314],[-20,-37]],[[2143,2277],[-7,61]],[[2136,2338],[14,23]],[[2150,2361],[7,14]],[[2157,2375],[-36,17]],[[2121,2392],[31,32]],[[2152,2424],[6,120]],[[2158,2544],[-5,3]],[[2153,2547],[-47,29]],[[2106,2576],[12,93]],[[2280,2945],[-38,-276]],[[2242,2669],[-215,35]],[[2027,2704],[26,56]],[[2053,2760],[-8,30]],[[2045,2790],[54,18]],[[2099,2808],[14,9]],[[2113,2817],[-8,13]],[[2105,2830],[-50,81]],[[2055,2911],[-6,26]],[[2049,2937],[-1,22]],[[2048,2959],[0,24]],[[2048,2983],[229,-37]],[[2277,2946],[3,-1]],[[2335,2653],[265,-43]],[[2600,2610],[-35,-28]],[[2565,2582],[-18,-151]],[[2547,2431],[-145,23],[5,43],[-120,21]],[[2287,2518],[13,106]],[[2300,2624],[35,29]],[[2274,2401],[13,117]],[[2547,2431],[-21,-178]],[[2526,2253],[-69,12]],[[2457,2265],[-49,8]],[[2408,2273],[-124,21]],[[2438,2982],[213,-33]],[[2651,2949],[16,-3]],[[2667,2946],[-44,-109]],[[2623,2837],[34,-43],[-21,-14]],[[2636,2780],[12,-58]],[[2648,2722],[1,-6]],[[2649,2716],[0,-35]],[[2649,2681],[-22,-26]],[[2627,2655],[9,-50]],[[2636,2605],[-211,34]],[[2425,2639],[13,340]],[[2438,2979],[0,3]],[[2284,3002],[2,-1]],[[2286,3001],[152,-19]],[[2438,2982],[0,-3]],[[2438,2979],[7,-111],[-20,-229]],[[2425,2639],[-183,30]],[[2242,2669],[35,277]],[[2277,2946],[7,56]],[[3059,2479],[161,-24]],[[3220,2455],[1,0]],[[3221,2455],[11,-60]],[[3232,2395],[54,-4]],[[3286,2391],[-32,-32],[21,-39],[-17,-61]],[[3258,2259],[17,0]],[[3275,2259],[-5,-2]],[[3270,2257],[-242,-77]],[[3028,2180],[39,266],[-8,33]],[[3223,2629],[-26,-33],[9,-39]],[[3206,2557],[-22,-55]],[[3184,2502],[8,-9]],[[3192,2493],[27,-36]],[[3219,2457],[2,-2]],[[3221,2455],[-1,1]],[[3220,2456],[-358,59]],[[2862,2515],[-143,23]],[[2719,2538],[7,52],[-90,15]],[[2636,2605],[-9,50]],[[2627,2655],[22,26]],[[2649,2681],[0,35]],[[2649,2716],[574,-87]],[[3028,2180],[-116,-9],[-23,22],[-42,-40],[-34,13]],[[2813,2166],[48,343],[198,-30]],[[2651,2516],[19,21],[-34,68]],[[2719,2538],[143,-23]],[[2862,2515],[-49,-349]],[[2813,2166],[-41,35]],[[2772,2201],[-26,75]],[[2746,2276],[-55,98]],[[2691,2374],[-6,10]],[[2685,2384],[12,80]],[[2697,2464],[-46,52]],[[2136,2341],[0,-3]],[[2136,2338],[7,-61]],[[2143,2277],[-81,12],[26,-62],[-111,9],[-6,-54],[-51,1]],[[1920,2183],[-46,68]],[[1874,2251],[-61,-50],[-22,-78],[-39,-34]],[[1752,2089],[-2,-3]],[[1750,2086],[1,9]],[[1751,2095],[13,73]],[[1764,2168],[-72,68]],[[1692,2236],[-19,102]],[[1673,2338],[2,15]],[[1675,2353],[48,41]],[[1723,2394],[273,-33]],[[1996,2361],[140,-20]],[[2143,2277],[37,-157]],[[2180,2120],[-29,-22]],[[2151,2098],[-189,24]],[[1962,2122],[-24,35]],[[1938,2157],[-18,26]],[[1759,2484],[3,78]],[[1762,2562],[31,-4]],[[1793,2558],[108,-15]],[[1901,2543],[3,67]],[[1904,2610],[188,-36]],[[2092,2574],[61,-27]],[[2153,2547],[5,-3]],[[2158,2544],[-6,-120]],[[2121,2392],[36,-17]],[[2157,2375],[-7,-14]],[[2150,2361],[-14,-20]],[[2136,2341],[-140,20]],[[1996,2361],[-265,39]],[[1731,2400],[11,15]],[[1742,2415],[-6,60],[23,9]],[[1839,2802],[-46,-244]],[[1793,2558],[-1,-7]],[[1792,2551],[-30,11]],[[1759,2484],[-113,-15]],[[1646,2469],[-52,59]],[[1594,2528],[-2,3]],[[1592,2531],[43,422]],[[1635,2953],[1,0]],[[1636,2953],[1,15],[132,-12]],[[1769,2956],[1,-1]],[[1770,2955],[43,-94]],[[1813,2861],[26,-59]],[[1839,2802],[-26,59]],[[1813,2861],[289,-44],[-3,-9]],[[2099,2808],[-54,-18]],[[2053,2760],[-29,-62],[43,-35]],[[2118,2669],[-12,-93]],[[2106,2576],[-14,-2]],[[2092,2574],[-188,36]],[[1901,2543],[-109,8]],[[2556,1795],[-21,3]],[[2535,1798],[-62,10]],[[2473,1808],[-73,12]],[[2400,1820],[0,1]],[[2400,1821],[-25,76]],[[2375,1897],[2,29],[74,-12]],[[2451,1914],[2,116]],[[2453,2030],[0,8]],[[2453,2038],[132,-5]],[[2585,2033],[-29,-238]],[[2266,1746],[41,-36]],[[2307,1710],[53,-158]],[[2360,1552],[-2,0]],[[2358,1552],[-91,-5]],[[2267,1547],[-9,-27]],[[2258,1520],[-53,13]],[[2205,1533],[-2,0]],[[2203,1533],[-124,39]],[[2079,1572],[3,16]],[[2082,1588],[37,182]],[[2119,1770],[114,-41]],[[2233,1729],[4,-1],[29,18]],[[2764,1766],[-15,-126]],[[2749,1640],[-24,-193]],[[2725,1447],[-10,6]],[[2715,1453],[-52,33]],[[2663,1486],[-22,14]],[[2641,1500],[-85,104]],[[2556,1604],[-54,3]],[[2502,1607],[-11,35]],[[2491,1642],[84,34]],[[2575,1676],[-40,121]],[[2535,1797],[42,-6]],[[2577,1791],[86,-11]],[[2663,1780],[101,-14]],[[1981,2095],[-115,-96]],[[1866,1999],[-108,63]],[[1758,2062],[-8,24]],[[1874,2251],[46,-68]],[[1920,2183],[18,-26]],[[1938,2157],[43,-62]],[[1981,2095],[-19,27]],[[1962,2122],[189,-24]],[[2151,2098],[-2,-10]],[[2149,2088],[-10,-37]],[[2139,2051],[-13,-51],[4,-116]],[[2130,1884],[-22,6]],[[2108,1890],[-200,60]],[[1908,1950],[-7,7]],[[1901,1957],[-16,19]],[[1885,1976],[-19,23]],[[2163,2314],[121,-20]],[[2284,2294],[124,-21]],[[2408,2273],[-17,-190]],[[2391,2083],[42,-36]],[[2433,2047],[20,-17]],[[2453,2030],[-2,-116]],[[2375,1897],[-191,218]],[[2184,2115],[-41,162]],[[2546,1396],[131,-24],[13,95],[33,-35]],[[2723,1432],[1,-1]],[[2724,1431],[-12,-93]],[[2712,1338],[-7,-59]],[[2705,1279],[-12,-90]],[[2693,1189],[-10,-79]],[[2683,1110],[-1,0]],[[2682,1110],[-40,7]],[[2642,1117],[-69,245]],[[2573,1362],[-27,34]],[[1852,1926],[40,-2]],[[1892,1924],[4,7]],[[1896,1931],[12,19]],[[1908,1950],[108,-20],[92,-40]],[[2108,1890],[26,-10]],[[2134,1880],[46,-48]],[[2180,1832],[65,-97]],[[2245,1735],[-12,-6]],[[2233,1729],[-20,-9],[-94,50]],[[2119,1770],[-37,-182]],[[2082,1588],[-4,0]],[[2078,1588],[-22,2]],[[2056,1590],[-111,11],[-28,-10]],[[1917,1591],[-118,-43],[-17,7]],[[1782,1555],[12,30]],[[1794,1585],[-11,101]],[[1783,1686],[22,137],[15,32]],[[1820,1855],[32,71]],[[2488,1747],[-15,61]],[[2473,1808],[-1,2]],[[2472,1810],[63,-12]],[[2535,1798],[0,-1]],[[2535,1797],[40,-121]],[[2491,1642],[-29,-11],[-31,93]],[[2431,1724],[57,23]],[[2360,1827],[40,-6]],[[2400,1821],[72,-11]],[[2488,1747],[-57,-23]],[[2431,1724],[-28,-11]],[[2403,1713],[-10,31]],[[2393,1744],[-28,-11]],[[2365,1733],[-5,94]],[[2307,1710],[86,34]],[[2403,1713],[28,11]],[[2491,1642],[9,-29]],[[2500,1613],[-140,-61]],[[2180,2120],[4,-5]],[[2184,2115],[191,-218]],[[2400,1820],[-40,7]],[[2360,1827],[-147,22]],[[2213,1849],[-7,-45]],[[2206,1804],[-26,28]],[[2180,1832],[-46,48]],[[2134,1880],[-4,4]],[[2130,1884],[9,167]],[[2139,2051],[10,37]],[[2149,2088],[31,32]],[[2546,1396],[-21,99]],[[2525,1495],[-19,93]],[[2506,1588],[-3,16]],[[2503,1604],[-1,3]],[[2556,1604],[85,-104]],[[2641,1500],[22,-14]],[[2663,1486],[52,-33]],[[2715,1453],[8,-21]],[[2723,1432],[1,-1]],[[2500,1613],[3,-9]],[[2503,1604],[4,-15]],[[2507,1589],[-1,-1]],[[2506,1588],[-57,-32]],[[2449,1556],[-76,-90]],[[2373,1466],[-181,42]],[[2192,1508],[13,25]],[[2205,1533],[53,-13]],[[2258,1520],[9,27]],[[2267,1547],[91,5]],[[2358,1552],[2,0]],[[2360,1552],[140,61]],[[2507,1589],[18,-94]],[[2525,1495],[10,-53]],[[2535,1442],[-63,-25]],[[2472,1417],[-48,53]],[[2424,1470],[-51,-4]],[[2373,1466],[76,90]],[[2449,1556],[57,32]],[[2506,1588],[1,1]],[[2213,1849],[147,-22]],[[2365,1733],[-58,-23]],[[2307,1710],[-41,36]],[[2266,1746],[-21,-11]],[[2245,1735],[-39,69]],[[2642,1117],[-26,-8]],[[2616,1109],[7,-32]],[[2623,1077],[-34,-18]],[[2589,1059],[-20,27]],[[2569,1086],[-69,-36],[-30,-49]],[[2470,1001],[-263,182]],[[2207,1183],[44,82]],[[2251,1265],[67,34]],[[2318,1299],[52,26]],[[2370,1325],[26,-79]],[[2396,1246],[127,105]],[[2523,1351],[14,43]],[[2537,1394],[3,8]],[[2540,1402],[33,-40]],[[2573,1362],[69,-245]],[[2571,700],[62,34]],[[2633,734],[101,55]],[[2734,789],[1,-1]],[[2735,788],[92,-202]],[[2827,586],[2,-7]],[[2829,579],[-54,10],[-19,-136],[-65,11]],[[2691,464],[-106,143],[-14,93]],[[2241,1432],[46,-55]],[[2287,1377],[-8,-25]],[[2279,1352],[-72,-169]],[[2207,1183],[-99,63],[-47,-83],[9,81],[-44,36],[-96,6],[-58,-40]],[[1872,1246],[-11,19]],[[1861,1265],[32,24],[-5,41],[353,102]],[[2984,957],[-15,-118]],[[2969,839],[-106,18]],[[2863,857],[-36,-271]],[[2827,586],[-1,-2]],[[2826,584],[-91,204]],[[2735,788],[-1,1]],[[2734,789],[52,205]],[[2786,994],[198,-37]],[[2079,1572],[124,-39]],[[2203,1533],[-11,-25]],[[2373,1466],[-86,-89]],[[2287,1377],[-1,0]],[[2286,1377],[-45,55]],[[1861,1265],[11,-19]],[[1872,1246],[45,-85],[-54,-40],[-73,132],[2,38],[-39,-1],[48,-162],[-104,140],[-6,109]],[[1691,1377],[10,60]],[[1701,1437],[81,118]],[[1782,1555],[135,36]],[[1917,1591],[139,-1]],[[2056,1590],[22,-2]],[[2078,1588],[1,-16]],[[2373,1466],[51,4]],[[2424,1470],[48,-53]],[[2535,1442],[5,-40]],[[2540,1402],[-3,-8]],[[2537,1394],[-14,-43]],[[2523,1351],[-127,-105]],[[2370,1325],[-52,-26]],[[2318,1299],[-67,-34]],[[2251,1265],[28,87]],[[2279,1352],[7,25]],[[2638,993],[32,37]],[[2670,1030],[116,-36]],[[2786,994],[-37,-198],[-14,-8]],[[2735,788],[-102,-54]],[[2633,734],[23,171]],[[2656,905],[-18,88]],[[2569,1086],[20,-27]],[[2589,1059],[34,18]],[[2616,1109],[66,1]],[[2682,1110],[1,0]],[[2683,1110],[-2,-12]],[[2681,1098],[-11,-68]],[[2670,1030],[-32,-37]],[[2638,993],[25,-36],[-7,-52]],[[2656,905],[-23,-171]],[[2633,734],[-62,-34]],[[2571,700],[-15,61],[29,33],[-68,93],[7,61],[-54,53]],[[3005,1132],[202,-37]],[[3207,1095],[-27,-235]],[[3180,860],[-177,88]],[[3003,948],[-19,9]],[[2984,957],[21,175]],[[2984,957],[-311,73],[8,68]],[[2681,1098],[1,12]],[[2682,1110],[10,80]],[[2692,1190],[1,-1]],[[2693,1189],[207,-37]],[[2900,1152],[105,-20]],[[2937,1416],[38,-32]],[[2975,1384],[35,48]],[[3010,1432],[97,-27]],[[3107,1405],[23,-23]],[[3130,1382],[55,-64]],[[3185,1318],[52,5]],[[3237,1323],[-2,-14]],[[3235,1309],[-28,-214]],[[3207,1095],[-202,37]],[[3005,1132],[-105,19]],[[2900,1151],[0,1]],[[2900,1152],[17,120]],[[2917,1272],[19,138]],[[2936,1410],[1,6]],[[2725,1447],[37,-55]],[[2762,1392],[58,-19]],[[2820,1373],[86,-3]],[[2906,1370],[9,47]],[[2915,1417],[10,0]],[[2925,1417],[12,-1]],[[2937,1416],[-1,-6]],[[2936,1410],[-19,-138]],[[2917,1272],[-208,36]],[[2709,1308],[3,30]],[[2712,1338],[11,94]],[[2723,1432],[2,15]],[[2917,1272],[-17,-120]],[[2900,1152],[0,-1]],[[2900,1151],[-207,38]],[[2693,1189],[-1,1]],[[2692,1190],[13,89]],[[2705,1279],[4,29]],[[2916,1835],[-50,17]],[[2866,1852],[-1,-1]],[[2865,1851],[-2,-31]],[[2863,1820],[4,-5]],[[2867,1815],[89,-15]],[[2956,1800],[17,-45]],[[2973,1755],[68,-2]],[[3041,1753],[-1,-26]],[[3040,1727],[-276,39]],[[2764,1766],[26,218],[17,2]],[[2807,1986],[72,0]],[[2879,1986],[2,-7]],[[2881,1979],[-24,-20]],[[2857,1959],[27,-29]],[[2884,1930],[65,-70]],[[2949,1860],[-33,-25]],[[2408,2273],[49,-8]],[[2457,2265],[155,-27]],[[2612,2238],[1,0]],[[2613,2238],[-6,-40]],[[2607,2198],[-22,-165]],[[2585,2033],[-132,5]],[[2453,2038],[-20,9]],[[2433,2047],[-42,36]],[[2693,2014],[97,-29],[-26,-219]],[[2764,1766],[-101,12]],[[2663,1778],[0,2]],[[2663,1780],[30,234]],[[2585,2033],[2,-1]],[[2587,2032],[106,-18]],[[2663,1778],[-86,13]],[[2577,1791],[-21,4]],[[2625,2345],[88,-14]],[[2713,2331],[33,-55]],[[2746,2276],[26,-75]],[[2813,2166],[1,-36],[-115,-62],[-6,-54]],[[2693,2014],[-106,18]],[[2587,2032],[20,166]],[[2607,2198],[5,40]],[[2612,2238],[13,107]],[[3275,2259],[30,-7]],[[3305,2252],[-19,-42]],[[3286,2210],[5,-7]],[[3291,2203],[15,-21]],[[3306,2182],[26,-24]],[[3332,2158],[50,16]],[[3382,2174],[-25,-44]],[[3357,2130],[-21,10]],[[3336,2140],[-1,-4]],[[3335,2136],[-9,-51]],[[3326,2085],[-97,-3],[-42,49],[-173,19]],[[3014,2150],[72,-106]],[[3086,2044],[-60,3]],[[3026,2047],[-2,-22]],[[3024,2025],[67,-67]],[[3091,1958],[7,-7]],[[3098,1951],[-18,-26]],[[3080,1925],[-4,-6]],[[3076,1919],[29,-42]],[[3105,1877],[-20,-14]],[[3085,1863],[-42,17]],[[3043,1880],[-26,51]],[[3017,1931],[-74,-22]],[[2943,1909],[-3,30]],[[2940,1939],[6,8]],[[2946,1947],[18,25]],[[2964,1972],[-45,-21]],[[2919,1951],[-40,35]],[[2879,1986],[-72,0]],[[2807,1986],[-114,28]],[[2749,1640],[289,-41]],[[3038,1599],[22,-85]],[[3060,1514],[6,0]],[[3066,1514],[25,0]],[[3091,1514],[19,0]],[[3110,1514],[19,-42]],[[3129,1472],[58,-49]],[[3187,1423],[-14,-21]],[[3173,1402],[-43,-20]],[[3130,1382],[-23,23]],[[3107,1405],[-97,27]],[[3010,1432],[-35,-48]],[[2975,1384],[-39,26]],[[2936,1410],[-11,7]],[[2925,1417],[-10,0]],[[2915,1417],[-9,-47]],[[2906,1370],[-86,3]],[[2820,1373],[-58,19]],[[2725,1447],[24,193]],[[3040,1727],[-1,-85]],[[3039,1642],[-1,-43]],[[2749,1640],[15,126]],[[3735,991],[201,-53]],[[3936,938],[-5,-48]],[[3931,890],[-14,-120]],[[3917,770],[-1,0]],[[3916,770],[-98,-13]],[[3818,757],[-58,-25]],[[3760,732],[-51,-21]],[[3709,711],[-56,22]],[[3653,733],[-42,107]],[[3611,840],[0,1]],[[3611,841],[1,0]],[[3612,841],[90,11]],[[3702,852],[23,3]],[[3725,855],[10,136]],[[3579,1908],[342,-62],[103,8]],[[4024,1854],[31,32]],[[4055,1886],[9,-16]],[[4064,1870],[-37,-139]],[[4027,1731],[6,-51]],[[4033,1680],[-1,-5]],[[4032,1675],[-4,1]],[[4028,1676],[-151,26]],[[3877,1702],[-18,-86],[-313,51]],[[3546,1667],[33,241]],[[3588,2160],[-2,58]],[[3586,2218],[1,-1]],[[3587,2217],[43,-33]],[[3630,2184],[2,12]],[[3632,2196],[0,31]],[[3632,2227],[4,1]],[[3636,2228],[80,18],[45,45],[55,-52]],[[3816,2239],[154,-15]],[[3970,2224],[19,-14]],[[3989,2210],[46,-111]],[[4035,2099],[27,-37]],[[4062,2062],[24,-15]],[[4086,2047],[-10,-23]],[[4076,2024],[-23,-52]],[[4053,1972],[-4,-11]],[[4049,1961],[1,-7]],[[4050,1954],[5,-68]],[[4055,1886],[-31,-32]],[[3579,1908],[26,219]],[[3605,2127],[-17,33]],[[3534,1579],[101,-11],[5,-43],[46,-30],[-2,-52],[29,-5],[-23,-48],[298,-45]],[[3988,1345],[-29,-230]],[[3959,1115],[-477,75],[1,11]],[[3483,1201],[51,378]],[[3372,1149],[7,45]],[[3379,1194],[103,7]],[[3482,1201],[1,0]],[[3483,1201],[476,-86]],[[3959,1115],[-6,-48]],[[3953,1067],[-1,-2]],[[3952,1065],[-16,-127]],[[3735,991],[-10,-136]],[[3725,855],[-23,-3]],[[3702,852],[-61,8],[-29,-19]],[[3612,841],[-1,-1]],[[3611,840],[-18,1]],[[3593,841],[-4,6]],[[3589,847],[-20,35]],[[3569,882],[13,82]],[[3582,964],[-32,25]],[[3550,989],[-2,56]],[[3548,1045],[-176,104]],[[3393,1668],[150,-25]],[[3543,1643],[0,-2]],[[3543,1641],[-61,-440]],[[3482,1201],[-103,-7]],[[3372,1149],[0,1]],[[3372,1150],[-47,40]],[[3325,1190],[3,25]],[[3328,1215],[50,344]],[[3378,1559],[15,109]],[[3382,2174],[-50,-16]],[[3332,2158],[-8,15]],[[3324,2173],[53,65]],[[3377,2238],[33,5]],[[3410,2243],[26,-27]],[[3436,2216],[22,-23]],[[3458,2193],[32,-32]],[[3490,2161],[1,0]],[[3491,2161],[10,17]],[[3501,2178],[-26,2]],[[3475,2180],[12,41]],[[3487,2221],[8,-13]],[[3495,2208],[4,-7]],[[3499,2201],[61,39]],[[3560,2240],[9,-5]],[[3569,2235],[17,-17]],[[3588,2160],[17,-33]],[[3605,2127],[-26,-219]],[[3579,1908],[-136,24]],[[3443,1932],[-165,64]],[[3278,1996],[49,84]],[[3327,2080],[8,56]],[[3335,2136],[1,4]],[[3336,2140],[21,-10]],[[3534,1579],[9,62]],[[3543,1641],[0,2]],[[3543,1643],[3,24]],[[3877,1702],[151,-26]],[[4028,1676],[-17,-126]],[[4011,1550],[-16,-20]],[[3995,1530],[12,-29],[-19,-156]],[[3040,1727],[93,-16]],[[3133,1711],[260,-43]],[[3393,1668],[-14,-109]],[[3379,1559],[-1,0]],[[3378,1559],[-212,34]],[[3166,1593],[-100,-79]],[[3066,1514],[-5,-5]],[[3061,1509],[-1,5]],[[3060,1514],[-21,128]],[[3039,1642],[1,85]],[[3379,1559],[-48,-356],[-3,12]],[[3328,1215],[-21,82]],[[3307,1297],[-71,12]],[[3236,1309],[-1,0]],[[3235,1309],[-50,9]],[[3185,1318],[-38,48],[26,36]],[[3173,1402],[14,21]],[[3187,1423],[-58,49]],[[3129,1472],[-19,42]],[[3110,1514],[-19,0]],[[3091,1514],[-30,-5]],[[3061,1509],[5,5]],[[3066,1514],[100,79]],[[3166,1593],[212,-34]],[[3378,1559],[1,0]],[[3444,1932],[135,-24]],[[3579,1908],[-33,-241]],[[3546,1667],[-3,-24]],[[3543,1643],[-150,25]],[[3393,1668],[-260,43]],[[3133,1711],[61,90]],[[3194,1801],[249,131]],[[3443,1932],[1,0]],[[3026,2047],[60,-3]],[[3086,2044],[-72,106]],[[3326,2085],[1,-5]],[[3327,2080],[-49,-84]],[[3278,1996],[166,-64]],[[3444,1932],[-1,0]],[[3443,1932],[-249,-131]],[[3194,1801],[-61,-90]],[[3133,1711],[-93,16]],[[3041,1753],[-68,2]],[[2973,1755],[-17,45]],[[2956,1800],[-89,15]],[[2867,1815],[-4,5]],[[2863,1820],[2,31]],[[2865,1851],[1,1]],[[2866,1852],[50,-17]],[[2916,1835],[33,25]],[[2949,1860],[-65,70]],[[2884,1930],[-27,29]],[[2857,1959],[24,20]],[[2881,1979],[38,-28]],[[2919,1951],[45,21]],[[2964,1972],[-18,-25]],[[2946,1947],[-6,-8]],[[2940,1939],[3,-30]],[[2943,1909],[74,22]],[[3043,1880],[42,-17]],[[3085,1863],[20,14]],[[3105,1877],[-29,42]],[[3076,1919],[4,6]],[[3080,1925],[18,26]],[[3098,1951],[-7,7]],[[3091,1958],[-67,67]],[[3024,2025],[2,22]],[[3786,2595],[-36,34]],[[3750,2629],[2,6]],[[3752,2635],[21,22]],[[3773,2657],[3,0]],[[3776,2657],[14,-20]],[[3790,2637],[9,-13]],[[3799,2624],[18,20]],[[3817,2644],[-18,12]],[[3799,2656],[0,7]],[[3799,2663],[10,37]],[[3809,2700],[6,-3]],[[3815,2697],[93,-42]],[[3908,2655],[8,5]],[[3916,2660],[19,-15]],[[3935,2645],[-3,-58]],[[3932,2587],[91,-74],[-25,-120]],[[3998,2393],[65,-31]],[[4063,2362],[-18,-155]],[[4045,2207],[-51,-1]],[[3994,2206],[-5,4]],[[3989,2210],[-19,14]],[[3970,2224],[-26,18],[-128,-3]],[[3632,2227],[14,66]],[[3646,2293],[16,76]],[[3662,2369],[17,15]],[[3679,2384],[59,-35]],[[3738,2349],[-30,53]],[[3708,2402],[-23,40]],[[3685,2442],[0,5]],[[3685,2447],[36,-1]],[[3721,2446],[19,-1]],[[3740,2445],[30,79]],[[3770,2524],[-2,5]],[[3768,2529],[-28,54]],[[3740,2583],[-36,-12]],[[3704,2571],[-1,5]],[[3703,2576],[12,26]],[[3715,2602],[5,7]],[[3720,2609],[66,-14]],[[2600,2610],[36,-5]],[[2651,2516],[46,-52]],[[2697,2464],[-12,-80]],[[2685,2384],[6,-10]],[[2691,2374],[22,-43]],[[2625,2345],[-12,-107]],[[2613,2238],[-1,0]],[[2612,2238],[-86,15]],[[2526,2253],[39,329]],[[4063,2362],[91,-17]],[[4154,2345],[10,-3]],[[4164,2342],[111,-94]],[[4275,2248],[106,200]],[[4381,2448],[41,-48]],[[4422,2400],[-7,-52]],[[4415,2348],[46,-55]],[[4461,2293],[64,-29]],[[4525,2264],[-3,-29]],[[4522,2235],[-25,-226]],[[4497,2009],[-5,-41]],[[4492,1968],[-50,-17],[-69,43],[-88,-53],[-87,50]],[[4198,1991],[-78,13]],[[4120,2004],[-1,1]],[[4119,2005],[-15,38],[-42,19]],[[4035,2099],[-41,107]],[[3994,2206],[51,1]],[[4260,2625],[-40,35]],[[4220,2660],[30,13],[17,62]],[[4267,2735],[33,-22]],[[4300,2713],[-26,47]],[[4274,2760],[-33,-8]],[[4241,2752],[13,88]],[[4254,2840],[12,24]],[[4266,2864],[16,7]],[[4282,2871],[108,-31]],[[4390,2840],[25,33]],[[4415,2873],[26,37]],[[4441,2910],[59,-11],[63,27],[18,-19]],[[4581,2907],[58,67]],[[4639,2974],[85,-56]],[[4724,2918],[31,55]],[[4755,2973],[3,0]],[[4758,2973],[124,-16]],[[4882,2957],[15,-50]],[[4897,2907],[1,-2]],[[4898,2905],[-25,-183]],[[4873,2722],[-27,27]],[[4846,2749],[-37,36]],[[4809,2785],[-63,-467],[-208,34]],[[4538,2352],[-13,-88]],[[4461,2293],[-46,55]],[[4415,2348],[7,52]],[[4381,2448],[-60,14]],[[4321,2462],[-24,98]],[[4297,2560],[-14,25]],[[4283,2585],[-23,40]],[[3932,2587],[3,58]],[[3935,2645],[27,89]],[[3962,2734],[24,3]],[[3986,2737],[43,-55]],[[4029,2682],[88,-46]],[[4117,2636],[134,48]],[[4251,2684],[-31,-24]],[[4260,2625],[23,-40]],[[4283,2585],[14,-25]],[[4297,2560],[24,-98]],[[4321,2462],[48,-17],[-94,-197]],[[4275,2248],[-111,94]],[[4164,2342],[-10,3]],[[4154,2345],[-156,48]],[[4809,2785],[37,-36]],[[4846,2749],[6,-23],[80,-34]],[[4932,2692],[5,-11]],[[4937,2681],[6,-22]],[[4943,2659],[-12,-42]],[[4931,2617],[26,-29]],[[4957,2588],[-14,-56]],[[4943,2532],[23,-44]],[[4966,2488],[-16,-13]],[[4950,2475],[19,-75],[-7,-68],[-78,11],[-25,-205]],[[4859,2138],[-36,6]],[[4823,2144],[-96,15]],[[4727,2159],[5,42],[-210,34]],[[4522,2235],[-1,1]],[[4521,2236],[4,28]],[[4525,2264],[13,88]],[[4727,2159],[96,-15]],[[4823,2144],[-5,-52]],[[4818,2092],[25,-24]],[[4843,2068],[0,-1]],[[4843,2067],[-24,-13]],[[4819,2054],[-24,-170],[-10,-1]],[[4785,1883],[-8,-1]],[[4777,1882],[-189,59]],[[4588,1941],[-45,-18],[-51,43]],[[4492,1966],[5,43]],[[4497,2009],[24,227]],[[4588,1941],[189,-59]],[[4777,1882],[28,-9],[-36,-117]],[[4769,1756],[-1,-126]],[[4768,1630],[-28,-58],[23,-2],[4,-93]],[[4767,1477],[18,-3]],[[4785,1474],[-2,-4]],[[4783,1470],[-26,-92]],[[4757,1378],[-60,10]],[[4697,1388],[-270,46]],[[4427,1434],[-3,0]],[[4424,1434],[31,241]],[[4455,1675],[36,282]],[[4491,1957],[1,9]],[[4424,1434],[3,0]],[[4427,1434],[270,-46]],[[4697,1388],[-15,-151],[12,-28]],[[4694,1209],[-32,-8]],[[4662,1201],[-30,-7]],[[4632,1194],[-18,-43],[-205,34],[-20,-25]],[[4389,1160],[-1,1]],[[4388,1161],[4,26]],[[4392,1187],[32,247]],[[4190,1719],[265,-44]],[[4455,1675],[5,-1]],[[4460,1674],[-33,-240]],[[4427,1434],[-35,-247]],[[4392,1187],[-142,23],[6,51],[-56,-42],[-75,13]],[[4125,1232],[12,89]],[[4137,1321],[53,398]],[[4064,1870],[-14,84]],[[4050,1954],[-1,7]],[[4049,1961],[4,11]],[[4053,1972],[23,52]],[[4076,2024],[10,23]],[[4086,2047],[33,-42]],[[4119,2005],[1,-1]],[[4120,2004],[78,-13]],[[4492,1968],[-1,-11]],[[4491,1957],[-31,-283]],[[4460,1674],[-5,1]],[[4455,1675],[-412,73]],[[4043,1748],[-16,-17]],[[3988,1345],[148,-27],[-11,-86]],[[4392,1187],[-3,-27]],[[4389,1160],[-20,-160]],[[4369,1000],[-201,32]],[[4168,1032],[-215,35]],[[3953,1067],[6,48]],[[3959,1115],[29,230]],[[4632,1194],[28,-5]],[[4660,1189],[85,-17]],[[4745,1172],[-15,-118],[72,-10]],[[4802,1044],[-1,-116]],[[4801,928],[-212,35]],[[4589,963],[-220,37]],[[4369,1000],[19,161]],[[4043,1748],[147,-29]],[[4190,1719],[-53,-398]],[[4137,1321],[-149,24]],[[3995,1530],[16,20]],[[4011,1550],[21,125]],[[4032,1675],[1,5]],[[4033,1680],[10,68]],[[2829,579],[1,0]],[[2830,579],[81,-184]],[[2911,395],[27,-72]],[[2938,323],[24,-106]],[[2962,217],[-31,-217]],[[2931,0],[-212,0],[-30,106],[10,76],[-22,43],[2,90],[22,63],[-10,86]],[[2962,217],[-26,106]],[[2936,323],[2,0]],[[2938,323],[65,-11]],[[3003,312],[158,-26]],[[3161,286],[0,-1]],[[3161,285],[-39,-285],[-191,0]],[[3122,0],[31,222]],[[3153,222],[276,-42],[12,-9]],[[3441,171],[24,-18],[-19,-153],[-324,0]],[[3377,486],[15,38]],[[3392,524],[40,100]],[[3432,624],[11,-9]],[[3443,615],[24,-20]],[[3467,595],[169,-29]],[[3636,566],[-40,-292],[-34,6],[-8,-63]],[[3554,217],[0,-1]],[[3554,216],[-73,14]],[[3481,230],[9,63]],[[3490,293],[-114,19]],[[3376,312],[1,174]],[[3390,696],[42,-72]],[[3432,624],[-40,-100]],[[3392,524],[-92,16]],[[3300,540],[-40,78]],[[3260,618],[-210,36]],[[3050,654],[-209,36]],[[2841,690],[22,167]],[[2969,839],[14,109],[20,0]],[[3003,948],[34,-1],[143,-87]],[[3180,860],[1,0]],[[3181,860],[54,-33]],[[3235,827],[15,-19]],[[3250,808],[51,-65]],[[3301,743],[2,-3]],[[3303,740],[87,-44]],[[3260,618],[40,-78]],[[3300,540],[-37,-272]],[[3263,268],[-102,17]],[[3161,285],[-158,27]],[[3003,312],[47,342]],[[3003,312],[-65,11]],[[2938,323],[-2,0]],[[2936,323],[-25,72]],[[2911,395],[-36,108],[-45,76]],[[2830,579],[-1,0]],[[2829,579],[-3,5]],[[2826,584],[1,2]],[[2827,586],[14,104]],[[3758,526],[1,-1]],[[3759,525],[68,-73]],[[3827,452],[47,-19]],[[3874,433],[-35,-265]],[[3839,168],[-126,22]],[[3713,190],[45,336]],[[3713,190],[-1,0]],[[3712,190],[-158,26]],[[3636,566],[120,-39]],[[3756,527],[2,-1]],[[3392,524],[-15,-38]],[[3377,486],[14,-60],[-15,-114]],[[3490,293],[-11,-63]],[[3479,230],[-11,-58]],[[3468,172],[-27,-1]],[[3441,171],[-288,51]],[[3153,222],[8,63]],[[3161,285],[0,1]],[[3161,286],[102,-18]],[[3263,268],[37,272]],[[3839,168],[-22,-168]],[[3817,0],[-370,0],[21,172]],[[3468,172],[11,58]],[[3479,230],[2,0]],[[3481,230],[73,-13]],[[3554,217],[158,-27]],[[3712,190],[127,-22]],[[3237,1323],[70,-26]],[[3307,1297],[18,-107]],[[3325,1190],[47,-40]],[[3372,1150],[0,-1]],[[3372,1149],[176,-104]],[[3550,989],[32,-25]],[[3582,964],[-13,-82]],[[3569,882],[20,-35]],[[3589,847],[-19,-6]],[[3570,841],[-26,45],[-16,-22],[-205,35],[-22,-156]],[[3301,743],[0,-2]],[[3301,741],[-51,67]],[[3250,808],[-15,19]],[[3235,827],[-55,33]],[[3180,860],[1,0]],[[3181,860],[55,449]],[[3236,1309],[1,14]],[[3570,841],[23,0]],[[3593,841],[18,0]],[[3653,733],[56,-22]],[[3709,711],[51,21]],[[3760,732],[58,25]],[[3818,757],[48,21],[51,-6]],[[3917,772],[0,-2]],[[3917,770],[-18,-145]],[[3899,625],[-25,-192]],[[3827,452],[-68,73]],[[3759,525],[-1,1]],[[3758,526],[-2,1]],[[3756,527],[-70,36],[-219,32]],[[3467,595],[-24,20]],[[3443,615],[-53,81]],[[3390,696],[-87,44]],[[3303,740],[-2,1]],[[3645,3745],[122,-20]],[[3767,3725],[-12,-9]],[[3755,3716],[-2,-2]],[[3753,3714],[-6,-63]],[[3747,3651],[40,-16]],[[3787,3635],[-12,-132]],[[3775,3503],[-1,-8]],[[3774,3495],[-35,-1]],[[3739,3494],[-11,-97]],[[3728,3397],[-19,-2]],[[3709,3395],[2,-2]],[[3711,3393],[10,-12]],[[3721,3381],[-51,2]],[[3670,3383],[-219,5]],[[3451,3388],[70,94],[17,70]],[[3538,3552],[1,4]],[[3539,3556],[105,187]],[[3644,3743],[1,2]],[[4097,3656],[117,63]],[[4214,3719],[175,49]],[[4389,3768],[120,32]],[[4509,3800],[-38,-299]],[[4471,3501],[-101,15],[-41,-31],[1,-36]],[[4330,3449],[0,-2]],[[4330,3447],[-90,70]],[[4240,3517],[-62,7],[20,-100],[-45,9],[-21,-27],[47,-71]],[[4179,3335],[-40,-30]],[[4139,3305],[19,-44]],[[4158,3261],[-25,-4]],[[4133,3257],[-5,-59]],[[4128,3198],[-49,11]],[[4079,3209],[-60,13]],[[4019,3222],[-100,23]],[[3919,3245],[46,135]],[[3965,3380],[-37,-40],[-44,13],[-19,43]],[[3865,3396],[58,207]],[[3923,3603],[32,31]],[[3955,3634],[142,22]],[[3560,3046],[140,-15]],[[3700,3031],[-6,-45]],[[3694,2986],[70,-13]],[[3764,2973],[14,-13]],[[3778,2960],[9,-81]],[[3787,2879],[64,-82]],[[3851,2797],[-49,-85],[-3,-49]],[[3799,2663],[0,-7]],[[3799,2656],[18,-12]],[[3817,2644],[-18,-20]],[[3799,2624],[-9,13]],[[3790,2637],[-14,20]],[[3776,2657],[-3,0]],[[3773,2657],[-21,-22]],[[3752,2635],[-2,-6]],[[3750,2629],[36,-34]],[[3786,2595],[-66,14]],[[3720,2609],[-5,-7]],[[3715,2602],[-12,-26]],[[3703,2576],[1,-5]],[[3704,2571],[36,12]],[[3740,2583],[-8,-22]],[[3732,2561],[-22,-5],[-232,37]],[[3478,2593],[30,46]],[[3508,2639],[11,89]],[[3519,2728],[41,318]],[[3230,2917],[21,38]],[[3251,2955],[43,7],[31,43]],[[3325,3005],[-24,31]],[[3301,3036],[24,2]],[[3325,3038],[0,5]],[[3325,3043],[-7,15]],[[3318,3058],[-11,24]],[[3307,3082],[-2,3]],[[3305,3085],[2,-1]],[[3307,3084],[252,-34]],[[3559,3050],[-40,-322]],[[3519,2728],[-11,-89]],[[3508,2639],[-30,-46]],[[3478,2593],[-255,38]],[[3223,2631],[-1,0]],[[3222,2631],[2,77]],[[3224,2708],[52,64],[-31,19]],[[3245,2791],[20,33]],[[3265,2824],[-35,93]],[[3223,2629],[-1,2]],[[3478,2593],[0,-90],[-30,-29]],[[3448,2474],[6,-61]],[[3454,2413],[-3,-4]],[[3451,2409],[-33,-45]],[[3418,2364],[5,-13]],[[3423,2351],[87,-94]],[[3510,2257],[72,29]],[[3582,2286],[5,-64]],[[3587,2222],[-18,13]],[[3569,2235],[-9,5]],[[3560,2240],[-61,-39]],[[3499,2201],[-4,7]],[[3495,2208],[-8,13]],[[3487,2221],[-12,-41]],[[3501,2178],[-10,-17]],[[3491,2161],[-1,0]],[[3490,2161],[-32,32]],[[3458,2193],[-22,23]],[[3436,2216],[-26,27]],[[3410,2243],[-33,-5]],[[3377,2238],[-53,-65]],[[3324,2173],[-18,9]],[[3306,2182],[-15,21]],[[3291,2203],[-5,7]],[[3286,2210],[19,42]],[[3305,2252],[-35,5]],[[3270,2257],[-12,2]],[[3286,2391],[-54,4]],[[3232,2395],[-12,60]],[[3220,2455],[0,1]],[[3220,2456],[-1,1]],[[3219,2457],[-27,36]],[[3192,2493],[-8,9]],[[3184,2502],[22,55]],[[3478,2593],[254,-32]],[[3732,2561],[36,-32]],[[3768,2529],[2,-5]],[[3770,2524],[-30,-79]],[[3740,2445],[-19,1]],[[3721,2446],[-36,1]],[[3685,2447],[0,-5]],[[3685,2442],[23,-40]],[[3708,2402],[30,-53]],[[3738,2349],[-59,35]],[[3679,2384],[-17,-15]],[[3662,2369],[-16,-76]],[[3646,2293],[-10,-65]],[[3636,2228],[-4,-32]],[[3632,2196],[-2,-12]],[[3630,2184],[-43,33]],[[3587,2217],[0,5]],[[3587,2222],[-5,64]],[[3582,2286],[-72,-29]],[[3510,2257],[-87,94]],[[3423,2351],[-5,13]],[[3418,2364],[33,45]],[[3451,2409],[3,4]],[[3454,2413],[-6,61]],[[4133,3257],[25,4]],[[4158,3261],[-19,44]],[[4139,3305],[40,30]],[[4240,3517],[90,-68]],[[4330,3449],[26,-22]],[[4356,3427],[37,-119],[48,-73],[-33,-227],[33,-17]],[[4441,2991],[-32,-25]],[[4409,2966],[-9,-56]],[[4400,2910],[15,-37]],[[4415,2873],[2,-6]],[[4417,2867],[-27,-27]],[[4390,2840],[-91,39],[-17,-8]],[[4282,2871],[-16,-7]],[[4266,2864],[-12,-24]],[[4254,2840],[-13,-88]],[[4274,2760],[26,-47]],[[4300,2713],[-33,22]],[[4267,2735],[-16,-51]],[[4251,2684],[-134,-48]],[[4117,2636],[-88,46]],[[4029,2682],[-41,57]],[[3988,2739],[4,28]],[[3992,2767],[30,2]],[[4022,2769],[-3,33]],[[4019,2802],[23,17],[-8,49],[62,44],[13,62],[-54,29],[42,56],[-13,42],[36,7],[-34,40]],[[4086,3148],[55,21]],[[4141,3169],[3,1]],[[4144,3170],[-7,6]],[[4137,3176],[-9,22]],[[4128,3198],[5,59]],[[3568,3134],[72,-5],[-36,69],[52,75]],[[3656,3273],[60,-9]],[[3716,3264],[1,0]],[[3717,3264],[199,-27]],[[3916,3237],[103,-15]],[[4019,3222],[60,-13]],[[4079,3209],[58,-33]],[[4137,3176],[7,-6]],[[4144,3170],[-3,-1]],[[4141,3169],[-55,-21]],[[4019,2802],[3,-33]],[[4022,2769],[-30,-2]],[[3992,2767],[-4,-28]],[[3988,2739],[-2,-2]],[[3986,2737],[-24,-3]],[[3962,2734],[-46,-74]],[[3916,2660],[-8,-5]],[[3908,2655],[-93,42]],[[3815,2697],[-6,3]],[[3809,2700],[42,97]],[[3787,2879],[-9,81]],[[3778,2960],[-14,13]],[[3764,2973],[-70,13]],[[3700,3031],[-140,15]],[[3560,3046],[8,88]],[[3739,3494],[35,1]],[[3774,3495],[1,8]],[[3775,3503],[12,132]],[[3787,3635],[-40,16]],[[3747,3651],[6,63]],[[3753,3714],[2,2]],[[3755,3716],[132,-68]],[[3887,3648],[33,-49]],[[3920,3599],[-55,-203]],[[3965,3380],[-46,-135]],[[3919,3245],[-3,-8]],[[3916,3237],[-200,27]],[[3716,3264],[6,110]],[[3722,3374],[1,17],[-12,2]],[[3711,3393],[-2,2]],[[3709,3395],[19,2]],[[3269,3378],[-19,42],[26,49]],[[3276,3469],[-15,19]],[[3261,3488],[37,53]],[[3298,3541],[1,0]],[[3299,3541],[26,-2]],[[3325,3539],[205,-17]],[[3530,3522],[-79,-134]],[[3451,3388],[152,-18],[67,13]],[[3670,3383],[51,-2]],[[3721,3381],[1,-7]],[[3722,3374],[-5,-110]],[[3717,3264],[-1,0]],[[3716,3264],[-60,9]],[[3568,3134],[-9,-84]],[[3305,3085],[-42,66]],[[3263,3151],[-3,37],[-34,-18],[-74,96],[-37,6]],[[3115,3272],[12,13]],[[3127,3285],[34,37]],[[3161,3322],[6,7]],[[3167,3329],[87,3]],[[3254,3332],[15,46]],[[2870,3036],[10,1]],[[2880,3037],[45,4]],[[2925,3041],[376,-60]],[[3301,2981],[-50,-26]],[[3251,2955],[-21,-38]],[[3230,2917],[35,-93]],[[3265,2824],[-20,-33]],[[3224,2708],[-1,-77]],[[3223,2631],[0,-2]],[[3223,2629],[-417,64]],[[2806,2693],[64,343]],[[2870,3036],[-10,-122],[-54,-221]],[[2806,2693],[-158,29]],[[2648,2722],[-12,58]],[[2623,2837],[28,111]],[[2651,2948],[0,1]],[[2651,2949],[30,120]],[[2681,3069],[3,5]],[[2684,3074],[36,-7]],[[2720,3067],[150,-31]],[[2994,3604],[242,-39]],[[3236,3565],[73,-21]],[[3309,3544],[-10,-3]],[[3299,3541],[-1,0]],[[3298,3541],[-37,-53]],[[3261,3488],[15,-19]],[[3269,3378],[-15,-46]],[[3254,3332],[-87,-3]],[[3167,3329],[-6,-7]],[[3161,3322],[-34,-37]],[[3127,3285],[-11,-6],[-7,-51]],[[3109,3228],[-158,26]],[[2951,3254],[-1,0]],[[2950,3254],[11,89]],[[2961,3343],[32,257]],[[2993,3600],[1,4]],[[2643,3552],[-23,61]],[[2620,3613],[-31,-11]],[[2589,3602],[-45,39]],[[2544,3641],[-11,9]],[[2533,3650],[3,4]],[[2536,3654],[339,-37]],[[2875,3617],[119,-13]],[[2994,3604],[-1,-4]],[[2993,3600],[-27,-220]],[[2966,3380],[-330,39]],[[2636,3419],[-9,12]],[[2627,3431],[-8,13]],[[2619,3444],[40,28]],[[2659,3472],[-19,28]],[[2640,3500],[-10,14]],[[2630,3514],[13,38]],[[3109,3228],[6,44]],[[3263,3151],[44,-67]],[[3307,3084],[0,-2]],[[3307,3082],[11,-24]],[[3318,3058],[7,-15]],[[3325,3043],[0,-5]],[[3325,3038],[-24,-2]],[[3325,3005],[-24,-24]],[[2925,3041],[17,145]],[[2942,3186],[8,68]],[[2601,3358],[41,44]],[[2642,3402],[-3,9]],[[2639,3411],[-3,8]],[[2966,3380],[-5,-37]],[[2961,3343],[-10,-89]],[[2951,3254],[-9,-68]],[[2942,3186],[-17,-145]],[[2925,3041],[-45,-4]],[[2880,3037],[-160,30]],[[2720,3067],[-36,7]],[[2684,3074],[10,106]],[[2694,3180],[-75,14]],[[2619,3194],[0,6]],[[2619,3200],[9,6],[-15,48]],[[2613,3254],[27,35]],[[2640,3289],[-38,16]],[[2602,3305],[15,12]],[[2617,3317],[6,4]],[[2623,3321],[-22,37]],[[4501,3734],[247,-45]],[[4748,3689],[0,-2]],[[4748,3687],[-3,-30]],[[4745,3657],[24,-8]],[[4769,3649],[28,-41]],[[4797,3608],[7,0]],[[4804,3608],[40,0]],[[4844,3608],[49,-56]],[[4893,3552],[-49,-414],[69,-7],[23,41],[21,-34],[77,51],[26,-5],[-12,-80],[-22,-24],[70,5]],[[5096,3085],[-15,-72]],[[5081,3013],[-39,-7]],[[5042,3006],[-27,31]],[[5015,3037],[-74,7]],[[4941,3044],[-19,-34]],[[4922,3010],[-15,-29]],[[4907,2981],[16,-57]],[[4923,2924],[-26,-17]],[[4897,2907],[-15,50]],[[4882,2957],[-124,16]],[[4758,2973],[-3,0]],[[4755,2973],[-31,-55]],[[4724,2918],[-85,56]],[[4639,2974],[-58,-67]],[[4441,2910],[-24,-43]],[[4400,2910],[9,56]],[[4409,2966],[32,25]],[[4356,3427],[-26,20]],[[4471,3501],[30,233]],[[6675,4002],[-28,-31],[23,-129]],[[6670,3842],[37,-34]],[[6707,3808],[-49,-85],[-4,-76],[-50,52],[-110,-49],[26,-24],[-4,-52],[-47,-46]],[[6469,3528],[78,-121]],[[6547,3407],[-50,5]],[[6497,3412],[-33,3]],[[6464,3415],[-3,-3]],[[6461,3412],[-21,-24]],[[6440,3388],[-12,-13]],[[6428,3375],[8,-49]],[[6436,3326],[1,-6]],[[6437,3320],[3,-22]],[[6440,3298],[-11,-32]],[[6429,3266],[-99,-12]],[[6330,3254],[-37,63],[-40,-18]],[[6253,3299],[-28,20]],[[6225,3319],[-21,18]],[[6204,3337],[9,20]],[[6213,3357],[6,12]],[[6219,3369],[-44,10]],[[6175,3379],[24,27]],[[6199,3406],[12,76],[-69,-16],[-41,-81],[28,-92],[20,-10]],[[6149,3283],[-35,-57]],[[6114,3226],[-27,68]],[[6087,3294],[-15,9]],[[6072,3303],[-27,3]],[[6045,3306],[-4,-1]],[[6041,3305],[-6,-37]],[[6035,3268],[-51,0]],[[5984,3268],[37,92]],[[6021,3360],[-34,27]],[[5987,3387],[-5,74]],[[5982,3461],[-51,6]],[[5931,3467],[-3,-35]],[[5928,3432],[32,0]],[[5960,3432],[-1,-2]],[[5959,3430],[-43,-33]],[[5916,3397],[-13,-4]],[[5903,3393],[-10,28]],[[5893,3421],[-2,5]],[[5891,3426],[-40,7]],[[5851,3433],[-2,10]],[[5849,3443],[1,16]],[[5850,3459],[39,16]],[[5889,3475],[52,65],[6,35],[-43,48],[-8,76],[19,40],[-22,44],[8,84],[-101,103],[-5,28],[-85,-14],[6,18]],[[5716,4002],[959,0]],[[3953,3829],[-56,-10],[15,32]],[[3912,3851],[-66,-24]],[[3846,3827],[-15,29]],[[3831,3856],[-12,38]],[[3819,3894],[33,-1]],[[3852,3893],[-7,40]],[[3845,3933],[25,1]],[[3870,3934],[5,12]],[[3875,3946],[-43,56]],[[3832,4002],[4,0]],[[3836,4002],[537,0]],[[4373,4002],[-13,-73],[-52,8],[-9,-61],[-38,-45],[128,-63]],[[4389,3768],[2,-1]],[[4391,3767],[-177,-48]],[[4214,3719],[-117,-63]],[[4097,3656],[-142,-22]],[[3955,3634],[-32,-31]],[[3923,3603],[-3,-4]],[[3920,3599],[-33,49]],[[3887,3648],[-120,64],[237,-22]],[[4004,3690],[44,102]],[[4048,3792],[-95,37]],[[4893,3552],[-49,56]],[[4844,3608],[-40,0]],[[4804,3608],[-7,0]],[[4797,3608],[-28,41]],[[4769,3649],[-24,8]],[[4745,3657],[3,30]],[[4748,3687],[0,2]],[[4748,3689],[162,-26]],[[4910,3663],[11,81],[41,-57]],[[4962,3687],[97,3]],[[5059,3690],[77,112],[16,102]],[[5152,3904],[13,6]],[[5165,3910],[-37,26]],[[5128,3936],[15,66]],[[5143,4002],[573,0]],[[5889,3475],[-39,-16]],[[5850,3459],[-1,-16]],[[5849,3443],[2,-10]],[[5851,3433],[40,-7]],[[5891,3426],[2,-5]],[[5893,3421],[-8,-22],[-103,-38]],[[5782,3361],[18,-36]],[[5800,3325],[0,-3]],[[5800,3322],[-27,-70]],[[5773,3252],[-2,-4]],[[5771,3248],[-46,-21]],[[5725,3227],[-5,-11]],[[5720,3216],[-11,-26]],[[5709,3190],[-61,25]],[[5648,3215],[-5,-64]],[[5643,3151],[-2,-34]],[[5641,3117],[-69,86],[-9,-8]],[[5563,3195],[-2,-1]],[[5561,3194],[12,-105]],[[5573,3089],[63,-17]],[[5636,3072],[-21,-55]],[[5615,3017],[28,-37]],[[5643,2980],[-1,-18]],[[5642,2962],[-4,-10]],[[5638,2952],[-62,59]],[[5576,3011],[-8,7]],[[5568,3018],[-83,-2]],[[5485,3016],[-22,-24],[33,-90],[-49,42],[-62,0],[-45,-44],[-124,-46]],[[5216,2854],[-42,43]],[[5174,2897],[3,8]],[[5177,2905],[74,35]],[[5251,2940],[64,31]],[[5315,2971],[5,4]],[[5320,2975],[4,41]],[[5324,3016],[-26,24]],[[5298,3040],[-9,7]],[[5289,3047],[-65,-24]],[[5224,3023],[-53,10]],[[5171,3033],[-35,-50]],[[5136,2983],[3,-107],[-15,-16],[-64,54]],[[5060,2914],[19,88]],[[5079,3002],[2,10]],[[5081,3012],[0,1]],[[5081,3013],[15,72]],[[5128,3936],[37,-26]],[[5165,3910],[-13,-6]],[[5059,3690],[-97,-3]],[[4910,3663],[-162,24]],[[4748,3687],[-153,23],[-94,24]],[[4501,3734],[8,66]],[[4509,3800],[-118,-33]],[[4373,4002],[770,0]],[[3834,3855],[12,-28]],[[3846,3827],[66,24]],[[3953,3829],[95,-37]],[[4048,3792],[-44,-102]],[[4004,3690],[-237,35]],[[3767,3725],[-123,18]],[[3644,3743],[-13,2]],[[3631,3745],[-70,10],[-106,-12]],[[3455,3743],[-2,2]],[[3453,3745],[-24,24]],[[3429,3769],[-31,-15]],[[3398,3754],[-19,-8]],[[3379,3746],[-24,-11]],[[3355,3735],[-4,-2]],[[3351,3733],[-28,43]],[[3323,3776],[23,87]],[[3346,3863],[0,19]],[[3346,3882],[0,14],[485,-40]],[[3831,3856],[3,-1]],[[3444,3719],[11,24]],[[3455,3743],[176,2]],[[3631,3745],[14,0]],[[3645,3745],[-1,-2]],[[3644,3743],[-95,-145],[-10,-42]],[[3539,3556],[-1,-4]],[[3538,3552],[-8,-30]],[[3530,3522],[-169,7],[-36,10]],[[3325,3539],[-16,5]],[[3309,3544],[-74,20]],[[3235,3564],[1,1]],[[3236,3565],[97,34]],[[3333,3599],[33,78]],[[3366,3677],[91,28]],[[3457,3705],[-13,14]],[[3836,4002],[39,-56]],[[3875,3946],[-63,9]],[[3812,3955],[-34,47]],[[3778,4002],[54,0]],[[3743,4002],[-29,-11]],[[3714,3991],[29,11]],[[3667,4002],[47,-11]],[[3743,4002],[35,0]],[[3812,3955],[58,-21]],[[3870,3934],[-25,-1]],[[3845,3933],[7,-40]],[[3852,3893],[-33,1]],[[3819,3894],[15,-39]],[[3834,3855],[-3,1]],[[3831,3856],[-484,43]],[[3347,3899],[29,19],[2,46]],[[3378,3964],[-27,20]],[[3351,3984],[-62,17]],[[3289,4001],[378,1]],[[3038,3925],[167,-26],[5,11]],[[3210,3910],[6,13],[119,-23]],[[3335,3900],[11,-18]],[[3346,3882],[0,-19]],[[3346,3863],[-23,-87]],[[3323,3776],[28,-43]],[[3351,3733],[4,2]],[[3355,3735],[24,11]],[[3379,3746],[19,8]],[[3398,3754],[31,15]],[[3429,3769],[24,-24]],[[3453,3745],[-9,-26]],[[3444,3719],[13,-14]],[[3457,3705],[-91,-28]],[[3366,3677],[-33,-78]],[[3333,3599],[-97,-34]],[[3236,3565],[-1,-1]],[[3235,3564],[-242,36]],[[2993,3600],[-118,17]],[[2875,3617],[-332,49]],[[2543,3666],[19,29],[-34,16],[22,115],[22,14],[-24,50],[62,7],[-33,43]],[[2577,3940],[14,32]],[[2591,3972],[-26,9]],[[2565,3981],[0,1]],[[2565,3982],[1,20]],[[2566,4002],[3,0]],[[2569,4002],[5,0]],[[2574,4002],[5,0]],[[2579,4002],[1,-2]],[[2580,4000],[131,-17]],[[2711,3983],[273,-19],[27,-20]],[[3011,3944],[27,-19]],[[3286,4002],[3,-1]],[[3289,4001],[62,-17]],[[3351,3984],[27,-20]],[[3378,3964],[-2,-46],[-29,-19]],[[3347,3899],[-12,1]],[[3335,3900],[-125,10]],[[3210,3910],[-172,15]],[[3038,3925],[19,77],[229,0]],[[3050,4002],[-11,-61],[-28,3]],[[3011,3944],[-300,39]],[[2711,3983],[-131,17]],[[2580,4000],[-6,2]],[[2579,4002],[471,0]],[[1587,3349],[18,-37]],[[1605,3312],[22,-58]],[[1627,3254],[-30,-285]],[[1597,2969],[-13,2]],[[1584,2971],[-57,6],[-120,54]],[[1407,3031],[-98,44]],[[1309,3075],[-1,0]],[[1308,3075],[19,27]],[[1327,3102],[60,85]],[[1387,3187],[200,162]],[[1604,3312],[1,0]],[[1605,3312],[73,-13],[23,-72],[54,-19],[23,-56],[88,-42],[-5,-40],[60,-64]],[[1921,3006],[-151,-51]],[[1770,2955],[-1,0]],[[1769,2955],[-133,-2]],[[1636,2953],[-1,0]],[[1635,2953],[-8,3]],[[1627,2956],[-30,13]],[[1597,2969],[30,285]],[[1627,3254],[-23,58]],[[649,3452],[-57,-1],[4,41],[91,12],[-33,34]],[[654,3538],[131,-17]],[[785,3521],[71,28]],[[856,3549],[40,-39]],[[896,3510],[-34,-43],[64,-34],[48,37],[37,-37],[-2,-61],[108,-16],[6,90],[36,-6],[7,53]],[[1166,3493],[117,-69]],[[1283,3424],[240,-40]],[[1523,3384],[20,14]],[[1543,3398],[18,0]],[[1561,3398],[26,-49]],[[1587,3349],[-200,-162]],[[1387,3187],[-60,-85]],[[1327,3102],[-18,-27]],[[1309,3075],[-208,-311]],[[1101,2764],[-10,-1]],[[1091,2763],[-59,11]],[[1032,2774],[-23,72]],[[1009,2846],[-36,10],[27,102],[-56,-21],[-55,36],[24,30],[9,125],[-63,5],[-44,54],[1,89]],[[816,3276],[-118,19]],[[698,3295],[-1,58]],[[697,3353],[22,4]],[[719,3357],[-70,95]],[[1592,2531],[-49,13]],[[1543,2544],[-3,12]],[[1540,2556],[4,32]],[[1544,2588],[5,32]],[[1549,2620],[-24,5]],[[1525,2625],[-12,1]],[[1513,2626],[-3,0]],[[1510,2626],[-41,0]],[[1469,2626],[-12,0]],[[1457,2626],[6,11]],[[1463,2637],[23,33],[20,85]],[[1506,2755],[10,74],[-20,75],[-49,25]],[[1447,2929],[3,26]],[[1450,2955],[-25,18]],[[1425,2973],[-2,44]],[[1423,3017],[-5,5]],[[1418,3022],[-11,9]],[[1407,3031],[177,-60]],[[1584,2971],[43,-15]],[[1627,2956],[9,-3]],[[1636,2953],[-44,-422]],[[1604,3312],[-17,37]],[[1587,3349],[106,24]],[[1693,3373],[31,-38]],[[1724,3335],[29,-44]],[[1753,3291],[-9,-37],[39,-8]],[[1783,3246],[45,-17]],[[1828,3229],[3,-14]],[[1831,3215],[7,-39]],[[1838,3176],[23,11]],[[1861,3187],[24,-46]],[[1885,3141],[57,-29]],[[1942,3112],[35,-52]],[[1977,3060],[23,-14]],[[2000,3046],[-4,-43]],[[1996,3003],[53,-66]],[[2049,2937],[6,-26]],[[2055,2911],[50,-81]],[[2105,2830],[8,-13]],[[2113,2817],[-300,44]],[[1813,2861],[-44,94]],[[1769,2955],[0,1]],[[1769,2956],[152,50]],[[1119,2726],[366,-50]],[[1485,2676],[-22,-39]],[[1463,2637],[-6,-11]],[[1457,2626],[12,0]],[[1469,2626],[41,0]],[[1510,2626],[-108,-103]],[[1402,2523],[-20,-64]],[[1382,2459],[42,-42]],[[1424,2417],[-20,-51]],[[1404,2366],[-37,-6]],[[1367,2360],[-34,3]],[[1333,2363],[-69,-59]],[[1264,2304],[-1,0]],[[1263,2304],[-91,57]],[[1172,2361],[-9,30]],[[1163,2391],[-5,32]],[[1158,2423],[36,70],[-5,30],[-62,40]],[[1127,2563],[10,96]],[[1137,2659],[-18,67]],[[1308,3075],[1,0]],[[1309,3075],[109,-53]],[[1418,3022],[5,-5]],[[1423,3017],[2,-44]],[[1425,2973],[25,-18]],[[1450,2955],[-3,-26]],[[1506,2755],[-21,-79]],[[1119,2726],[-13,28]],[[1106,2754],[-4,7]],[[1102,2761],[-1,3]],[[1101,2764],[207,311]],[[2310,3233],[1,0]],[[2311,3233],[240,-35],[65,15]],[[2616,3213],[3,1]],[[2619,3214],[0,-14]],[[2619,3200],[0,-6]],[[2619,3194],[75,-14]],[[2694,3180],[-13,-111]],[[2681,3069],[-14,-123]],[[2667,2946],[-16,2]],[[2651,2948],[-213,31]],[[2438,2979],[-152,22]],[[2286,3001],[-2,1]],[[2284,3002],[26,231]],[[2372,3647],[16,1]],[[2388,3648],[155,18]],[[2543,3666],[-7,-12]],[[2536,3654],[-3,-4]],[[2533,3650],[11,-9]],[[2544,3641],[45,-39]],[[2589,3602],[31,11]],[[2643,3552],[-13,-38]],[[2630,3514],[10,-14]],[[2640,3500],[19,-28]],[[2659,3472],[-40,-28]],[[2619,3444],[8,-13]],[[2627,3431],[12,-20]],[[2639,3411],[3,-9]],[[2642,3402],[-41,-44]],[[2601,3358],[22,-37]],[[2623,3321],[-6,-4]],[[2617,3317],[-15,-12]],[[2602,3305],[38,-16]],[[2640,3289],[-27,-35]],[[2613,3254],[6,-40]],[[2619,3214],[-3,-1]],[[2616,3213],[-177,2]],[[2439,3215],[-36,236]],[[2403,3451],[-31,195]],[[2372,3646],[0,1]],[[1753,3613],[75,5]],[[1828,3618],[-18,-47],[-38,-12]],[[1772,3559],[-17,-106],[-64,-78]],[[1691,3375],[-104,-26]],[[1587,3349],[-26,49]],[[1561,3398],[192,215]],[[2162,3442],[-9,50]],[[2153,3492],[250,-41]],[[2403,3451],[8,-2],[28,-234]],[[2439,3215],[-128,18]],[[2311,3233],[-1,0]],[[2310,3233],[5,38]],[[2315,3271],[-172,30]],[[2143,3301],[19,141]],[[1900,3610],[2,0]],[[1902,3610],[470,37]],[[2372,3647],[0,-1]],[[2372,3646],[25,-194],[-244,40]],[[2162,3442],[-24,-140]],[[2138,3302],[-18,-19]],[[2120,3283],[-18,-21]],[[2102,3262],[-73,13]],[[2029,3275],[-3,0]],[[2026,3275],[4,31]],[[2030,3306],[-40,18]],[[1990,3324],[2,-42]],[[1992,3282],[-37,-5]],[[1955,3277],[-55,333]],[[1828,3618],[72,-8]],[[1900,3610],[-1,-83],[42,-189]],[[1941,3338],[-24,-35],[-185,22]],[[1732,3325],[-8,10]],[[1724,3335],[-31,38]],[[1693,3373],[-2,2]],[[1691,3375],[59,73],[22,111]],[[1753,3291],[-21,34]],[[1941,3338],[14,-61]],[[1992,3282],[-2,42]],[[1990,3324],[40,-18]],[[2030,3306],[-1,-31]],[[2029,3275],[-7,-103]],[[2022,3172],[-41,8]],[[1981,3180],[54,-126]],[[2035,3054],[12,-63]],[[2047,2991],[1,-8]],[[2048,2983],[0,-24]],[[2048,2959],[-52,44]],[[1996,3003],[4,43]],[[2000,3046],[-23,14]],[[1977,3060],[-35,52]],[[1942,3112],[-57,29]],[[1861,3187],[-23,-11]],[[1838,3176],[-7,39]],[[1831,3215],[-3,14]],[[1828,3229],[-45,17]],[[2102,3262],[18,21]],[[2120,3283],[18,19]],[[2138,3302],[5,-1]],[[2143,3301],[172,-30]],[[2315,3271],[-4,-38]],[[2311,3233],[-25,-232]],[[2286,3001],[-6,-56]],[[2280,2945],[-3,1]],[[2277,2946],[-228,37],[-2,8]],[[2047,2991],[-12,63]],[[2035,3054],[-54,126]],[[2022,3172],[4,103]],[[1984,3918],[164,-28],[6,-65],[25,81],[120,0],[89,-258]],[[2388,3648],[1,-1]],[[2389,3647],[-17,-1]],[[2372,3646],[-437,-39],[-33,3]],[[1902,3610],[-74,8]],[[1828,3618],[-44,82]],[[1784,3700],[-10,145]],[[1774,3845],[103,70]],[[1877,3915],[34,87]],[[1911,4002],[14,0]],[[1925,4002],[71,0],[-12,-84]],[[2569,4002],[-4,-20]],[[2565,3982],[0,-1]],[[2565,3981],[26,-9]],[[2591,3972],[-14,-32]],[[2543,3666],[-154,-19]],[[1984,3918],[13,84],[569,0]],[[1333,3875],[14,111]],[[1347,3986],[-55,9]],[[1292,3995],[-4,7],[623,0]],[[1925,4002],[-48,-87]],[[1877,3915],[-103,-70]],[[1774,3845],[10,-145]],[[1753,3613],[-154,-166]],[[1599,3447],[-22,117],[-60,131],[-184,180]],[[619,4002],[-27,-22]],[[592,3980],[-5,-60]],[[587,3920],[-39,56]],[[548,3976],[-67,-60],[-116,6],[-55,-28],[-31,97],[-21,11]],[[258,4002],[361,0]],[[1288,4002],[4,-7]],[[1347,3986],[-14,-111]],[[1333,3875],[-27,-78]],[[1306,3797],[117,-161],[-64,10],[10,-86],[19,-4],[-17,-147]],[[1371,3409],[-88,15]],[[1283,3424],[-117,69]],[[896,3510],[-40,39]],[[856,3549],[-71,-28]],[[785,3521],[-95,29]],[[690,3550],[-4,6]],[[686,3556],[14,31]],[[700,3587],[109,60]],[[809,3647],[-13,49]],[[796,3696],[-7,30]],[[789,3726],[3,9]],[[792,3735],[11,43]],[[803,3778],[-5,9]],[[798,3787],[-93,26]],[[705,3813],[-60,-18]],[[645,3795],[-7,85]],[[638,3880],[-26,32]],[[612,3912],[4,27]],[[616,3939],[13,63],[659,0]],[[1306,3797],[27,78]],[[1599,3447],[-56,-49]],[[1543,3398],[-20,-14]],[[1523,3384],[-152,25]],[[5594,1204],[-2,97]],[[5592,1301],[209,47]],[[5801,1348],[25,-4]],[[5826,1344],[38,-6]],[[5864,1338],[59,-10],[127,20]],[[6050,1348],[6,0]],[[6056,1348],[30,45]],[[6086,1393],[67,-9]],[[6153,1384],[-13,-292]],[[6140,1092],[-97,10],[27,-48],[-131,20],[-17,-121]],[[5922,953],[-268,124]],[[5654,1077],[56,150]],[[5710,1227],[-116,-23]],[[5683,644],[47,184]],[[5730,828],[6,0]],[[5736,828],[88,-7]],[[5824,821],[-1,-3]],[[5823,818],[-23,-62]],[[5800,756],[30,-14],[-15,-45]],[[5815,697],[-1,-4]],[[5814,693],[0,-200]],[[5814,493],[28,-177]],[[5842,316],[35,-32]],[[5877,284],[-142,-42]],[[5735,242],[-52,29]],[[5683,271],[-117,-2]],[[5566,269],[-88,-43],[23,-20],[45,18]],[[5546,224],[-108,-125],[-27,-5]],[[5411,94],[-18,-57],[-59,0],[-9,-37]],[[5325,0],[-135,0]],[[5190,0],[31,152],[-8,83],[-21,32],[46,28],[-5,80],[-59,18]],[[5174,393],[-23,40]],[[5151,433],[0,1]],[[5151,434],[-2,17]],[[5149,451],[-8,25]],[[5141,476],[-31,33]],[[5110,509],[4,0]],[[5114,509],[417,-13],[0,167],[79,-20],[0,-49],[92,16],[-19,34]],[[5983,108],[151,175]],[[6134,283],[108,32]],[[6242,315],[117,-85]],[[6359,230],[42,-45]],[[6401,185],[174,-185],[-610,0]],[[5965,0],[18,108]],[[5566,269],[7,-13]],[[5573,256],[-2,-107]],[[5571,149],[317,-52],[95,11]],[[5965,0],[-640,0]],[[5411,94],[135,130]],[[5990,317],[18,8],[139,-27]],[[6147,298],[-13,-15]],[[6134,283],[-151,-175]],[[5571,149],[2,107]],[[5573,256],[110,15]],[[5735,242],[255,75]],[[5594,1204],[116,23]],[[5710,1227],[-153,-410]],[[5557,817],[-323,148],[-75,11]],[[5159,976],[-1,0]],[[5158,976],[82,47]],[[5240,1023],[-19,31]],[[5221,1054],[26,26]],[[5247,1080],[11,12]],[[5258,1092],[11,43]],[[5269,1135],[4,26]],[[5273,1161],[0,6]],[[5273,1167],[19,62]],[[5292,1229],[14,31]],[[5306,1260],[31,41]],[[5337,1301],[14,9]],[[5351,1310],[6,1]],[[5357,1311],[163,-31],[72,21]],[[5654,1077],[115,-54]],[[5769,1023],[-25,-70],[16,-44]],[[5760,909],[-24,-81]],[[5736,828],[0,-2]],[[5736,826],[-53,-182]],[[5110,509],[-9,10]],[[5101,519],[-5,6]],[[5096,525],[2,21]],[[5098,546],[2,43]],[[5100,589],[-49,40]],[[5051,629],[19,80]],[[5070,709],[-6,65]],[[5064,774],[27,68]],[[5091,842],[11,36]],[[5102,878],[1,1]],[[5103,879],[48,56]],[[5151,935],[15,-8]],[[5166,927],[-8,48]],[[5158,975],[0,1]],[[5557,817],[97,260]],[[6225,1376],[173,-138],[105,-20]],[[6503,1218],[1,0]],[[6504,1218],[-1,-1]],[[6503,1217],[-91,-71]],[[6412,1146],[-122,-59]],[[6290,1087],[-2,-15],[96,-134]],[[6384,938],[-33,-24]],[[6351,914],[-27,-20]],[[6324,894],[18,-40]],[[6342,854],[23,-49],[-83,43]],[[6282,848],[0,-46],[-61,29],[-45,-54],[18,-33],[-57,-11],[-44,22]],[[6093,755],[-43,63]],[[6050,818],[-31,11]],[[6019,829],[-37,5]],[[5982,834],[-68,10]],[[5914,844],[-91,-26]],[[5823,818],[-87,8]],[[5736,826],[-6,2]],[[5730,828],[30,81]],[[5769,1023],[153,-70]],[[6140,1092],[13,292]],[[6153,1384],[0,1]],[[6153,1385],[72,-9]],[[5824,821],[90,23]],[[5914,844],[68,-10]],[[5982,834],[37,-5]],[[6019,829],[31,-11]],[[6050,818],[43,-63]],[[6282,848],[114,-65]],[[6396,783],[-7,-82],[-20,3],[1,-82],[-24,-6],[4,-98]],[[6350,518],[1,-5]],[[6351,513],[-18,-10]],[[6333,503],[15,-23]],[[6348,480],[-10,-17],[-81,39]],[[6257,502],[-95,-2]],[[6162,500],[-77,77]],[[6085,577],[-270,120]],[[5815,697],[-1,1]],[[5814,698],[-14,58]],[[6085,577],[77,-77]],[[6162,500],[95,2]],[[6348,480],[-15,23]],[[6333,503],[17,15]],[[6350,518],[44,-24]],[[6394,494],[23,-19]],[[6417,475],[15,-39]],[[6432,436],[52,2]],[[6484,438],[0,-36]],[[6484,402],[82,-72]],[[6566,330],[-32,3]],[[6534,333],[10,-16]],[[6544,317],[-94,-18]],[[6450,299],[-43,30]],[[6407,329],[-2,-72],[-46,-27]],[[6359,230],[-2,-1]],[[6357,229],[-115,86]],[[6242,315],[-95,-17]],[[5990,317],[-113,-33]],[[5842,316],[-28,177]],[[5814,693],[0,5]],[[6290,1087],[122,59]],[[6412,1146],[105,51]],[[6517,1197],[83,-14]],[[6600,1183],[75,-21]],[[6675,1162],[-9,-58],[47,0],[58,-44],[73,-90],[-47,-47],[-79,99],[-28,-29],[21,-83],[-32,26],[-102,-88],[2,20],[-125,21]],[[6454,889],[-83,20]],[[6371,909],[13,29]],[[6384,938],[-94,149]],[[4950,2475],[86,-8]],[[5036,2467],[27,-94]],[[5063,2373],[68,-7]],[[5131,2366],[43,-5]],[[5174,2361],[30,187],[131,-22],[27,44],[36,-49],[121,-18],[-24,-54],[1,-101],[100,-29]],[[5596,2319],[1,-5]],[[5597,2314],[-8,-60]],[[5589,2254],[-23,-174]],[[5566,2080],[-152,18],[-7,-54]],[[5407,2044],[-57,23]],[[5350,2067],[-39,-317]],[[5311,1750],[0,-1]],[[5311,1749],[-2,-17]],[[5309,1732],[-72,87]],[[5237,1819],[-21,1]],[[5216,1820],[0,11],[-173,1]],[[5043,1832],[-36,41]],[[5007,1873],[-25,29]],[[4982,1902],[-42,-43]],[[4940,1859],[-155,24]],[[4785,1883],[34,171]],[[4819,2054],[24,13]],[[4843,2067],[0,1]],[[4843,2068],[-25,24]],[[4823,2144],[36,-6]],[[5615,3017],[21,55]],[[5636,3072],[-63,17]],[[5573,3089],[-12,105]],[[5561,3194],[2,1]],[[5563,3195],[78,-78]],[[5641,3117],[2,34]],[[5643,3151],[5,64]],[[5648,3215],[61,-25]],[[5709,3190],[11,26]],[[5720,3216],[5,11]],[[5725,3227],[46,21]],[[5771,3248],[2,4]],[[5773,3252],[27,70]],[[5800,3322],[0,3]],[[5800,3325],[-18,36]],[[5782,3361],[121,32]],[[5903,3393],[13,4]],[[5916,3397],[43,33]],[[5959,3430],[1,2]],[[5960,3432],[-32,0]],[[5928,3432],[3,35]],[[5931,3467],[51,-6]],[[5987,3387],[34,-27]],[[6021,3360],[-37,-92]],[[5984,3268],[51,0]],[[6035,3268],[6,37]],[[6041,3305],[4,1]],[[6045,3306],[27,-3]],[[6072,3303],[15,-9]],[[6087,3294],[27,-68]],[[6114,3226],[35,57]],[[6199,3406],[-24,-27]],[[6175,3379],[44,-10]],[[6219,3369],[-6,-12]],[[6213,3357],[-9,-20]],[[6204,3337],[22,-11]],[[6226,3326],[-1,-7]],[[6225,3319],[-14,-105],[19,-58],[-17,-71],[-45,-39],[26,-30],[-45,-59],[36,-185],[68,-39],[-42,-98],[-7,-70],[60,-9]],[[6264,2556],[-6,-50]],[[6258,2506],[-209,26],[-72,-20],[-74,-62],[-89,31],[-44,-21],[-151,25]],[[5619,2485],[-22,-171]],[[5174,2361],[-43,5]],[[5131,2366],[-68,7]],[[5036,2467],[-70,21]],[[4966,2488],[-23,44]],[[4943,2532],[14,56]],[[4957,2588],[-26,29]],[[4931,2617],[12,42]],[[4943,2659],[-6,22]],[[4937,2681],[-5,11]],[[4932,2692],[-59,30]],[[4873,2722],[25,183]],[[4898,2905],[25,19]],[[4923,2924],[-16,57]],[[4907,2981],[15,29]],[[4922,3010],[19,34]],[[4941,3044],[74,-7]],[[5042,3006],[39,6]],[[5081,3012],[-2,-10]],[[5079,3002],[-19,-88]],[[5136,2983],[35,50]],[[5171,3033],[53,-10]],[[5224,3023],[65,24]],[[5289,3047],[9,-7]],[[5298,3040],[26,-24]],[[5324,3016],[-4,-41]],[[5320,2975],[-5,-4]],[[5315,2971],[-64,-31]],[[5251,2940],[-74,-35]],[[5177,2905],[-3,-8]],[[5174,2897],[42,-43]],[[5485,3016],[83,2]],[[5568,3018],[8,-7]],[[5576,3011],[62,-59]],[[5638,2952],[4,10]],[[5642,2962],[1,18]],[[5643,2980],[-28,37]],[[5936,1628],[116,-17],[-2,-39],[104,47],[56,-9],[109,81],[41,-8]],[[6360,1683],[2,0]],[[6362,1683],[-14,-106]],[[6348,1577],[143,54],[23,-218]],[[6514,1413],[-10,-195]],[[6225,1376],[-72,9]],[[6153,1385],[-67,8]],[[6086,1393],[-30,-45]],[[6056,1348],[-6,0]],[[6050,1348],[-186,-10]],[[5864,1338],[-40,-3]],[[5824,1335],[2,9]],[[5826,1344],[9,54],[52,32]],[[5887,1430],[6,115],[36,111]],[[5929,1656],[1,0]],[[5930,1656],[6,-28]],[[6258,2506],[-6,-47]],[[6252,2459],[51,-16]],[[6303,2443],[-33,-34]],[[6270,2409],[-46,-48]],[[6224,2361],[-22,-111],[-158,-101],[-42,35]],[[6002,2184],[-144,24]],[[5858,2208],[-140,24]],[[5718,2232],[-1,0]],[[5717,2232],[-128,22]],[[5589,2254],[-2,0]],[[5587,2254],[9,65]],[[5596,2319],[23,166]],[[5697,2080],[21,152]],[[5718,2232],[140,-24]],[[5858,2208],[33,-5]],[[5891,2203],[-5,-38]],[[5886,2165],[-66,-57]],[[5820,2108],[-16,-38]],[[5804,2070],[-6,-19]],[[5798,2051],[10,-61]],[[5808,1990],[-14,-15]],[[5794,1975],[-238,-257]],[[5556,1718],[71,-23],[2,-139],[-46,-2],[-1,-55],[-115,0],[0,-105],[18,0],[16,-109]],[[5501,1285],[-87,30],[-57,-4]],[[5357,1311],[-6,-1]],[[5351,1310],[-7,0]],[[5344,1310],[1,93],[-38,0]],[[5307,1403],[4,346]],[[5311,1749],[0,1]],[[5311,1750],[1,0]],[[5312,1750],[187,96]],[[5499,1846],[198,234]],[[5556,1718],[237,258]],[[5793,1976],[1,-1]],[[5794,1975],[54,-66],[38,-111]],[[5886,1798],[1,-2]],[[5887,1796],[-48,-22]],[[5839,1774],[-18,-8]],[[5821,1766],[1,-75],[36,-40]],[[5858,1651],[63,-11],[-30,-79],[-4,-131]],[[5824,1335],[-23,13]],[[5801,1348],[-300,-63]],[[5350,2067],[57,-23]],[[5566,2080],[21,174]],[[5587,2254],[2,0]],[[5589,2254],[128,-22]],[[5717,2232],[-20,-152]],[[5499,1846],[-187,-96]],[[5312,1750],[38,317]],[[6144,2049],[46,67]],[[6190,2116],[164,71]],[[6354,2187],[8,4]],[[6362,2191],[0,-5]],[[6362,2186],[2,-92],[33,-6]],[[6397,2088],[-17,-46]],[[6380,2042],[11,-23]],[[6391,2019],[8,-15]],[[6399,2004],[4,-10],[-37,-286]],[[6366,1708],[-3,1]],[[6363,1709],[-199,19],[-1,-21]],[[6163,1707],[-324,67]],[[5839,1774],[47,24]],[[5886,1798],[8,3]],[[5894,1801],[56,46]],[[5950,1847],[44,53]],[[5994,1900],[61,75]],[[6055,1975],[89,74]],[[6224,2361],[46,48]],[[6270,2409],[3,-5]],[[6273,2404],[8,-12]],[[6281,2392],[4,-4]],[[6285,2388],[59,-81]],[[6344,2307],[40,-24]],[[6384,2283],[-17,-40]],[[6367,2243],[17,-60]],[[6384,2183],[-22,3]],[[6362,2186],[-8,1]],[[6354,2187],[-16,3],[-148,-74]],[[6144,2049],[-89,-74]],[[6055,1975],[-61,-75]],[[5994,1900],[-44,-53]],[[5950,1847],[-56,-46]],[[5894,1801],[-7,-5]],[[5793,1976],[15,14]],[[5808,1990],[-10,61]],[[5798,2051],[6,19]],[[5804,2070],[16,38]],[[5820,2108],[66,57]],[[5891,2203],[111,-19]],[[5821,1766],[342,-59]],[[6366,1708],[-4,-25]],[[5936,1628],[-6,28]],[[5930,1656],[-1,0]],[[5929,1656],[-71,-5]],[[4697,1388],[60,-10]],[[4785,1474],[67,-37]],[[4852,1437],[20,-9]],[[4872,1428],[6,-1]],[[4878,1427],[33,29]],[[4911,1456],[0,-30],[56,-5]],[[4967,1421],[5,-21]],[[4972,1400],[12,-60]],[[4984,1340],[-32,-147]],[[4952,1193],[-1,-6]],[[4951,1187],[-131,8]],[[4820,1195],[-18,-151]],[[4745,1172],[-85,17]],[[4660,1189],[2,12]],[[4662,1201],[32,8]],[[4694,1209],[3,179]],[[4976,1769],[31,104]],[[5007,1873],[2,6]],[[5009,1879],[34,-47]],[[5043,1832],[173,-12]],[[5216,1820],[21,-1]],[[5309,1732],[-2,-306],[-9,0]],[[5298,1426],[-263,1]],[[5035,1427],[-9,0]],[[5026,1427],[-13,49]],[[5013,1476],[-22,0],[-4,140]],[[4987,1616],[18,13]],[[5005,1629],[-29,140]],[[4982,1902],[27,-23]],[[4976,1769],[29,-140]],[[5005,1629],[-18,-13]],[[5013,1476],[13,-49]],[[5026,1427],[0,-3]],[[5026,1424],[-52,-23]],[[4974,1401],[-2,-1]],[[4972,1400],[-5,21]],[[4911,1456],[-33,-29]],[[4878,1427],[-6,1]],[[4872,1428],[-20,9]],[[4852,1437],[-69,33]],[[4783,1470],[-16,7]],[[4768,1630],[1,126]],[[4769,1756],[38,121],[133,-18]],[[4984,1340],[-10,61]],[[4974,1401],[52,23]],[[5026,1424],[9,3]],[[5035,1427],[17,5],[242,5],[4,-11]],[[5298,1426],[9,-23]],[[5344,1310],[-7,-9]],[[5337,1301],[-31,-41]],[[5306,1260],[-14,-31]],[[5292,1229],[-19,-62]],[[5273,1167],[-36,2]],[[5237,1169],[-286,18]],[[4820,1195],[132,-2]],[[4952,1193],[192,-4],[93,-20]],[[5237,1169],[36,-8]],[[5273,1161],[-4,-26]],[[5269,1135],[-11,-43]],[[5258,1092],[-11,-12]],[[5247,1080],[-26,-26]],[[5240,1023],[-81,-47]],[[5159,976],[-1,-1]],[[5158,975],[8,-48]],[[5151,935],[-48,-56]],[[5103,879],[-302,49]],[[4801,928],[19,267]],[[6580,0],[-6,13]],[[6574,13],[44,10],[43,-23]],[[6661,0],[-81,0]],[[6661,0],[37,0]],[[6698,0],[-37,0]],[[6730,0],[11,42]],[[6741,42],[58,63]],[[6799,105],[0,8]],[[6799,113],[-2,35]],[[6797,148],[53,47]],[[6850,195],[5,13]],[[6855,208],[10,90]],[[6865,298],[6,-2]],[[6871,296],[0,-1]],[[6871,295],[0,-295],[-141,0]],[[6226,3326],[27,-27]],[[6330,3254],[99,12]],[[6429,3266],[11,32]],[[6440,3298],[0,1]],[[6440,3299],[346,-40]],[[6786,3259],[-94,-716]],[[6692,2543],[-2,1]],[[6690,2544],[-207,42]],[[6483,2586],[-15,-113],[-67,10],[-7,-59],[-39,6],[-7,-55]],[[6348,2375],[-27,5]],[[6321,2380],[-40,12]],[[6281,2392],[-8,12]],[[6273,2404],[30,39]],[[6252,2459],[6,47]],[[6258,2506],[6,50]],[[6871,3856],[-26,-4]],[[6845,3852],[19,39]],[[6864,3891],[-7,0]],[[6857,3891],[-17,-1]],[[6840,3890],[-21,36]],[[6819,3926],[11,12]],[[6830,3938],[-15,4]],[[6815,3942],[-14,3]],[[6801,3945],[-33,-48]],[[6768,3897],[-20,12]],[[6748,3909],[-20,-35]],[[6728,3874],[7,-67]],[[6735,3807],[-28,1]],[[6707,3808],[-37,34]],[[6675,4002],[196,0],[0,-146]],[[6423,2021],[31,-35],[9,67],[98,-51],[68,-85]],[[6629,1917],[117,-19]],[[6746,1898],[3,-7]],[[6749,1891],[-1,-51]],[[6748,1840],[-73,-19],[-11,-27]],[[6664,1794],[-26,-28]],[[6638,1766],[-12,-13]],[[6626,1753],[-65,-71]],[[6561,1682],[46,-144],[-10,-48],[45,-70],[43,-3]],[[6685,1417],[-85,-234]],[[6600,1183],[-3,-8]],[[6597,1175],[-80,22]],[[6517,1197],[-14,20]],[[6503,1217],[0,1]],[[6503,1218],[11,195]],[[6348,1577],[12,106]],[[6360,1683],[3,26]],[[6363,1709],[36,295]],[[6399,2004],[2,15]],[[6401,2019],[22,2]],[[6440,3299],[-3,21]],[[6437,3320],[-1,6]],[[6436,3326],[-8,49]],[[6440,3388],[21,24]],[[6461,3412],[3,3]],[[6464,3415],[33,-3]],[[6497,3412],[50,-5]],[[6547,3407],[-78,121]],[[6707,3808],[28,-1]],[[6735,3807],[-7,67]],[[6728,3874],[20,35]],[[6748,3909],[20,-12]],[[6768,3897],[33,48]],[[6801,3945],[14,-3]],[[6815,3942],[15,-4]],[[6830,3938],[-11,-12]],[[6819,3926],[21,-36]],[[6840,3890],[17,1]],[[6857,3891],[7,0]],[[6864,3891],[-19,-39]],[[6871,3856],[0,-1693]],[[6871,2163],[0,-13]],[[6871,2150],[-56,16]],[[6815,2166],[8,58],[-25,4],[10,71],[-148,23]],[[6660,2322],[30,222]],[[6690,2544],[96,715]],[[6748,1840],[-2,52]],[[6746,1892],[0,6]],[[6746,1898],[64,-20]],[[6810,1878],[19,131],[31,20],[-36,40],[47,33]],[[6871,2102],[0,-513]],[[6871,1589],[-24,28],[-51,-31],[-27,-138],[-34,-21],[6,-64],[-50,8],[-6,46]],[[6561,1682],[65,71]],[[6626,1753],[12,13]],[[6638,1766],[26,28]],[[6664,1794],[84,46]],[[6483,2586],[207,-42]],[[6690,2544],[2,-1]],[[6692,2543],[-32,-221]],[[6815,2166],[56,-3]],[[6871,2150],[0,-48]],[[6810,1878],[-61,13]],[[6749,1891],[-3,1]],[[6746,1892],[-117,25]],[[6423,2021],[-22,-2]],[[6401,2019],[-10,0]],[[6391,2019],[-11,23]],[[6380,2042],[17,46]],[[6362,2191],[22,-8]],[[6384,2183],[-17,60]],[[6367,2243],[17,40]],[[6384,2283],[-40,24]],[[6344,2307],[-59,81]],[[6285,2388],[36,-8]],[[6321,2380],[27,-5]],[[3953,1067],[215,-34]],[[4168,1033],[0,-1]],[[4168,1032],[-68,-507]],[[4100,525],[-12,-95]],[[4088,430],[-1,1]],[[4087,431],[-34,34]],[[4053,465],[-98,-2]],[[3955,463],[-70,53]],[[3885,516],[14,109]],[[3899,625],[17,145]],[[3916,770],[1,2]],[[3917,772],[14,118]],[[3931,890],[21,175]],[[3952,1065],[1,2]],[[4801,928],[301,-50]],[[5102,878],[-11,-36]],[[5091,842],[-27,-68]],[[5070,709],[-19,-80]],[[5051,629],[49,-40]],[[5100,589],[-2,-43]],[[5098,546],[-2,-21]],[[5096,525],[5,-6]],[[5101,519],[13,-10]],[[5114,509],[27,-33]],[[5141,476],[8,-25]],[[5149,451],[2,-17]],[[5151,434],[-268,43]],[[4883,477],[-32,-235],[-140,22]],[[4711,264],[90,664]],[[6871,390],[-33,24],[-18,70],[-66,-8],[-137,13],[6,-70],[-124,31]],[[6499,450],[-67,-14]],[[6432,436],[-15,39]],[[6417,475],[-23,19]],[[6394,494],[-43,19]],[[6396,783],[-54,71]],[[6342,854],[-18,40]],[[6324,894],[27,20]],[[6351,914],[20,-5]],[[6371,909],[83,-20]],[[6675,1162],[-78,13]],[[6871,1589],[0,-1199]],[[6534,333],[32,-3]],[[6566,330],[-82,72]],[[6484,402],[0,36]],[[6484,438],[15,12]],[[6871,390],[0,-94]],[[6871,295],[-6,3]],[[6865,298],[-10,-90]],[[6855,208],[-5,-13]],[[6850,195],[-53,-47]],[[6797,148],[2,-35]],[[6799,113],[0,-8]],[[6799,105],[-58,-63]],[[6730,0],[-32,0]],[[6574,13],[-173,172]],[[6401,185],[-44,44]],[[6407,329],[43,-30]],[[6450,299],[94,18]],[[4590,964],[211,-36]],[[4711,264],[-211,36]],[[4500,300],[89,663]],[[4589,963],[1,1]],[[4168,1033],[201,-33]],[[4369,1000],[221,-36]],[[4590,964],[-1,-1]],[[4589,963],[-36,-263]],[[4553,700],[-296,11],[-126,33]],[[4131,744],[37,288]],[[4168,1032],[0,1]],[[4553,700],[-53,-400]],[[4500,300],[-211,34]],[[4289,334],[-210,34]],[[4079,368],[8,63]],[[4087,431],[13,94]],[[4100,525],[31,219]],[[4571,0],[42,278]],[[4613,278],[98,-14]],[[4711,264],[-10,-93],[136,-171]],[[4837,0],[-266,0]],[[4289,334],[-30,-235]],[[4259,99],[-99,17]],[[4160,116],[-18,-88]],[[4142,28],[-34,-17]],[[4108,11],[-1,-11]],[[4107,0],[-290,0]],[[3839,168],[46,348]],[[3955,463],[98,2]],[[4053,465],[34,-34]],[[4087,431],[1,-1]],[[4088,430],[-9,-62]],[[4883,477],[268,-44]],[[5151,433],[23,-40]],[[5190,0],[-353,0]],[[4289,334],[324,-56]],[[4571,0],[-149,0],[-100,87]],[[4322,87],[-63,12]],[[4160,116],[162,-29]],[[4322,87],[100,-87],[-315,0]],[[4108,11],[34,17]],[[4142,28],[18,88]],[[707,2436],[47,30]],[[754,2466],[2,1]],[[756,2467],[137,-255]],[[893,2212],[-7,-57]],[[886,2155],[-402,59],[16,35]],[[500,2249],[8,18]],[[508,2267],[0,10]],[[508,2277],[-5,108]],[[503,2385],[12,18]],[[515,2403],[46,33]],[[561,2436],[33,12]],[[594,2448],[45,-1]],[[639,2447],[7,-1]],[[646,2446],[61,-10]],[[329,2775],[158,-22],[56,-137],[-30,-26],[73,-42],[-4,-41]],[[582,2507],[55,-53]],[[637,2454],[2,-7]],[[639,2447],[-45,1]],[[594,2448],[-33,-12]],[[561,2436],[-46,-33]],[[515,2403],[-12,-9]],[[503,2394],[-45,-4],[4,46]],[[462,2436],[-48,-19]],[[414,2417],[-33,7]],[[381,2424],[-91,34]],[[290,2458],[32,258]],[[322,2716],[7,59]],[[208,3366],[156,-25]],[[364,3341],[128,-266]],[[492,3075],[-331,38]],[[161,3113],[47,253]],[[364,3341],[452,-65]],[[1009,2846],[14,-71]],[[1023,2775],[-66,-64]],[[957,2711],[-33,44]],[[924,2755],[-33,5]],[[891,2760],[0,1]],[[891,2761],[15,23],[-159,263]],[[747,3047],[-255,28]],[[161,3113],[206,-33]],[[367,3080],[-28,-230]],[[339,2850],[-10,-75]],[[329,2775],[-7,-59]],[[322,2716],[-4,1]],[[318,2717],[-42,9]],[[276,2726],[-34,-34],[-162,22]],[[80,2714],[17,42]],[[97,2756],[28,71]],[[125,2827],[23,57],[13,229]],[[367,3080],[380,-33]],[[891,2760],[-552,90]],[[339,2850],[-2,0]],[[337,2850],[30,230]],[[924,2755],[9,-30]],[[933,2725],[-106,-127]],[[827,2598],[-73,-132]],[[754,2466],[-47,-30]],[[707,2436],[-61,10]],[[646,2446],[-9,8]],[[637,2454],[-55,53]],[[329,2775],[8,75]],[[337,2850],[2,0]],[[339,2850],[552,-89]],[[891,2761],[33,-6]],[[893,2212],[-45,83]],[[848,2295],[265,-39]],[[1113,2256],[-27,-232]],[[1086,2024],[-29,-54]],[[1057,1970],[1,-3]],[[1058,1967],[-36,3]],[[1022,1970],[51,-95]],[[1073,1875],[-122,-1]],[[951,1874],[-32,37]],[[919,1911],[-2,5]],[[917,1916],[30,27]],[[947,1943],[-22,27]],[[925,1970],[-103,-64]],[[822,1906],[0,3]],[[822,1909],[0,41]],[[822,1950],[0,39]],[[822,1989],[49,45]],[[871,2034],[-1,17]],[[870,2051],[-19,93]],[[851,2144],[-83,-9]],[[768,2135],[-15,31]],[[753,2166],[133,-11]],[[827,2598],[106,127]],[[933,2725],[24,-14]],[[1023,2775],[9,-1]],[[1032,2774],[59,-11]],[[1091,2763],[11,-2]],[[1102,2761],[4,-7]],[[1106,2754],[31,-95]],[[1137,2659],[-10,-96]],[[1158,2423],[-4,-76]],[[1154,2347],[-29,5]],[[1125,2352],[-12,-96]],[[848,2295],[-92,172]],[[756,2467],[71,131]],[[478,2215],[270,-40],[5,-9]],[[753,2166],[15,-31]],[[851,2144],[19,-93]],[[870,2051],[1,-17]],[[871,2034],[-49,-45]],[[822,1989],[0,-39]],[[822,1950],[0,-41]],[[822,1909],[0,-3]],[[822,1906],[103,64]],[[947,1943],[-30,-27]],[[917,1916],[2,-5]],[[919,1911],[32,-37]],[[1073,1875],[140,-192]],[[1213,1683],[-196,-77]],[[1017,1606],[-130,-50]],[[887,1556],[-1,0]],[[886,1556],[-24,60],[17,34]],[[879,1650],[-225,27]],[[654,1677],[-8,181],[-8,7]],[[638,1865],[-44,36]],[[594,1901],[-145,17]],[[449,1918],[-5,73]],[[444,1991],[-6,92]],[[438,2083],[40,132]],[[96,3827],[268,-486]],[[364,3341],[-156,25]],[[208,3366],[-86,14]],[[122,3380],[4,34]],[[126,3414],[-102,18]],[[24,3432],[23,200],[27,-5],[22,199]],[[96,3826],[0,1]],[[548,3976],[39,-56]],[[587,3920],[5,60]],[[619,4002],[-3,-63]],[[616,3939],[-4,-27]],[[612,3912],[26,-32]],[[638,3880],[7,-85]],[[645,3795],[60,18]],[[705,3813],[93,-26]],[[798,3787],[5,-9]],[[803,3778],[-11,-43]],[[792,3735],[-3,-9]],[[789,3726],[7,-30]],[[796,3696],[13,-49]],[[809,3647],[-109,-60]],[[700,3587],[-14,-31]],[[686,3556],[4,-6]],[[690,3550],[-36,-12]],[[649,3452],[70,-95]],[[719,3357],[-22,-4]],[[698,3295],[-334,46]],[[364,3341],[-268,485]],[[96,3826],[-38,68]],[[58,3894],[-58,108],[258,0]],[[95,2634],[-21,19]],[[74,2653],[6,61]],[[276,2726],[42,-9]],[[318,2717],[-28,-259]],[[290,2458],[91,-34]],[[381,2424],[33,-7]],[[414,2417],[48,19]],[[503,2394],[0,-9]],[[503,2385],[5,-108]],[[508,2277],[0,-10]],[[508,2267],[-8,-18]],[[500,2249],[-31,-32]],[[469,2217],[-198,53]],[[271,2270],[-7,-77],[-208,26]],[[56,2219],[39,415]],[[271,2270],[198,-53]],[[469,2217],[9,-2]],[[478,2215],[-40,-132]],[[438,2083],[6,-92]],[[444,1991],[5,-73]],[[594,1901],[44,-36]],[[638,1865],[16,-188]],[[654,1677],[-434,52]],[[220,1729],[-209,25]],[[11,1754],[45,465]],[[306,911],[60,303]],[[366,1214],[43,-6]],[[409,1208],[42,28]],[[451,1236],[-3,-33],[524,-84]],[[972,1119],[74,13]],[[1046,1132],[133,-49]],[[1179,1083],[-13,-54]],[[1166,1029],[183,-53],[-76,-27],[-57,-43],[-66,-8],[-117,-121],[-156,10],[-80,-27],[-81,-65],[-54,-65],[6,-21]],[[668,609],[-106,39],[-16,62],[-106,27],[4,63],[33,-5],[-24,166],[-146,-50]],[[307,911],[-1,0]],[[148,753],[-106,-48],[13,95]],[[55,800],[1,7]],[[56,807],[68,11]],[[124,818],[123,19],[13,17]],[[260,854],[46,57]],[[668,609],[-7,-149],[-37,-49]],[[624,411],[-37,-10]],[[587,401],[-27,-67]],[[560,334],[-44,-1]],[[516,333],[-102,-3]],[[414,330],[-50,-1]],[[364,329],[-4,3]],[[360,332],[-7,82]],[[353,414],[-34,29],[-52,112]],[[267,555],[-74,18]],[[193,573],[-3,5]],[[190,578],[-18,34]],[[172,612],[0,25]],[[172,637],[-2,75]],[[170,712],[-22,41]],[[1258,1699],[-25,-170]],[[1233,1529],[112,-19]],[[1345,1510],[-49,-362]],[[1296,1148],[-65,-2]],[[1231,1146],[-33,-10]],[[1198,1136],[-18,-50]],[[1180,1086],[-1,-3]],[[1179,1083],[-133,49]],[[1046,1132],[-74,-13]],[[451,1236],[253,165],[62,55]],[[766,1456],[120,100]],[[886,1556],[131,50]],[[1017,1606],[241,93]],[[1502,1516],[66,44],[92,-71],[11,83],[111,-17]],[[1782,1555],[-77,-96],[-4,-22]],[[1701,1437],[-10,-60]],[[1691,1377],[1,-154],[20,-83],[-48,1],[37,-39]],[[1701,1102],[-124,30]],[[1577,1132],[-16,-34],[37,-104]],[[1598,994],[-169,141]],[[1429,1135],[-133,13]],[[1296,1148],[49,362]],[[1345,1510],[-112,19]],[[1233,1529],[269,-13]],[[148,753],[22,-41]],[[170,712],[2,-75]],[[172,637],[0,-25]],[[172,612],[18,-34]],[[190,578],[-37,5]],[[153,583],[-11,-82],[-75,12]],[[67,513],[-47,21]],[[20,534],[3,67]],[[23,601],[2,47]],[[25,648],[10,53]],[[35,701],[113,52]],[[1701,1102],[40,-50],[22,-119],[88,-5],[45,-56],[-144,-115],[-124,82],[-80,-11],[-43,42],[-32,-39],[-72,130],[-235,68]],[[1166,1029],[14,57]],[[1180,1086],[18,50]],[[1198,1136],[33,10]],[[1231,1146],[65,2]],[[1296,1148],[133,-13]],[[1598,994],[-29,114],[8,24]],[[1154,2347],[9,44]],[[1163,2391],[9,-30]],[[1172,2361],[91,-57]],[[1263,2304],[1,0]],[[1264,2304],[69,59]],[[1333,2363],[34,-3]],[[1367,2360],[31,-8]],[[1398,2352],[154,-41]],[[1552,2311],[-33,-242]],[[1519,2069],[-214,21],[-21,-162]],[[1284,1928],[-226,39]],[[1058,1967],[-1,3]],[[1057,1970],[29,54]],[[1086,2024],[39,328]],[[1530,2140],[221,-43]],[[1751,2097],[0,-2]],[[1751,2095],[1,-6]],[[1752,2089],[6,-27]],[[1758,2062],[127,-86]],[[1885,1976],[16,-19]],[[1901,1957],[-5,-26]],[[1896,1931],[-4,-7]],[[1892,1924],[-40,2]],[[1852,1926],[-32,-71]],[[1820,1855],[-37,-169]],[[1783,1686],[-2,-10]],[[1781,1676],[-64,10],[13,42]],[[1730,1728],[-29,21]],[[1701,1749],[20,61]],[[1721,1810],[-32,48]],[[1689,1858],[-123,32]],[[1566,1890],[-84,22]],[[1482,1912],[23,43]],[[1505,1955],[25,185]],[[1402,2523],[111,103]],[[1513,2626],[12,-1]],[[1525,2625],[24,-5]],[[1549,2620],[-5,-32]],[[1544,2588],[-4,-32]],[[1540,2556],[3,-12]],[[1543,2544],[51,-16]],[[1594,2528],[52,-59]],[[1646,2469],[88,8],[8,-62]],[[1742,2415],[-11,-15]],[[1731,2400],[-8,-6]],[[1723,2394],[-48,-41]],[[1675,2353],[-2,-15]],[[1673,2338],[19,-102]],[[1764,2168],[-13,-71]],[[1530,2140],[22,171]],[[1552,2311],[-159,29],[5,12]],[[1398,2352],[6,14]],[[1404,2366],[20,51]],[[1424,2417],[-42,42]],[[1721,1810],[-20,-61]],[[1701,1749],[-74,9]],[[1627,1758],[-91,10]],[[1536,1768],[-7,-52],[-163,26]],[[1366,1742],[195,145]],[[1561,1887],[128,-29]],[[1519,2069],[-14,-114]],[[1482,1912],[84,-22]],[[1566,1890],[-5,-3]],[[1561,1887],[-195,-145]],[[1366,1742],[-153,-59]],[[1213,1683],[-191,287]],[[1022,1970],[262,-42]],[[1258,1699],[108,43]],[[1536,1768],[91,-10]],[[1627,1758],[103,-30]],[[1781,1676],[13,-91]],[[1502,1516],[-267,13],[23,170]],[[0,2550],[82,-44]],[[82,2506],[-71,-752]],[[11,1754],[-9,1]],[[2,1755],[-2,1],[0,794]],[[0,3436],[126,-22]],[[122,3380],[86,-14]],[[161,3113],[-161,28],[0,295]],[[0,2852],[22,-2]],[[22,2850],[33,54],[74,26]],[[129,2930],[19,-25],[-23,-78]],[[125,2827],[-28,-71]],[[97,2756],[-13,-6],[-10,-97]],[[95,2634],[-13,-128]],[[82,2506],[-82,53],[0,293]],[[7,3138],[154,-25]],[[161,3113],[-19,-201],[-13,18]],[[22,2850],[-22,2]],[[0,2852],[0,223]],[[0,3075],[7,63]],[[0,3139],[7,-1]],[[0,3075],[0,64]],[[0,3999],[56,-100]],[[56,3899],[-4,-31],[-52,8]],[[0,3876],[0,123]],[[56,3899],[2,-5]],[[58,3894],[38,-67]],[[24,3432],[-24,4],[0,440]],[[180,1301],[40,428]],[[220,1729],[434,-52]],[[654,1677],[225,-27]],[[887,1556],[-121,-100]],[[766,1456],[-357,-248]],[[366,1214],[-59,-303]],[[307,911],[-47,-57]],[[260,854],[-136,-36]],[[124,818],[-69,-18]],[[55,800],[-1,0]],[[54,800],[-54,-15]],[[0,785],[0,6]],[[0,791],[0,310]],[[0,1101],[0,1]],[[0,1102],[128,116]],[[128,1218],[52,83]],[[153,583],[40,-10]],[[193,573],[74,-18]],[[353,414],[7,-82]],[[360,332],[4,-3]],[[364,329],[50,1]],[[414,330],[102,3]],[[516,333],[44,1]],[[560,334],[27,67]],[[624,411],[-79,-197],[-6,-176],[10,-38],[-548,0],[58,449]],[[59,449],[8,64]],[[0,323],[41,-6]],[[41,317],[-41,-317],[0,323]],[[0,791],[56,16]],[[56,807],[-2,-7]],[[54,800],[-19,-99]],[[35,701],[-10,-53]],[[25,648],[-2,-47]],[[23,601],[-3,-67]],[[20,534],[47,-21]],[[67,513],[-8,-64]],[[59,449],[-18,-132]],[[41,317],[-41,6],[0,462]],[[0,1756],[2,-1]],[[2,1755],[9,-1]],[[11,1754],[209,-25]],[[180,1301],[-22,-34]],[[158,1267],[-158,19],[0,470]],[[0,1286],[158,-19]],[[158,1267],[-30,-49]],[[128,1218],[-128,-117]],[[0,1102],[0,184]]],"transform":{"scale":[0.00008732353369232925,0.0000624687656171914],"translate":[144.75,-37.92]},"objects":{"sa2_summary":{"type":"GeometryCollection","geometries":[{"arcs":[[0,1,2,3,4,5,6,7,8,9,10,11,12,13,14,15,16]],"type":"Polygon","properties":{"sa2_code_2021":"206011107"}},{"arcs":[[17,18,19,20,21,22,23,24,25,26,27,28,29]],"type":"Polygon","properties":{"sa2_code_2021":"206011109"}},{"arcs":[[30,31,32,33,34,35]],"type":"Polygon","properties":{"sa2_code_2021":"206011495"}},{"arcs":[[36,-34,37,38,39,40,-6]],"type":"Polygon","properties":{"sa2_code_2021":"206011496"}},{"arcs":[[41,42,43,44,45,46,47,48,49,50,51,52]],"type":"Polygon","properties":{"sa2_code_2021":"206011497"}},{"arcs":[[53,54,55,56,57,58,59]],"type":"Polygon","properties":{"sa2_code_2021":"206011498"}},{"arcs":[[60,61,62,63,64,65,66,67,68]],"type":"Polygon","properties":{"sa2_code_2021":"206021110"}},{"arcs":[[69,70,71,72,73,74,75,76,77,78,79,80,81]],"type":"Polygon","properties":{"sa2_code_2021":"206021112"}},{"arcs":[[-69,82,83]],"type":"Polygon","properties":{"sa2_code_2021":"206021499"}},{"arcs":[[84,-78,85,86,87,88,89,90,91,92]],"type":"Polygon","properties":{"sa2_code_2021":"206021500"}},{"arcs":[[93,94,95,96,97,98,99,100,101,102,103,104,105,106]],"type":"Polygon","properties":{"sa2_code_2021":"206031113"}},{"arcs":[[107,108,109,110,111,-96]],"type":"Polygon","properties":{"sa2_code_2021":"206031115"}},{"arcs":[[112,113,114,115,116,117,118,119,-13,120,121,122,123,124,125,126]],"type":"Polygon","properties":{"sa2_code_2021":"206031116"}},{"arcs":[[127,128,129,-113,130,131,132,133,134,135,136,137,138]],"type":"Polygon","properties":{"sa2_code_2021":"206031501"}},{"arcs":[[139,140,141,-21,142,-1,143,144,145,-116,146,-129,-128]],"type":"Polygon","properties":{"sa2_code_2021":"206031502"}},{"arcs":[[147,148,149,150,151,152,153,154,155,156]],"type":"Polygon","properties":{"sa2_code_2021":"206041117"}},{"arcs":[[157,158,159,160,161,162,163,164,165,166,167,168]],"type":"Polygon","properties":{"sa2_code_2021":"206041118"}},{"arcs":[[169,170,171,172,173,174,175,176,177,178,179,180,181]],"type":"Polygon","properties":{"sa2_code_2021":"206041119"}},{"arcs":[[182,183,184,-99,-98,185,186,187]],"type":"Polygon","properties":{"sa2_code_2021":"206041120"}},{"arcs":[[188,189,190,191,192,193,194,195,196,197,-183]],"type":"Polygon","properties":{"sa2_code_2021":"206041121"}},{"arcs":[[-8,198,199,200,201,202,203,-153,204,205]],"type":"Polygon","properties":{"sa2_code_2021":"206041124"}},{"arcs":[[206,207,208,209,210,211,212,213,214,215]],"type":"Polygon","properties":{"sa2_code_2021":"206041125"}},{"arcs":[[216,217,218,219,220,221,222,223,224,225,226,227,228,229,230,231,232,233]],"type":"Polygon","properties":{"sa2_code_2021":"206041127"}},{"arcs":[[234,235,236,237,238,-178,239,240]],"type":"Polygon","properties":{"sa2_code_2021":"206041503"}},{"arcs":[[241,242,-236,-235,243,244,245,246,247]],"type":"Polygon","properties":{"sa2_code_2021":"206041504"}},{"arcs":[[248,-246,249,-240,250,251,-159]],"type":"Polygon","properties":{"sa2_code_2021":"206041505"}},{"arcs":[[252,253,-152,-151,254,255,256,257,258,259,260,261,262]],"type":"Polygon","properties":{"sa2_code_2021":"206041506"}},{"arcs":[[-208,-207,263,264,265,266,-176,267,268,269,270,271]],"type":"Polygon","properties":{"sa2_code_2021":"206041507"}},{"arcs":[[272,273,274,275,276,277,278,279,280,281,282,283]],"type":"Polygon","properties":{"sa2_code_2021":"206041508"}},{"arcs":[[284,285,286,287,288,289,290,291]],"type":"Polygon","properties":{"sa2_code_2021":"206041509"}},{"arcs":[[-257,292,-248,293,294,295,296]],"type":"Polygon","properties":{"sa2_code_2021":"206041510"}},{"arcs":[[297,298,299,300,301,302,303,304,305,306,307,308,309,310,311]],"type":"Polygon","properties":{"sa2_code_2021":"206051128"}},{"arcs":[[312,313,314,315,316,317,318]],"type":"Polygon","properties":{"sa2_code_2021":"206051129"}},{"arcs":[[319,320,321,322,323,324]],"type":"Polygon","properties":{"sa2_code_2021":"206051130"}},{"arcs":[[325,326,327,328,329,330,331,332]],"type":"Polygon","properties":{"sa2_code_2021":"206051134"}},{"arcs":[[333,334,-278,335,336,337,-325,338,339,340,341,342,343,344,345]],"type":"Polygon","properties":{"sa2_code_2021":"206051511"}},{"arcs":[[346,347,-287,348,349,350,351,-307,352,353,354,355,-337,-336]],"type":"Polygon","properties":{"sa2_code_2021":"206051512"}},{"arcs":[[356,357,358,359,360,361]],"type":"Polygon","properties":{"sa2_code_2021":"206051513"}},{"arcs":[[-302,362,363,-299,364,365,366,367,368,369,370,371,372]],"type":"Polygon","properties":{"sa2_code_2021":"206051514"}},{"arcs":[[373,374,375,376,377]],"type":"Polygon","properties":{"sa2_code_2021":"206061135"}},{"arcs":[[-378,378,379,380,381,382,383]],"type":"Polygon","properties":{"sa2_code_2021":"206061136"}},{"arcs":[[384,385,386,387,388,389,390,391,392,393,394,395,396,397]],"type":"Polygon","properties":{"sa2_code_2021":"206061138"}},{"arcs":[[398,399,400,401,402,403,404,405,406,407,408,409]],"type":"Polygon","properties":{"sa2_code_2021":"206061515"}},{"arcs":[[-407,410,411,412,413,414,415]],"type":"Polygon","properties":{"sa2_code_2021":"206061516"}},{"arcs":[[416,417,418,419,420,421,422,423,424,425,426,427,428,429,430,431]],"type":"Polygon","properties":{"sa2_code_2021":"206071139"}},{"arcs":[[432,433,434,435,436,437,438,439,-201]],"type":"Polygon","properties":{"sa2_code_2021":"206071140"}},{"arcs":[[440,441,442,443]],"type":"Polygon","properties":{"sa2_code_2021":"206071141"}},{"arcs":[[444,445,-444,-443,446,447,-157]],"type":"Polygon","properties":{"sa2_code_2021":"206071142"}},{"arcs":[[448,449,450,-88,451,452,453,454,455]],"type":"Polygon","properties":{"sa2_code_2021":"206071143"}},{"arcs":[[-68,-67,456,457,458,459,460,461,462,463,464,465,466,467,468,469,470,471,472,473,474,475,476,477,478,479,480,481,482,483,484,485,-452,-83]],"type":"Polygon","properties":{"sa2_code_2021":"206071145"}},{"arcs":[[486,487,488,489,490,491,492,493,494,495,496,497,498,499,500,501,502,503,-399,504]],"type":"Polygon","properties":{"sa2_code_2021":"206071517"}},{"arcs":[[-425,505,506,-487,507]],"type":"Polygon","properties":{"sa2_code_2021":"206071518"}},{"arcs":[[508,509,510,511,512,513,514,515,516,517,518,519,520,521]],"type":"Polygon","properties":{"sa2_code_2021":"207011146"}},{"arcs":[[522,523,524,525,526,527,528,529,530,531]],"type":"Polygon","properties":{"sa2_code_2021":"207011147"}},{"arcs":[[532,533,534,535,536,537,538,539,540,541,542,543,544,545,546,547,548,549,-523,550,551]],"type":"Polygon","properties":{"sa2_code_2021":"207011148"}},{"arcs":[[552,553,554,555]],"type":"Polygon","properties":{"sa2_code_2021":"207011149"}},{"arcs":[[556,557,558,559,560,561,562,-509,563,564,565,566,567,568,569,570,571,572,573]],"type":"Polygon","properties":{"sa2_code_2021":"207011150"}},{"arcs":[[574,575,576,577,-557,578,579,580,581,582]],"type":"Polygon","properties":{"sa2_code_2021":"207011152"}},{"arcs":[[-463,583,584,585,586,587,588,589,590,591,592,593,594,595,596,597,598,-533,599,600,601,602,603,604,605,606]],"type":"Polygon","properties":{"sa2_code_2021":"207011154"}},{"arcs":[[607,608,609,-531,610,611,612,613,-553]],"type":"Polygon","properties":{"sa2_code_2021":"207011155"}},{"arcs":[[614,615,616,617,618,619,620,621,622,623]],"type":"Polygon","properties":{"sa2_code_2021":"207011519"}},{"arcs":[[624,625,626,627,628,629,630,631,632,633,634,635,636,637,638]],"type":"Polygon","properties":{"sa2_code_2021":"207011520"}},{"arcs":[[639,640,641,642,643,644,645,646]],"type":"Polygon","properties":{"sa2_code_2021":"207011521"}},{"arcs":[[647,648,-467,649,650,651,652,653,654,655,-424,656,657,658,659,660,661,662,663,664,665,666,667,668,669,670,671,672,-478,673,674,675,676,677,678,679,680]],"type":"Polygon","properties":{"sa2_code_2021":"207011522"}},{"arcs":[[681,682,683,684,685,686,687,688,689,690,691,692,693,694,695,696,697,698,699,700,701,702,-539,-538,703,704,705,706,707,708,709,710,711,712,713,714,715,716,717,718,719]],"type":"Polygon","properties":{"sa2_code_2021":"207021156"}},{"arcs":[[-32,720,-85,721,722,723,724,-449,725,726,727,728]],"type":"Polygon","properties":{"sa2_code_2021":"206011106"}},{"arcs":[[729,730,731,732,733,734,735,736,737,738,739,740,741,742,743,-543,744,745,-699]],"type":"Polygon","properties":{"sa2_code_2021":"207021157"}},{"arcs":[[746,747,748,749,750,751,752,753,754,755,756,757,758,759,760,761,762,763,764,765,766,767,768,769,-737,770,771,-734,772,773,774,775]],"type":"Polygon","properties":{"sa2_code_2021":"207021159"}},{"arcs":[[776,777,778,779,780,781,782,-747,783,784,785,786,787,788,789,-697]],"type":"Polygon","properties":{"sa2_code_2021":"207021160"}},{"arcs":[[790,791,792,793,794,795,796,797,798,799,800,801,802,803,804,805,-769]],"type":"Polygon","properties":{"sa2_code_2021":"207021424"}},{"arcs":[[-804,-803,806,807,808,809,810,811,812,813,814,815,816]],"type":"Polygon","properties":{"sa2_code_2021":"207021425"}},{"arcs":[[-815,817,818,819,820,821,822,823,824,825,826,827,828,829]],"type":"Polygon","properties":{"sa2_code_2021":"207031161"}},{"arcs":[[830,831,832,833,834,835,836,837,838]],"type":"Polygon","properties":{"sa2_code_2021":"207031162"}},{"arcs":[[839,840,841,842,843,844,845]],"type":"Polygon","properties":{"sa2_code_2021":"207031163"}},{"arcs":[[846,847,848,849,850,851,852,853,-741,854,855,856,857,858,-526]],"type":"Polygon","properties":{"sa2_code_2021":"207031164"}},{"arcs":[[859,-844,860,861,862,863,864,865]],"type":"Polygon","properties":{"sa2_code_2021":"207031165"}},{"arcs":[[-837,-836,866,867,868,869,870,871,872]],"type":"Polygon","properties":{"sa2_code_2021":"207031166"}},{"arcs":[[873,874,875,-614,876,877,878,879]],"type":"Polygon","properties":{"sa2_code_2021":"207031167"}},{"arcs":[[-318,880,881,882,883,884,885]],"type":"Polygon","properties":{"sa2_code_2021":"208011169"}},{"arcs":[[886,887,888,889,890,891,-885]],"type":"Polygon","properties":{"sa2_code_2021":"208011170"}},{"arcs":[[892,893,894]],"type":"Polygon","properties":{"sa2_code_2021":"208021174"}},{"arcs":[[895,896,897,898,899,900,901,902,903,904,905]],"type":"Polygon","properties":{"sa2_code_2021":"208021176"}},{"arcs":[[906,907,908,909,910,911,912,-327,913,914,915,916,917,918,919,920]],"type":"Polygon","properties":{"sa2_code_2021":"208021177"}},{"arcs":[[-911,921,922,923,924,925]],"type":"Polygon","properties":{"sa2_code_2021":"208021178"}},{"arcs":[[-912,-926,926,927,928,929,930,931,932,933]],"type":"Polygon","properties":{"sa2_code_2021":"208021179"}},{"arcs":[[934,935,936,937,938,939]],"type":"Polygon","properties":{"sa2_code_2021":"208021180"}},{"arcs":[[940,941,-902,-901,942,943,-940]],"type":"Polygon","properties":{"sa2_code_2021":"208021181"}},{"arcs":[[-909,944,945,-905,946,947,948,949,950,951,952,953]],"type":"Polygon","properties":{"sa2_code_2021":"208021182"}},{"arcs":[[954,955,956,957,958,959,960]],"type":"Polygon","properties":{"sa2_code_2021":"208021426"}},{"arcs":[[961,962,963,964,965,-573,966,967,968,969,970,971,972,973,974,975,976,977]],"type":"Polygon","properties":{"sa2_code_2021":"208041194"}},{"arcs":[[978,979,-518,-517,980,981,982,983,984,985,986,-937,987,988,989,990,991,992,993,994,-972,-971]],"type":"Polygon","properties":{"sa2_code_2021":"208041195"}},{"arcs":[[995,996,997,998,999,1000,1001,1002,1003,1004,1005,1006,1007,1008,1009,1010,1011,1012]],"type":"Polygon","properties":{"sa2_code_2021":"209011196"}},{"arcs":[[1013,1014,1015,1016,1017,1018,1019,1020,1021,1022,1023,1024,1025,1026,1027,1028,1029,1030,1031,1032]],"type":"Polygon","properties":{"sa2_code_2021":"209011197"}},{"arcs":[[1033,1034,1035,1036,1037,1038,1039,1040,1041,1042,1043,1044,1045,1046,1047,1048,1049,1050,1051,1052,1053,1054,1055,1056,1057,1058]],"type":"Polygon","properties":{"sa2_code_2021":"209011198"}},{"arcs":[[1059,1060,1061,1062,1063,1064,1065,1066,1067,1068,1069,1070,1071,1072,1073,1074,1075,1076,1077]],"type":"Polygon","properties":{"sa2_code_2021":"209011199"}},{"arcs":[[-70,1078,-1074,-1073,1079,1080,1081,1082,1083,1084,1085,1086,1087,1088,1089,1090,1091,1092,-593,1093,1094,1095,1096,1097,1098,1099,1100,1101,1102,1103,1104,1105,-65,1106,1107,1108,1109,1110,1111,1112]],"type":"Polygon","properties":{"sa2_code_2021":"209011200"}},{"arcs":[[-1080,1113,1114,1115,1116,1117,1118,1119,1120,1121,1122,1123,1124,1125,1126,1127,1128,1129,1130,1131,1132,1133,1134,1135,1136]],"type":"Polygon","properties":{"sa2_code_2021":"209011201"}},{"arcs":[[1137,1138,1139,-1021,1140,1141,1142,1143,1144,1145,1146,1147,1148,1149,1150,1151,-751,1152,1153,1154,1155,1156,1157,1158,1159,1160,1161,1162,1163,1164,1165,1166]],"type":"Polygon","properties":{"sa2_code_2021":"209011202"}},{"arcs":[[1167,1168,1169,1170,1171,1172,1173,1174,1175,1176,-1162,1177,1178,1179,1180,1181,1182,1183,1184,1185,1186,-1039,1187,1188,1189,-1035,1190,1191]],"type":"Polygon","properties":{"sa2_code_2021":"209011203"}},{"arcs":[[1192,1193,1194,1195,1196,1197,1198,1199,1200,-1030,1201,1202,1203,1204,1205,1206,1207,-1004]],"type":"Polygon","properties":{"sa2_code_2021":"209011204"}},{"arcs":[[1208,1209,1210,1211,1212,1213,1214,1215,1216,1217,1218,1219,1220,-1168,1221,-1069,-1068,1222,1223,1224,1225,1226,1227,1228]],"type":"Polygon","properties":{"sa2_code_2021":"209021205"}},{"arcs":[[1229,1230,1231,1232,1233,1234,1235,-1076,1236,1237,1238,1239]],"type":"Polygon","properties":{"sa2_code_2021":"209021428"}},{"arcs":[[1240,1241,1242,-45,1243,1244,1245,1246,1247,1248]],"type":"Polygon","properties":{"sa2_code_2021":"209021429"}},{"arcs":[[1249,1250,1251,1252,1253,1254,-1209,1255,1256,1257,1258,1259,1260,1261,1262,1263,1264]],"type":"Polygon","properties":{"sa2_code_2021":"209021523"}},{"arcs":[[1265,1266,1267,1268,1269,1270,1271,1272,1273,1274,1275,1276,1277,1278,1279,1280]],"type":"Polygon","properties":{"sa2_code_2021":"209021524"}},{"arcs":[[-1262,-1261,1281,-1224,1282,1283,1284,1285,1286,1287,-1062,1288,-1232,1289,1290]],"type":"Polygon","properties":{"sa2_code_2021":"209021525"}},{"arcs":[[1291,1292,1293,-1275,1294,1295,1296,1297,1298,1299,1300,1301,1302,1303,1304,1305,1306,1307,1308,1309]],"type":"Polygon","properties":{"sa2_code_2021":"209021526"}},{"arcs":[[1310,1311,1312,1313,1314,1315,1316,1317,1318,1319,1320,1321,1322,1323,1324,1325,1326,1327,1328,1329,1330,1331,1332,-758,1333,-1147,-1146,1334,1335,-1143,1336,-1019,-1018,1337]],"type":"Polygon","properties":{"sa2_code_2021":"209031209"}},{"arcs":[[1338,1339,1340,1341,1342,1343,1344,1345,1346,1347,1348,1349,1350,1351,1352,1353,1354,1355,1356,1357,1358,1359,1360,1361,1362,1363,1364,1365,1366,1367,1368,1369,1370,1371,1372,1373,1374,1375,1376,1377,1378,1379,1380,1381,1382,1383]],"type":"Polygon","properties":{"sa2_code_2021":"209031212"}},{"arcs":[[1384,1385,1386,1387,1388,1389,1390,1391,1392,1393,1394,1395,1396,1397,1398,1399,1400,1401,1402,1403,1404,1405]],"type":"Polygon","properties":{"sa2_code_2021":"209031213"}},{"arcs":[[1406,1407,1408,1409,1410,1411,1412,1413,1414,1415,1416,1417,1418,1419,1420,-1383,1421,1422,1423,1424,1425,1426,1427,1428,1429,1430,1431,1432,1433,1434,1435,1436,1437,1438,1439,1440,1441,1442,1443,1444,1445,1446,1447,1448,1449,1450,1451,1452,1453,1454,1455,1456,1457,1458,1459,1460,1461,1462,1463,1464,-1319]],"type":"Polygon","properties":{"sa2_code_2021":"209031214"}},{"arcs":[[-1420,1465,1466,-1417,1467,-1415,1468,1469,1470,1471,-1397,-1396,1472]],"type":"Polygon","properties":{"sa2_code_2021":"209031215"}},{"arcs":[[1473,1474,-1385,1475,1476,1477,1478,1479,1480,1481,1482,1483,1484,1485,1486,1487,1488,1489,1490,1491]],"type":"Polygon","properties":{"sa2_code_2021":"209041216"}},{"arcs":[[1492,1493,1494,1495,1496,1497,1498,1499,1500,1501,1502,1503,1504,1505,1506]],"type":"Polygon","properties":{"sa2_code_2021":"209041217"}},{"arcs":[[1507,1508,1509,1510,1393]],"type":"Polygon","properties":{"sa2_code_2021":"209041220"}},{"arcs":[[1513,-1512,1514,-1510,1515,1516,1517,1518,1519,1520,1521,1522,1523,1524,1525]],"type":"Polygon","properties":{"sa2_code_2021":"209041221"}},{"arcs":[[1526,1527,1528,1529,1530,1531,1532,1533,1534,1535,1536,1537,1538,1539,1540,1541,1542,1543,1544,1545,1546,1547,1548,1549,1550,1551,1552,1553,1554,1555,1556,1557]],"type":"Polygon","properties":{"sa2_code_2021":"209041223"}},{"arcs":[[1558,1559,1560,1561,1562,1563,1564,1565]],"type":"Polygon","properties":{"sa2_code_2021":"209041529"}},{"arcs":[[1566,1567,1568,1569,1553,1570]],"type":"Polygon","properties":{"sa2_code_2021":"209041530"}},{"arcs":[[1571,1572,1573,1574,1575,1576,1577,1578,1579,1580]],"type":"Polygon","properties":{"sa2_code_2021":"210011226"}},{"arcs":[[1581,1582,1583,1584,1585,1586,1587,1588,1589,1590]],"type":"Polygon","properties":{"sa2_code_2021":"210011227"}},{"arcs":[[1591,1592,1593,1594,1595,1596,1597,1598,1599,1600,1601,1602,1603,1604,1605,1606,1607,1608,1609,1610,1611,1612]],"type":"Polygon","properties":{"sa2_code_2021":"210011228"}},{"arcs":[[1613,1614,1615,1616,1617,1618,1619,1620,1621,1622,1623,1624,1625,1626,1627,1628,1629,1630,1631,1632,1633]],"type":"Polygon","properties":{"sa2_code_2021":"210011230"}},{"arcs":[[-1583,-1582,1634,1635,1636,1637,1638,1639,1640,1641,1642,1643,1644,1645,1646,1647,1648,1649,1650,1651,1652,1653,1654,1655]],"type":"Polygon","properties":{"sa2_code_2021":"210011231"}},{"arcs":[[1656,1657,1658,1659,1660,1661,1662,1663,1664,1665,1666,1667,1668,1669,1670,1671,1672,1673,1674]],"type":"Polygon","properties":{"sa2_code_2021":"210011533"}},{"arcs":[[1675,1676,1677,1678,1679,1680,-1625,1681,-1657,1682,1683,1684,1685]],"type":"Polygon","properties":{"sa2_code_2021":"210011534"}},{"arcs":[[1686,1687,1688,1689,1690,1691,1692,1693,1694,1695,1696,1697,1698]],"type":"Polygon","properties":{"sa2_code_2021":"210031236"}},{"arcs":[[1699,1700,1701,1702,1703,1704,1705,-1266,1706,1707,1708,1709,1710,1711,1712,1713,1714,1715,1716,1717,1718,1719,1720,1721,1722,1723,1724]],"type":"Polygon","properties":{"sa2_code_2021":"210031237"}},{"arcs":[[1725,1726,1727,1728,1729,1730]],"type":"Polygon","properties":{"sa2_code_2021":"210031439"}},{"arcs":[[1731,1732,1733,1734,1735,1736,1737,1738]],"type":"Polygon","properties":{"sa2_code_2021":"210031440"}},{"arcs":[[1739,1740,1741,1742,-1732,1743,1744,1745,1746,1747,1748,1749,1750,1751,1752]],"type":"Polygon","properties":{"sa2_code_2021":"210031535"}},{"arcs":[[-1727,1753,1754,1755,1756,1757,1758,1759]],"type":"Polygon","properties":{"sa2_code_2021":"210031536"}},{"arcs":[[-1639,1760,-1756,1761,-1752,1762,1763,1764,1765,1766,1767,1768,1769,1770,1771,1772,1773,1774,1775,-1644,1776,1777,1778,1779]],"type":"Polygon","properties":{"sa2_code_2021":"210031537"}},{"arcs":[[-1748,-1747,1780,1781,1782,1783,1784,1785,1786,1787,1788,1789,1790,-1767,1791]],"type":"Polygon","properties":{"sa2_code_2021":"210031538"}},{"arcs":[[1792,1793,1794,1795,1796,1797,1798,1799,1800,1801,1802]],"type":"Polygon","properties":{"sa2_code_2021":"210051242"}},{"arcs":[[1803,1804,1805,1806,-1547,1807,-1794,-1793,1808,1551]],"type":"Polygon","properties":{"sa2_code_2021":"210051243"}},{"arcs":[[1809,1810,1811,1801,1812,1813,1814,-1798,-1726,1815,1816]],"type":"Polygon","properties":{"sa2_code_2021":"210051245"}},{"arcs":[[1817,1818,1819,1820,1821]],"type":"Polygon","properties":{"sa2_code_2021":"210051246"}},{"arcs":[[1822,-1811,1823,1824,1825,1826,1827,-1596,1828,1829,1830,1831,1832,1833,1834,1835,1836,1837,1838,1839,1840,1841,1842,1843,1844]],"type":"Polygon","properties":{"sa2_code_2021":"210051248"}},{"arcs":[[1845,-1817,1846,1847,1848,-1826]],"type":"Polygon","properties":{"sa2_code_2021":"210051250"}},{"arcs":[[1849,1850,1851,1852,1853,1854,1855,1856,1857,1858,1859,1860,1861]],"type":"Polygon","properties":{"sa2_code_2021":"211011251"}},{"arcs":[[1862,1863,1864,1865,1866,1867,1868,1869,1870,1871,1872,1873,1874,1875,1876,1877,1878,1879,1880,1881,1882,1883,1884,1885,1886]],"type":"Polygon","properties":{"sa2_code_2021":"211011254"}},{"arcs":[[1887,1888,1889,1890,1891,1892]],"type":"Polygon","properties":{"sa2_code_2021":"211011255"}},{"arcs":[[-1876,1893,1894,1895,-1893,1896,-1878,1897]],"type":"Polygon","properties":{"sa2_code_2021":"211011256"}},{"arcs":[[1898,1899,1900,-1896,1901,1902,-1874,1903]],"type":"Polygon","properties":{"sa2_code_2021":"211011257"}},{"arcs":[[-1850,1904,1905,1906,1907,1908,1909,1910,1911,1912,1913,1914,1915,1916,1917,1918,1919,1920]],"type":"Polygon","properties":{"sa2_code_2021":"211011259"}},{"arcs":[[1921,1922,1923,1924,1925,-1887,-1886,1926,1927,1928,1929,1930,1931,1932,1933,1934,1935,1936,1937,1938,1939,-1908,-1907,1940]],"type":"Polygon","properties":{"sa2_code_2021":"211011260"}},{"arcs":[[1941,1942,1943,1944,1945,1946,1947,1948,1949,1950,1951,1952,1953,1954,1955,1956,1957,1958,1959,-1923,1960,-1859,1961,1962,1963]],"type":"Polygon","properties":{"sa2_code_2021":"211011446"}},{"arcs":[[-1867,-1866,1964,1965,1966,1967,1968,-1952,1969,1970,1971,1972,1973,1974,1975,1976,1977,1978,1979]],"type":"Polygon","properties":{"sa2_code_2021":"211011447"}},{"arcs":[[-1979,-1978,1980,1981,-1975,1982,1983,1984,1985,1986,1987,1988,1989,1990,1991,1992,1993,1994,1995,1996,1997,-1899,1998,-1872,1999,-1870,2000]],"type":"Polygon","properties":{"sa2_code_2021":"211011448"}},{"arcs":[[2001,2002,2003,2004,2005,2006,2007,2008]],"type":"Polygon","properties":{"sa2_code_2021":"211011449"}},{"arcs":[[2009,2010,2011,2012,2013,2014,2015,2016,2017,2018,2019,2020,2021,2022,2023,2024,2025,2026,2027,2028,2029,2030,2031,2032,-808,2033,-800]],"type":"Polygon","properties":{"sa2_code_2021":"211021261"}},{"arcs":[[2034,2035,2036,2037,2038,2039,2040,2041,2042,2043,2044,2045,2046,2047,2048,2049,2050,2051,2052,2053,2054,2055,-1370,2056,2057,2058,2059,2060,2061,2062,2063,2064,-1360,2065,2066,2067,2068,2069,2070,2071,2072,2073,2074,-2015,-2014,2075,2076,-2011,2077,2078,2079,2080,2081,2082,2083,2084,2085,2086,2087,2088,2089,2090,-1322,2091,2092,2093,-1461,2094,2095,2096,2097,2098,2099,2100,2101,2102,2103,2104,-1449,2105,2106,2107,2108,2109,2110]],"type":"Polygon","properties":{"sa2_code_2021":"211021262"}},{"arcs":[[2111,2112,2113,2114,2115,-1943,-1942,2116,2117,2118,2119,2120,2121,2122,2123,2124,2125,2126]],"type":"Polygon","properties":{"sa2_code_2021":"211031263"}},{"arcs":[[-2074,2127,2128,2129,2130,2131,2132,2133,2134,2135,2136,2137,2138]],"type":"Polygon","properties":{"sa2_code_2021":"211031265"}},{"arcs":[[2139,2140,2141,2142,2143,2144,2145,2146,2147,2148,2149,2150,2151,2152,2153,2154,2155,2156,2157,2158]],"type":"Polygon","properties":{"sa2_code_2021":"211031266"}},{"arcs":[[2159,2160,2161,2162,2163,2164,2165,2166,-2124,-2123,2167,2168,-2150]],"type":"Polygon","properties":{"sa2_code_2021":"211031267"}},{"arcs":[[2169,-2018,2170,2171,2172,2173,-2159,2174,2175]],"type":"Polygon","properties":{"sa2_code_2021":"211031268"}},{"arcs":[[2176,2177,2178,2179,2180,2181,2182,2183,2184,2185,2186,2187,2188,2189,2190,2191,2192,2193]],"type":"Polygon","properties":{"sa2_code_2021":"211031450"}},{"arcs":[[2194,2195,2196,2197,2198,2199,2200,2201,2202,2203,2204,-2177,2205,2206,2207,2208,2209,-2163,-2162,-2161,2210,2211,2212,2213,2214,-2143,2215,-2132]],"type":"Polygon","properties":{"sa2_code_2021":"211031451"}},{"arcs":[[2216,-2187,-2186,2217,-2113,-2112,2218,2219,2220,-2166]],"type":"Polygon","properties":{"sa2_code_2021":"211031452"}},{"arcs":[[2221,-824,-823,2222,2223,2224,2225,2226,2227,2228,2229,2230,2231,2232,-869,2233,2234,2235,2236]],"type":"Polygon","properties":{"sa2_code_2021":"211041269"}},{"arcs":[[2237,2238,2239,2240,2241,-2023,2242,2243,2244,2245,2246,2247,2248]],"type":"Polygon","properties":{"sa2_code_2021":"211041270"}},{"arcs":[[-2028,2249,-2239,-2238,2250,2251,-2247,2252,2253,2254,2255,2256,-2227,2257,2258,2259,2260,2261,-821,2262,2263]],"type":"Polygon","properties":{"sa2_code_2021":"211041271"}},{"arcs":[[2264,2265,2266,2267,2268,-2154,2269,2270,2271,2272,2273,2274,-2231,-2230]],"type":"Polygon","properties":{"sa2_code_2021":"211041272"}},{"arcs":[[2275,2276,2277,2278,2279,2280,2281,-1910,2282,2283,2284,-1938,2285,2286,2287]],"type":"Polygon","properties":{"sa2_code_2021":"211041273"}},{"arcs":[[[2288,2289,2290]],[[2293,2294,2295,2296,2297,2298,2299,2300,2301,2302]]],"type":"MultiPolygon","properties":{"sa2_code_2021":"211051274"}},{"arcs":[[2303,-1353,2304,2305,2306,2307,2308,2309,2310,2311,2312,2313,2314,2315,-2129,2316,2317,-2072,-2071]],"type":"Polygon","properties":{"sa2_code_2021":"211051275"}},{"arcs":[[2318,2319,2320,2321,2322,2323,2324,2325,2326,2327,2328,2329,2330,2331,-1339,2332]],"type":"Polygon","properties":{"sa2_code_2021":"211051276"}},{"arcs":[[2333,2334,2335,2336,2337,2338,2339,2340,2341,2342,2343,2344,2345,2346,2347,-2115,2348,2349,2350,2351,2352]],"type":"Polygon","properties":{"sa2_code_2021":"211051277"}},{"arcs":[[-2308,2353,2354,2355,-1347,2356,2357,2358,2359,2360,-1341,2361,2362,2363,2364,2365,2366,2367,2368,2369,2370,2371,2372,-2319,2373,2374,2375,2376,2377,2378]],"type":"Polygon","properties":{"sa2_code_2021":"211051278"}},{"arcs":[[2379,2380,2381,2382,2383,2384,-2342,2385,2386,2387,2388]],"type":"Polygon","properties":{"sa2_code_2021":"211051280"}},{"arcs":[[-2312,2389,2390,2391,-2377,2392,2374,2393,-2383,2394,2395,2396,-2334,2397,2398,2399,2400,-2181,-2180,2401,2402,2403,2404,2405,2406,2407]],"type":"Polygon","properties":{"sa2_code_2021":"211051281"}},{"arcs":[[2408,2409,2410,2411,2412,2413,2414,2415,2416,2417,2418,2419,2420,2421]],"type":"Polygon","properties":{"sa2_code_2021":"212051319"}},{"arcs":[[2422,2423,2424,-1933,2425,2426,2427,2428,2429,2430,2431,2432,2433,2434,2435,2436]],"type":"Polygon","properties":{"sa2_code_2021":"212051321"}},{"arcs":[[2437,2438,2439,2440,2441,-1972,-1971,2442,2443,2444,2445,2446,-2006,2447,-2344,-2343,-2385,2448]],"type":"Polygon","properties":{"sa2_code_2021":"211051282"}},{"arcs":[[-1992,2449,2450,2451,2452,-2438,2453,2301,2454,2455,2456,2457,2458,2459,2460,-2294,2461,-2292,-2290,2462,2463,-1996,-1995,2464,2465]],"type":"Polygon","properties":{"sa2_code_2021":"211051284"}},{"arcs":[[2466,-2437,2467,2468,2469]],"type":"Polygon","properties":{"sa2_code_2021":"212051322"}},{"arcs":[[2470,2471,2472,2473,2474,2475,2476]],"type":"Polygon","properties":{"sa2_code_2021":"212051323"}},{"arcs":[[-2475,2477,2478,2479,2480,2481,2482]],"type":"Polygon","properties":{"sa2_code_2021":"212051324"}},{"arcs":[[2483,2484,2485,2486]],"type":"Polygon","properties":{"sa2_code_2021":"212051325"}},{"arcs":[[2487,2488,2489,2490,2491,2492,-955,2493,-2416,2494,2495,2496,2497,-2480]],"type":"Polygon","properties":{"sa2_code_2021":"212051326"}},{"arcs":[[-2436,2498,2499,-1880,2500,-2486]],"type":"Polygon","properties":{"sa2_code_2021":"212051327"}},{"arcs":[[2501,-2484,2502,2503,-2488]],"type":"Polygon","properties":{"sa2_code_2021":"212051567"}},{"arcs":[[2504,2505,-2492,2506,2507]],"type":"Polygon","properties":{"sa2_code_2021":"212051568"}},{"arcs":[[2508,2509,2510,2511,2512,2513,2514,2515,2516,2517,2518,2519,2520,2521]],"type":"Polygon","properties":{"sa2_code_2021":"213011328"}},{"arcs":[[2522,2523,2524,2525,2526,2527,2528,2529,2530,2531,2532,2533,2534]],"type":"Polygon","properties":{"sa2_code_2021":"213011329"}},{"arcs":[[2535,2536,2537,2538]],"type":"Polygon","properties":{"sa2_code_2021":"213011331"}},{"arcs":[[2539,-1609,2540,2541,2542,2543,2544,2545,2546,-2537]],"type":"Polygon","properties":{"sa2_code_2021":"213011332"}},{"arcs":[[2547,2548,2549,2550,2551,2552,2553,2554,2555,2556]],"type":"Polygon","properties":{"sa2_code_2021":"213011333"}},{"arcs":[[2557,-2546,-2545,2558,2559,2560]],"type":"Polygon","properties":{"sa2_code_2021":"213011334"}},{"arcs":[[2561,2562,2563,2564,2565,2566,2567,-2523,2568,2569,2570,2571]],"type":"Polygon","properties":{"sa2_code_2021":"213011335"}},{"arcs":[[2572,2573,2574,2575,2576,2577,2578,2579,2580,2581,2582,2583,2584,2585,2586,2587,2588,2589,2590,2591,2592,2593,-2512]],"type":"Polygon","properties":{"sa2_code_2021":"213011336"}},{"arcs":[[2594,2595,-2542,2596,2597,2598,2599,2600,2601,-1673,2602,2603,2604,-2574,2605,2606]],"type":"Polygon","properties":{"sa2_code_2021":"213011337"}},{"arcs":[[2607,2608,-2592,2609,2610,2611,2612,2613,2614,2615,-2584,2616,2617,2618,-2580,2619,2620,2621,2622,2623,2624,2625,2626,2627,2628,2629,2630]],"type":"Polygon","properties":{"sa2_code_2021":"213011338"}},{"arcs":[[2631,2632,2633,2634,2635,2636,2637]],"type":"Polygon","properties":{"sa2_code_2021":"213011339"}},{"arcs":[[-1821,2638,2639,-1818,2640,2641,2642,2643,2644,2645,2646,2647,2648,2649,2650,2651,2652,2653,2654,-1592,2655,2656,-1611,2657,2658,2659,2660]],"type":"Polygon","properties":{"sa2_code_2021":"213011340"}},{"arcs":[[2661,2662,-2554,2663,2664,2665,2666,2667,-2530,2668,2669,2670,2671,2672,2673,2674,2675]],"type":"Polygon","properties":{"sa2_code_2021":"213011569"}},{"arcs":[[-2675,2676,2677,2678,2679,2680,-2628,2681,2682,2683,2684,2685]],"type":"Polygon","properties":{"sa2_code_2021":"213011570"}},{"arcs":[[2686,2687,2688,2689,2690,2691,2692,2693,2694,2695]],"type":"Polygon","properties":{"sa2_code_2021":"213021341"}},{"arcs":[[2696,2697,2698,2699,2700,-2696,-2695,2701,2702,2703,2704,2705,2706,2707,2708,2709,2710,2711,2712,2713,2714,2715]],"type":"Polygon","properties":{"sa2_code_2021":"213021342"}},{"arcs":[[2716,2717,2718,2719,2720,2721,2722,2723,2724,-2690,2725,2726,2727,2728]],"type":"Polygon","properties":{"sa2_code_2021":"213021343"}},{"arcs":[[2729,2730,2731,2732,2733,2734,2735,2736,2737,2738,2739]],"type":"Polygon","properties":{"sa2_code_2021":"213021344"}},{"arcs":[[2740,2741,2742,2743,2744,2745,2746,2747,2748,2749,2750]],"type":"Polygon","properties":{"sa2_code_2021":"213021345"}},{"arcs":[[-2734,2751,2752,2753,2754,2755,2756,-2736,2757]],"type":"Polygon","properties":{"sa2_code_2021":"213021346"}},{"arcs":[[-2604,2758,2759,2760,2761,2762,2763,2764,2765,2766,2767,2768,2769,2770,2771]],"type":"Polygon","properties":{"sa2_code_2021":"213031347"}},{"arcs":[[2772,2773,2774,2775,2776,2777,2778,2779,2780,2781,2782,2783,2784,2785,2786,2787,2788,2789,2790,2791]],"type":"Polygon","properties":{"sa2_code_2021":"213031348"}},{"arcs":[[-1663,2792,2793,2794,2795,2796,2797,2798,2799,2800,2801,2802,2803,2804,2805,-102,2806,-2773,2807,2808,2809,2810,2811]],"type":"Polygon","properties":{"sa2_code_2021":"213031349"}},{"arcs":[[-2788,2812,2813,2814,2815,2816,2817]],"type":"Polygon","properties":{"sa2_code_2021":"213031350"}},{"arcs":[[2818,-2791,2819,2820,2821,2822,2823,2824,-2768]],"type":"Polygon","properties":{"sa2_code_2021":"213031351"}},{"arcs":[[2825,-2816,2826,2827,-2785,2828,-231,-2730,2829]],"type":"Polygon","properties":{"sa2_code_2021":"213031352"}},{"arcs":[[2830,2831,2832,2833]],"type":"Polygon","properties":{"sa2_code_2021":"213041359"}},{"arcs":[[2834,-2635,2835,-2539,2836]],"type":"Polygon","properties":{"sa2_code_2021":"213041360"}},{"arcs":[[2837,2838,2839,2840,2841,-2662,2842,2843]],"type":"Polygon","properties":{"sa2_code_2021":"213041461"}},{"arcs":[[2844,2845,-2839,2846,2847,2848]],"type":"Polygon","properties":{"sa2_code_2021":"213041462"}},{"arcs":[[2849,-2849,2850]],"type":"Polygon","properties":{"sa2_code_2021":"213041463"}},{"arcs":[[2851,2852,2853]],"type":"Polygon","properties":{"sa2_code_2021":"213041574"}},{"arcs":[[2854,2855,-2638,-2637,2856,-2853]],"type":"Polygon","properties":{"sa2_code_2021":"213041575"}},{"arcs":[[2857,2858,2859,-2624,-2623,2860,2861,-2688,2862,2863,2864,2865,2866,2867,2868,2869,2870,2871,2872]],"type":"Polygon","properties":{"sa2_code_2021":"213051363"}},{"arcs":[[-2746,2873,2874,-2710,2875,2876,2877,2878,2879,2880,-2703,2881,2882]],"type":"Polygon","properties":{"sa2_code_2021":"213051464"}},{"arcs":[[2883,2884]],"type":"Polygon","properties":{"sa2_code_2021":"213051466"}},{"arcs":[[2885,2886,2887,2888,2889,2890,2891,2892,2893,2894,2868]],"type":"Polygon","properties":{"sa2_code_2021":"213051580"}},{"arcs":[[2895,2896,2897,-2858,2898,2899]],"type":"Polygon","properties":{"sa2_code_2021":"213051586"}},{"arcs":[[2900,2901,2902,2870,2903]],"type":"Polygon","properties":{"sa2_code_2021":"213051587"}}]}}}