sa2_code_2021,sa2_name_2021,venue_count,median_nearest_stop_distance_m,share_within_400m_pt,late_night_share,after_11pm_share,median_maximum_capacity,median_stops_within_200m,median_stops_within_400m,median_stops_within_800m,metro_regional_majority,category_restaurant_cafe_count,category_general_count,category_on_premises_count,category_packaged_liquor_count,category_limited_count,urp,irsad_score,irsad_aus_decile,irsd_score,ieo_score,ier_score,population_2025,population_density_denominator_status,venue_count_per_10000_residents,access_share_pct,seifa_decile_group,density_rank_valid_only,access_rank_valid_only
204031073,West Wodonga,17.0,118.49299016326965,0.8333333333333334,0.16666666666666666,0.16666666666666666,600.0,1.0,1.0,3.5,Regional,0.0,3.0,1.0,4.0,6.0,15396.0,930.8791209999999,3.0,961.2491877,924.4952788999999,973.1565485000001,15495.0,valid,10.971281058405939,83.33333333333334,low_1_3,414,275
204031075,Yackandandah,21.0,574.8365368035995,0.42857142857142855,0.19047619047619047,0.19047619047619047,157.0,0.0,0.0,1.0,Regional,2.0,3.0,0.0,2.0,4.0,5221.0,1032.317063,7.0,1068.40776,1025.870031,1069.405378,5498.0,valid,38.195707530010914,42.857142857142854,middle_4_7,164,457
204031491,Baranduda - Leneva,12.0,977.2950768823725,0.3333333333333333,0.16666666666666666,0.16666666666666666,285.0,0.0,0.0,0.0,Regional,1.0,1.0,2.0,4.0,2.0,12778.0,1025.05583,7.0,1054.1833629999999,1015.772207,1070.977337,14578.0,valid,8.23158183564275,33.33333333333333,middle_4_7,434,478
204031492,Wodonga,59.0,180.32465420315572,0.847457627118644,0.22033898305084745,0.22033898305084745,159.5,1.0,2.0,8.0,Regional,16.0,4.0,4.0,10.0,10.0,15082.0,900.4868431,2.0,919.6584493,917.8869083999999,914.9598983,14644.0,valid,40.289538377492484,84.7457627118644,low_1_3,155,263
205031089,Korumburra,46.0,196.2777848545441,0.6363636363636364,0.2,0.2,102.0,1.0,2.0,2.0,Regional,6.0,8.0,3.0,4.0,13.0,9842.0,966.4582334,4.0,1006.426306,952.51181,1025.915024,10007.0,valid,45.967822524233036,63.63636363636363,middle_4_7,127,379
205031090,Leongatha,44.0,358.43786458860677,0.55,0.15,0.15,150.0,0.0,1.0,2.0,Regional,5.0,5.0,3.0,6.0,9.0,11502.0,962.5070870999999,4.0,998.4678305,961.8497921,1003.757931,11699.0,valid,37.61005214120865,55.00000000000001,middle_4_7,170,414
205031091,Phillip Island,105.0,401.2290551373392,0.4838709677419355,0.1693548387096774,0.1693548387096774,157.0,0.0,0.0,3.0,Regional,28.0,12.0,20.0,8.0,23.0,13799.0,970.6076493,4.0,1005.380808,980.3790028,996.7594327,14795.0,valid,70.96992227103752,48.38709677419355,middle_4_7,56,437
205031092,Wilsons Promontory,0.0,,,,,,,,,,0.0,0.0,0.0,0.0,0.0,,,,,1119.0547769999998,,15.0,valid,0.0,,,517,
205031093,Wonthaggi - Inverloch,104.0,262.9529825069618,0.6433566433566433,0.1958041958041958,0.1958041958041958,124.0,0.0,2.0,4.0,Regional,20.0,13.0,10.0,12.0,23.0,26792.0,950.4748959,4.0,985.9433531,951.9451605,989.5136598,29333.0,valid,35.454948351685815,64.33566433566433,middle_4_7,189,373
205041094,Churchill,22.0,394.45030210670836,0.5,0.22727272727272727,0.22727272727272727,210.0,0.0,0.5,2.0,Regional,1.0,4.0,1.0,2.0,7.0,11912.0,941.9113001,3.0,974.3436586,932.8936403,993.9721025,12325.0,valid,17.849898580121703,50.0,low_1_3,332,425
205041095,Moe - Newborough,42.0,140.59109316951668,0.8604651162790697,0.16279069767441862,0.16279069767441862,250.0,1.0,4.0,13.0,Regional,5.0,3.0,4.0,9.0,11.0,17291.0,861.4590609999999,1.0,876.8906099,864.3561343,894.8062261,17640.0,valid,23.80952380952381,86.04651162790698,low_1_3,274,253
206011107,Brunswick West,29.0,48.54683534174517,1.0,0.21052631578947367,0.21052631578947367,63.0,4.0,9.0,31.0,Metro,7.0,2.0,2.0,6.0,6.0,14318.0,1073.290961,8.0,1046.854086,1111.7270520000002,948.9006411,15988.0,valid,18.138603952964726,100.0,high_8_10,328,1
206011109,Pascoe Vale South,18.0,59.767999457631625,0.9090909090909091,0.045454545454545456,0.045454545454545456,40.5,3.5,8.5,26.5,Metro,6.0,0.0,0.0,3.0,5.0,10390.0,1076.0488950000001,9.0,1069.1119520000002,1080.2847399999998,1037.6753640000002,10907.0,valid,16.503163106262033,90.9090909090909,high_8_10,344,193
206011495,Brunswick - North,73.0,72.14270889901184,1.0,0.273972602739726,0.273972602739726,93.0,4.0,13.0,36.0,Metro,20.0,7.0,12.0,10.0,5.0,12890.0,1096.7223809999998,9.0,1054.3120119999999,1131.634013,948.4629273,15255.0,valid,47.853162897410684,100.0,high_8_10,121,1
206011496,Brunswick - South,139.0,95.34286025194216,1.0,0.4444444444444444,0.4444444444444444,100.0,3.0,10.0,32.0,Metro,45.0,18.0,23.0,10.0,11.0,12983.0,1115.544453,10.0,1067.952995,1157.868442,944.3978440999999,15366.0,valid,90.45945594168944,100.0,high_8_10,44,1
206011497,Coburg - East,65.0,84.69964084325935,1.0,0.35294117647058826,0.35294117647058826,120.0,4.0,11.0,39.0,Metro,25.0,8.0,5.0,6.0,10.0,12535.0,1060.298392,8.0,1026.526142,1099.408066,967.0394288,14457.0,valid,44.96091858615204,100.0,high_8_10,131,1
206011498,Coburg - West,14.0,62.10156445558138,0.9333333333333333,0.06666666666666667,0.06666666666666667,44.0,2.0,5.0,28.0,Metro,6.0,0.0,0.0,3.0,2.0,14031.0,1068.173297,8.0,1041.542236,1082.332368,1006.625647,14989.0,valid,9.340182800720529,93.33333333333333,high_8_10,428,159
206021110,Alphington - Fairfield,55.0,67.40918379970927,1.0,0.3090909090909091,0.3090909090909091,87.5,3.0,13.0,37.0,Metro,28.0,3.0,2.0,8.0,7.0,8994.0,1106.553386,9.0,1070.172346,1137.705263,1004.822136,9749.0,valid,56.416042671043186,100.0,high_8_10,94,1
206021112,Thornbury,89.0,65.0867204842922,0.9550561797752809,0.4157303370786517,0.4157303370786517,100.0,3.0,9.0,31.0,Metro,28.0,9.0,17.0,5.0,13.0,18919.0,1082.61304,9.0,1047.557059,1116.898165,974.4877633,20234.0,valid,43.98537115745774,95.50561797752809,high_8_10,138,135
206021499,Northcote - East,59.0,59.35309862672135,1.0,0.22033898305084745,0.22033898305084745,70.0,3.0,8.0,37.0,Metro,24.0,4.0,8.0,8.0,4.0,15068.0,1112.3481359999998,10.0,1064.408477,1145.6438130000001,1004.659624,15969.0,valid,36.946584006512616,100.0,high_8_10,175,1
206021500,Northcote - West,77.0,57.096346351664856,1.0,0.4155844155844156,0.4155844155844156,100.0,3.0,12.0,36.0,Metro,29.0,5.0,13.0,5.0,8.0,10299.0,1124.425282,10.0,1080.33078,1156.47946,998.7748621000001,11026.0,valid,69.83493560674769,100.0,high_8_10,60,1
206031113,Ascot Vale,58.0,85.7069480668984,0.8974358974358975,0.2948717948717949,0.2948717948717949,62.5,2.0,7.0,38.0,Metro,15.0,7.0,9.0,5.0,13.0,15191.0,1061.952632,8.0,1015.11708,1092.729539,981.2210859,16398.0,valid,35.37016709354799,89.74358974358975,high_8_10,192,209
206031115,Flemington,19.0,63.18530651326896,1.0,0.047619047619047616,0.047619047619047616,87.5,7.0,17.0,24.0,Metro,6.0,1.0,1.0,5.0,1.0,9065.0,996.8158019,6.0,928.8322553999999,1067.68418,861.7835658,9935.0,valid,19.124308002013084,100.0,middle_4_7,320,1
206031116,Moonee Ponds,102.0,151.88242231312051,1.0,0.23148148148148148,0.23148148148148148,100.0,4.0,15.0,43.0,Metro,54.0,7.0,8.0,10.0,8.0,16224.0,1096.948468,9.0,1067.226639,1115.7990379999999,997.7834097,17965.0,valid,56.77706651822989,100.0,high_8_10,90,1
206031501,Essendon (West) - Aberfeldie,46.0,82.84734432775467,0.9019607843137255,0.11764705882352941,0.11764705882352941,124.0,2.0,7.0,18.0,Metro,18.0,1.0,2.0,5.0,10.0,16042.0,1085.6825869999998,9.0,1073.070064,1083.24339,1035.4545050000002,17119.0,valid,26.87072843039897,90.19607843137256,high_8_10,245,205
206031502,Essendon - East,52.0,73.75002843611668,1.0,0.25,0.25,98.0,4.0,10.5,48.0,Metro,22.0,4.0,4.0,4.0,10.0,12191.0,1091.253336,9.0,1070.6535159999999,1110.940672,996.2869796,13196.0,valid,39.40588056986966,100.0,high_8_10,160,1
206041117,Carlton,176.0,90.09552191828661,1.0,0.45454545454545453,0.45454545454545453,100.0,3.0,12.0,38.0,Metro,87.0,21.0,27.0,13.0,12.0,16655.0,1050.166907,8.0,961.8718414,1143.0874319999998,773.1047285,25267.0,valid,69.65607313887679,100.0,high_8_10,61,1
206041118,Docklands,182.0,124.1646849348344,0.978021978021978,0.43956043956043955,0.43956043956043955,160.0,2.0,6.0,19.0,Metro,82.0,19.0,30.0,16.0,26.0,15493.0,1108.7903849999998,9.0,1043.508033,1159.8211139999999,875.2269127,19139.0,valid,95.09378755420869,97.8021978021978,high_8_10,37,111
206041119,East Melbourne,65.0,124.23684907576417,0.9848484848484849,0.45454545454545453,0.45454545454545453,200.0,3.0,17.5,49.0,Metro,11.0,5.0,23.0,3.0,14.0,4896.0,1156.1699090000002,10.0,1107.378731,1188.740162,980.3167563,5245.0,valid,123.92755004766444,98.48484848484848,high_8_10,22,102
206041120,Flemington Racecourse,11.0,105.7753128848532,1.0,0.18181818181818182,0.18181818181818182,500.0,2.0,6.0,22.0,Metro,1.0,0.0,2.0,2.0,3.0,77.0,1133.226613,10.0,1119.247992,1201.1279359999999,972.3452334,78.0,valid,1410.2564102564102,100.0,high_8_10,5,1
206041121,Kensington (Vic.),45.0,94.30339362251117,0.8666666666666667,0.24444444444444444,0.24444444444444444,70.0,2.0,8.0,23.0,Metro,13.0,2.0,5.0,4.0,6.0,10745.0,1097.048049,9.0,1043.905895,1145.905825,949.7888032000001,12423.0,valid,36.22313450857281,86.66666666666667,high_8_10,181,245
206041124,Parkville,39.0,261.53735218533484,0.7692307692307693,0.15384615384615385,0.15384615384615385,250.0,0.0,5.0,24.0,Metro,4.0,2.0,10.0,0.0,21.0,7297.0,1102.1698529999999,9.0,1055.299155,1162.555465,914.4154819,8280.0,valid,47.10144927536232,76.92307692307693,high_8_10,124,324
206041125,South Yarra - West,35.0,107.03503909676068,0.9714285714285714,0.2857142857142857,0.2857142857142857,104.0,2.0,5.0,21.0,Metro,11.0,4.0,5.0,3.0,8.0,6423.0,1146.650124,10.0,1102.807847,1184.7879560000001,960.8653845,6894.0,valid,50.76878445024659,97.14285714285714,high_8_10,114,120
206041127,West Melbourne - Industrial,2.0,226.98217257995861,1.0,0.5,0.5,130.0,1.0,4.5,10.5,Metro,0.0,1.0,0.0,0.0,0.0,,,,,,,0.0,zero_population,,100.0,,,1
206041503,Melbourne CBD - East,590.0,92.07806979547735,1.0,0.6112,0.6112,120.0,4.0,25.0,133.0,Metro,292.0,53.0,76.0,19.0,44.0,9848.0,1078.587909,9.0,995.2892405,1147.198596,782.8660940999999,14266.0,valid,413.57072760409363,100.0,high_8_10,7,1
206041504,Melbourne CBD - North,223.0,81.57510982536292,1.0,0.57847533632287,0.57847533632287,113.0,6.0,47.0,116.0,Metro,117.0,16.0,27.0,18.0,17.0,16870.0,1051.410079,8.0,960.9227089,1138.939908,715.838702,24296.0,valid,91.78465591043793,100.0,high_8_10,40,1
206041505,Melbourne CBD - West,396.0,89.91232591253446,1.0,0.5885286783042394,0.5885286783042394,120.0,6.0,25.0,105.0,Metro,197.0,51.0,45.0,9.0,29.0,15648.0,1072.5532050000002,8.0,993.6997709,1140.691985,765.9285515,22163.0,valid,178.67617199837565,100.0,high_8_10,13,1
206041506,North Melbourne,100.0,94.86383386822547,1.0,0.30392156862745096,0.30392156862745096,85.0,3.0,9.0,37.0,Metro,39.0,14.0,10.0,9.0,10.0,15637.0,1055.7413,8.0,980.6817516,1138.742814,847.6259118,19286.0,valid,51.85108368764907,100.0,high_8_10,110,1
206041507,Royal Botanic Gardens Victoria,9.0,356.9381747120744,0.6666666666666666,0.3333333333333333,0.3333333333333333,300.0,0.0,2.0,94.0,Metro,2.0,0.0,2.0,0.0,5.0,,,,,,,0.0,zero_population,,66.66666666666666,,,368
206041508,Southbank (West) - South Wharf,124.0,199.3517057992493,0.9078947368421053,0.6513157894736842,0.6513157894736842,334.0,1.0,11.5,114.0,Metro,29.0,14.0,32.0,6.0,22.0,6463.0,1111.880625,10.0,1055.400819,1153.563408,890.7279027,8122.0,valid,152.67175572519082,90.78947368421053,high_8_10,15,199
206041509,Southbank - East,43.0,130.43644790877127,1.0,0.3488372093023256,0.3488372093023256,100.0,2.0,7.0,40.0,Metro,16.0,4.0,7.0,8.0,5.0,16101.0,1104.055357,9.0,1052.284565,1154.892175,858.5464972,19552.0,valid,21.99263502454992,100.0,high_8_10,289,1
206041510,West Melbourne - Residential,56.0,81.44885829200979,1.0,0.30357142857142855,0.30357142857142855,65.5,2.5,10.0,39.0,Metro,16.0,7.0,12.0,5.0,9.0,7446.0,1099.228945,9.0,1045.856116,1150.352472,881.6573056999999,9699.0,valid,57.73791112485823,100.0,high_8_10,88,1
206051128,Albert Park,115.0,110.6624752879893,0.9478260869565217,0.16521739130434782,0.16521739130434782,119.0,2.0,5.0,19.0,Metro,41.0,8.0,15.0,8.0,20.0,15825.0,1132.190499,10.0,1084.273674,1159.866294,995.7771908,17253.0,valid,66.65507447980062,94.78260869565217,high_8_10,69,146
206051129,Elwood,52.0,123.12574559946579,0.8947368421052632,0.19298245614035087,0.19298245614035087,50.0,2.0,6.0,22.0,Metro,21.0,5.0,4.0,7.0,8.0,14818.0,1116.926238,10.0,1083.043669,1154.11529,977.6509939,16056.0,valid,32.38664673642252,89.47368421052632,high_8_10,214,212
206051130,Port Melbourne,75.0,139.25012355578127,1.0,0.30666666666666664,0.30666666666666664,100.0,2.0,5.0,22.0,Metro,31.0,13.0,7.0,7.0,7.0,16192.0,1108.320296,9.0,1051.7523350000001,1138.41542,989.5683685,16927.0,valid,44.3079104389437,100.0,high_8_10,137,1
206051134,St Kilda East,61.0,73.98155673146495,1.0,0.3548387096774194,0.3548387096774194,68.0,6.5,18.0,39.5,Metro,30.0,4.0,8.0,6.0,5.0,15813.0,1100.741364,9.0,1066.2152760000001,1143.781666,941.055068,17380.0,valid,35.09781357882624,100.0,high_8_10,194,1
206051511,Port Melbourne Industrial,59.0,280.9807550979595,0.7796610169491526,0.2711864406779661,0.2711864406779661,200.0,0.0,3.0,14.0,Metro,8.0,8.0,8.0,3.0,15.0,1907.0,1141.407468,10.0,1083.8023640000001,1137.485553,957.9279664000001,3148.0,valid,187.42058449809403,77.96610169491525,high_8_10,12,317
206051512,South Melbourne,152.0,124.23402131264864,0.9868421052631579,0.3618421052631579,0.3618421052631579,74.5,2.0,9.0,35.0,Metro,62.0,26.0,13.0,11.0,15.0,11693.0,1093.8673809999998,9.0,1028.574206,1146.126594,930.5885731,13132.0,valid,115.74779165397501,98.68421052631578,high_8_10,24,99
206051513,St Kilda - Central,58.0,71.0122988281498,1.0,0.45454545454545453,0.45454545454545453,73.0,2.0,10.0,36.0,Metro,18.0,8.0,9.0,3.0,10.0,11857.0,1082.763242,9.0,1047.3646700000002,1122.288055,904.2830851,14012.0,valid,41.393091635740795,100.0,high_8_10,149,1
206051514,St Kilda - West,174.0,79.7685925152054,0.9774011299435028,0.5310734463276836,0.5310734463276836,122.5,4.0,10.0,32.0,Metro,59.0,13.0,33.0,6.0,27.0,13858.0,1090.969375,9.0,1051.681882,1137.413353,916.0472950999999,16298.0,valid,106.76156583629894,97.74011299435028,high_8_10,33,113
206061135,Armadale,67.0,45.814545839380536,1.0,0.2835820895522388,0.2835820895522388,80.0,4.0,10.0,43.0,Metro,39.0,7.0,5.0,3.0,11.0,9336.0,1130.3043010000001,10.0,1088.849208,1167.4757769999999,987.2631741,10032.0,valid,66.78628389154704,100.0,high_8_10,68,1
206061136,Prahran - Windsor,243.0,78.52090114849665,1.0,0.47368421052631576,0.47368421052631576,96.5,4.0,13.0,47.0,Metro,92.0,16.0,47.0,12.0,31.0,19119.0,1123.413072,10.0,1075.863969,1153.871345,940.9777631000001,21112.0,valid,115.10041682455476,100.0,high_8_10,25,1
206061138,Toorak,40.0,67.37010400104158,0.95,0.25,0.25,82.0,2.0,9.0,28.0,Metro,13.0,3.0,1.0,4.0,6.0,12953.0,1149.721382,10.0,1104.407271,1176.825595,1034.949906,13610.0,valid,29.390154298310065,95.0,high_8_10,231,143
206061515,South Yarra - North,77.0,121.96807539004044,1.0,0.2,0.2,92.0,4.0,16.0,34.0,Metro,34.0,4.0,10.0,6.0,14.0,11192.0,1142.23039,10.0,1090.427398,1188.3854359999998,904.6291408,13779.0,valid,55.8821394876261,100.0,high_8_10,98,1
206061516,South Yarra - South,109.0,83.68339035573581,1.0,0.47863247863247865,0.47863247863247865,80.0,5.0,12.0,37.0,Metro,59.0,6.0,11.0,5.0,9.0,9939.0,1093.9409130000001,9.0,1030.256844,1136.3899319999998,910.5684697,10440.0,valid,104.40613026819922,100.0,high_8_10,35,1
206071139,Abbotsford,87.0,100.3870740337559,0.9310344827586207,0.3448275862068966,0.3448275862068966,100.0,2.0,7.0,40.0,Metro,23.0,10.0,17.0,8.0,11.0,9088.0,1127.1147310000001,10.0,1077.085689,1162.826928,951.2176596999999,10316.0,valid,84.33501357115162,93.10344827586206,high_8_10,46,163
206071140,Carlton North - Princes Hill,55.0,82.5550921801187,0.9818181818181818,0.16363636363636364,0.16363636363636364,62.5,2.0,9.0,34.0,Metro,22.0,7.0,2.0,7.0,14.0,8186.0,1135.455693,10.0,1086.918761,1168.98203,968.8925744000001,8828.0,valid,62.30176710466697,98.18181818181819,high_8_10,78,105
206071141,Collingwood,145.0,129.62586979369928,0.9310344827586207,0.4413793103448276,0.4413793103448276,86.0,2.0,6.0,25.0,Metro,48.0,21.0,23.0,6.0,26.0,9179.0,1045.1247950000002,7.0,961.8584353,1109.224519,864.2250161000001,11383.0,valid,127.38293947114117,93.10344827586206,middle_4_7,21,163
206071142,Fitzroy,236.0,84.58280123306406,1.0,0.5677966101694916,0.5677966101694916,87.0,3.0,8.0,31.0,Metro,86.0,30.0,40.0,16.0,21.0,10431.0,1065.855679,8.0,978.8306873,1124.735498,884.1488096,12135.0,valid,194.47878038730943,100.0,high_8_10,11,1
206071143,Fitzroy North,68.0,57.79166390616815,1.0,0.3235294117647059,0.3235294117647059,75.0,4.0,9.0,32.0,Metro,27.0,14.0,7.0,4.0,8.0,12781.0,1125.161684,10.0,1066.295397,1171.1454970000002,961.9020757000001,13749.0,valid,49.45814241035712,100.0,high_8_10,119,1
206071145,Clifton Hill - Alphington,37.0,239.24243306680862,0.7297297297297297,0.21621621621621623,0.21621621621621623,75.0,0.0,4.0,20.0,Metro,12.0,2.0,4.0,1.0,12.0,9855.0,1143.273394,10.0,1094.355915,1174.59906,1026.127159,11419.0,valid,32.402136789561254,72.97297297297297,high_8_10,213,342
206071517,Richmond (South) - Cremorne,214.0,83.55886458653163,0.96875,0.4017857142857143,0.4017857142857143,93.5,3.0,12.0,33.0,Metro,91.0,30.0,28.0,9.0,29.0,17671.0,1157.5058769999998,10.0,1105.849271,1173.341502,983.5446055,19225.0,valid,111.31339401820546,96.875,high_8_10,29,122
206071518,Richmond - North,79.0,108.43012399467582,0.8888888888888888,0.2839506172839506,0.2839506172839506,110.0,2.0,7.0,21.0,Metro,31.0,11.0,9.0,9.0,4.0,13867.0,1048.083664,8.0,976.8882926,1101.2063580000001,886.9383048000001,15303.0,valid,51.62386460171208,88.88888888888889,high_8_10,111,214
201011001,Alfredton,23.0,229.50736168798613,0.782608695652174,0.043478260869565216,0.043478260869565216,115.0,0.0,3.0,6.0,Regional,3.0,3.0,1.0,5.0,7.0,16835.0,1010.8530569999999,6.0,1034.7241789999998,1009.718885,1035.9940749999998,20825.0,valid,11.044417767106843,78.26086956521739,middle_4_7,411,315
201011002,Ballarat,158.0,123.43286737246163,0.9538461538461539,0.3333333333333333,0.3333333333333333,104.5,2.0,7.0,23.0,Regional,64.0,24.0,15.0,10.0,22.0,12131.0,1039.8986869999999,7.0,1042.0690379999999,1075.750257,978.4122774,11668.0,valid,135.41309564621187,95.38461538461539,middle_4_7,19,138
201011005,Buninyong,15.0,337.8882464406674,0.6,0.13333333333333333,0.13333333333333333,100.0,0.0,3.0,10.0,Regional,4.0,2.0,1.0,1.0,3.0,7261.0,1040.4715130000002,7.0,1068.115125,1049.966027,1052.5396640000001,7384.0,valid,20.314192849404115,60.0,middle_4_7,301,391
201011006,Delacombe,12.0,272.1303038211165,0.5833333333333334,0.25,0.25,170.5,0.0,2.0,6.0,Regional,3.0,2.0,2.0,2.0,2.0,10661.0,946.6715299,3.0,982.1979459,936.6763072,1006.2425649999999,15255.0,valid,7.866273352999017,58.333333333333336,low_1_3,440,398
201011007,Smythes Creek,4.0,788.4752047319756,0.42857142857142855,0.0,0.0,,0.0,0.0,1.0,Regional,0.0,0.0,0.0,1.0,2.0,4230.0,1004.772211,6.0,1055.321613,959.5235598,1090.7941660000001,4250.0,valid,9.411764705882353,42.857142857142854,middle_4_7,427,457
201011008,Wendouree - Miners Rest,31.0,110.50329932613243,0.7142857142857143,0.14285714285714285,0.14285714285714285,224.0,2.0,3.0,11.0,Regional,3.0,1.0,2.0,7.0,8.0,15333.0,886.275336,1.0,910.4242575000001,887.6092012,917.0160139999999,15548.0,valid,19.9382557242089,71.42857142857143,low_1_3,308,348
201011481,Ballarat East - Warrenheip,25.0,300.8612031647407,0.64,0.2,0.2,150.0,0.0,4.0,10.0,Regional,2.0,8.0,3.0,2.0,6.0,9691.0,940.1035727000001,3.0,958.7253929999999,971.1440447,928.5231706,9771.0,valid,25.585917511001945,64.0,low_1_3,252,376
201011482,Ballarat North - Invermay,29.0,285.8253633236143,0.8275862068965517,0.3793103448275862,0.3793103448275862,200.0,0.0,4.0,10.0,Regional,7.0,7.0,3.0,1.0,4.0,14750.0,1014.682006,6.0,1034.273066,1025.9288669999999,1006.754916,15204.0,valid,19.07392791370692,82.75862068965517,middle_4_7,322,279
201011483,Canadian - Mount Clear,28.0,172.4496173569274,0.84375,0.1875,0.1875,134.5,1.0,4.0,10.5,Regional,6.0,3.0,4.0,3.0,7.0,12225.0,963.0631877,4.0,979.6761549,986.6080000999999,945.6053162000001,12518.0,valid,22.36779038185014,84.375,middle_4_7,284,267
201011484,Sebastopol - Redan,18.0,138.51915372313772,0.8333333333333334,0.16666666666666666,0.16666666666666666,452.5,1.0,4.0,12.0,Regional,0.0,3.0,4.0,6.0,4.0,13086.0,860.5844506,1.0,881.0807176999999,888.0017251,876.5116348,12766.0,valid,14.099953000156667,83.33333333333334,low_1_3,365,275
201021009,Bacchus Marsh Surrounds,23.0,7104.201682713281,0.13793103448275862,0.2413793103448276,0.2413793103448276,187.0,0.0,0.0,0.0,Regional,3.0,6.0,1.0,1.0,6.0,6559.0,987.8611687,5.0,1022.058595,966.7453663,1041.367783,6770.0,valid,33.97341211225997,13.793103448275861,middle_4_7,198,504
201021010,Creswick - Clunes,45.0,270.40474824498494,0.5294117647058824,0.27450980392156865,0.27450980392156865,153.0,0.0,2.0,2.0,Regional,5.0,9.0,4.0,2.0,10.0,8085.0,955.121678,4.0,985.5240483,961.9451097,992.6644428,8038.0,valid,55.98407564070664,52.94117647058824,middle_4_7,97,420
201021011,Daylesford,116.0,449.01544587559306,0.4574898785425101,0.145748987854251,0.145748987854251,100.0,0.0,0.0,1.0,Regional,27.0,24.0,5.0,4.0,22.0,9955.0,1010.686629,6.0,1027.855275,1044.76989,1013.723454,10342.0,valid,112.16399149100755,45.74898785425101,middle_4_7,27,445
201021012,Gordon (Vic.),22.0,530.7925170470845,0.4074074074074074,0.37037037037037035,0.37037037037037035,120.0,0.0,0.0,2.0,Regional,1.0,7.0,4.0,0.0,7.0,6372.0,1001.359164,6.0,1036.5468190000001,987.7284161,1051.376916,6557.0,valid,33.55192923593106,40.74074074074074,middle_4_7,202,466
201031013,Avoca,53.0,6394.732556895769,0.18867924528301888,0.07547169811320754,0.07547169811320754,187.0,0.0,0.0,0.0,Regional,0.0,8.0,0.0,2.0,12.0,3532.0,918.1866573,2.0,946.5651034,930.4440748999999,965.2768404,3609.0,valid,146.85508451094486,18.867924528301888,low_1_3,17,501
201031014,Beaufort,17.0,900.926221383497,0.5,0.2777777777777778,0.2777777777777778,100.0,0.0,0.5,1.0,Regional,2.0,4.0,2.0,1.0,6.0,4644.0,939.4164039999999,3.0,969.1237593,939.7369138,993.7824537,4816.0,valid,35.29900332225914,50.0,low_1_3,193,425
201031015,Golden Plains - North,12.0,263.4905897544213,0.5333333333333333,0.13333333333333333,0.13333333333333333,100.0,0.0,1.0,2.0,Regional,0.0,5.0,0.0,1.0,3.0,4894.0,954.6662909,4.0,997.0173714,939.4035733000001,1028.005208,5021.0,valid,23.899621589324838,53.333333333333336,middle_4_7,272,419
201031016,Maryborough (Vic.),28.0,124.94162498680123,0.9666666666666667,0.16666666666666666,0.16666666666666666,200.0,2.0,6.5,20.0,Regional,4.0,4.0,1.0,7.0,6.0,8160.0,854.3126423,1.0,879.0319869,856.0919459,894.5939357999999,8229.0,valid,34.02600558998663,96.66666666666667,low_1_3,197,123
201031017,Maryborough Surrounds,24.0,685.0881483554207,0.41935483870967744,0.0967741935483871,0.0967741935483871,200.0,0.0,0.0,2.0,Regional,2.0,6.0,1.0,2.0,8.0,5526.0,886.0925839,1.0,924.6902376,892.8394659999999,962.3357255,5714.0,valid,42.002100105005255,41.935483870967744,low_1_3,145,464
202011018,Bendigo,156.0,124.68368015926174,0.9811320754716981,0.389937106918239,0.389937106918239,120.0,1.0,4.0,18.0,Regional,56.0,21.0,16.0,8.0,26.0,14929.0,917.5876096,2.0,918.8578536,957.3624621,899.6506034,14457.0,valid,107.90620460676489,98.11320754716981,low_1_3,30,106
202011019,California Gully - Eaglehawk,19.0,128.93596486030455,0.85,0.25,0.25,200.0,2.0,4.0,17.0,Regional,0.0,5.0,0.0,2.0,8.0,12949.0,887.5139834,1.0,911.8779589999999,889.7115275,939.7242056,13523.0,valid,14.050136803963618,85.0,low_1_3,366,259
202011020,East Bendigo - Kennington,29.0,171.11148182775858,0.8,0.22857142857142856,0.22857142857142856,172.0,1.0,4.0,10.0,Regional,2.0,4.0,0.0,5.0,9.0,13988.0,986.486401,5.0,1002.2746189999999,1011.1964250000001,964.1685443,13941.0,valid,20.801951079549532,80.0,middle_4_7,299,300
202011021,Flora Hill - Spring Gully,11.0,67.18099866712964,1.0,0.25,0.25,150.0,2.0,3.5,13.0,Regional,2.0,3.0,0.0,0.0,3.0,9437.0,980.540213,5.0,993.3515206,1025.47078,943.3021608,9534.0,valid,11.537654709460876,100.0,middle_4_7,402,1
207011146,Ashburton (Vic.),25.0,96.99552230865525,0.96,0.16,0.16,50.0,2.0,7.0,17.0,Metro,11.0,1.0,0.0,3.0,2.0,7952.0,1125.857939,10.0,1081.6467930000001,1138.245797,1070.364488,8471.0,valid,29.512454255695904,96.0,high_8_10,227,129
207011147,Balwyn,52.0,94.75854311034672,0.9807692307692307,0.07692307692307693,0.07692307692307693,62.0,2.0,6.0,18.0,Metro,25.0,0.0,2.0,8.0,5.0,16163.0,1108.842189,9.0,1063.8310869999998,1141.501772,1039.6654460000002,16868.0,valid,30.827602561062367,98.07692307692307,high_8_10,219,107
202011022,Kangaroo Flat - Golden Square,38.0,89.95926987158501,0.9473684210526315,0.21052631578947367,0.21052631578947367,313.0,2.0,4.0,14.5,Regional,4.0,7.0,2.0,8.0,12.0,21043.0,920.7503375,2.0,951.6009899000001,922.6046064,947.6095336000001,21369.0,valid,17.78276943235528,94.73684210526315,low_1_3,334,147
207011148,Balwyn North,45.0,73.47914262322998,0.9333333333333333,0.1111111111111111,0.1111111111111111,60.0,2.0,5.0,17.0,Metro,14.0,0.0,0.0,9.0,15.0,21123.0,1115.19079,10.0,1075.439172,1126.504602,1077.91077,22454.0,valid,20.0409726552062,93.33333333333333,high_8_10,306,159
202011023,Maiden Gully,8.0,340.61276264972105,0.5,0.125,0.125,180.0,0.0,0.5,1.0,Regional,0.0,1.0,0.0,1.0,4.0,5518.0,1024.217347,7.0,1071.784851,986.9278132000001,1090.794649,5869.0,valid,13.630942238882264,50.0,middle_4_7,372,425
202011024,Strathfieldsaye,13.0,413.14740804040935,0.46153846153846156,0.3076923076923077,0.3076923076923077,322.0,0.0,0.0,3.0,Regional,0.0,2.0,2.0,1.0,5.0,10719.0,1049.7562130000001,8.0,1078.5649700000001,1035.207304,1092.689497,11705.0,valid,11.106364801366938,46.15384615384615,high_8_10,410,442
202011025,White Hills - Ascot,22.0,160.74154634964998,0.6818181818181818,0.18181818181818182,0.18181818181818182,304.0,2.0,2.0,7.5,Regional,2.0,2.0,4.0,5.0,4.0,14446.0,961.3495476,4.0,996.8129458,954.3056244,1012.333412,16095.0,valid,13.668841255048152,68.18181818181817,middle_4_7,371,361
202021026,Bendigo Surrounds - South,26.0,3871.2597537813326,0.05714285714285714,0.11428571428571428,0.11428571428571428,242.0,0.0,0.0,0.0,Regional,1.0,2.0,1.0,0.0,9.0,8344.0,1024.613951,7.0,1068.322149,995.7203218,1090.7217030000002,9094.0,valid,28.590279305036287,5.714285714285714,middle_4_7,237,509
202021027,Castlemaine,62.0,212.37126848507205,0.8870967741935484,0.1935483870967742,0.1935483870967742,100.0,0.0,2.5,9.0,Regional,16.0,15.0,4.0,7.0,12.0,11352.0,984.3956667,5.0,997.9139565,1037.038824,971.1904553999999,11640.0,valid,53.264604810996566,88.70967741935483,middle_4_7,102,224
202021028,Castlemaine Surrounds,72.0,1042.8443878432727,0.425,0.0875,0.0875,110.0,0.0,0.0,0.0,Regional,4.0,11.0,2.0,3.0,16.0,9225.0,991.6628175999999,5.0,1021.2760179999999,1016.26611,1021.3494059999999,9675.0,valid,74.4186046511628,42.5,middle_4_7,52,463
202021029,Heathcote,61.0,1570.994001854006,0.3108108108108108,0.04054054054054054,0.04054054054054054,100.0,0.0,0.0,0.0,Regional,3.0,8.0,1.0,3.0,6.0,5062.0,932.1261662,3.0,964.6306176999999,931.1598978000001,988.6375845,5382.0,valid,113.34076551467857,31.08108108108108,low_1_3,26,488
207011149,Camberwell,78.0,77.830488398493,0.9230769230769231,0.07692307692307693,0.07692307692307693,73.5,3.0,6.5,22.0,Metro,35.0,2.0,0.0,8.0,14.0,21232.0,1137.165986,10.0,1096.586184,1156.3445769999998,1067.584605,22052.0,valid,35.37094141120986,92.3076923076923,high_8_10,191,176
202021030,Kyneton,69.0,186.03818573685604,0.7222222222222222,0.1527777777777778,0.1527777777777778,95.0,1.0,3.0,11.0,Regional,19.0,10.0,4.0,7.0,11.0,10562.0,1018.551695,6.0,1036.066981,1028.499478,1037.4299290000001,10665.0,valid,64.69760900140646,72.22222222222221,middle_4_7,75,345
202021031,Woodend,41.0,194.65480789331045,0.6585365853658537,0.14634146341463414,0.14634146341463414,78.0,1.0,1.0,4.0,Regional,9.0,5.0,3.0,2.0,9.0,7949.0,1064.1262259999999,8.0,1065.173343,1077.651335,1070.11705,8084.0,valid,50.71746660069273,65.85365853658537,high_8_10,115,370
202031032,Bendigo Surrounds - North,20.0,787.1386829234002,0.4,0.08,0.08,113.0,0.0,0.0,1.0,Regional,0.0,6.0,0.0,1.0,8.0,4934.0,952.4541832,4.0,995.1012165,937.1651638000001,1022.252243,5505.0,valid,36.330608537693,40.0,middle_4_7,180,468
202031033,Loddon,59.0,471.43586788890053,0.4536082474226804,0.1134020618556701,0.1134020618556701,196.0,0.0,0.0,2.0,Regional,1.0,14.0,1.0,4.0,19.0,7289.0,924.7729118000001,2.0,947.1096165,942.5258324,963.928524,7231.0,valid,81.59314064444753,45.36082474226804,low_1_3,48,449
203011034,Bannockburn,18.0,561.0546844173338,0.3125,0.0625,0.0625,180.0,0.0,0.0,1.0,Regional,2.0,1.0,0.0,2.0,2.0,7754.0,1013.925144,6.0,1055.124031,969.7058819,1096.6751809999998,8395.0,valid,21.44133412745682,31.25,middle_4_7,296,486
203011035,Golden Plains - South,27.0,875.7895139399467,0.3333333333333333,0.14814814814814814,0.14814814814814814,95.0,0.0,0.0,0.0,Regional,1.0,5.0,1.0,2.0,9.0,8111.0,1002.14548,6.0,1043.310385,977.3340257,1076.4171469999999,8954.0,valid,30.154121063211974,33.33333333333333,middle_4_7,222,478
203011036,Winchelsea,39.0,13543.72373335899,0.0,0.07272727272727272,0.07272727272727272,100.0,0.0,0.0,0.0,Regional,7.0,4.0,1.0,2.0,13.0,6614.0,1025.7196809999998,7.0,1054.023134,1020.227292,1072.7189990000002,7079.0,valid,55.09252719310637,0.0,middle_4_7,100,510
207011150,Glen Iris - East,41.0,97.42663573253182,0.926829268292683,0.0975609756097561,0.0975609756097561,80.0,2.0,4.0,18.0,Metro,11.0,2.0,0.0,5.0,10.0,16829.0,1154.928153,10.0,1116.466336,1162.933508,1098.913382,17650.0,valid,23.229461756373937,92.6829268292683,high_8_10,280,172
203021037,Belmont,51.0,110.58420156629074,0.8245614035087719,0.08771929824561403,0.08771929824561403,80.0,2.0,4.0,12.0,Regional,15.0,4.0,2.0,5.0,14.0,15017.0,995.2378865,5.0,1013.744596,1021.37049,958.3426512999999,15227.0,valid,33.49313719051685,82.45614035087719,middle_4_7,203,282
203021039,Geelong,244.0,171.40706338132298,0.8471760797342193,0.4019933554817276,0.4019933554817276,140.0,1.0,4.0,20.0,Regional,83.0,35.0,39.0,9.0,43.0,13504.0,1014.205833,6.0,1016.317519,1044.781608,953.2125398,13719.0,valid,177.8555288286318,84.71760797342192,middle_4_7,14,264
207011152,Hawthorn East,91.0,103.24164034910679,0.945054945054945,0.31868131868131866,0.31868131868131866,100.0,4.0,14.0,31.0,Metro,44.0,8.0,9.0,8.0,12.0,15684.0,1131.806476,10.0,1091.2995310000001,1164.2469740000001,1013.994662,17541.0,valid,51.878456188358705,94.5054945054945,high_8_10,109,151
203021040,Geelong West - Hamlyn Heights,82.0,110.4025684975255,0.8658536585365854,0.17073170731707318,0.17073170731707318,86.0,2.0,5.0,18.0,Regional,27.0,9.0,11.0,12.0,13.0,21200.0,1022.381816,7.0,1032.798293,1038.42048,978.9402247,22415.0,valid,36.58264554985501,86.58536585365853,middle_4_7,177,248
207011154,Kew East,23.0,87.86926147018407,0.8260869565217391,0.08695652173913043,0.08695652173913043,79.5,3.0,6.0,23.0,Metro,8.0,0.0,1.0,1.0,9.0,6482.0,1122.332717,10.0,1087.164618,1137.907019,1065.210689,6759.0,valid,34.0287024707797,82.6086956521739,high_8_10,196,281
203021042,Highton,28.0,178.57479878072195,0.71875,0.0625,0.0625,150.0,1.0,2.0,8.0,Regional,5.0,0.0,3.0,5.0,8.0,24034.0,1069.858943,8.0,1077.423858,1076.8545159999999,1060.004755,25794.0,valid,10.85523765216717,71.875,high_8_10,418,347
203021043,Lara,32.0,304.1183161040687,0.5526315789473685,0.05263157894736842,0.05263157894736842,300.0,0.0,4.0,8.0,Regional,6.0,1.0,1.0,4.0,8.0,20817.0,993.8186843,5.0,1026.60442,964.2007962,1042.083219,23952.0,valid,13.360053440213761,55.26315789473685,middle_4_7,375,412
203021044,Leopold,18.0,230.45145132643916,0.8333333333333334,0.1111111111111111,0.1111111111111111,87.5,0.5,5.0,6.0,Regional,6.0,0.0,1.0,5.0,4.0,13272.0,982.6745151,5.0,1025.5678990000001,964.2653387,1029.268319,13869.0,valid,12.978585334198572,83.33333333333334,middle_4_7,381,275
203021045,Newcomb - Moolap,25.0,177.25050052144786,0.96,0.08,0.08,268.0,2.0,4.0,13.0,Regional,4.0,0.0,0.0,7.0,7.0,15462.0,890.5601456,1.0,919.8791829,888.2393033999999,927.4360049000001,15187.0,valid,16.461447290445776,96.0,low_1_3,345,129
203021046,Newtown (Vic.),42.0,189.50216123449826,0.7619047619047619,0.23809523809523808,0.23809523809523808,72.0,0.5,4.0,12.0,Regional,13.0,5.0,2.0,4.0,11.0,10445.0,1081.265616,9.0,1072.697412,1098.6910030000001,1035.280534,10393.0,valid,40.41181564514577,76.19047619047619,high_8_10,153,325
207011155,Surrey Hills (West) - Canterbury,36.0,103.39004351607791,0.9166666666666666,0.08333333333333333,0.08333333333333333,50.0,4.0,7.0,18.0,Metro,18.0,2.0,0.0,4.0,5.0,15944.0,1142.502158,10.0,1102.5636709999999,1158.7829239999999,1084.8465820000001,16229.0,valid,22.182512785753897,91.66666666666666,high_8_10,286,184
203021047,North Geelong - Bell Park,40.0,187.99651379409397,0.8095238095238095,0.19047619047619047,0.19047619047619047,310.5,1.0,3.0,12.0,Regional,6.0,3.0,2.0,7.0,12.0,15795.0,955.6139621,4.0,971.1303001,955.6804199999999,960.1378346,15724.0,valid,25.438819638768763,80.95238095238095,middle_4_7,253,296
203021485,Charlemont,10.0,137.22930261942452,1.0,0.09090909090909091,0.09090909090909091,74.0,1.0,4.0,7.0,Regional,3.0,1.0,0.0,4.0,1.0,10300.0,1021.4431569999999,6.0,1050.1464170000002,1015.218883,1038.168827,15110.0,valid,6.618133686300463,100.0,middle_4_7,459,1
203021486,Corio - Lovely Banks,33.0,428.58792985980915,0.42857142857142855,0.08571428571428572,0.08571428571428572,574.0,0.0,0.0,5.0,Regional,0.0,0.0,2.0,5.0,10.0,18325.0,848.5632699,1.0,848.5578737000001,847.221822,908.902676,18486.0,valid,17.851346965271016,42.857142857142854,low_1_3,331,457
203021487,Grovedale - Mount Duneed,43.0,174.09622949448305,0.8125,0.10416666666666667,0.10416666666666667,118.0,1.0,4.0,10.0,Regional,10.0,1.0,3.0,7.0,9.0,24763.0,1002.9152770000001,6.0,1031.115896,1002.862244,1017.710825,28585.0,valid,15.042854644044079,81.25,middle_4_7,358,290
203021488,Norlane,22.0,409.3736411216676,0.45454545454545453,0.045454545454545456,0.045454545454545456,303.0,0.0,0.0,11.0,Regional,0.0,0.0,0.0,8.0,5.0,9051.0,787.6768903,1.0,764.2564954,826.041108,805.3667391,8833.0,valid,24.906600249066003,45.45454545454545,low_1_3,260,446
203031048,Clifton Springs,47.0,364.7262972946102,0.5106382978723404,0.10638297872340426,0.10638297872340426,155.0,0.0,1.0,6.0,Regional,7.0,2.0,1.0,7.0,12.0,16797.0,974.4905936,5.0,1013.845111,962.5396370999999,1018.3812290000001,17912.0,valid,26.23939258597588,51.06382978723404,middle_4_7,248,423
203031049,Lorne - Anglesea,77.0,257.8465485540063,0.7142857142857143,0.33766233766233766,0.33766233766233766,86.0,0.0,2.0,3.0,Regional,29.0,12.0,7.0,5.0,13.0,6234.0,1064.802649,8.0,1078.331438,1079.219548,1039.547606,6307.0,valid,122.0865704772475,71.42857142857143,high_8_10,23,348
207011519,Hawthorn - North,56.0,66.60486663062233,0.9464285714285714,0.125,0.125,60.0,3.0,7.0,23.0,Metro,34.0,3.0,4.0,4.0,4.0,9890.0,1132.588814,10.0,1087.6500600000002,1171.168868,1000.130393,10910.0,valid,51.329055912007334,94.64285714285714,high_8_10,112,149
203031051,Portarlington,50.0,199.2847409037987,0.68,0.16,0.16,138.0,0.5,2.0,5.0,Regional,11.0,3.0,4.0,4.0,9.0,9536.0,971.6667075,4.0,1001.001291,975.205835,993.4971156,10874.0,valid,45.98123965422108,68.0,middle_4_7,126,363
203031052,Point Lonsdale - Queenscliff,55.0,116.52813505056707,0.8363636363636363,0.18181818181818182,0.18181818181818182,82.0,1.0,2.0,6.0,Regional,16.0,11.0,3.0,2.0,19.0,5519.0,1063.928002,8.0,1080.253677,1085.2512199999999,1035.575503,6053.0,valid,90.86403436312573,83.63636363636363,high_8_10,41,274
203031053,Torquay,99.0,181.1861167737399,0.7876106194690266,0.19469026548672566,0.19469026548672566,80.0,1.0,2.0,6.0,Regional,39.0,13.0,7.0,7.0,17.0,24607.0,1092.207794,9.0,1096.847321,1086.838853,1086.513001,26581.0,valid,37.24464843309131,78.76106194690266,high_8_10,172,312
207011520,Hawthorn - South,75.0,69.5604057599461,0.9466666666666667,0.26666666666666666,0.26666666666666666,60.0,4.0,17.0,23.0,Metro,34.0,9.0,3.0,4.0,11.0,11957.0,1124.666092,10.0,1087.425206,1167.076055,979.1953307,13562.0,valid,55.30157793835718,94.66666666666667,high_8_10,99,148
207011521,Kew - South,45.0,81.84418759287912,0.9777777777777777,0.2222222222222222,0.2222222222222222,79.0,3.0,8.0,23.0,Metro,17.0,4.0,2.0,1.0,13.0,11601.0,1143.3908199999998,10.0,1100.029836,1166.317608,1065.9335210000002,12306.0,valid,36.56752803510483,97.77777777777777,high_8_10,178,112
203031489,Barwon Heads - Armstrong Creek,40.0,177.38839117440375,0.675,0.125,0.125,117.5,1.0,3.0,6.0,Regional,9.0,4.0,3.0,6.0,9.0,11333.0,1063.606608,8.0,1075.4039480000001,1071.149536,1066.009165,15749.0,valid,25.398437996063244,67.5,high_8_10,255,367
203031490,Ocean Grove,69.0,317.77562741278797,0.6376811594202898,0.2318840579710145,0.2318840579710145,90.0,0.0,1.0,5.0,Regional,27.0,1.0,6.0,6.0,13.0,19394.0,1054.581768,8.0,1073.7088480000002,1056.354639,1061.440548,20792.0,valid,33.1858407079646,63.76811594202898,high_8_10,205,378
204011054,Alexandra,62.0,291.4449849298604,0.6018518518518519,0.26851851851851855,0.26851851851851855,200.0,0.0,1.0,1.0,Regional,10.0,19.0,4.0,3.0,14.0,6828.0,952.753785,4.0,989.3712057,953.4336781,983.7825312,6849.0,valid,90.52416411154913,60.18518518518518,middle_4_7,43,390
204011055,Euroa,40.0,960.3441443626388,0.3125,0.171875,0.171875,196.0,0.0,0.0,0.0,Regional,2.0,10.0,2.0,3.0,11.0,6922.0,951.4809861,4.0,978.271778,971.7012179999999,976.1261162999999,6880.0,valid,58.13953488372093,31.25,middle_4_7,87,486
204011056,Kilmore - Broadford,43.0,258.0787616001814,0.5510204081632653,0.14285714285714285,0.14285714285714285,200.0,0.0,2.0,4.0,Regional,5.0,6.0,0.0,8.0,16.0,15563.0,965.5851436,4.0,1001.764604,940.3412715,1023.922902,16694.0,valid,25.757757278063973,55.10204081632652,middle_4_7,251,413
204011057,Mansfield (Vic.),122.0,23330.141497407916,0.22950819672131148,0.2540983606557377,0.2540983606557377,200.0,0.0,0.0,0.0,Regional,15.0,24.0,10.0,6.0,13.0,10517.0,989.8886033,5.0,1027.5538709999998,982.6352477,1018.9042609999999,11324.0,valid,107.73578240904274,22.950819672131146,middle_4_7,31,495
204011058,Nagambie,55.0,2206.5037903047073,0.2,0.1,0.1,200.0,0.0,0.0,0.0,Regional,3.0,9.0,2.0,1.0,12.0,4537.0,959.0588792,4.0,988.2670639,956.0416126,999.0468718999999,4936.0,valid,111.42625607779578,20.0,middle_4_7,28,498
204011059,Seymour,33.0,172.70553065878642,0.8181818181818182,0.18181818181818182,0.18181818181818182,100.0,1.0,3.0,12.0,Regional,5.0,4.0,3.0,5.0,8.0,6569.0,883.5315207000001,1.0,901.6619103999999,883.6083304,912.7079974,6911.0,valid,47.749963825784974,81.81818181818183,low_1_3,122,285
204011060,Seymour Surrounds,21.0,2119.344985421712,0.3333333333333333,0.047619047619047616,0.047619047619047616,430.5,0.0,0.0,0.0,Regional,1.0,4.0,1.0,0.0,5.0,4645.0,1010.0491629999999,6.0,1046.078702,997.7839302,1048.032747,4488.0,valid,46.79144385026738,33.33333333333333,middle_4_7,125,478
204011061,Upper Yarra Valley,2.0,8950.025026079464,0.0,0.0,0.0,239.0,0.0,0.0,0.0,Metro,0.0,1.0,1.0,0.0,0.0,238.0,893.1276233,2.0,915.9536661000001,925.3460314,953.1347132,236.0,valid,84.7457627118644,0.0,low_1_3,45,510
204011062,Yea,31.0,1278.9826615021843,0.45161290322580644,0.16129032258064516,0.16129032258064516,160.0,0.0,0.0,0.0,Regional,1.0,9.0,1.0,1.0,6.0,4182.0,968.8824473,4.0,995.3334561,973.8530519999999,1000.606526,4368.0,valid,70.97069597069597,45.16129032258064,middle_4_7,55,451
204021063,Benalla,36.0,170.551852219501,0.8421052631578947,0.15789473684210525,0.15789473684210525,258.5,1.0,2.0,7.0,Regional,5.0,3.0,4.0,9.0,8.0,10822.0,921.8295863000001,2.0,950.4355162,925.8806145,949.8510801,10861.0,valid,33.1461191418838,84.21052631578947,low_1_3,206,269
204021064,Benalla Surrounds,27.0,15949.603627056227,0.07407407407407407,0.18518518518518517,0.18518518518518517,147.0,0.0,0.0,0.0,Regional,0.0,7.0,2.0,1.0,9.0,3781.0,986.3382783000001,5.0,1020.7177730000001,990.0951478,1042.0130589999999,3809.0,valid,70.88474665266475,7.4074074074074066,middle_4_7,57,507
204021065,Rutherglen,53.0,717.9003810062145,0.4268292682926829,0.10975609756097561,0.10975609756097561,155.0,0.0,0.0,2.0,Regional,3.0,7.0,3.0,2.0,11.0,4047.0,954.3896748999999,4.0,987.1036526,939.9700183,1001.176779,4120.0,valid,128.64077669902912,42.68292682926829,middle_4_7,20,461
207011522,Kew - West,39.0,103.76302049682064,0.9743589743589743,0.23076923076923078,0.23076923076923078,108.5,2.0,7.0,21.0,Metro,13.0,4.0,3.0,5.0,5.0,13039.0,1125.5548789999998,10.0,1080.938503,1153.0140609999999,1050.552451,13799.0,valid,28.262917602724833,97.43589743589743,high_8_10,238,118
204021066,Wangaratta,66.0,202.6169559894192,0.9054054054054054,0.28378378378378377,0.28378378378378377,200.0,0.0,3.0,7.0,Regional,17.0,12.0,6.0,6.0,14.0,19882.0,935.0106376,3.0,964.1621511,941.0132427,957.432272,20019.0,valid,32.96867975423348,90.54054054054053,low_1_3,208,200
204021067,Wangaratta Surrounds,93.0,2183.6317656456945,0.26732673267326734,0.039603960396039604,0.039603960396039604,170.0,0.0,0.0,0.0,Regional,3.0,15.0,4.0,1.0,25.0,9925.0,999.6783618000001,6.0,1036.676101,996.3777695,1048.173339,10070.0,valid,92.35352532274081,26.732673267326735,middle_4_7,39,492
204031068,Beechworth,69.0,582.362142286973,0.46616541353383456,0.09022556390977443,0.09022556390977443,68.0,0.0,0.0,2.0,Regional,9.0,11.0,3.0,1.0,12.0,4986.0,1010.480363,6.0,1029.1710070000001,1036.6143769999999,1015.260876,4962.0,valid,139.05683192261185,46.616541353383454,middle_4_7,18,440
204031069,Bright - Mount Beauty,186.0,1151.1066604797531,0.34627831715210355,0.1650485436893204,0.1650485436893204,135.0,0.0,0.0,0.0,Regional,39.0,37.0,21.0,6.0,28.0,8903.0,1010.900579,6.0,1045.516541,1020.581309,1010.805406,8976.0,valid,207.2192513368984,34.627831715210355,middle_4_7,10,476
207021156,Bulleen,22.0,244.9487880514913,0.6818181818181818,0.045454545454545456,0.045454545454545456,575.0,0.0,4.0,11.5,Metro,3.0,0.0,0.0,4.0,8.0,11289.0,1061.388847,8.0,1047.2549609999999,1061.370417,1037.183641,11810.0,valid,18.62828111769687,68.18181818181817,high_8_10,326,361
204031070,Chiltern - Indigo Valley,14.0,458.7020078724928,0.4,0.06666666666666667,0.06666666666666667,155.0,0.0,0.0,2.0,Regional,0.0,3.0,1.0,1.0,4.0,3184.0,969.1443628000001,4.0,1020.7452119999999,939.8575440999999,1033.7290150000001,3257.0,valid,42.98434141848327,40.0,middle_4_7,140,468
204031071,Myrtleford,42.0,828.5069565277461,0.43373493975903615,0.12048192771084337,0.12048192771084337,100.0,0.0,0.0,0.0,Regional,9.0,5.0,0.0,3.0,15.0,4745.0,950.7080896,4.0,991.9319664000001,941.2379561,988.9920413,4635.0,valid,90.61488673139158,43.373493975903614,middle_4_7,42,455
204031072,Towong,42.0,773.927066550943,0.35714285714285715,0.23809523809523808,0.23809523809523808,150.0,0.0,0.0,1.0,Regional,4.0,12.0,1.0,3.0,9.0,6196.0,967.9935018,4.0,1000.349436,969.861632,1006.0800690000001,6155.0,valid,68.23720552396425,35.714285714285715,middle_4_7,65,474
205011076,Drouin,42.0,234.70037853851375,0.64,0.16,0.16,66.5,0.0,4.0,4.0,Regional,9.0,5.0,2.0,4.0,11.0,19773.0,952.6073417,4.0,990.1378576999999,933.6692946000001,1016.311518,22118.0,valid,18.989058685233744,64.0,middle_4_7,323,376
205011077,Mount Baw Baw Region,42.0,25417.571083586008,0.0,0.07142857142857142,0.07142857142857142,150.0,0.0,0.0,0.0,Regional,3.0,10.0,2.0,3.0,7.0,6585.0,985.1404377,5.0,1019.462189,974.3024053,1036.249036,6750.0,valid,62.22222222222222,0.0,middle_4_7,79,510
205011078,Trafalgar (Vic.),29.0,310.937815781733,0.6111111111111112,0.16666666666666666,0.16666666666666666,144.5,0.0,4.0,4.0,Regional,7.0,4.0,0.0,3.0,9.0,8368.0,967.4425529,4.0,1005.426634,958.1944295,1017.570688,8618.0,valid,33.650498955674166,61.111111111111114,middle_4_7,201,386
205011079,Warragul,69.0,172.07931063745303,0.7619047619047619,0.16666666666666666,0.16666666666666666,149.0,1.0,5.0,16.0,Regional,13.0,9.0,6.0,7.0,16.0,23051.0,984.5982613,5.0,1009.513115,978.8302042,1019.2728209999999,25392.0,valid,27.17391304347826,76.19047619047619,middle_4_7,243,325
205021080,Alps - East,0.0,,,,,,,,,,0.0,0.0,0.0,0.0,0.0,,,,,,,0.0,zero_population,,,,,
205021081,Bairnsdale,60.0,262.8122995554766,0.7432432432432432,0.3108108108108108,0.3108108108108108,134.0,0.0,3.0,5.0,Regional,16.0,6.0,7.0,7.0,14.0,15684.0,920.4514584,2.0,951.3854726,921.972926,956.0385382,15917.0,valid,37.69554564302319,74.32432432432432,low_1_3,168,337
205021082,Bruthen - Omeo,57.0,1812.144682689981,0.3157894736842105,0.19298245614035087,0.19298245614035087,203.0,0.0,0.0,0.0,Regional,8.0,13.0,0.0,5.0,16.0,8290.0,959.7596111,4.0,1000.050405,951.2298638,1022.1944669999999,8651.0,valid,65.88833660848458,31.57894736842105,middle_4_7,72,484
205021083,Lake King,0.0,,,,,,,,,,0.0,0.0,0.0,0.0,0.0,,,,,,,0.0,zero_population,,,,,
205021084,Lakes Entrance,59.0,210.8553674406164,0.6027397260273972,0.2054794520547945,0.2054794520547945,178.0,0.0,3.0,7.0,Regional,8.0,10.0,6.0,7.0,15.0,11164.0,923.2499811,2.0,955.4317599,921.8796232999999,962.1394346000001,11331.0,valid,52.06954372959139,60.273972602739725,low_1_3,108,389
205021085,Orbost,41.0,227.94915097076864,0.6428571428571429,0.23214285714285715,0.23214285714285715,164.0,0.0,1.0,1.0,Regional,3.0,14.0,1.0,8.0,7.0,6727.0,911.9637868,2.0,931.8619841,929.3954329,936.3574966,6727.0,valid,60.94841682770923,64.28571428571429,low_1_3,80,374
205021086,Paynesville,18.0,370.26158543374385,0.5,0.2857142857142857,0.2857142857142857,170.0,0.0,0.5,1.0,Regional,3.0,3.0,1.0,1.0,6.0,6977.0,949.9164029,3.0,989.0073054,953.1072121000001,986.1392662999999,7190.0,valid,25.034770514603615,50.0,low_1_3,259,425
205031087,Foster,65.0,4205.322583006028,0.32432432432432434,0.13513513513513514,0.13513513513513514,200.0,0.0,0.0,0.0,Regional,6.0,11.0,4.0,8.0,16.0,9446.0,970.5993998,4.0,1004.552227,984.0085332,1001.766194,9631.0,valid,67.49039559754958,32.432432432432435,middle_4_7,66,482
205031088,French Island,3.0,8891.502640584264,0.0,0.0,0.0,68.0,0.0,0.0,0.0,Regional,0.0,1.0,1.0,0.0,0.0,139.0,998.4028595,6.0,997.4419908,1057.681744,951.2167743,133.0,valid,225.56390977443607,0.0,middle_4_7,9,510
205041096,Morwell,47.0,232.4607441623394,0.8113207547169812,0.05660377358490566,0.05660377358490566,390.0,0.0,4.0,10.0,Regional,6.0,2.0,3.0,10.0,13.0,14432.0,820.2773596,1.0,824.4990638,828.8926693,859.0614509000001,14487.0,valid,32.44287982328984,81.13207547169812,low_1_3,212,294
205041098,Yallourn North - Glengarry,15.0,252.53203957305743,0.6,0.0,0.0,506.0,0.0,1.0,1.0,Regional,0.0,2.0,0.0,4.0,4.0,4707.0,950.2252198,3.0,1003.280473,903.7568857,1028.544945,4972.0,valid,30.168946098149636,60.0,low_1_3,221,391
205041493,Traralgon - East,75.0,179.5499331505162,0.98,0.42,0.42,150.0,1.0,4.0,18.0,Regional,33.0,6.0,12.0,5.0,7.0,12000.0,925.6562427,3.0,950.6442930999999,914.2324788999999,950.7094622999999,12362.0,valid,60.66979453162919,98.0,low_1_3,81,108
205041494,Traralgon - West,18.0,210.91749706871656,0.8888888888888888,0.1111111111111111,0.1111111111111111,431.5,0.0,2.0,8.0,Regional,1.0,1.0,2.0,2.0,8.0,16822.0,977.5696271,5.0,1011.333399,958.711036,993.8654174000001,17236.0,valid,10.443258296588535,88.88888888888889,middle_4_7,421,214
205051099,Alps - West,1.0,42000.5719601819,0.0,0.0,0.0,,0.0,0.0,0.0,Regional,0.0,0.0,0.0,1.0,0.0,,,,,1057.887304,,23.0,valid,434.7826086956522,0.0,,6,510
205051100,Longford - Loch Sport,20.0,351.487185601369,0.5,0.05,0.05,200.0,0.0,0.5,2.0,Regional,1.0,1.0,0.0,4.0,6.0,4915.0,948.4035503,3.0,977.5982997,937.2144794999999,1008.676733,4993.0,valid,40.05607850991388,50.0,low_1_3,156,425
205051101,Maffra,55.0,444.4596237515967,0.453125,0.171875,0.171875,200.0,0.0,0.0,2.0,Regional,8.0,9.0,3.0,5.0,12.0,14756.0,939.758022,3.0,980.4439257,921.5353112,999.7980002,15549.0,valid,35.372049649495146,45.3125,low_1_3,190,450
205051102,Rosedale,19.0,326.0885372651638,0.5909090909090909,0.13636363636363635,0.13636363636363635,288.0,0.0,1.0,1.5,Regional,3.0,4.0,1.0,3.0,4.0,4928.0,953.9736264000001,4.0,991.0019614,937.0548262,1022.398805,5020.0,valid,37.84860557768925,59.09090909090909,middle_4_7,166,395
205051103,Sale,55.0,197.7762474457394,0.8387096774193549,0.1935483870967742,0.1935483870967742,151.5,0.5,3.0,11.0,Regional,12.0,8.0,4.0,7.0,15.0,15301.0,950.3163909,3.0,969.9550561000001,959.2810202999999,960.3537262,15232.0,valid,36.108193277310924,83.87096774193549,low_1_3,184,272
205051104,Yarram,33.0,367.25806819533926,0.5064935064935064,0.15584415584415584,0.15584415584415584,160.0,0.0,1.0,1.0,Regional,5.0,5.0,1.0,4.0,11.0,5605.0,917.1148926,2.0,945.1231703,919.10941,969.4099563999999,5587.0,valid,59.06568820476105,50.649350649350644,low_1_3,85,424
206011106,Brunswick East,83.0,121.43952565658252,1.0,0.3614457831325301,0.3614457831325301,94.5,2.0,7.0,28.0,Metro,32.0,10.0,16.0,7.0,5.0,12738.0,1116.571164,10.0,1075.855671,1162.193399,942.8574992,14693.0,valid,56.48948478867488,100.0,high_8_10,92,1
207021157,Doncaster,55.0,138.78570843729682,0.9821428571428571,0.23214285714285715,0.23214285714285715,124.0,2.0,7.0,21.0,Metro,25.0,1.0,8.0,6.0,8.0,24814.0,1056.535182,8.0,1027.430129,1083.710179,1005.586601,28353.0,valid,19.398300003526963,98.21428571428571,high_8_10,314,104
207021159,Templestowe,31.0,80.22898142944422,0.9032258064516129,0.0967741935483871,0.0967741935483871,100.0,2.0,7.0,19.0,Metro,9.0,0.0,2.0,3.0,9.0,16966.0,1093.8146219999999,9.0,1074.214121,1086.602307,1093.67713,17442.0,valid,17.77319114780415,90.32258064516128,high_8_10,335,203
207021160,Templestowe Lower,22.0,165.66737874885112,0.8181818181818182,0.045454545454545456,0.045454545454545456,102.0,2.0,6.0,15.0,Metro,8.0,0.0,1.0,3.0,4.0,14191.0,1071.0034600000001,8.0,1054.914594,1078.51453,1057.648011,14695.0,valid,14.971078598162642,81.81818181818183,high_8_10,361,285
207021424,Doncaster East - North,28.0,86.40282885121016,0.9642857142857143,0.14285714285714285,0.14285714285714285,90.0,2.0,4.0,17.0,Metro,11.0,0.0,1.0,5.0,1.0,15672.0,1078.9779640000002,9.0,1058.853944,1080.705468,1075.253559,16642.0,valid,16.82490085326283,96.42857142857143,high_8_10,341,126
207021425,Doncaster East - South,49.0,129.92995731856112,1.0,0.12244897959183673,0.12244897959183673,72.0,2.0,4.0,17.0,Metro,26.0,0.0,0.0,8.0,7.0,15454.0,1049.757957,8.0,1030.4507970000002,1069.412853,1010.788483,16983.0,valid,28.852381793558262,100.0,high_8_10,236,1
207031161,Blackburn,46.0,124.83884688577398,0.9565217391304348,0.21739130434782608,0.21739130434782608,96.0,3.0,7.0,21.5,Metro,17.0,3.0,1.0,9.0,10.0,22106.0,1087.0958560000001,9.0,1068.999185,1104.6779549999999,1039.509977,23732.0,valid,19.383111410753415,95.65217391304348,high_8_10,315,133
207031162,Blackburn South,13.0,93.30618403858378,0.9230769230769231,0.07692307692307693,0.07692307692307693,60.0,2.0,6.0,18.0,Metro,4.0,0.0,1.0,2.0,2.0,10939.0,1070.929324,8.0,1054.322939,1091.673997,1024.110423,11072.0,valid,11.741329479768787,92.3076923076923,high_8_10,396,176
207031163,Box Hill,112.0,76.0129398218,0.9912280701754386,0.21929824561403508,0.21929824561403508,82.0,6.0,33.0,57.0,Metro,61.0,3.0,5.0,12.0,18.0,22841.0,1041.129945,7.0,991.0009738,1096.3085930000002,927.9648092,27206.0,valid,41.167389546423586,99.12280701754386,middle_4_7,151,96
207031164,Box Hill North,14.0,82.84782577755388,0.9285714285714286,0.0,0.0,83.0,2.0,5.0,12.5,Metro,2.0,0.0,0.0,4.0,5.0,18126.0,1074.66287,9.0,1041.343586,1106.487384,1015.763494,19760.0,valid,7.085020242914981,92.85714285714286,high_8_10,453,166
207031165,Burwood (Vic.),23.0,62.02779435720313,0.9565217391304348,0.21739130434782608,0.21739130434782608,90.0,5.0,10.0,23.0,Metro,8.0,0.0,4.0,1.0,6.0,12336.0,1048.687517,8.0,1009.557361,1089.387518,949.0993625,15480.0,valid,14.857881136950905,95.65217391304348,high_8_10,362,133
207031166,Burwood East,45.0,90.79436518427381,0.9111111111111111,0.28888888888888886,0.28888888888888886,121.0,3.0,6.0,22.0,Metro,26.0,0.0,3.0,6.0,6.0,10675.0,1047.014613,8.0,1030.7625130000001,1063.317256,1009.4880860000001,12460.0,valid,36.115569823434996,91.11111111111111,high_8_10,183,191
207031167,Surrey Hills (East) - Mont Albert,13.0,148.20808669603986,0.8461538461538461,0.07692307692307693,0.07692307692307693,100.0,2.0,5.0,31.0,Metro,6.0,0.0,1.0,1.0,1.0,10166.0,1130.291656,10.0,1095.749409,1155.926707,1062.6299729999998,10776.0,valid,12.063845582776539,84.61538461538461,high_8_10,393,265
208011168,Beaumaris,43.0,110.36291509698334,0.9767441860465116,0.11627906976744186,0.11627906976744186,80.0,2.0,4.0,15.0,Metro,18.0,4.0,4.0,6.0,5.0,14021.0,1133.826779,10.0,1108.3971889999998,1128.567839,1106.864067,14486.0,valid,29.683832666022365,97.67441860465115,high_8_10,226,115
208011169,Brighton (Vic.),131.0,82.13193202656078,0.9741935483870968,0.27741935483870966,0.27741935483870966,82.0,4.0,9.0,23.0,Metro,52.0,6.0,23.0,12.0,16.0,22758.0,1145.504906,10.0,1100.7436010000001,1161.2408970000001,1073.885118,24340.0,valid,53.82087099424815,97.41935483870968,high_8_10,101,119
208011170,Brighton East,27.0,169.4159335450725,0.7777777777777778,0.1111111111111111,0.1111111111111111,71.0,1.0,4.0,16.0,Metro,7.0,0.0,2.0,3.0,10.0,16540.0,1133.055443,10.0,1089.867406,1138.0017460000001,1093.026625,17486.0,valid,15.440924167905752,77.77777777777779,high_8_10,355,318
208011171,Highett (West) - Cheltenham,44.0,116.29964347499762,0.7954545454545454,0.11363636363636363,0.11363636363636363,70.0,2.0,5.0,20.5,Metro,11.0,0.0,4.0,9.0,9.0,12439.0,1098.37388,9.0,1070.683551,1107.677791,1052.250133,13257.0,valid,33.190012823414044,79.54545454545455,high_8_10,204,308
208011172,Hampton,71.0,90.93268531317085,0.9863013698630136,0.1506849315068493,0.1506849315068493,75.0,4.0,11.0,27.0,Metro,29.0,4.0,10.0,10.0,8.0,18200.0,1115.299492,10.0,1074.188169,1130.875919,1059.585445,19524.0,valid,36.36549887318173,98.63013698630137,high_8_10,179,101
208011173,Sandringham - Black Rock,79.0,126.93256837902706,0.8734177215189873,0.16455696202531644,0.16455696202531644,60.0,2.0,7.0,13.0,Metro,31.0,2.0,12.0,7.0,10.0,17358.0,1124.983588,10.0,1093.9807,1136.413836,1068.242059,18071.0,valid,43.71645177355985,87.34177215189874,high_8_10,139,242
208021174,Bentleigh - McKinnon,68.0,88.44640477172484,1.0,0.10294117647058823,0.10294117647058823,51.5,3.0,7.5,16.0,Metro,33.0,2.0,5.0,10.0,8.0,24896.0,1101.8645609999999,9.0,1069.137684,1115.355812,1042.335073,26966.0,valid,25.21693985018171,100.0,high_8_10,257,1
208021176,Carnegie,80.0,99.38036259883307,0.9125,0.1,0.1,60.0,5.0,19.0,35.0,Metro,41.0,2.0,4.0,8.0,11.0,18534.0,1086.828298,9.0,1061.976588,1122.412737,973.4110854999999,21266.0,valid,37.61873412959654,91.25,high_8_10,169,189
208021177,Caulfield - North,42.0,93.54486648575377,1.0,0.23255813953488372,0.23255813953488372,115.0,3.0,7.0,25.0,Metro,12.0,1.0,6.0,6.0,7.0,22362.0,1121.634159,10.0,1085.276452,1154.8095050000002,1016.4965649999999,24635.0,valid,17.048914146539477,100.0,high_8_10,340,1
208021178,Caulfield - South,32.0,88.20061990363044,1.0,0.15625,0.15625,69.0,3.0,8.0,22.0,Metro,8.0,2.0,1.0,5.0,9.0,18075.0,1119.928746,10.0,1085.871116,1137.63249,1056.053872,19226.0,valid,16.644127743680432,100.0,high_8_10,343,1
208021179,Elsternwick,73.0,53.544317274920814,0.9871794871794872,0.2692307692307692,0.2692307692307692,74.5,6.0,19.0,40.0,Metro,38.0,5.0,8.0,5.0,8.0,11904.0,1118.238168,10.0,1085.318729,1143.546112,1014.072673,12827.0,valid,56.91120293131675,98.71794871794873,high_8_10,89,98
208021180,Hughesdale,11.0,93.11965383258223,0.9090909090909091,0.18181818181818182,0.18181818181818182,80.0,14.0,17.0,31.0,Metro,2.0,1.0,0.0,2.0,3.0,7563.0,1073.0157689999999,8.0,1050.905204,1098.935682,1006.52223,8132.0,valid,13.526807673389081,90.9090909090909,high_8_10,374,193
208021181,Murrumbeena,17.0,89.28763744546296,0.9411764705882353,0.23529411764705882,0.23529411764705882,80.0,14.0,17.0,32.0,Metro,7.0,1.0,2.0,1.0,4.0,9369.0,1098.602989,9.0,1077.2721629999999,1115.77142,1020.871099,10126.0,valid,16.788465336756865,94.11764705882352,high_8_10,342,153
208021182,Ormond - Glen Huntly,45.0,52.03601859574524,0.9111111111111111,0.2222222222222222,0.2222222222222222,60.0,5.0,20.0,34.0,Metro,19.0,2.0,3.0,8.0,5.0,13128.0,1090.081656,9.0,1065.5247769999999,1119.77409,994.2333532,15157.0,valid,29.689252490598403,91.11111111111111,high_8_10,225,191
208021426,Bentleigh East - North,35.0,74.690942123636,1.0,0.11428571428571428,0.11428571428571428,60.0,3.0,5.0,18.0,Metro,12.0,1.0,2.0,6.0,8.0,16583.0,1090.89969,9.0,1067.371455,1097.252657,1050.7251480000002,17873.0,valid,19.582610641750126,100.0,high_8_10,311,1
208021427,Bentleigh East - South,21.0,84.19306726968784,0.9523809523809523,0.047619047619047616,0.047619047619047616,70.0,3.0,7.0,23.0,Metro,5.0,0.0,1.0,1.0,7.0,14057.0,1089.6788649999999,9.0,1075.519861,1080.105057,1062.484392,14949.0,valid,14.047762392133253,95.23809523809523,high_8_10,367,139
208031183,Aspendale Gardens - Waterways,6.0,276.92926648570193,0.6666666666666666,0.3333333333333333,0.3333333333333333,250.0,0.5,2.5,7.5,Metro,3.0,1.0,0.0,1.0,1.0,8853.0,1079.41842,9.0,1079.533794,1053.674539,1108.370623,9063.0,valid,6.620324395895399,66.66666666666666,high_8_10,458,368
208031184,Braeside,29.0,226.98535061284167,0.8275862068965517,0.2413793103448276,0.2413793103448276,128.0,0.0,2.0,8.0,Metro,8.0,1.0,5.0,0.0,3.0,,,,,1055.134386,,28.0,valid,10357.142857142859,82.75862068965517,,1,279
208031185,Carrum - Patterson Lakes,35.0,95.1354643151221,1.0,0.11428571428571428,0.11428571428571428,69.0,2.0,7.0,12.0,Metro,15.0,2.0,3.0,5.0,6.0,12032.0,1032.5637339999998,7.0,1042.978764,1026.699437,1035.088982,12478.0,valid,28.049366885718868,100.0,middle_4_7,240,1
208031186,Chelsea - Bonbeach,36.0,161.25543417411455,0.8055555555555556,0.05555555555555555,0.05555555555555555,80.0,1.0,12.0,29.0,Metro,10.0,0.0,1.0,6.0,11.0,15204.0,1037.217624,7.0,1043.144851,1047.293418,999.1103904,16058.0,valid,22.41873209615145,80.55555555555556,middle_4_7,283,298
208031187,Chelsea Heights,11.0,107.765751249699,1.0,0.18181818181818182,0.18181818181818182,105.0,2.0,7.0,15.0,Metro,3.0,0.0,0.0,2.0,1.0,5393.0,1023.722388,7.0,1047.687206,1006.166371,1042.962394,5445.0,valid,20.2020202020202,100.0,middle_4_7,304,1
208031188,Highett (East) - Cheltenham ,92.0,162.88282805244233,0.9519230769230769,0.21153846153846154,0.21153846153846154,122.0,2.0,10.0,25.0,Metro,29.0,5.0,7.0,15.0,22.0,24085.0,1055.189922,8.0,1046.949595,1068.889729,1012.923714,,missing_population,,95.1923076923077,high_8_10,,142
208031189,Edithvale - Aspendale,25.0,119.41497160925591,0.88,0.12,0.12,120.0,3.0,4.0,17.0,Metro,4.0,3.0,1.0,2.0,7.0,13563.0,1076.7860950000002,9.0,1073.4663520000001,1079.454543,1053.91664,14365.0,valid,17.40341106856944,88.0,high_8_10,337,232
208031190,Mentone,36.0,116.4002186829057,0.9230769230769231,0.23076923076923078,0.23076923076923078,116.0,2.0,6.0,43.0,Metro,12.0,2.0,2.0,7.0,6.0,13197.0,1072.274306,8.0,1060.6944970000002,1082.482737,1016.2566330000001,14155.0,valid,25.43270929000353,92.3076923076923,high_8_10,254,176
208031191,Moorabbin - Heatherton,75.0,142.72801758261548,0.7272727272727273,0.23376623376623376,0.23376623376623376,140.0,2.0,4.0,14.0,Metro,14.0,6.0,11.0,6.0,16.0,9116.0,1065.619442,8.0,1047.778202,1073.615773,1035.128345,9826.0,valid,76.3281090983106,72.72727272727273,high_8_10,51,343
208031192,Moorabbin Airport,8.0,161.9491854719601,0.75,0.0,0.0,214.0,1.0,4.0,6.0,Metro,3.0,0.0,1.0,3.0,0.0,,,,,,,26.0,valid,3076.923076923077,75.0,,4,328
208031193,Mordialloc - Parkdale,81.0,116.72530083463944,0.9259259259259259,0.2222222222222222,0.2222222222222222,80.0,2.0,8.0,16.0,Metro,28.0,5.0,11.0,7.0,14.0,21199.0,1082.14155,9.0,1072.088028,1084.198932,1042.996453,22437.0,valid,36.101083032490976,92.5925925925926,high_8_10,185,173
208041194,Malvern - Glen Iris,80.0,80.5389302016375,0.9875,0.125,0.125,68.0,4.0,9.0,26.0,Metro,30.0,9.0,1.0,6.0,16.0,20239.0,1136.947422,10.0,1097.641343,1158.9306729999998,1042.409371,21820.0,valid,36.663611365719525,98.75,high_8_10,176,97
208041195,Malvern East,110.0,180.3005924937982,1.0,0.35454545454545455,0.35454545454545455,85.5,1.0,10.0,19.0,Metro,48.0,16.0,13.0,10.0,14.0,21923.0,1127.588896,10.0,1087.718941,1140.69463,1046.3891230000002,23996.0,valid,45.840973495582595,100.0,high_8_10,128,1
209011196,Bundoora - East,21.0,85.11003248107158,0.9523809523809523,0.047619047619047616,0.047619047619047616,91.0,3.0,6.0,16.0,Metro,4.0,0.0,2.0,2.0,7.0,9831.0,1016.878996,6.0,1023.552441,1015.831049,1013.413433,10339.0,valid,20.31144211238998,95.23809523809523,middle_4_7,302,139
209011197,Greensborough,51.0,85.20519196552489,0.8823529411764706,0.09803921568627451,0.09803921568627451,105.5,2.0,8.0,40.0,Metro,19.0,1.0,3.0,7.0,11.0,20807.0,1061.073469,8.0,1069.7367339999998,1061.937733,1053.1565950000002,21386.0,valid,23.84737678855326,88.23529411764706,high_8_10,273,228
209011198,Heidelberg - Rosanna,49.0,132.33276183108632,0.8775510204081632,0.061224489795918366,0.061224489795918366,62.0,2.0,7.0,30.0,Metro,22.0,0.0,2.0,7.0,10.0,16039.0,1089.484204,9.0,1075.343426,1111.6632869999999,1027.7576379999998,16925.0,valid,28.951255539143276,87.75510204081633,high_8_10,234,236
209011199,Heidelberg West,26.0,127.26990036775965,0.7307692307692307,0.038461538461538464,0.038461538461538464,80.0,2.0,7.0,16.5,Metro,4.0,0.0,0.0,6.0,8.0,14852.0,990.7123551000001,5.0,961.7445145,1049.039563,918.5938381,17224.0,valid,15.095215977705527,73.07692307692307,middle_4_7,357,341
212031308,Pearcedale - Tooradin,19.0,257.71425006799035,0.5789473684210527,0.0,0.0,195.0,0.0,2.0,6.0,Metro,1.0,0.0,2.0,5.0,3.0,8024.0,987.5223440999999,5.0,1035.534296,929.231399,1076.898076,8272.0,valid,22.969052224371374,57.89473684210527,middle_4_7,281,400
209011200,Ivanhoe,47.0,111.86370891945259,0.9361702127659575,0.2553191489361702,0.2553191489361702,68.0,4.0,12.0,38.0,Metro,23.0,3.0,3.0,5.0,6.0,12458.0,1115.468566,10.0,1085.470248,1136.194958,1039.977012,13188.0,valid,35.63845920533819,93.61702127659575,high_8_10,188,158
209011201,Ivanhoe East - Eaglemont,16.0,160.6649259068252,0.9375,0.125,0.125,70.0,2.0,4.0,13.0,Metro,4.0,2.0,1.0,1.0,2.0,7740.0,1147.223647,10.0,1117.616022,1145.714388,1103.595499,8169.0,valid,19.586240665932184,93.75,high_8_10,310,155
209011202,Montmorency - Briar Hill,33.0,121.8560098996643,0.8484848484848485,0.09090909090909091,0.09090909090909091,127.5,2.0,5.0,12.0,Metro,8.0,1.0,0.0,6.0,9.0,16539.0,1073.217266,8.0,1079.754949,1078.463343,1061.186694,17042.0,valid,19.363924422016197,84.84848484848484,high_8_10,316,262
212031457,Narre Warren South - East,11.0,124.21589630580793,0.9090909090909091,0.09090909090909091,0.09090909090909091,98.0,2.0,5.0,12.0,Metro,4.0,0.0,0.0,6.0,1.0,13152.0,1023.162493,7.0,1030.2888560000001,1000.436269,1096.336906,13022.0,valid,8.447243127015819,90.9090909090909,middle_4_7,433,193
209011203,Viewbank - Yallambie,14.0,150.02332274455568,0.9285714285714286,0.07142857142857142,0.07142857142857142,70.0,2.0,5.5,16.0,Metro,2.0,1.0,0.0,3.0,3.0,18733.0,1067.742201,8.0,1066.2688010000002,1080.574268,1042.031066,18993.0,valid,7.371136734586426,92.85714285714286,high_8_10,451,166
209011204,Watsonia,11.0,114.91243686857322,1.0,0.09090909090909091,0.09090909090909091,70.0,3.0,6.0,19.0,Metro,2.0,1.0,0.0,3.0,3.0,9236.0,1034.861733,7.0,1046.2976170000002,1041.089965,1019.1183179999999,9504.0,valid,11.574074074074073,100.0,middle_4_7,401,1
209021205,Kingsbury,34.0,118.32356841048976,0.8235294117647058,0.058823529411764705,0.058823529411764705,112.5,2.0,6.5,15.0,Metro,9.0,0.0,5.0,4.0,9.0,10408.0,1032.7296079999999,7.0,1011.573923,1057.825686,981.9518858,12932.0,valid,26.29137024435509,82.35294117647058,middle_4_7,247,283
212031458,Narre Warren South - West,4.0,91.4565782565065,1.0,0.0,0.0,45.0,2.5,7.0,13.0,Metro,0.0,0.0,1.0,1.0,2.0,16713.0,964.8068453999999,4.0,968.1783621000001,962.9333485000001,1036.1671019999999,17083.0,valid,2.3415091026166364,100.0,middle_4_7,505,1
209021428,Preston - East,132.0,102.8812050397959,0.9848484848484849,0.2878787878787879,0.2878787878787879,85.5,3.0,10.0,31.0,Metro,57.0,7.0,15.0,10.0,12.0,20711.0,1031.4978350000001,7.0,1003.524952,1072.2206970000002,946.008846,23403.0,valid,56.40302525317267,98.48484848484848,middle_4_7,95,102
209021429,Preston - West,16.0,50.53627138044993,0.9375,0.0,0.0,70.5,2.0,5.0,16.5,Metro,5.0,1.0,2.0,4.0,3.0,12696.0,1056.286654,8.0,1034.2955359999999,1082.337784,983.0075752,13610.0,valid,11.756061719324027,93.75,high_8_10,395,155
212031555,Clyde North - North,5.0,105.01247181259139,0.8,0.6,0.6,64.0,2.0,2.0,8.0,Metro,4.0,0.0,0.0,0.0,1.0,10535.0,1067.1091139999999,8.0,1065.8570359999999,1061.193649,1103.686625,13667.0,valid,3.6584473549425627,80.0,high_8_10,494,300
209021523,Reservoir - North East,18.0,268.82422268444606,0.8333333333333334,0.2777777777777778,0.2777777777777778,100.0,0.0,1.5,22.5,Metro,4.0,0.0,2.0,3.0,5.0,14795.0,983.0822093999999,5.0,973.9242317000001,1014.145102,938.6632596999999,16329.0,valid,11.023332720925959,83.33333333333334,middle_4_7,412,275
209021524,Reservoir - North West,8.0,82.08527858325638,1.0,0.0,0.0,50.0,2.0,5.0,16.5,Metro,0.0,2.0,0.0,0.0,4.0,9801.0,964.8040145,4.0,964.1220159999999,959.8604391,987.8800682,9751.0,valid,8.204286739821557,100.0,middle_4_7,436,1
209021525,Reservoir - South East,33.0,47.04607954316614,0.9714285714285714,0.2571428571428571,0.2571428571428571,111.0,3.0,8.0,34.0,Metro,7.0,4.0,3.0,8.0,3.0,12799.0,977.7348578,5.0,958.1040502000001,1016.1638750000001,916.6558239,14143.0,valid,23.33309764547833,97.14285714285714,middle_4_7,277,120
209021526,Reservoir - South West,29.0,80.4874616248421,0.9655172413793104,0.10344827586206896,0.10344827586206896,160.0,2.0,8.0,25.0,Metro,6.0,2.0,1.0,5.0,3.0,14090.0,1017.043698,6.0,1002.8235,1052.384441,952.5986348,15350.0,valid,18.892508143322477,96.55172413793103,middle_4_7,325,125
209031209,Eltham,55.0,154.2539687585952,0.9454545454545454,0.2909090909090909,0.2909090909090909,92.5,1.0,6.0,29.0,Metro,25.0,1.0,6.0,4.0,11.0,23444.0,1099.317726,9.0,1097.9744130000001,1096.460214,1105.452561,23669.0,valid,23.23714563352909,94.54545454545455,high_8_10,279,150
212031556,Clyde North - South,11.0,192.50937131760583,0.9090909090909091,0.2727272727272727,0.2727272727272727,74.0,1.0,3.0,8.0,Metro,3.0,0.0,1.0,4.0,1.0,14802.0,1041.8191829999998,7.0,1045.733996,1029.663184,1103.353323,28328.0,valid,3.883083874611692,90.9090909090909,middle_4_7,493,193
212031557,Cranbourne East - North,13.0,64.92488089996597,1.0,0.0,0.0,160.0,2.0,3.0,8.0,Metro,3.0,0.0,0.0,4.0,5.0,23415.0,983.8718295,5.0,1001.299509,973.6580536,1043.735118,25111.0,valid,5.1770140575843255,100.0,middle_4_7,477,1
209031210,Hurstbridge,15.0,234.11877061968363,0.8,0.13333333333333333,0.13333333333333333,61.5,0.0,2.0,11.0,Metro,7.0,1.0,1.0,1.0,4.0,3554.0,1048.459988,8.0,1068.054539,1050.0965840000001,1076.645323,3521.0,valid,42.60153365521158,80.0,high_8_10,141,300
212031558,Cranbourne East - South,8.0,183.19628967658755,0.75,0.0,0.0,186.0,1.0,3.0,3.0,Metro,0.0,0.0,3.0,0.0,4.0,12289.0,1004.3667,6.0,1019.35603,993.8910037999999,1057.287208,15590.0,valid,5.131494547787043,75.0,middle_4_7,479,328
212031559,Cranbourne North - East,7.0,109.84993029126535,1.0,0.2857142857142857,0.2857142857142857,155.0,2.0,3.0,7.0,Metro,3.0,0.0,0.0,2.0,2.0,12772.0,1011.8648979999999,6.0,1013.078417,1020.6996790000001,1062.6701110000001,13691.0,valid,5.112847856255934,100.0,middle_4_7,481,1
212031560,Cranbourne North - West,11.0,72.79974942161212,1.0,0.0,0.0,140.5,1.0,4.0,11.0,Metro,3.0,0.0,0.0,4.0,1.0,11910.0,931.2384562,3.0,946.0908798999999,921.0667073,1001.889778,12313.0,valid,8.933647364574028,100.0,low_1_3,432,1
212031561,Hampton Park - East,3.0,88.75674933631457,1.0,0.3333333333333333,0.3333333333333333,19.0,2.0,2.0,22.0,Metro,0.0,0.0,1.0,2.0,0.0,12715.0,917.1539654000001,2.0,916.6970315,920.6971645,977.3805187,13393.0,valid,2.2399761069215263,100.0,low_1_3,506,1
209031211,Kinglake,15.0,1897.9998717973767,0.4,0.13333333333333333,0.13333333333333333,100.0,0.0,0.0,0.0,Regional,3.0,2.0,0.0,1.0,2.0,4204.0,1002.2221609999999,6.0,1038.969496,991.6721021,1069.741865,4419.0,valid,33.944331296673454,40.0,middle_4_7,199,468
209031212,Panton Hill - St Andrews,17.0,8827.822913622498,0.0,0.11764705882352941,0.11764705882352941,136.5,0.0,0.0,0.0,Metro,1.0,3.0,0.0,0.0,3.0,5091.0,1075.9690970000001,9.0,1086.4361299999998,1063.9334279999998,1111.44869,5130.0,valid,33.13840155945419,0.0,high_8_10,207,510
212031562,Hampton Park - West,15.0,110.16213385382511,1.0,0.06666666666666667,0.06666666666666667,165.5,2.0,4.0,15.0,Metro,3.0,0.0,1.0,3.0,3.0,13368.0,897.7903508,2.0,892.5909792,907.4407225,949.9446031,13748.0,valid,10.910677916787897,100.0,low_1_3,416,1
209031213,Plenty - Yarrambat,21.0,257.39595753176343,0.8095238095238095,0.14285714285714285,0.14285714285714285,290.0,0.0,2.0,6.0,Metro,2.0,0.0,3.0,2.0,9.0,9454.0,1089.5637259999999,9.0,1096.944051,1055.052329,1124.1415339999999,9579.0,valid,21.922956467272158,80.95238095238095,high_8_10,290,296
209031214,Research - North Warrandyte,21.0,236.75586621855444,0.5714285714285714,0.0,0.0,95.0,0.0,1.0,1.0,Metro,1.0,1.0,2.0,1.0,6.0,6935.0,1116.330245,10.0,1106.8619090000002,1099.857879,1141.95578,7039.0,valid,29.83378320784202,57.14285714285714,high_8_10,223,401
209031215,Wattle Glen - Diamond Creek,21.0,176.91248854230906,0.9047619047619048,0.09523809523809523,0.09523809523809523,47.0,1.0,15.0,23.0,Metro,7.0,1.0,1.0,3.0,3.0,14417.0,1069.3594130000001,8.0,1083.570471,1046.083621,1104.0767540000002,14859.0,valid,14.13284877851807,90.47619047619048,high_8_10,364,202
209041216,Bundoora - North,17.0,92.62145568058855,1.0,0.2222222222222222,0.2222222222222222,100.0,3.0,10.0,23.5,Metro,11.0,0.0,2.0,1.0,3.0,7350.0,1033.230778,7.0,1026.67689,1037.739843,1016.524544,8014.0,valid,21.212877464437234,100.0,middle_4_7,298,1
209041217,Bundoora - West,13.0,153.5865068228583,1.0,0.15384615384615385,0.15384615384615385,105.0,3.0,8.0,18.0,Metro,7.0,0.0,0.0,3.0,0.0,6186.0,982.1195787,5.0,983.2850591,991.8755193,961.6996522000001,6806.0,valid,19.100793417572728,100.0,middle_4_7,321,1
212041309,Clarinda - Oakleigh South,9.0,89.96865280826857,0.7777777777777778,0.0,0.0,150.0,2.0,6.0,15.0,Metro,2.0,0.0,1.0,3.0,0.0,11554.0,995.4821608999999,5.0,990.0324044,1000.007635,1009.056204,11741.0,valid,7.6654458734349715,77.77777777777779,middle_4_7,445,318
209041220,Mill Park - North,47.0,141.24180984003206,1.0,0.19148936170212766,0.19148936170212766,160.0,2.0,6.0,18.0,Metro,21.0,0.0,7.0,7.0,7.0,17470.0,992.6267306,5.0,1010.50716,982.443358,1018.521332,17610.0,valid,26.68938103350369,100.0,middle_4_7,246,1
209041221,Mill Park - South,3.0,177.73592476049936,1.0,0.3333333333333333,0.3333333333333333,698.0,1.0,2.0,20.0,Metro,0.0,0.0,0.0,0.0,1.0,11240.0,974.3562258,5.0,988.6527456,976.5585322,996.49003,11494.0,valid,2.6100574212632677,100.0,middle_4_7,502,1
209041223,Thomastown,40.0,187.17880646538913,0.75,0.175,0.175,150.0,1.0,4.0,10.0,Metro,8.0,0.0,3.0,5.0,8.0,19998.0,900.0117787,2.0,884.8638520999999,914.4736581000001,935.4563958000001,20595.0,valid,19.422189851905802,75.0,low_1_3,313,328
209041224,Wallan,24.0,208.79083625288632,0.7419354838709677,0.12903225806451613,0.12903225806451613,170.0,0.0,3.0,11.0,Regional,4.0,5.0,2.0,6.0,3.0,22627.0,985.8695634000001,5.0,1016.712836,954.8151693,1064.64178,30342.0,valid,7.909827961241843,74.19354838709677,middle_4_7,439,338
209041225,Whittlesea,20.0,86.41578737700686,0.7916666666666666,0.16666666666666666,0.16666666666666666,100.0,2.0,3.0,8.0,Metro,3.0,1.0,3.0,2.0,5.0,10661.0,999.008742,6.0,1030.717377,974.9168422,1059.674184,18174.0,valid,11.004732034774953,79.16666666666666,middle_4_7,413,310
209041431,Epping - East,2.0,200.10875422994363,1.0,0.0,0.0,,1.0,4.5,24.5,Metro,0.0,0.0,0.0,0.0,2.0,13144.0,945.4506041,3.0,960.7164395,943.4715044,994.3093035,13555.0,valid,1.4754703061600885,100.0,low_1_3,511,1
209041432,Epping - South,56.0,169.08685064116315,0.875,0.3392857142857143,0.3392857142857143,195.0,2.0,4.0,21.5,Metro,22.0,4.0,7.0,8.0,8.0,8204.0,920.2755655,2.0,927.0433645,927.9186857,951.9868957,8322.0,valid,67.29151646238884,87.5,low_1_3,67,237
209041433,Epping (Vic.) - West,23.0,178.81270612129825,0.8695652173913043,0.08695652173913043,0.08695652173913043,120.0,1.0,2.0,8.0,Metro,7.0,0.0,0.0,5.0,4.0,12143.0,988.0454155,5.0,990.9834586999999,999.6787390000001,1014.671017,12895.0,valid,17.836370686312524,86.95652173913044,middle_4_7,333,244
209041435,South Morang - North,6.0,137.48255925056338,1.0,0.0,0.0,68.0,2.0,3.0,12.0,Metro,1.0,0.0,0.0,1.0,2.0,12595.0,1031.646039,7.0,1051.307039,1008.411201,1078.5829270000002,13259.0,valid,4.525228146919074,100.0,middle_4_7,489,1
212041310,Clayton South,18.0,174.84559549229908,0.7222222222222222,0.05555555555555555,0.05555555555555555,100.0,1.5,5.0,18.0,Metro,5.0,0.0,0.0,1.0,6.0,13381.0,978.5448926,5.0,954.0459268,1004.1941290000001,944.3460851,15349.0,valid,11.727148348426608,72.22222222222221,middle_4_7,397,345
209041436,South Morang - South,14.0,119.48600986497345,0.8571428571428571,0.2857142857142857,0.2857142857142857,200.0,2.0,2.0,7.5,Metro,4.0,1.0,4.0,2.0,2.0,12392.0,997.1567748,6.0,1021.333574,982.7594714,1031.5511669999999,13054.0,valid,10.72468208978091,85.71428571428571,middle_4_7,419,255
209041437,Wollert,7.0,224.54409543170706,0.5714285714285714,0.2857142857142857,0.2857142857142857,194.0,0.0,2.0,5.0,Metro,3.0,0.0,1.0,2.0,1.0,24407.0,1002.137436,6.0,1001.788902,1011.636587,1050.63741,36658.0,valid,1.9095422554421955,57.14285714285714,middle_4_7,508,401
209041527,Doreen - North,13.0,111.65051473083227,1.0,0.3076923076923077,0.3076923076923077,72.0,2.0,6.0,12.0,Metro,6.0,0.0,1.0,3.0,3.0,16299.0,1027.0029299999999,7.0,1051.04692,1006.5340209999999,1079.825395,17283.0,valid,7.521842272753573,100.0,middle_4_7,447,1
209041528,Doreen - South,3.0,47.28052206317503,1.0,0.0,0.0,67.5,2.0,2.0,8.0,Metro,1.0,0.0,0.0,1.0,0.0,10471.0,1021.793786,7.0,1045.350467,1018.361096,1064.102187,11947.0,valid,2.5110906503724784,100.0,middle_4_7,504,1
209041529,Lalor - East,16.0,149.23620192890328,1.0,0.0,0.0,100.0,1.0,5.0,17.0,Metro,3.0,0.0,1.0,3.0,4.0,9947.0,896.0665509,2.0,883.8922552,912.762141,925.8371586999999,10253.0,valid,15.605188725251146,100.0,low_1_3,353,1
209041530,Lalor - West,8.0,123.02220934207767,0.625,0.25,0.25,40.0,2.0,6.0,14.0,Metro,3.0,0.0,0.0,1.0,2.0,13513.0,934.6446195,3.0,919.2516177,943.7736887,987.8236054,13925.0,valid,5.745062836624776,62.5,low_1_3,472,382
209041531,Mernda - North,6.0,59.965198892309246,1.0,0.16666666666666666,0.16666666666666666,320.0,3.0,5.0,18.0,Metro,3.0,0.0,0.0,2.0,1.0,11427.0,1002.5414189999999,6.0,1019.448852,1003.323213,1033.6034379999999,12061.0,valid,4.97471188127021,100.0,middle_4_7,483,1
209041532,Mernda - South,8.0,134.78949603023963,0.875,0.25,0.25,400.0,2.0,3.5,14.0,Metro,1.0,0.0,0.0,2.0,2.0,11940.0,1015.535759,6.0,1033.690501,1010.944787,1060.844351,13854.0,valid,5.774505557961599,87.5,middle_4_7,471,237
210011226,Airport West,21.0,163.69519908540394,0.9523809523809523,0.14285714285714285,0.14285714285714285,103.0,2.0,6.0,18.0,Metro,5.0,1.0,1.0,5.0,4.0,8173.0,1018.3820979999999,6.0,1025.5330339999998,1014.384738,994.3945494,8783.0,valid,23.9098257998406,95.23809523809523,middle_4_7,270,139
210011227,Essendon Airport,8.0,205.64424725362917,0.875,0.25,0.25,248.0,0.0,2.0,12.0,Metro,2.0,2.0,1.0,3.0,0.0,,,,,,,14.0,valid,5714.285714285714,87.5,,2,237
210011228,Keilor,39.0,390.3435959050533,0.5128205128205128,0.10256410256410256,0.10256410256410256,186.0,0.0,1.0,5.0,Metro,6.0,0.0,2.0,2.0,11.0,8548.0,1034.505385,7.0,1052.264046,1007.994804,1057.5501809999998,8732.0,valid,44.66330737517178,51.28205128205128,middle_4_7,134,422
210011230,Niddrie - Essendon West,20.0,57.898002024586674,1.0,0.21212121212121213,0.21212121212121213,75.0,6.0,10.0,21.0,Metro,13.0,0.0,4.0,1.0,1.0,7460.0,1072.629185,8.0,1067.221506,1063.5351520000002,1042.0384549999999,8048.0,valid,24.85089463220676,100.0,high_8_10,263,1
210011231,Strathmore,25.0,177.4241132997029,1.0,0.08,0.08,90.0,1.0,4.0,14.0,Metro,9.0,2.0,1.0,3.0,5.0,10031.0,1099.5792379999998,9.0,1089.215045,1087.9408480000002,1080.684736,10536.0,valid,23.72817008352316,100.0,high_8_10,275,1
210011533,Avondale Heights,10.0,114.31390228109217,1.0,0.1,0.1,61.0,2.0,5.0,12.5,Metro,4.0,0.0,0.0,2.0,3.0,12388.0,1011.716268,6.0,1008.140083,1003.288692,1016.1228179999999,12861.0,valid,7.7754451442345065,100.0,middle_4_7,443,1
210011534,Keilor East,25.0,183.7328196057226,0.8,0.08,0.08,78.0,1.0,4.0,16.0,Metro,7.0,0.0,1.0,7.0,2.0,15073.0,1031.332274,7.0,1036.2359399999998,1017.730171,1037.247277,15645.0,valid,15.979546180888464,80.0,middle_4_7,350,300
210021232,Gisborne,50.0,195.55919768447148,0.7,0.18,0.18,100.0,1.0,4.0,10.0,Regional,13.0,3.0,4.0,5.0,12.0,14222.0,1067.885942,8.0,1079.434041,1049.098537,1098.624273,15959.0,valid,31.330283852371704,70.0,high_8_10,217,355
210021233,Macedon,25.0,2991.0776913405566,0.2,0.12,0.12,130.0,0.0,0.0,0.0,Regional,3.0,3.0,5.0,1.0,5.0,3523.0,1108.42211,9.0,1103.402159,1110.3151,1115.1627560000002,3615.0,valid,69.15629322268326,20.0,high_8_10,63,498
210021234,Riddells Creek,11.0,218.87010158223453,0.7368421052631579,0.3157894736842105,0.3157894736842105,150.0,0.0,3.0,3.0,Regional,2.0,3.0,1.0,1.0,2.0,4457.0,1047.98479,8.0,1074.9443840000001,1020.497497,1090.607154,4589.0,valid,23.970363913706688,73.68421052631578,high_8_10,269,339
210021235,Romsey,49.0,615.1578588811168,0.4492753623188406,0.11594202898550725,0.11594202898550725,200.0,0.0,0.0,2.0,Regional,3.0,5.0,4.0,4.0,7.0,10765.0,1016.020035,6.0,1046.9796629999998,991.0719198,1072.3721910000002,11567.0,valid,42.36189158813867,44.927536231884055,middle_4_7,142,453
210031236,Coburg North,29.0,154.29381456619637,0.8620689655172413,0.1724137931034483,0.1724137931034483,129.5,2.0,4.0,18.0,Metro,7.0,0.0,3.0,4.0,4.0,8425.0,1041.329365,7.0,1017.199374,1079.598065,981.1942407,8932.0,valid,32.46753246753247,86.20689655172413,middle_4_7,211,250
210031237,Fawkner,16.0,129.25886661307868,0.9375,0.125,0.125,410.0,1.5,4.0,19.0,Metro,2.0,0.0,1.0,3.0,4.0,14002.0,952.2225662,4.0,936.1842233,984.071105,936.7344300000001,15096.0,valid,10.598834128245894,93.75,middle_4_7,420,155
210031439,Gowanbrae,2.0,95.97130284010336,1.0,0.0,0.0,,1.5,4.5,16.5,Metro,0.0,0.0,0.0,0.0,2.0,3111.0,1060.936901,8.0,1069.4478769999998,1037.366945,1077.176058,3215.0,valid,6.2208398133748055,100.0,high_8_10,465,1
210031440,Hadfield,9.0,204.6480238949111,0.8888888888888888,0.2222222222222222,0.2222222222222222,56.0,0.0,3.0,16.0,Metro,1.0,1.0,0.0,3.0,2.0,6241.0,976.0434118000001,5.0,970.3678811999999,994.5487293000001,962.5092695,6650.0,valid,13.533834586466165,88.88888888888889,middle_4_7,373,214
210031535,Glenroy - East,18.0,146.21723168989928,1.0,0.05555555555555555,0.05555555555555555,100.0,2.0,5.0,19.5,Metro,3.0,0.0,1.0,2.0,6.0,14783.0,961.3115012000001,4.0,945.1619585,1002.1824780000001,932.3002807,15762.0,valid,11.419870574800152,100.0,middle_4_7,405,1
210031536,Glenroy - West,11.0,112.5245690466011,1.0,0.2727272727272727,0.2727272727272727,55.0,8.0,21.0,29.0,Metro,6.0,0.0,0.0,3.0,2.0,8857.0,1003.880555,6.0,996.1620161000001,1032.474029,958.1389539,9563.0,valid,11.502666527240407,100.0,middle_4_7,403,1
210031537,Oak Park,15.0,144.5808387769731,0.9333333333333333,0.13333333333333333,0.13333333333333333,81.0,2.0,6.0,20.0,Metro,3.0,0.0,1.0,2.0,5.0,7898.0,1070.97429,8.0,1063.635405,1083.5559230000001,1010.3955139999999,8559.0,valid,17.525411847178407,93.33333333333333,high_8_10,336,159
210031538,Pascoe Vale,30.0,73.73386261278068,0.9666666666666667,0.13333333333333333,0.13333333333333333,50.0,2.0,4.0,16.0,Metro,10.0,1.0,0.0,6.0,3.0,17214.0,1048.440745,8.0,1040.9418540000001,1066.227992,991.4337587,18674.0,valid,16.065117275356112,96.66666666666667,high_8_10,349,123
210041240,Sunbury,7.0,163.47720589314014,0.8571428571428571,0.0,0.0,100.5,1.0,2.0,14.0,Metro,1.0,0.0,0.0,1.0,4.0,13671.0,1013.27366,6.0,1041.0377660000001,982.4475377,1066.980744,15364.0,valid,4.556105180942462,85.71428571428571,middle_4_7,488,255
210041539,Diggers Rest,9.0,235.1825115244475,0.8888888888888888,0.1111111111111111,0.1111111111111111,170.0,0.0,2.0,8.0,Regional,2.0,0.0,0.0,3.0,1.0,5237.0,1003.964289,6.0,1036.580052,978.4209462,1046.9860410000001,7434.0,valid,12.106537530266344,88.88888888888889,middle_4_7,391,214
210041540,Sunbury - South,68.0,224.14992801117853,0.9052631578947369,0.3157894736842105,0.3157894736842105,100.0,0.0,12.0,35.0,Metro,26.0,2.0,5.0,11.0,10.0,14985.0,989.9389761,5.0,1013.5405059999999,977.1223922,1019.0950330000001,17683.0,valid,38.45501328960018,90.52631578947368,middle_4_7,163,201
210041541,Sunbury - West,8.0,2969.175123408833,0.5,0.25,0.25,215.0,0.0,1.5,7.0,Metro,1.0,0.0,1.0,1.0,4.0,11166.0,997.2374907999999,6.0,1036.014581,973.123832,1044.158539,11497.0,valid,6.958336957467165,50.0,middle_4_7,456,425
210051242,Broadmeadows,20.0,136.52751669670505,0.85,0.3,0.3,235.0,2.0,5.0,16.5,Metro,3.0,0.0,7.0,5.0,1.0,13859.0,840.2318656,1.0,788.7216460999999,902.5612031,854.2134831,14972.0,valid,13.35826876836762,85.0,low_1_3,376,259
210051243,Campbellfield - Coolaroo,32.0,230.0125124639988,0.696969696969697,0.30303030303030304,0.30303030303030304,80.0,0.0,3.0,8.0,Metro,7.0,0.0,3.0,5.0,5.0,16057.0,836.205609,1.0,790.6909529000001,885.5711576,901.7922232,16386.0,valid,19.528866105211765,69.6969696969697,low_1_3,312,356
210051245,Gladstone Park - Westmeadows,25.0,162.98311669599423,0.88,0.16,0.16,171.5,2.0,4.0,13.0,Metro,3.0,2.0,1.0,4.0,10.0,18024.0,965.1279923999999,4.0,979.0166167,953.254608,1000.726142,18285.0,valid,13.672409078479628,88.0,middle_4_7,370,232
210051246,Greenvale - Bulla,13.0,421.7069894226899,0.46153846153846156,0.23076923076923078,0.23076923076923078,328.0,0.0,0.0,2.0,Metro,2.0,0.0,2.0,1.0,4.0,22095.0,1032.4170179999999,7.0,1032.515532,1013.303238,1092.142491,26757.0,valid,4.85854169002504,46.15384615384615,middle_4_7,485,442
210051247,Meadow Heights,1.0,60.75012826208311,1.0,0.0,0.0,,2.0,6.0,17.0,Metro,0.0,0.0,0.0,0.0,0.0,14890.0,845.0414948,1.0,799.8751992,901.4316849,916.8987171,14841.0,valid,0.6738090425173506,100.0,low_1_3,516,1
210051248,Melbourne Airport,63.0,136.7858955319902,0.7777777777777778,0.6190476190476191,0.6190476190476191,133.0,1.0,2.0,8.0,Metro,19.0,8.0,15.0,0.0,6.0,126.0,1052.591701,8.0,1064.1047990000002,995.2249626,987.8398976999999,130.0,valid,4846.153846153846,77.77777777777779,high_8_10,3,318
210051250,Tullamarine,13.0,202.6307472453307,0.6923076923076923,0.23076923076923078,0.23076923076923078,185.0,0.0,4.0,14.0,Metro,1.0,2.0,3.0,1.0,5.0,6576.0,951.8942791999999,4.0,968.8273737000001,943.161757,959.0466934,6727.0,valid,19.325107774639513,69.23076923076923,middle_4_7,317,357
210051441,Craigieburn - Central,13.0,136.10515952174066,0.6923076923076923,0.07692307692307693,0.07692307692307693,80.0,1.0,4.0,17.0,Metro,4.0,0.0,0.0,4.0,2.0,8099.0,909.2907363,2.0,924.5865493,908.8360083,972.5627089,8172.0,valid,15.907978463044541,69.23076923076923,low_1_3,351,357
212041312,Dandenong North,12.0,164.6183858427455,1.0,0.0,0.0,214.0,2.0,4.0,13.0,Metro,1.0,0.0,0.0,4.0,3.0,22526.0,933.8380036,3.0,926.2576006,953.1396903,960.194094,23391.0,valid,5.130178273695011,100.0,low_1_3,480,1
210051442,Craigieburn - North,10.0,164.92582618293503,1.0,0.1,0.1,79.0,1.5,4.5,14.0,Metro,5.0,0.0,0.0,3.0,1.0,12309.0,972.4036070999999,4.0,968.1029565,976.7038255,1027.103119,12846.0,valid,7.784524365561264,100.0,middle_4_7,442,1
210051443,Craigieburn - South,14.0,156.86247129305727,0.7142857142857143,0.14285714285714285,0.14285714285714285,113.0,1.0,2.0,8.0,Metro,2.0,0.0,2.0,2.0,6.0,21673.0,955.4765691,4.0,946.2759755,964.4728409,1023.742701,24431.0,valid,5.730424460726126,71.42857142857143,middle_4_7,473,348
210051445,Mickleham - Yuroke,12.0,279.34739491753106,0.75,0.4166666666666667,0.4166666666666667,98.5,0.0,2.0,3.0,Metro,6.0,1.0,0.0,3.0,1.0,23374.0,997.1454095,6.0,1000.921691,986.5878781,1064.862186,39389.0,valid,3.046535834877758,75.0,middle_4_7,498,328
210051542,Craigieburn - North West,2.0,101.4136347458321,1.0,0.0,0.0,,2.5,5.0,13.5,Metro,0.0,0.0,0.0,1.0,1.0,9842.0,976.812772,5.0,965.2594223,994.6845634,1026.520677,11293.0,valid,1.7710085893916585,100.0,middle_4_7,509,1
210051543,Craigieburn - West,21.0,134.26273598873584,1.0,0.23809523809523808,0.23809523809523808,121.0,1.0,4.0,18.0,Metro,12.0,0.0,3.0,5.0,1.0,12999.0,954.1256817999999,4.0,934.4655584,981.3049490999999,1000.6347649999999,14970.0,valid,14.028056112224448,100.0,middle_4_7,368,1
212041313,Dingley Village,13.0,74.62528840958154,0.9230769230769231,0.07692307692307693,0.07692307692307693,84.0,2.0,4.0,9.0,Metro,3.0,0.0,0.0,3.0,4.0,10499.0,1048.481368,8.0,1066.427157,1021.197147,1068.886475,10770.0,valid,12.070566388115134,92.3076923076923,high_8_10,392,176
210051544,Roxburgh Park (South) - Somerton,11.0,96.10856180472979,0.9090909090909091,0.45454545454545453,0.45454545454545453,150.0,2.0,6.0,32.0,Metro,3.0,1.0,1.0,2.0,2.0,9479.0,920.168387,2.0,894.5585251,953.1098119,987.59225,9699.0,valid,11.341375399525724,90.9090909090909,low_1_3,407,193
210051545,Roxburgh Park - North,4.0,163.53620762124,0.75,0.0,0.0,300.0,2.0,3.5,8.5,Metro,0.0,0.0,1.0,2.0,1.0,14658.0,898.5296715999999,2.0,854.1111439,939.3602751,1000.162418,15440.0,valid,2.5906735751295336,75.0,low_1_3,503,328
211011251,Bayswater,48.0,234.29757238383712,0.875,0.08333333333333333,0.08333333333333333,66.5,0.0,4.0,13.0,Metro,18.0,0.0,4.0,6.0,8.0,12589.0,987.287705,5.0,1003.8952270000001,998.0377206,984.5912377999999,13388.0,valid,35.8530026889752,87.5,middle_4_7,186,237
211011254,Knoxfield - Scoresby,37.0,216.37421452974525,0.7027027027027027,0.02702702702702703,0.02702702702702703,150.0,0.0,4.0,13.0,Metro,6.0,4.0,2.0,4.0,7.0,16601.0,1042.4572930000002,7.0,1051.8040910000002,1037.973535,1047.596368,17232.0,valid,21.471680594243267,70.27027027027027,middle_4_7,295,354
211011255,Lysterfield,2.0,462.82468213238036,0.5,0.0,0.0,,0.0,0.5,7.5,Metro,0.0,0.0,0.0,0.0,2.0,6594.0,1088.4634010000002,9.0,1097.277018,1042.810449,1137.278297,6622.0,valid,3.020235578375113,50.0,high_8_10,499,425
211011256,Rowville - Central,21.0,168.24753012581888,1.0,0.19047619047619047,0.19047619047619047,236.0,2.0,4.0,10.0,Metro,6.0,0.0,3.0,5.0,4.0,15418.0,1040.55387,7.0,1053.604971,1024.539902,1061.258106,15771.0,valid,13.315579227696405,100.0,middle_4_7,377,1
211011257,Rowville - North,10.0,316.62433586835135,0.6,0.0,0.0,149.0,0.0,2.0,5.0,Metro,1.0,0.0,0.0,0.0,5.0,7905.0,1072.506275,8.0,1080.7057829999999,1040.2749529999999,1097.346661,7827.0,valid,12.776287210936502,60.0,high_8_10,384,391
211011258,Rowville - South,14.0,125.93405838907144,0.9285714285714286,0.07142857142857142,0.07142857142857142,382.0,2.0,2.0,10.5,Metro,2.0,1.0,1.0,2.0,5.0,10375.0,1065.201177,8.0,1074.772162,1036.5839680000001,1095.294245,10578.0,valid,13.235016071090943,92.85714285714286,high_8_10,379,166
212041316,Noble Park North,9.0,227.60846797696388,0.8888888888888888,0.0,0.0,472.0,0.0,4.0,14.0,Metro,0.0,0.0,0.0,2.0,3.0,7456.0,935.8636371,3.0,936.4972064,945.2575443000001,968.6543633,7593.0,valid,11.85302252074279,88.88888888888889,low_1_3,394,214
211011259,Wantirna,28.0,114.46797626462902,0.9285714285714286,0.17857142857142858,0.17857142857142858,160.0,1.0,4.0,10.0,Metro,10.0,0.0,4.0,2.0,6.0,14341.0,1044.165675,7.0,1044.9111010000001,1044.27741,1054.516527,14634.0,valid,19.13352466858002,92.85714285714286,middle_4_7,319,166
211011260,Wantirna South,77.0,148.6011058775924,0.8961038961038961,0.3246753246753247,0.3246753246753247,169.0,2.0,4.0,18.0,Metro,34.0,0.0,5.0,6.0,16.0,17942.0,1047.915974,8.0,1046.404549,1042.8899379999998,1045.741295,18475.0,valid,41.67794316644113,89.6103896103896,high_8_10,147,210
212041317,Springvale,78.0,156.88742890047678,0.8589743589743589,0.24358974358974358,0.24358974358974358,102.0,1.0,7.0,26.0,Metro,26.0,0.0,6.0,7.0,12.0,22248.0,899.9440111,2.0,845.1678257000001,936.6599618,914.0673868,24468.0,valid,31.878371750858264,85.8974358974359,low_1_3,216,254
211011446,Boronia,49.0,130.51345944734337,0.9795918367346939,0.10204081632653061,0.10204081632653061,87.5,3.0,13.0,31.0,Metro,16.0,0.0,3.0,10.0,9.0,23560.0,991.5637436000001,5.0,1015.157514,998.3164213,991.7631839000001,24763.0,valid,19.787586318297457,97.95918367346938,middle_4_7,309,109
211011447,Ferntree Gully - North,22.0,99.63029344451759,1.0,0.13636363636363635,0.13636363636363635,93.5,2.0,6.0,15.0,Metro,4.0,0.0,3.0,4.0,5.0,14145.0,994.1483681999999,5.0,1013.589737,998.5191169999999,1000.1608,14538.0,valid,15.132755537212821,100.0,middle_4_7,356,1
211011448,Ferntree Gully (South) - Upper Ferntree Gully,43.0,113.57343191083488,0.9767441860465116,0.11627906976744186,0.11627906976744186,82.5,2.0,6.0,14.0,Metro,12.0,1.0,0.0,7.0,11.0,15334.0,1016.0726219999999,6.0,1042.799902,1001.587932,1041.375642,15630.0,valid,27.51119641714651,97.67441860465115,middle_4_7,242,115
211011449,The Basin,11.0,198.07368289973533,0.7272727272727273,0.09090909090909091,0.09090909090909091,100.0,1.0,4.0,8.0,Metro,2.0,0.0,4.0,1.0,1.0,4345.0,1025.222871,7.0,1055.667355,1007.8137380000001,1063.833439,4336.0,valid,25.369003690036898,72.72727272727273,middle_4_7,256,343
211021261,Donvale - Park Orchards,19.0,258.1308755978787,0.7368421052631579,0.0,0.0,85.5,0.0,2.0,11.0,Metro,3.0,0.0,1.0,1.0,9.0,16275.0,1098.253481,9.0,1082.81992,1085.889194,1100.0134170000001,16894.0,valid,11.246596424766189,73.68421052631578,high_8_10,409,339
211021262,Warrandyte - Wonga Park,38.0,114.95776331772201,0.8157894736842105,0.18421052631578946,0.18421052631578946,98.0,2.0,4.0,9.0,Metro,17.0,2.0,2.0,3.0,7.0,10112.0,1106.3329910000002,9.0,1100.313841,1082.526928,1140.184122,10229.0,valid,37.14928145468765,81.57894736842105,high_8_10,173,287
211031263,Bayswater North,12.0,322.3113296841335,0.5833333333333334,0.08333333333333333,0.08333333333333333,176.0,0.0,1.5,8.0,Metro,0.0,0.0,2.0,2.0,3.0,11871.0,1001.366211,6.0,1028.7061460000002,990.9295571,1031.95381,12097.0,valid,9.91981483012317,58.333333333333336,middle_4_7,424,398
211031265,Croydon Hills - Warranwood,13.0,194.89239479169777,0.9285714285714286,0.0,0.0,30.0,0.5,4.5,11.5,Metro,1.0,0.0,1.0,1.0,4.0,18059.0,1075.124038,9.0,1084.780875,1058.137764,1095.66876,18457.0,valid,7.043398168716476,92.85714285714286,high_8_10,454,166
212041318,Springvale South,15.0,129.01949423704576,0.8666666666666667,0.13333333333333333,0.13333333333333333,75.5,2.0,6.0,15.0,Metro,3.0,0.0,1.0,4.0,3.0,12621.0,877.5680409,1.0,830.8222505,900.0378811999999,943.1807522,13274.0,valid,11.30028627391894,86.66666666666667,low_1_3,408,245
212041459,Noble Park - East,14.0,131.23159863353067,0.8571428571428571,0.14285714285714285,0.14285714285714285,1280.0,1.5,4.0,9.5,Metro,1.0,1.0,0.0,2.0,3.0,12739.0,920.7359896,2.0,904.2402644,957.0994412,905.3305969,13935.0,valid,10.04664513814137,85.71428571428571,low_1_3,422,255
211031266,Ringwood,82.0,92.78992016588991,0.9024390243902439,0.23170731707317074,0.23170731707317074,151.0,2.0,5.5,48.5,Metro,26.0,7.0,12.0,7.0,15.0,18715.0,1021.815828,7.0,1014.491436,1051.536334,978.4453128,19779.0,valid,41.45811213913747,90.2439024390244,middle_4_7,148,204
211031267,Ringwood East,48.0,182.86067294972273,0.8125,0.0625,0.0625,68.0,1.0,4.0,10.5,Metro,14.0,2.0,4.0,6.0,11.0,21132.0,1048.483736,8.0,1047.708916,1067.012899,1027.2744010000001,22164.0,valid,21.65674066053059,81.25,high_8_10,294,290
211031268,Ringwood North,16.0,181.4044997546826,1.0,0.0625,0.0625,120.0,0.5,5.0,22.5,Metro,5.0,0.0,1.0,2.0,4.0,9654.0,1085.118921,9.0,1085.2779950000001,1077.4328500000001,1094.7911849999998,9839.0,valid,16.261815225124504,100.0,high_8_10,347,1
211031450,Croydon - East,49.0,118.98796794341608,0.9387755102040817,0.12244897959183673,0.12244897959183673,85.0,2.0,13.0,37.0,Metro,20.0,1.0,4.0,5.0,14.0,16109.0,990.7353752,5.0,1004.4415280000001,1007.003611,983.6757391,17345.0,valid,28.250216200634192,93.87755102040816,middle_4_7,239,154
212041460,Noble Park - West,9.0,83.42531420279981,1.0,0.0,0.0,579.5,6.0,19.0,26.0,Metro,1.0,0.0,0.0,3.0,1.0,19591.0,888.2891025,1.0,852.645408,918.8981928,914.2053487,20473.0,valid,4.396033800615444,100.0,low_1_3,490,1
211031451,Croydon - West,26.0,112.9171011321129,0.8888888888888888,0.14814814814814814,0.14814814814814814,85.0,2.0,4.0,13.0,Metro,13.0,0.0,2.0,5.0,5.0,14139.0,1024.794882,7.0,1031.691406,1032.718447,1020.982871,14940.0,valid,17.402945113788487,88.88888888888889,middle_4_7,338,214
211031452,Croydon South,12.0,97.85189953182532,0.9166666666666666,0.16666666666666666,0.16666666666666666,104.0,2.0,3.0,8.0,Metro,3.0,0.0,0.0,3.0,1.0,4898.0,1025.687954,7.0,1040.388422,1031.591376,1037.017412,5147.0,valid,23.314552166310474,91.66666666666666,middle_4_7,278,184
211041269,Forest Hill,28.0,143.5636005801386,1.0,0.25,0.25,139.0,1.0,4.0,14.0,Metro,9.0,1.0,3.0,6.0,5.0,10780.0,1035.514693,7.0,1021.469554,1059.04545,999.3370745,11256.0,valid,24.87562189054726,100.0,middle_4_7,261,1
211041270,Mitcham (Vic.),40.0,90.77528282493267,0.95,0.1,0.1,81.0,3.0,15.5,41.5,Metro,12.0,2.0,2.0,6.0,6.0,16795.0,1074.610245,9.0,1062.415872,1092.0205520000002,1028.123199,17496.0,valid,22.86236854138089,95.0,high_8_10,282,143
211041271,Nunawading,24.0,113.9613668195465,0.9166666666666666,0.125,0.125,100.0,2.5,6.5,35.0,Metro,10.0,0.0,2.0,3.0,4.0,12413.0,1058.587276,8.0,1041.310192,1081.768059,1011.775285,13247.0,valid,18.11730957952744,91.66666666666666,high_8_10,329,184
211041272,Vermont,14.0,100.48941653027723,1.0,0.14285714285714285,0.14285714285714285,58.0,2.5,6.0,17.0,Metro,7.0,0.0,0.0,0.0,2.0,10993.0,1071.317148,8.0,1062.947492,1083.890236,1054.266475,11435.0,valid,12.24311324879755,100.0,high_8_10,388,1
212041563,Dandenong - North,56.0,176.00164991487705,0.9180327868852459,0.26229508196721313,0.26229508196721313,258.0,1.0,6.0,22.0,Metro,12.0,2.0,5.0,9.0,8.0,21487.0,871.9012969,1.0,827.562527,931.7455522,863.6360321999999,23327.0,valid,24.00651605435761,91.80327868852459,low_1_3,268,183
211041273,Vermont South,15.0,94.8300270750721,0.6,0.2,0.2,197.0,2.0,6.0,17.0,Metro,3.0,0.0,1.0,3.0,4.0,11954.0,1072.982368,8.0,1059.734,1073.515472,1072.836057,12250.0,valid,12.244897959183673,60.0,high_8_10,387,391
211051274,Belgrave - Selby,41.0,107.63932914450636,0.8780487804878049,0.2682926829268293,0.2682926829268293,62.0,3.0,7.0,14.0,Metro,14.0,2.0,4.0,4.0,7.0,10005.0,1056.953148,8.0,1072.387176,1056.7974849999998,1085.8325849999999,9964.0,valid,41.148133279807304,87.8048780487805,high_8_10,152,235
211051275,Chirnside Park,33.0,449.01359601619265,0.45454545454545453,0.21212121212121213,0.21212121212121213,182.5,0.0,0.0,4.0,Metro,7.0,5.0,4.0,5.0,5.0,11779.0,1036.5710199999999,7.0,1059.625125,1014.2306649999999,1073.714023,12603.0,valid,26.184241847179244,45.45454545454545,middle_4_7,249,446
211051276,Healesville - Yarra Glen,145.0,529.4752889881161,0.4267515923566879,0.10828025477707007,0.10828025477707007,110.0,0.0,0.0,2.0,Metro,16.0,20.0,10.0,7.0,32.0,14065.0,992.9918664,5.0,1026.762716,981.9584745999999,1037.937581,14116.0,valid,102.72031737035987,42.675159235668794,middle_4_7,36,462
211051277,Kilsyth,7.0,100.06353462882834,1.0,0.14285714285714285,0.14285714285714285,24.5,2.0,6.0,16.0,Metro,2.0,0.0,0.0,4.0,1.0,9916.0,985.4521838,5.0,1010.100239,978.4258738999999,1011.33742,10692.0,valid,6.546950991395435,100.0,middle_4_7,462,1
211051278,Lilydale - Coldstream,110.0,410.8929123898749,0.5,0.21311475409836064,0.21311475409836064,121.0,0.0,0.5,5.0,Metro,20.0,12.0,10.0,5.0,18.0,19599.0,1005.850269,6.0,1034.907813,985.0194257,1045.40267,20905.0,valid,52.61899067208802,50.0,middle_4_7,105,425
211051279,Monbulk - Silvan,28.0,168.69912002704712,0.6785714285714286,0.14285714285714285,0.14285714285714285,115.0,1.0,1.5,4.0,Metro,3.0,1.0,2.0,5.0,8.0,5816.0,1024.352821,7.0,1050.984154,1010.185644,1065.26273,5840.0,valid,47.945205479452056,67.85714285714286,middle_4_7,120,364
211051280,Montrose,15.0,93.0494415788,0.9333333333333333,0.0,0.0,100.0,3.0,6.0,13.0,Metro,4.0,0.0,0.0,2.0,5.0,6943.0,1034.020205,7.0,1068.191081,1008.75482,1080.3409829999998,6904.0,valid,21.726535341830825,93.33333333333333,middle_4_7,292,159
212041564,Dandenong - South,40.0,359.8261017524343,0.55,0.05,0.05,190.0,0.0,2.0,4.0,Metro,5.0,1.0,4.0,3.0,9.0,9350.0,863.5324359,1.0,817.5942935,895.9888953999999,902.1289936000001,10039.0,valid,39.84460603645781,55.00000000000001,low_1_3,158,414
212041565,Keysborough - North,20.0,106.7152155723559,0.9,0.1,0.1,198.0,2.0,4.5,16.0,Metro,4.0,0.0,0.0,5.0,4.0,15096.0,924.3530328999999,2.0,914.4904786000001,918.2611956000001,981.1550952,15067.0,valid,13.274042609676776,90.0,low_1_3,378,207
211051281,Mooroolbark,19.0,234.00387121987728,0.631578947368421,0.10526315789473684,0.10526315789473684,100.0,0.0,5.0,11.0,Metro,5.0,0.0,3.0,5.0,2.0,23146.0,1009.410114,6.0,1030.820135,992.1632834,1044.692491,24395.0,valid,7.788481246157,63.1578947368421,middle_4_7,441,380
212041566,Keysborough - South,22.0,203.71369071706215,0.5454545454545454,0.045454545454545456,0.045454545454545456,700.0,0.5,2.0,3.0,Metro,2.0,1.0,3.0,3.0,3.0,15093.0,1073.7116350000001,8.0,1039.126293,1058.277553,1115.692333,17117.0,valid,12.852719518607232,54.54545454545454,high_8_10,382,416
212051319,Ashwood - Chadstone,34.0,115.00422921709426,0.9117647058823529,0.20588235294117646,0.20588235294117646,70.0,2.0,5.5,15.0,Metro,11.0,0.0,2.0,5.0,5.0,19507.0,1067.372401,8.0,1033.1046119999999,1094.275973,1001.6973,21139.0,valid,16.08401532712049,91.17647058823529,high_8_10,348,190
212051321,Glen Waverley - East,13.0,110.31841646781074,1.0,0.07692307692307693,0.07692307692307693,150.0,2.0,6.0,18.0,Metro,2.0,0.0,0.0,2.0,5.0,21603.0,1084.129504,9.0,1054.956474,1101.93664,1047.9983789999999,22820.0,valid,5.6967572304995615,100.0,high_8_10,474,1
211051282,Mount Dandenong - Olinda,60.0,130.77670032322192,0.85,0.21666666666666667,0.21666666666666667,100.0,2.0,2.0,6.0,Metro,25.0,3.0,7.0,3.0,13.0,9706.0,1074.6560829999999,9.0,1078.631503,1091.812902,1087.373716,9587.0,valid,62.584750182538855,85.0,high_8_10,77,259
211051283,Mount Evelyn,19.0,204.3931302489348,0.8421052631578947,0.21052631578947367,0.21052631578947367,63.0,0.0,4.0,9.0,Metro,8.0,0.0,1.0,2.0,4.0,9799.0,1014.0279270000001,6.0,1050.987116,991.9450768,1074.941341,10043.0,valid,18.91864980583491,84.21052631578947,middle_4_7,324,269
211051284,Upwey - Tecoma,29.0,90.79230929693685,0.9310344827586207,0.0,0.0,50.0,3.0,8.0,14.0,Metro,8.0,1.0,4.0,3.0,5.0,9777.0,1049.863945,8.0,1071.028347,1053.20307,1068.512737,9867.0,valid,29.390898956116345,93.10344827586206,high_8_10,230,163
211051285,Wandin - Seville,53.0,1545.3919811986966,0.33962264150943394,0.05660377358490566,0.05660377358490566,105.0,0.0,0.0,0.0,Metro,1.0,4.0,2.0,4.0,6.0,7902.0,1019.13383,6.0,1059.730959,983.7796860999999,1085.325584,7996.0,valid,66.28314157078539,33.9622641509434,middle_4_7,71,477
211051286,Yarra Valley,56.0,209.95395135389623,0.6071428571428571,0.10714285714285714,0.10714285714285714,154.0,0.5,2.0,4.0,Metro,9.0,6.0,3.0,6.0,18.0,16799.0,954.9791161,4.0,995.254956,942.5899988,1017.321059,17087.0,valid,32.773453502662846,60.71428571428571,middle_4_7,210,387
212011289,Emerald - Cockatoo,56.0,264.86363460290386,0.5535714285714286,0.08928571428571429,0.08928571428571429,130.0,0.0,2.0,3.5,Metro,7.0,4.0,7.0,8.0,12.0,18633.0,1034.347974,7.0,1065.503532,1010.6151629999999,1091.185571,19043.0,valid,29.407131229323113,55.35714285714286,middle_4_7,229,411
212011546,Beaconsfield - Officer,39.0,269.6135390258657,0.7045454545454546,0.22727272727272727,0.22727272727272727,100.0,0.0,2.0,7.0,Metro,16.0,5.0,0.0,7.0,4.0,23632.0,1036.4978150000002,7.0,1056.433868,1021.518939,1069.959476,29524.0,valid,13.20959219617938,70.45454545454545,middle_4_7,380,353
212051322,Glen Waverley - West,118.0,152.25778777274107,0.9745762711864406,0.3474576271186441,0.3474576271186441,86.0,1.0,18.0,29.0,Metro,72.0,3.0,15.0,8.0,8.0,21036.0,1073.5296700000001,8.0,1038.831665,1098.2622339999998,1019.44764,23417.0,valid,50.390741768800446,97.45762711864407,high_8_10,116,117
212051323,Mount Waverley - North,20.0,164.51799352388025,0.65,0.15,0.15,135.0,1.0,4.0,12.0,Metro,5.0,0.0,1.0,2.0,5.0,16073.0,1091.3929990000001,9.0,1064.561604,1108.290154,1045.499157,17492.0,valid,11.433798307797849,65.0,high_8_10,404,372
212011547,Bunyip - Garfield,25.0,329.6985548106268,0.5405405405405406,0.13513513513513514,0.13513513513513514,200.0,0.0,1.0,4.0,Metro,3.0,3.0,3.0,2.0,8.0,9868.0,1003.153017,6.0,1046.12331,958.4804361,1069.4172250000001,10366.0,valid,24.117306579201234,54.054054054054056,middle_4_7,266,418
212011548,Koo Wee Rup,23.0,1539.9619997351656,0.25,0.0625,0.0625,258.5,0.0,0.0,0.0,Metro,0.0,2.0,1.0,5.0,10.0,10069.0,975.2945794,5.0,1019.538696,930.2740958,1055.37109,12598.0,valid,18.256866169233213,25.0,middle_4_7,327,493
212011549,Pakenham - North East,6.0,71.499351116623,1.0,0.5,0.5,60.0,2.0,4.0,14.5,Metro,2.0,0.0,0.0,2.0,1.0,15441.0,949.4194421,3.0,979.4867522000001,945.0091771,999.8771882000001,16593.0,valid,3.615982643283312,100.0,low_1_3,496,1
212011550,Pakenham - North West,10.0,202.6040418021347,0.8823529411764706,0.17647058823529413,0.17647058823529413,180.0,0.0,2.0,5.0,Metro,4.0,0.0,0.0,0.0,5.0,7479.0,998.8319222,6.0,1025.097542,982.4069197,1045.850651,10502.0,valid,9.521995810321844,88.23529411764706,middle_4_7,426,228
212011551,Pakenham - South East,15.0,143.6904747236852,0.8421052631578947,0.21052631578947367,0.21052631578947367,160.0,2.0,4.0,13.0,Metro,3.0,1.0,2.0,4.0,2.0,6439.0,923.8537096,2.0,948.0696397,929.6989303,938.8032066999999,6778.0,valid,22.130421953378576,84.21052631578947,low_1_3,287,269
212011552,Pakenham - South West,35.0,150.79572589368104,0.8863636363636364,0.06818181818181818,0.06818181818181818,108.5,1.0,3.0,12.0,Metro,12.0,1.0,5.0,7.0,6.0,26783.0,968.2026502,4.0,989.9932047,957.6415036,1023.082136,28194.0,valid,12.413988791941549,88.63636363636364,middle_4_7,386,225
212021293,Berwick - North,52.0,130.00631166504795,0.8113207547169812,0.20754716981132076,0.20754716981132076,110.0,2.0,6.0,18.0,Metro,18.0,1.0,9.0,4.0,9.0,22963.0,1042.224476,7.0,1057.342594,1024.887137,1052.651306,23637.0,valid,21.999407708254008,81.13207547169812,middle_4_7,288,294
212051324,Mount Waverley - South,54.0,173.76699309050736,0.8148148148148148,0.2222222222222222,0.2222222222222222,59.5,2.0,3.0,13.0,Metro,27.0,2.0,1.0,7.0,4.0,19265.0,1091.595168,9.0,1067.8499319999999,1100.060107,1046.947312,20659.0,valid,26.138728883295418,81.48148148148148,high_8_10,250,288
212021295,Doveton,14.0,133.2556348589569,1.0,0.14285714285714285,0.14285714285714285,252.0,2.0,4.5,13.5,Metro,0.0,1.0,1.0,3.0,5.0,11889.0,859.4678983,1.0,832.0554601,900.6062009,886.1693067,12893.0,valid,10.858605444815018,100.0,low_1_3,417,1
212021297,Hallam,14.0,163.49666218666317,0.7857142857142857,0.07142857142857142,0.07142857142857142,85.0,1.5,2.5,15.0,Metro,3.0,1.0,0.0,1.0,5.0,11472.0,925.1108341,2.0,917.2770092000001,937.3895823,978.362658,12009.0,valid,11.65792322424848,78.57142857142857,low_1_3,399,313
212021299,Narre Warren North,9.0,860.0708857392934,0.2222222222222222,0.0,0.0,90.0,0.0,0.0,0.0,Metro,1.0,0.0,0.0,1.0,3.0,8241.0,1065.706114,8.0,1067.8718769999998,1023.887403,1142.5785210000001,8237.0,valid,10.926308121889036,22.22222222222222,high_8_10,415,497
212021453,Endeavour Hills - North,8.0,184.70666154104975,0.625,0.0,0.0,420.5,1.0,2.0,7.0,Metro,0.0,0.0,0.0,0.0,5.0,12086.0,988.5314923999999,5.0,996.4946778,982.482053,1029.050698,12175.0,valid,6.570841889117043,62.5,middle_4_7,461,382
212021454,Endeavour Hills - South,11.0,153.85666267689282,0.9090909090909091,0.18181818181818182,0.18181818181818182,88.0,2.0,4.0,14.0,Metro,3.0,0.0,0.0,5.0,1.0,13360.0,995.6634602,5.0,998.3281827,1001.81346,1028.012284,13539.0,valid,8.12467685944309,90.9090909090909,middle_4_7,437,193
212021455,Narre Warren - North East,2.0,241.32695902493762,1.0,0.0,0.0,,0.0,4.0,10.0,Metro,0.0,0.0,0.0,0.0,1.0,13504.0,986.2639364,5.0,1010.381698,973.731365,1036.2258769999999,13618.0,valid,1.46864444118079,100.0,middle_4_7,512,1
212021456,Narre Warren - South West,42.0,175.21002996839383,0.8863636363636364,0.2727272727272727,0.2727272727272727,160.0,1.0,5.0,12.0,Metro,17.0,0.0,7.0,8.0,2.0,14758.0,944.9125503,3.0,953.2876268,949.9624355,977.9413827999999,15484.0,valid,27.124773960217,88.63636363636364,low_1_3,244,225
212021553,Berwick - South East,9.0,149.7636269545426,1.0,0.2222222222222222,0.2222222222222222,118.0,1.0,4.0,16.0,Metro,3.0,0.0,0.0,4.0,2.0,17760.0,1051.442887,8.0,1058.749042,1036.1733649999999,1089.5068480000002,20765.0,valid,4.33421622923188,100.0,high_8_10,492,1
212021554,Berwick - South West,9.0,147.13890203105663,0.7777777777777778,0.2222222222222222,0.2222222222222222,164.0,1.0,5.0,10.0,Metro,4.0,0.0,1.0,1.0,1.0,11254.0,1031.152249,7.0,1044.373327,1026.820905,1059.116677,13243.0,valid,6.796043192630068,77.77777777777779,middle_4_7,457,318
212031300,Cranbourne,34.0,200.87616205970318,0.8857142857142857,0.2,0.2,200.0,0.0,4.0,12.0,Metro,9.0,1.0,4.0,6.0,7.0,21281.0,906.3431731000001,2.0,920.2990768999999,902.7003394,965.9655659,22708.0,valid,14.972696846926192,88.57142857142857,low_1_3,360,227
212031303,Cranbourne South,12.0,302.63468751671485,0.75,0.08333333333333333,0.08333333333333333,412.0,0.0,2.0,3.5,Metro,0.0,1.0,1.0,4.0,5.0,17400.0,1031.215261,7.0,1053.5114070000002,986.6710415,1100.072708,27368.0,valid,4.384682841274481,75.0,middle_4_7,491,328
212031304,Cranbourne West,14.0,77.95789128883763,0.7857142857142857,0.14285714285714285,0.14285714285714285,55.0,1.5,2.0,6.0,Metro,6.0,0.0,2.0,3.0,1.0,21535.0,973.2029882,5.0,989.4744080999999,963.0597324,1037.899668,25490.0,valid,5.492349941153393,78.57142857142857,middle_4_7,476,313
212031306,Lynbrook - Lyndhurst,15.0,206.89420142177028,0.8,0.06666666666666667,0.06666666666666667,72.0,0.0,2.0,4.0,Metro,8.0,0.0,0.0,3.0,2.0,18027.0,1025.562421,7.0,1020.585775,1015.208802,1078.5536869999999,19545.0,valid,7.674597083653108,80.0,middle_4_7,444,300
212051325,Mulgrave,29.0,224.25009465516908,0.8620689655172413,0.13793103448275862,0.13793103448275862,200.0,0.0,5.0,14.0,Metro,6.0,0.0,3.0,6.0,3.0,19889.0,1042.856354,7.0,1037.505321,1041.770278,1036.171126,21072.0,valid,13.762338648443432,86.20689655172413,middle_4_7,369,250
212051326,Oakleigh - Huntingdale,92.0,103.0258848966306,0.9239130434782609,0.2717391304347826,0.2717391304347826,100.0,2.0,13.0,35.0,Metro,30.0,3.0,8.0,11.0,13.0,22928.0,1055.89431,8.0,1037.848351,1070.375384,1001.420153,25427.0,valid,36.18201124788611,92.3913043478261,high_8_10,182,174
212051327,Wheelers Hill,26.0,92.30494803320335,1.0,0.07692307692307693,0.07692307692307693,174.0,2.0,5.0,18.5,Metro,5.0,0.0,3.0,5.0,7.0,20652.0,1080.047884,9.0,1065.6886339999999,1076.586207,1076.2893889999998,21281.0,valid,12.217470983506415,100.0,high_8_10,389,1
212051567,Clayton (North) - Notting Hill,44.0,171.5652347233374,0.9545454545454546,0.20454545454545456,0.20454545454545456,165.0,1.0,6.0,18.0,Metro,14.0,2.0,7.0,7.0,8.0,9829.0,1029.077294,7.0,981.2724920999999,1115.252904,847.2509455000001,14911.0,valid,29.5084166051908,95.45454545454545,middle_4_7,228,136
212051568,Clayton - Central,48.0,123.34077361984072,0.9615384615384616,0.17307692307692307,0.17307692307692307,59.0,2.0,11.0,26.0,Metro,21.0,0.0,5.0,6.0,6.0,12052.0,1012.550069,6.0,982.9454808999999,1057.320277,901.0233000999999,15483.0,valid,31.001743848091454,96.15384615384616,middle_4_7,218,127
213011328,Ardeer - Albion,16.0,233.15476571342094,0.6875,0.125,0.125,402.0,0.5,3.5,6.0,Metro,3.0,0.0,0.0,3.0,4.0,7502.0,930.4513142999999,3.0,902.572601,970.3841487999999,893.5297294000001,7955.0,valid,20.113136392206158,68.75,low_1_3,305,359
213011329,Cairnlea,9.0,216.34060249486882,0.8888888888888888,0.1111111111111111,0.1111111111111111,50.0,0.0,4.0,6.0,Metro,5.0,0.0,0.0,1.0,2.0,10038.0,967.7029089,4.0,951.2603906,967.9747658,1043.63672,10035.0,valid,8.968609865470851,88.88888888888889,middle_4_7,431,214
213011331,Delahey,4.0,80.96954201001665,1.0,0.0,0.0,75.0,2.0,5.0,15.0,Metro,1.0,0.0,0.0,2.0,0.0,8077.0,902.078609,2.0,899.1988787,898.5025605000001,958.0182477,7859.0,valid,5.089706069474488,100.0,low_1_3,482,1
213011332,Keilor Downs,13.0,204.24316986901897,0.8461538461538461,0.15384615384615385,0.15384615384615385,500.0,0.0,5.0,14.0,Metro,1.0,0.0,0.0,4.0,3.0,13082.0,959.1433925,4.0,965.0652199,953.3590165,995.9732659,13080.0,valid,9.938837920489295,84.61538461538461,middle_4_7,423,265
213011333,Kings Park (Vic.),4.0,413.0681527968094,0.5,0.0,0.0,310.0,0.0,0.5,18.0,Metro,0.0,0.0,0.0,0.0,2.0,13983.0,853.7161116999999,1.0,826.9779530999999,872.1978925000001,927.3404979000001,13956.0,valid,2.866150759529951,50.0,low_1_3,501,425
213011334,St Albans - North,24.0,103.5504453282027,0.9583333333333334,0.20833333333333334,0.20833333333333334,83.5,2.5,8.0,35.0,Metro,6.0,0.0,5.0,7.0,3.0,20581.0,862.8302583,1.0,825.3358933999999,898.4672945000001,884.7119884,21020.0,valid,11.417697431018079,95.83333333333334,low_1_3,406,131
213011335,St Albans - South,22.0,134.12748483753222,0.9545454545454546,0.13636363636363635,0.13636363636363635,75.0,4.0,23.0,33.0,Metro,6.0,0.0,3.0,5.0,2.0,17454.0,868.6841019,1.0,821.249145,908.1056960999999,891.0920004,17705.0,valid,12.425868398757414,95.45454545454545,low_1_3,385,136
213011336,Sunshine,41.0,139.04824953817393,1.0,0.21428571428571427,0.21428571428571427,77.0,1.5,8.5,69.5,Metro,13.0,1.0,6.0,5.0,4.0,9445.0,956.8082085000001,4.0,931.133211,984.6962844999999,924.2250946,10151.0,valid,40.39010934883263,100.0,middle_4_7,154,1
213011337,Sunshine North,23.0,276.8355951166526,0.5652173913043478,0.30434782608695654,0.30434782608695654,100.0,0.0,2.0,8.0,Metro,4.0,0.0,4.0,6.0,4.0,12047.0,903.5269370999999,2.0,864.7831343,931.9882418,926.7868576,12751.0,valid,18.037800956787702,56.52173913043478,low_1_3,330,404
213011338,Sunshine West,28.0,126.27155637767274,0.8214285714285714,0.10714285714285714,0.10714285714285714,335.0,2.0,4.0,14.5,Metro,3.0,0.0,3.0,7.0,3.0,18558.0,906.4637774,2.0,884.426059,922.3652208,939.1055233,18693.0,valid,14.978869095383297,82.14285714285714,low_1_3,359,284
213011339,Sydenham,9.0,130.31903064189947,1.0,0.4,0.4,109.0,1.0,4.0,15.0,Metro,3.0,0.0,2.0,3.0,0.0,11726.0,967.8472499000001,4.0,982.7298477999999,965.8640346000001,994.7570747,12025.0,valid,7.484407484407485,100.0,middle_4_7,449,1
213011340,Taylors Lakes,37.0,120.11499890284658,0.8809523809523809,0.35714285714285715,0.35714285714285715,167.0,2.0,6.0,45.0,Metro,15.0,0.0,6.0,5.0,5.0,16910.0,1025.7405410000001,7.0,1041.992094,997.4294357,1070.341524,16896.0,valid,21.89867424242424,88.09523809523809,middle_4_7,291,231
213011569,Deer Park,17.0,131.2574733125419,0.8823529411764706,0.17647058823529413,0.17647058823529413,100.0,2.0,4.0,12.0,Metro,7.0,1.0,0.0,4.0,2.0,18004.0,911.5007986,2.0,899.0551598000001,922.2387135,953.618503,18368.0,valid,9.255226480836237,88.23529411764706,low_1_3,429,228
213011570,Derrimut,22.0,261.9159460499354,0.5909090909090909,0.09090909090909091,0.09090909090909091,142.0,0.0,2.0,6.0,Metro,6.0,0.0,1.0,1.0,5.0,8653.0,994.6971161,5.0,986.8930508000001,992.6243340999999,1050.817938,8958.0,valid,24.55905336012503,59.09090909090909,middle_4_7,264,395
213021341,Altona,46.0,87.42230537439295,0.8043478260869565,0.17391304347826086,0.17391304347826086,95.0,2.0,8.0,18.5,Metro,16.0,4.0,2.0,4.0,9.0,13556.0,1048.148564,8.0,1040.3102589999999,1054.047011,1006.533674,14428.0,valid,31.882450790130303,80.43478260869566,high_8_10,215,299
213021342,Altona Meadows,12.0,128.31155195289182,0.9166666666666666,0.0,0.0,232.0,2.0,4.0,11.5,Metro,1.0,1.0,0.0,4.0,2.0,18479.0,967.0987656,4.0,982.7638274,967.5633867,978.4021601000001,18783.0,valid,6.3887557898099345,91.66666666666666,middle_4_7,463,184
213021343,Altona North,41.0,197.98658141557553,0.7804878048780488,0.17073170731707318,0.17073170731707318,164.0,1.0,5.0,13.0,Metro,5.0,1.0,6.0,8.0,11.0,14931.0,992.7395136,5.0,967.8926399000001,1010.983857,962.7583682,16493.0,valid,24.85903110410477,78.04878048780488,middle_4_7,262,316
213021344,Newport,51.0,95.6872165847119,0.9019607843137255,0.09803921568627451,0.09803921568627451,74.0,3.0,6.0,27.0,Metro,12.0,4.0,4.0,9.0,10.0,18753.0,1103.178453,9.0,1074.8948970000001,1110.016603,1045.806674,20328.0,valid,25.088547815820544,90.19607843137256,high_8_10,258,205
213021345,Seabrook,4.0,182.71387921892725,0.75,0.0,0.0,48.0,1.0,4.0,8.0,Metro,1.0,0.0,0.0,1.0,0.0,4952.0,1005.973698,6.0,1024.0057399999998,1001.454231,1024.656792,4932.0,valid,8.110300081103,75.0,middle_4_7,438,328
213021346,Williamstown,103.0,114.89819268102646,0.8952380952380953,0.24761904761904763,0.24761904761904763,100.0,2.0,4.0,16.0,Metro,39.0,11.0,7.0,6.0,20.0,15912.0,1100.810827,9.0,1066.86909,1112.570498,1040.012611,17102.0,valid,60.22687404981873,89.52380952380953,high_8_10,83,211
213031347,Braybrook,50.0,137.7818441018785,0.8,0.24,0.24,114.5,2.0,5.0,18.0,Metro,13.0,2.0,6.0,8.0,11.0,19068.0,964.8284017,4.0,925.0803232999999,1009.07776,917.9177702999999,20916.0,valid,23.9051443870721,80.0,middle_4_7,271,300
213031348,Footscray,126.0,74.49809815120418,0.9769230769230769,0.35384615384615387,0.35384615384615387,80.0,4.0,19.0,87.0,Metro,51.0,12.0,18.0,9.0,9.0,17131.0,1029.885778,7.0,986.6255902,1083.569155,895.2967257,20882.0,valid,60.33904798390959,97.6923076923077,middle_4_7,82,114
213031349,Maribyrnong,46.0,69.5019520065475,0.9782608695652174,0.391304347826087,0.391304347826087,110.0,5.0,10.0,28.5,Metro,27.0,3.0,4.0,4.0,5.0,12573.0,1062.624914,8.0,1044.865817,1078.0349990000002,1003.259921,13960.0,valid,32.95128939828081,97.82608695652173,high_8_10,209,110
213031350,Seddon - Kingsville,33.0,59.184362037480554,1.0,0.15151515151515152,0.15151515151515152,60.0,4.0,7.0,31.0,Metro,15.0,5.0,3.0,5.0,3.0,9247.0,1102.651283,9.0,1059.648677,1128.7295199999999,1008.361891,9748.0,valid,33.85309807139926,100.0,high_8_10,200,1
213031351,West Footscray - Tottenham,26.0,58.95783822366562,0.9615384615384616,0.038461538461538464,0.038461538461538464,148.0,2.0,5.0,20.5,Metro,7.0,3.0,0.0,3.0,4.0,11735.0,1045.916291,7.0,1015.854005,1078.1751869999998,962.7275391,13007.0,valid,19.989236564926575,96.15384615384616,middle_4_7,307,127
213031352,Yarraville,74.0,131.00270897937457,0.9864864864864865,0.16216216216216217,0.16216216216216217,61.0,4.0,14.0,32.0,Metro,29.0,7.0,3.0,6.0,20.0,15463.0,1108.86584,9.0,1076.595765,1115.2496030000002,1035.130609,16159.0,valid,45.79491305155022,98.64864864864865,high_8_10,130,100
213041353,Bacchus Marsh,42.0,260.4100237047294,0.75,0.22916666666666666,0.22916666666666666,200.0,0.0,2.0,9.0,Regional,12.0,3.0,2.0,11.0,6.0,24717.0,983.3053179,5.0,1011.241467,964.6287291,1031.71216,27182.0,valid,15.451401662865132,75.0,middle_4_7,354,328
213041358,Melton West,17.0,84.06103488293246,1.0,0.17647058823529413,0.17647058823529413,155.0,6.0,9.0,20.0,Regional,10.0,0.0,1.0,5.0,1.0,21208.0,920.1955678,2.0,940.2466254,910.4140811999999,999.0752805,22710.0,valid,7.485689123734037,100.0,low_1_3,448,1
213041359,Rockbank - Mount Cottrell,21.0,258.71959946166146,0.5714285714285714,0.19047619047619047,0.19047619047619047,100.0,0.0,1.0,3.0,Regional,7.0,1.0,0.0,4.0,5.0,17553.0,1029.180574,7.0,1034.934893,1018.950477,1075.9760270000002,35856.0,valid,5.856760374832664,57.14285714285714,middle_4_7,468,401
213041360,Taylors Hill,12.0,182.84421113030106,0.9166666666666666,0.25,0.25,55.0,1.0,5.0,13.0,Regional,5.0,0.0,0.0,3.0,3.0,19539.0,1023.29809,7.0,1033.637017,999.7359628,1078.859663,19874.0,valid,6.0380396497937,91.66666666666666,middle_4_7,466,184
213041461,Burnside,5.0,49.43518151492786,0.8,0.0,0.0,59.5,2.0,4.0,6.0,Regional,1.0,1.0,0.0,1.0,2.0,5800.0,981.8657242999999,5.0,981.9626976999999,958.0613424999999,1043.691941,6635.0,valid,7.535795026375283,80.0,middle_4_7,446,300
213041462,Burnside Heights,1.0,699.9163738429088,0.0,0.0,0.0,,0.0,0.0,4.0,Regional,0.0,0.0,0.0,0.0,1.0,6377.0,1007.2321189999999,6.0,1006.290976,1005.274445,1061.6927010000002,6443.0,valid,1.552072016141549,0.0,middle_4_7,510,510
213041463,Caroline Springs,36.0,139.63475767095164,0.8888888888888888,0.3333333333333333,0.3333333333333333,89.0,2.0,6.0,17.0,Regional,22.0,1.0,1.0,5.0,4.0,20365.0,1011.498967,6.0,1013.942572,1013.37674,1040.2236970000001,20934.0,valid,17.196904557179707,88.88888888888889,middle_4_7,339,214
213041571,Brookfield,1.0,1912.1361866478405,0.0,0.0,0.0,170.0,0.0,0.0,0.0,Regional,0.0,0.0,0.0,0.0,0.0,9829.0,937.3344913999999,3.0,952.1537035,919.995047,1015.3186659999999,10665.0,valid,0.9376465072667604,0.0,low_1_3,515,510
213041572,Cobblebank - Strathtulloh,9.0,306.02289626897687,0.5555555555555556,0.4444444444444444,0.4444444444444444,99.0,0.0,2.0,5.0,Regional,3.0,0.0,0.0,1.0,3.0,7598.0,1000.9874169999999,6.0,1006.929816,992.6061589999999,1048.5119399999999,12885.0,valid,6.984866123399302,55.55555555555556,middle_4_7,455,407
213041573,Eynesbury - Exford,5.0,470.87499283591467,0.2,0.0,0.0,400.0,0.0,0.0,3.0,Regional,0.0,1.0,0.0,0.0,4.0,2990.0,1056.106265,8.0,1089.772164,1008.8248169999999,1119.424053,4309.0,valid,11.603620329542817,20.0,high_8_10,400,498
213041574,Fraser Rise - Plumpton,12.0,3500.1680712320967,0.4166666666666667,0.3333333333333333,0.3333333333333333,280.0,0.0,0.0,0.0,Regional,3.0,2.0,1.0,1.0,1.0,10098.0,1034.6927930000002,7.0,1046.714168,1020.540413,1087.064756,24739.0,valid,4.850640688790978,41.66666666666667,middle_4_7,486,465
213041575,Hillside,9.0,135.25375207298433,1.0,0.1111111111111111,0.1111111111111111,249.0,1.0,4.0,9.0,Regional,3.0,0.0,0.0,2.0,0.0,16182.0,1012.755935,6.0,1035.336161,983.8386024,1068.821808,16173.0,valid,5.564830272676684,100.0,middle_4_7,475,1
213041576,Kurunjang - Toolern Vale,7.0,3058.862097250824,0.14285714285714285,0.14285714285714285,0.14285714285714285,66.0,0.0,0.0,0.0,Regional,1.0,0.0,0.0,0.0,3.0,11632.0,921.4702959,2.0,947.3532796000001,899.0991933,1001.4406250000001,12082.0,valid,5.793742757821553,14.285714285714285,low_1_3,470,503
213041577,Melton,36.0,186.05108552159192,0.8611111111111112,0.16666666666666666,0.16666666666666666,141.5,1.0,6.5,18.5,Regional,11.0,0.0,3.0,7.0,8.0,7886.0,843.4074045000001,1.0,849.358245,846.9977016,907.6730756,8007.0,valid,44.96065942300487,86.11111111111111,low_1_3,132,252
213041578,Melton South - Weir Views,15.0,135.95395030909614,0.8666666666666667,0.13333333333333333,0.13333333333333333,128.0,1.0,4.0,15.0,Regional,6.0,0.0,0.0,5.0,3.0,16658.0,881.0337174,1.0,877.2332129,893.1466086,939.9951237,22821.0,valid,6.572893387669253,86.66666666666667,low_1_3,460,245
213051361,Hoppers Crossing - North,29.0,292.96068066396987,0.7931034482758621,0.10344827586206896,0.10344827586206896,81.0,0.0,2.0,5.0,Metro,9.0,0.0,3.0,10.0,4.0,18446.0,954.7464629,4.0,970.0824866,948.68753,996.1771491,18359.0,valid,15.796067323928318,79.3103448275862,middle_4_7,352,309
213051362,Hoppers Crossing - South,28.0,99.17812027812008,1.0,0.17857142857142858,0.17857142857142858,174.5,1.0,5.5,21.0,Metro,12.0,1.0,4.0,5.0,4.0,18772.0,935.5907334,3.0,943.994489,936.9550545000001,965.9118841999999,18906.0,valid,14.810113191579392,100.0,low_1_3,363,1
213051363,Laverton,31.0,131.9994486693714,0.8709677419354839,0.1935483870967742,0.1935483870967742,52.5,1.0,4.0,10.0,Metro,12.0,0.0,0.0,7.0,6.0,11459.0,1015.239725,6.0,993.0342626,1028.192825,991.7094406,12816.0,valid,24.18851435705368,87.09677419354838,middle_4_7,265,243
213051368,Werribee - South,80.0,175.46404608211404,0.8426966292134831,0.20224719101123595,0.20224719101123595,148.0,1.0,5.0,37.0,Metro,35.0,4.0,7.0,6.0,13.0,16810.0,1000.9251300000001,6.0,1005.075015,999.6914477,1000.981345,17936.0,valid,44.603033006244424,84.26966292134831,middle_4_7,135,268
213051464,Point Cook - East,13.0,284.73927931085746,0.6153846153846154,0.23076923076923078,0.23076923076923078,135.0,0.0,2.0,6.0,Metro,4.0,2.0,0.0,1.0,4.0,19274.0,1071.958475,8.0,1050.505537,1073.733843,1074.6442769999999,21797.0,valid,5.96412350323439,61.53846153846154,high_8_10,467,384
213051466,Point Cook - South,19.0,288.4540425048383,0.6842105263157895,0.0,0.0,100.0,0.0,2.0,6.0,Metro,7.0,1.0,1.0,3.0,4.0,19091.0,1087.3958010000001,9.0,1072.377869,1098.457053,1083.287346,20835.0,valid,9.119270458363331,68.42105263157895,high_8_10,430,360
213051467,Werribee - East,14.0,84.27084375098698,1.0,0.14285714285714285,0.14285714285714285,160.0,1.5,3.5,19.0,Metro,2.0,0.0,1.0,4.0,4.0,19010.0,897.3382103,2.0,895.4328579,911.8457176999999,925.5660186,19205.0,valid,7.289768289507941,100.0,low_1_3,452,1
213051468,Werribee - West,12.0,317.77289291867,0.7142857142857143,0.21428571428571427,0.21428571428571427,236.0,0.0,2.0,4.5,Metro,1.0,1.0,0.0,4.0,4.0,22341.0,992.2638053999999,5.0,1007.33776,979.4858039000001,1023.5875219999999,32943.0,valid,3.6426554958564794,71.42857142857143,middle_4_7,495,348
213051579,Manor Lakes - Quandong,2.0,1928.664646918699,0.5,0.0,0.0,,1.0,2.5,9.5,Metro,0.0,0.0,0.0,0.0,2.0,10616.0,1036.504625,7.0,1040.9413299999999,1044.1598709999998,1061.649227,13667.0,valid,1.4633789419770251,50.0,middle_4_7,513,425
213051580,Point Cook - North East,32.0,137.61260669669593,1.0,0.15625,0.15625,122.0,2.0,5.0,14.0,Metro,16.0,0.0,1.0,8.0,4.0,14167.0,1032.895742,7.0,1039.8230990000002,1035.61043,1046.239317,14746.0,valid,21.700800217008002,100.0,middle_4_7,293,1
213051581,Point Cook - North West,5.0,123.42355126240032,1.0,0.0,0.0,70.0,2.0,4.0,6.0,Metro,3.0,0.0,0.0,1.0,1.0,9565.0,1057.011015,8.0,1054.4515609999999,1055.84479,1065.821251,10151.0,valid,4.925623091321052,100.0,high_8_10,484,1
213051582,Tarneit (West) - Mount Cottrell,4.0,145.64309243120272,1.0,0.0,0.0,80.0,1.5,3.0,10.0,Metro,3.0,0.0,0.0,1.0,0.0,10132.0,1021.362363,6.0,1025.2258809999998,1027.260146,1052.485469,19169.0,valid,2.0867024883927177,100.0,middle_4_7,507,1
213051583,Tarneit - Central,24.0,79.89688950509102,0.9583333333333334,0.16666666666666666,0.16666666666666666,114.0,2.0,4.0,16.0,Metro,8.0,0.0,0.0,9.0,3.0,28116.0,1011.1070659999999,6.0,1015.068927,1015.688678,1039.1095050000001,29246.0,valid,8.206250427408875,95.83333333333334,middle_4_7,435,131
213051584,Tarneit - North,2.0,401.2532482948544,0.5,0.0,0.0,600.0,0.0,1.0,8.0,Metro,0.0,0.0,0.0,0.0,0.0,7197.0,1031.109082,7.0,1031.897502,1029.0866110000002,1062.592837,15880.0,valid,1.2594458438287153,50.0,middle_4_7,514,425
213051585,Tarneit - South,4.0,54.277004433635284,1.0,0.0,0.0,,4.0,6.0,12.0,Metro,0.0,0.0,0.0,2.0,2.0,11182.0,981.169049,5.0,988.3144267,986.0280447,1017.163059,11864.0,valid,3.3715441672285906,100.0,middle_4_7,497,1
213051586,Truganina - North,18.0,358.24916449522385,0.5555555555555556,0.16666666666666666,0.16666666666666666,70.0,0.0,1.0,4.0,Metro,6.0,0.0,0.0,4.0,1.0,9340.0,1046.3220729999998,7.0,1040.180372,1039.8175680000002,1071.726323,15384.0,valid,11.700468018720748,55.55555555555556,middle_4_7,398,407
213051587,Truganina - South East,8.0,201.94404789694897,0.875,0.0,0.0,104.0,0.0,2.0,2.0,Metro,3.0,0.0,0.0,1.0,1.0,9596.0,1053.061705,8.0,1049.858758,1058.779127,1060.133375,10846.0,valid,7.375991148810622,87.5,high_8_10,450,237
213051588,Truganina - South West,6.0,100.16949811488186,1.0,0.0,0.0,119.0,1.0,2.0,6.0,Metro,2.0,0.0,0.0,0.0,4.0,19065.0,995.2518503,5.0,992.2949227,1009.247683,1019.002033,20395.0,valid,2.9418975239029175,100.0,middle_4_7,500,1
213051589,Wyndham Vale - North,7.0,176.62396059960767,0.8571428571428571,0.0,0.0,179.0,2.0,4.0,8.0,Metro,1.0,0.0,0.0,1.0,4.0,9032.0,976.3908456,5.0,980.3114443000001,993.300868,1004.4523,14515.0,valid,4.822597313124354,85.71428571428571,middle_4_7,487,255
213051590,Wyndham Vale - South,9.0,223.03278887909383,1.0,0.0,0.0,112.0,0.0,3.0,19.0,Metro,4.0,0.0,0.0,5.0,0.0,13546.0,947.4706753,3.0,958.3089166999999,946.2967432,1000.5920639999999,14135.0,valid,6.36717368234878,100.0,low_1_3,464,1
214011370,Carrum Downs,30.0,158.46852761900587,0.9,0.16666666666666666,0.16666666666666666,121.0,2.0,4.0,11.5,Metro,7.0,0.0,3.0,6.0,7.0,21976.0,950.2865944,3.0,985.8443321,937.7995013999999,990.7905165999999,23464.0,valid,12.785543811796796,90.0,low_1_3,383,207
214011371,Frankston,98.0,132.13878724358727,0.9489795918367347,0.2653061224489796,0.2653061224489796,136.0,2.0,6.0,38.0,Metro,43.0,3.0,10.0,8.0,14.0,23586.0,962.4342854,4.0,971.7351039,995.2025467,941.9242464,25043.0,valid,39.132691770155326,94.89795918367348,middle_4_7,161,145
214011372,Frankston North,44.0,135.2425883271866,0.8636363636363636,0.25,0.25,147.5,2.0,5.5,16.0,Metro,13.0,0.0,4.0,12.0,8.0,19453.0,908.5119159,2.0,925.3516305999999,926.7871069,927.9796061,19794.0,valid,22.228958270182883,86.36363636363636,low_1_3,285,249
214011373,Frankston South,19.0,175.01540947216654,0.7894736842105263,0.0,0.0,115.0,1.0,2.0,7.0,Metro,3.0,0.0,0.0,3.0,5.0,18801.0,1062.263939,8.0,1069.497335,1055.870394,1076.227262,19374.0,valid,9.806957778465986,78.94736842105263,high_8_10,425,311
214011374,Langwarrin,15.0,140.61743945255503,0.8,0.06666666666666667,0.06666666666666667,512.0,1.0,2.0,8.0,Metro,1.0,0.0,0.0,4.0,4.0,24939.0,1005.240672,6.0,1040.351747,975.5502777,1056.170649,25788.0,valid,5.816658911121452,80.0,middle_4_7,469,300
214011375,Seaford (Vic.),43.0,240.93326222779007,0.813953488372093,0.11627906976744186,0.11627906976744186,110.0,0.0,4.0,9.0,Metro,7.0,0.0,2.0,6.0,8.0,17215.0,979.0337602999999,5.0,997.1731841999999,992.6025698,970.4933685999999,18305.0,valid,23.490849494673583,81.3953488372093,middle_4_7,276,289
214011376,Skye - Sandhurst,7.0,1499.6327655576408,0.0,0.14285714285714285,0.14285714285714285,301.0,0.0,0.0,0.0,Metro,0.0,1.0,1.0,0.0,4.0,13303.0,1028.392358,7.0,1048.5674689999998,996.008542,1082.4793439999999,13601.0,valid,5.146680391147711,0.0,middle_4_7,478,510
214021377,Dromana,73.0,578.1681633480792,0.4657534246575342,0.1780821917808219,0.1780821917808219,95.0,0.0,0.0,4.0,Metro,14.0,9.0,6.0,5.0,17.0,13366.0,998.3624766,6.0,1025.8828050000002,991.7485877,1012.9931710000001,13925.0,valid,52.42369838420108,46.57534246575342,middle_4_7,106,441
214021378,Flinders,160.0,5232.567794105114,0.0875,0.05,0.05,120.0,0.0,0.0,0.0,Metro,16.0,11.0,9.0,1.0,36.0,5995.0,1094.587062,9.0,1092.893474,1110.000826,1096.14771,6064.0,valid,263.85224274406335,8.75,high_8_10,8,506
214021379,Hastings - Somers,88.0,311.9310148227705,0.5568181818181818,0.07954545454545454,0.07954545454545454,125.0,0.0,2.0,2.0,Metro,22.0,2.0,4.0,10.0,15.0,23970.0,968.9142127,4.0,1005.732473,965.0731059999999,1006.4775579999999,23795.0,valid,36.982559361210335,55.68181818181818,middle_4_7,174,406
214021381,Mount Eliza,46.0,191.1343610561866,0.7608695652173914,0.1956521739130435,0.1956521739130435,56.0,1.0,2.0,6.0,Metro,18.0,2.0,2.0,5.0,7.0,18734.0,1115.3292959999999,10.0,1103.553815,1099.4632219999999,1129.1834179999998,19110.0,valid,24.071166928309786,76.08695652173914,high_8_10,267,327
214021382,Mount Martha,33.0,356.01319427773916,0.5454545454545454,0.06060606060606061,0.06060606060606061,119.0,0.0,2.0,4.0,Metro,7.0,1.0,4.0,1.0,12.0,19846.0,1068.267978,8.0,1078.690606,1060.160379,1090.10967,20161.0,valid,16.368235702594117,54.54545454545454,high_8_10,346,416
214021383,Point Nepean,116.0,148.2112262747377,0.7758620689655172,0.21551724137931033,0.21551724137931033,125.0,2.0,3.0,10.0,Metro,36.0,11.0,11.0,10.0,25.0,19811.0,1015.726073,6.0,1039.6148500000002,1024.163355,1028.64571,20574.0,valid,56.381841158744045,77.58620689655173,middle_4_7,96,322
214021384,Rosebud - McCrae,68.0,132.22134960888928,0.6521739130434783,0.08695652173913043,0.08695652173913043,105.0,1.0,3.0,7.0,Metro,19.0,1.0,7.0,11.0,15.0,22944.0,947.7521815,3.0,982.4969371999999,946.77998,976.5790268999999,23508.0,valid,28.926322953888036,65.21739130434783,low_1_3,235,371
214021385,Somerville,65.0,452.59301652600595,0.46153846153846156,0.07692307692307693,0.07692307692307693,103.5,0.0,0.0,2.0,Metro,9.0,0.0,5.0,10.0,10.0,18522.0,999.4892373,6.0,1035.688533,974.0534537,1054.2976010000002,19098.0,valid,34.03497748455336,46.15384615384615,middle_4_7,195,442
214021591,Mornington - East,32.0,224.12233986950423,0.8125,0.1875,0.1875,89.0,0.0,3.0,8.0,Metro,9.0,1.0,2.0,5.0,7.0,15175.0,995.39239,5.0,1019.540873,986.8092631000001,1024.074678,15082.0,valid,21.21734517968439,81.25,middle_4_7,297,290
214021592,Mornington - West,90.0,145.61395692718182,0.9222222222222223,0.23333333333333334,0.23333333333333334,91.0,2.0,4.0,14.0,Metro,43.0,5.0,11.0,5.0,14.0,10581.0,1036.425294,7.0,1043.1173849999998,1055.2725500000001,997.8893599,10900.0,valid,82.56880733944955,92.22222222222223,middle_4_7,47,180
215011386,Ararat,42.0,129.99933602422502,0.9215686274509803,0.21568627450980393,0.21568627450980393,118.0,1.0,3.0,10.0,Regional,4.0,4.0,2.0,5.0,10.0,8500.0,904.3175487,2.0,928.548849,896.1776916,936.8420871,8399.0,valid,50.00595308965353,92.15686274509804,low_1_3,117,181
215011387,Ararat Surrounds,34.0,2681.359777610037,0.3157894736842105,0.13157894736842105,0.13157894736842105,190.0,0.0,0.0,0.0,Regional,0.0,6.0,1.0,2.0,8.0,3204.0,997.992832,6.0,1019.529458,1020.9128939999999,1029.415066,3181.0,valid,106.88462747563659,31.57894736842105,middle_4_7,32,484
215011388,Horsham,63.0,208.7811539334479,0.8939393939393939,0.22727272727272727,0.22727272727272727,200.0,0.0,3.0,13.5,Regional,14.0,6.0,4.0,7.0,20.0,16985.0,948.3700597,3.0,978.1867775,943.9246407,958.2869023999999,16882.0,valid,37.317853334912925,89.39393939393939,low_1_3,171,213
215011389,Horsham Surrounds,27.0,4881.107058246822,0.06896551724137931,0.06896551724137931,0.06896551724137931,130.0,0.0,0.0,0.0,Regional,0.0,4.0,2.0,1.0,12.0,3471.0,1012.313709,6.0,1049.132435,1010.720628,1048.808929,3399.0,valid,79.43512797881729,6.896551724137931,middle_4_7,49,508
215011390,Nhill Region,44.0,360.58878922701297,0.5538461538461539,0.15384615384615385,0.15384615384615385,200.0,0.0,1.0,2.0,Regional,3.0,9.0,0.0,5.0,9.0,6956.0,933.5301043,3.0,952.8781067,942.0247396000001,967.0463187,6698.0,valid,65.69125111973723,55.38461538461539,low_1_3,73,410
215011391,St Arnaud,18.0,399.9581581837551,0.5238095238095238,0.14285714285714285,0.14285714285714285,200.0,0.0,0.0,1.0,Regional,1.0,5.0,0.0,2.0,3.0,3453.0,919.8006011,2.0,951.3208978,927.4520441,962.6631102,3394.0,valid,53.03476723629935,52.38095238095239,low_1_3,104,421
215011392,Stawell,59.0,218.1310890538187,0.676056338028169,0.15492957746478872,0.15492957746478872,124.0,0.0,2.0,2.0,Regional,6.0,11.0,9.0,4.0,16.0,8504.0,921.0797308,2.0,951.3747046,911.4499341999999,957.7290129,8438.0,valid,69.92178241289405,67.6056338028169,low_1_3,59,366
215011393,West Wimmera,21.0,1520.0602195922122,0.2857142857142857,0.23809523809523808,0.23809523809523808,256.0,0.0,0.0,0.0,Regional,1.0,5.0,0.0,3.0,7.0,2766.0,967.0998188,4.0,982.9150284,986.5917391999999,1003.0238730000001,2656.0,valid,79.06626506024095,28.57142857142857,middle_4_7,50,489
215011394,Yarriambiack,46.0,458.12633181854096,0.44155844155844154,0.16883116883116883,0.16883116883116883,221.0,0.0,0.0,2.0,Regional,1.0,11.0,1.0,6.0,17.0,6501.0,921.9510799,2.0,944.7365920999999,944.1825378,957.5598316,6246.0,valid,73.64713416586615,44.15584415584416,low_1_3,53,454
215021395,Irymple,24.0,1535.941692532588,0.375,0.041666666666666664,0.041666666666666664,275.0,0.0,0.0,0.0,Regional,3.0,1.0,1.0,2.0,3.0,7700.0,987.2788711000001,5.0,1030.646153,958.5665799,1039.5041540000002,8079.0,valid,29.706646862235424,37.5,middle_4_7,224,473
215021396,Merbein,15.0,460.7005692883889,0.4666666666666667,0.06666666666666667,0.06666666666666667,257.0,0.0,0.0,4.0,Regional,0.0,2.0,0.0,2.0,2.0,4976.0,922.1311465,2.0,958.0830664,902.7520725999999,987.608111,4971.0,valid,30.175015087507543,46.666666666666664,low_1_3,220,439
215021398,Mildura Surrounds,26.0,404.211238118965,0.45454545454545453,0.21212121212121213,0.21212121212121213,150.0,0.0,0.0,2.0,Regional,1.0,4.0,1.0,5.0,8.0,3726.0,947.1923706,3.0,974.6048257,938.9466305,985.4374144000001,3779.0,valid,68.80127017729558,45.45454545454545,low_1_3,64,446
215021399,Red Cliffs,25.0,313.4444608482018,0.5862068965517241,0.034482758620689655,0.034482758620689655,125.5,0.0,2.0,7.0,Regional,1.0,2.0,0.0,2.0,6.0,6138.0,902.2530921,2.0,930.7502820999999,891.5271914,961.8497186,6055.0,valid,41.28819157720891,58.620689655172406,low_1_3,150,397
215021469,Mildura - North,104.0,173.08902209287126,0.8879310344827587,0.2672413793103448,0.2672413793103448,177.0,2.0,5.0,9.0,Regional,31.0,8.0,13.0,8.0,22.0,18027.0,887.5164313,1.0,884.5810675,909.403285,891.7621825,17718.0,valid,58.697369906309966,88.79310344827587,low_1_3,86,223
215021470,Mildura - South,32.0,126.02551617121105,0.8125,0.25,0.25,150.0,2.0,4.5,15.0,Regional,8.0,1.0,2.0,5.0,9.0,16408.0,931.8605373,3.0,948.5396604,936.1303037,955.7966028,16707.0,valid,19.15364817142515,81.25,low_1_3,318,290
215031400,Buloke,55.0,368.63225403469363,0.5619047619047619,0.22857142857142856,0.22857142857142856,191.0,0.0,1.0,1.0,Regional,1.0,14.0,2.0,6.0,19.0,6184.0,946.0568513,3.0,975.0490374,958.1109319,966.1532261,5891.0,valid,93.36275674758105,56.19047619047619,low_1_3,38,405
215031401,Gannawarra,34.0,387.4374401125644,0.5,0.13157894736842105,0.13157894736842105,200.0,0.0,0.5,1.0,Regional,1.0,5.0,2.0,3.0,15.0,6719.0,933.6621352,3.0,972.1846636,915.5562393,984.1959625000001,6522.0,valid,52.13124808340999,50.0,low_1_3,107,425
215031402,Kerang,17.0,1051.4894015619006,0.0,0.23529411764705882,0.23529411764705882,345.0,0.0,0.0,0.0,Regional,1.0,3.0,1.0,2.0,3.0,3960.0,895.0635367,2.0,918.8353986,906.5207557,930.6186289,3784.0,valid,44.92600422832981,0.0,low_1_3,133,510
215031403,Robinvale,11.0,256.2372908712506,0.5555555555555556,0.0,0.0,209.0,0.0,1.0,2.0,Regional,0.0,1.0,0.0,3.0,3.0,3740.0,866.7456616999999,1.0,823.3010565000001,865.684125,893.7767882,3749.0,valid,29.341157642037878,55.55555555555556,low_1_3,233,407
215031404,Swan Hill,55.0,178.9914308617101,0.9272727272727272,0.16363636363636364,0.16363636363636364,200.0,1.0,3.0,12.0,Regional,10.0,7.0,2.0,8.0,17.0,11186.0,939.7721497,3.0,961.2820914,937.3160907,947.8135205,10747.0,valid,51.1770726714432,92.72727272727272,low_1_3,113,171
215031405,Swan Hill Surrounds,32.0,803.6378931231002,0.3488372093023256,0.11627906976744186,0.11627906976744186,145.0,0.0,0.0,0.0,Regional,0.0,9.0,0.0,2.0,7.0,6477.0,940.1450734,3.0,972.9384023,923.9626654,991.7524702999999,6467.0,valid,49.481985464666764,34.883720930232556,low_1_3,118,475
216011406,Echuca,73.0,226.21275304179483,0.75,0.3026315789473684,0.3026315789473684,143.0,0.0,2.0,6.0,Regional,14.0,15.0,5.0,9.0,13.0,15636.0,936.6836131,3.0,970.5496952000001,923.8842635,976.6707647000001,15357.0,valid,47.53532591000847,75.0,low_1_3,123,328
216011407,Kyabram,30.0,673.2227266056519,0.39215686274509803,0.19607843137254902,0.19607843137254902,282.0,0.0,0.0,1.0,Regional,4.0,4.0,0.0,4.0,7.0,11121.0,926.4279936,3.0,960.6146602,916.2854136,972.1890860999999,10838.0,valid,27.68038383465584,39.21568627450981,low_1_3,241,472
216011408,Lockington - Gunbower,21.0,901.4443413372414,0.17647058823529413,0.14705882352941177,0.14705882352941177,305.0,0.0,0.0,0.0,Regional,0.0,2.0,1.0,1.0,11.0,3927.0,960.2980163,4.0,998.3763426,941.1366322,1034.292218,3950.0,valid,53.164556962025316,17.647058823529413,middle_4_7,103,502
216011409,Rochester,14.0,178.83690828989464,0.7142857142857143,0.21428571428571427,0.21428571428571427,150.0,1.0,3.0,11.0,Regional,1.0,4.0,0.0,1.0,6.0,4016.0,917.5887985,2.0,948.4046467,903.5819861,978.0580562,3691.0,valid,37.930100243836364,71.42857142857143,low_1_3,165,348
216011410,Rushworth,44.0,794.9518297572846,0.22580645161290322,0.0967741935483871,0.0967741935483871,285.0,0.0,0.0,1.0,Regional,1.0,4.0,0.0,2.0,16.0,4193.0,915.6318149,2.0,941.3382188,923.358163,967.0751839000001,4210.0,valid,104.51306413301663,22.58064516129032,low_1_3,34,496
216021411,Cobram,28.0,243.7867404682915,0.6785714285714286,0.35714285714285715,0.35714285714285715,311.5,0.0,1.5,4.0,Regional,5.0,2.0,2.0,6.0,6.0,6465.0,888.6731457,1.0,909.9950393,879.9706591,937.4707288999999,6626.0,valid,42.257772411711436,67.85714285714286,low_1_3,143,364
216021412,Moira,20.0,590.7371251468336,0.4,0.2,0.2,120.0,0.0,0.0,2.0,Regional,1.0,4.0,0.0,2.0,5.0,2843.0,956.1848292,4.0,989.1094972000001,951.0209508,1013.829445,2841.0,valid,70.39774727208729,40.0,middle_4_7,58,468
216021413,Numurkah,57.0,566.5938499871057,0.43103448275862066,0.15517241379310345,0.15517241379310345,165.5,0.0,0.0,1.0,Regional,3.0,11.0,0.0,6.0,22.0,12555.0,934.4931046,3.0,965.6260804,927.0014695,984.1589663,12446.0,valid,45.797846697734215,43.103448275862064,low_1_3,129,456
216021414,Yarrawonga,32.0,583.5340393002956,0.40625,0.1875,0.1875,176.0,0.0,0.0,1.0,Regional,6.0,5.0,3.0,6.0,6.0,8661.0,934.3265201,3.0,973.5780707,920.5471529,975.6319354,8953.0,valid,35.7422093153133,40.625,low_1_3,187,467
216031415,Mooroopna,17.0,143.67397114551804,0.8888888888888888,0.2777777777777778,0.2777777777777778,145.0,2.0,6.0,21.5,Regional,5.0,2.0,1.0,3.0,5.0,8312.0,873.0886704000001,1.0,889.8430374,882.6890227,913.6875248,8391.0,valid,20.259802168990582,88.88888888888889,low_1_3,303,214
216031416,Shepparton - North,81.0,122.98659891832662,0.9239130434782609,0.31521739130434784,0.31521739130434784,151.0,3.0,8.0,29.5,Regional,22.0,4.0,10.0,6.0,22.0,19928.0,949.0847433,3.0,961.3295204000001,966.1368572,962.8083463,20312.0,valid,39.877904686884605,92.3913043478261,low_1_3,157,174
216031418,Shepparton Surrounds - East,17.0,14183.580612419331,0.11764705882352941,0.0,0.0,200.0,0.0,0.0,0.0,Regional,0.0,1.0,1.0,2.0,5.0,4017.0,998.8395615000001,6.0,1034.365985,994.9766033,1046.78915,4055.0,valid,41.92355117139334,11.76470588235294,middle_4_7,146,505
216031419,Shepparton Surrounds - West,39.0,813.2125944697929,0.31746031746031744,0.12698412698412698,0.12698412698412698,120.0,0.0,0.0,0.0,Regional,4.0,8.0,0.0,2.0,18.0,10346.0,949.8375725,3.0,974.6580795,951.081744,993.0453659,10346.0,valid,37.69572781751402,31.746031746031743,low_1_3,167,483
216031593,Kialla,21.0,1044.7476553451286,0.42857142857142855,0.09523809523809523,0.09523809523809523,166.5,0.0,0.0,0.0,Regional,2.0,1.0,3.0,2.0,5.0,9082.0,1014.5115659999999,6.0,1041.973638,992.9022764,1066.019778,10295.0,valid,20.398251578436135,42.857142857142854,middle_4_7,300,457
216031594,Shepparton - South East,48.0,213.45153587793845,0.88,0.2,0.2,135.0,0.0,6.0,21.5,Regional,12.0,4.0,4.0,9.0,15.0,16520.0,864.0757108,1.0,854.4006287000001,891.7994558,898.2088146,16334.0,valid,29.386555650789763,88.0,low_1_3,232,232
217011420,Glenelg (Vic.),39.0,806.0937694285199,0.23076923076923078,0.1794871794871795,0.1794871794871795,170.0,0.0,0.0,0.0,Regional,1.0,9.0,3.0,2.0,10.0,8920.0,941.5342168000001,3.0,979.0471626,932.9115284000001,999.2288517,8773.0,valid,44.454576541661915,23.076923076923077,low_1_3,136,494
217011421,Hamilton (Vic.),61.0,249.87154302116375,0.8375,0.15,0.15,200.0,0.0,2.0,11.0,Regional,7.0,4.0,6.0,6.0,23.0,10346.0,944.3308358999999,3.0,983.6221462000001,937.3613437,965.9529429,10299.0,valid,59.229051364210115,83.75,low_1_3,84,273
217011422,Portland,43.0,224.1451314448433,0.7727272727272727,0.1590909090909091,0.1590909090909091,160.0,0.0,3.0,9.0,Regional,6.0,4.0,0.0,6.0,14.0,11230.0,901.8413318,2.0,931.0572321,893.5351311000001,946.5146583999999,11124.0,valid,38.65516001438331,77.27272727272727,low_1_3,162,323
217011423,Southern Grampians,43.0,1501.4825536926123,0.32608695652173914,0.13043478260869565,0.13043478260869565,239.0,0.0,0.0,0.0,Regional,2.0,8.0,1.0,3.0,16.0,6301.0,990.5072267,5.0,1010.964247,1009.603686,1019.6808639999999,6205.0,valid,69.2989524576954,32.608695652173914,middle_4_7,62,481
217031471,Camperdown,19.0,512.2935973818327,0.45,0.15,0.15,161.0,0.0,0.0,4.0,Regional,3.0,3.0,1.0,3.0,7.0,3491.0,928.4116249,3.0,966.7198922,918.419588,960.490145,3356.0,valid,56.6150178784267,45.0,low_1_3,91,452
217031472,Colac,50.0,188.89734700260382,0.9215686274509803,0.23529411764705882,0.23529411764705882,177.0,1.0,3.0,11.0,Regional,13.0,3.0,6.0,7.0,11.0,12756.0,903.4467393,2.0,938.8010321,875.4811880999999,957.8579467,12558.0,valid,39.81525720656155,92.15686274509804,low_1_3,159,181
217031473,Colac Surrounds,32.0,1181.0088062512282,0.275,0.2,0.2,84.0,0.0,0.0,0.0,Regional,2.0,6.0,0.0,1.0,11.0,5669.0,988.4575982,5.0,1026.706655,988.4592913,1043.199308,5670.0,valid,56.43738977072311,27.500000000000004,middle_4_7,93,491
217031474,Corangamite - North,34.0,925.2758108255671,0.2857142857142857,0.2,0.2,200.0,0.0,0.0,0.0,Regional,1.0,8.0,2.0,6.0,10.0,5395.0,939.1014892000001,3.0,962.8160245,941.8962135,981.3253813,5201.0,valid,65.37204383772351,28.57142857142857,low_1_3,74,489
217031475,Corangamite - South,47.0,423.917975865084,0.47368421052631576,0.21052631578947367,0.21052631578947367,200.0,0.0,0.0,1.0,Regional,5.0,7.0,3.0,3.0,17.0,7180.0,978.938357,5.0,1009.573395,966.8361269,1029.56805,7089.0,valid,66.29990125546621,47.368421052631575,middle_4_7,70,438
217031476,Otway,60.0,226.639128899036,0.6125,0.1125,0.1125,80.0,0.0,1.0,2.0,Regional,20.0,10.0,2.0,5.0,14.0,4008.0,977.2139874999999,5.0,1003.817061,991.6863939,984.4201088000001,3974.0,valid,150.9813789632612,61.25000000000001,middle_4_7,16,385
217041477,Moyne - East,30.0,359.9591299562084,0.6052631578947368,0.21052631578947367,0.21052631578947367,200.0,0.0,1.0,2.0,Regional,1.0,6.0,0.0,3.0,13.0,7018.0,986.3290208,5.0,1010.5197139999999,985.9862379000001,1035.2798010000001,7136.0,valid,42.04035874439462,60.526315789473685,middle_4_7,144,388
217041478,Moyne - West,66.0,317.02520355310276,0.6304347826086957,0.2391304347826087,0.2391304347826087,100.0,0.0,2.0,6.0,Regional,18.0,14.0,3.0,3.0,17.0,10014.0,1004.9336649999999,6.0,1040.247521,1000.2022179999999,1035.243489,10246.0,valid,64.41538161233652,63.04347826086957,middle_4_7,76,381
217041479,Warrnambool - North,28.0,265.87746695266196,0.6428571428571429,0.03571428571428571,0.03571428571428571,456.0,0.0,3.0,6.0,Regional,1.0,0.0,1.0,6.0,12.0,22405.0,955.6556998000001,4.0,993.7983589,945.2566058000001,988.7956690000001,23099.0,valid,12.121736871726048,64.28571428571429,middle_4_7,390,374
217041480,Warrnambool - South,98.0,169.8177453473642,0.9433962264150944,0.3867924528301887,0.3867924528301887,200.0,1.0,3.0,11.0,Regional,25.0,18.0,14.0,8.0,16.0,13337.0,972.2373462,4.0,998.6073453,978.7421648000001,973.7701926,13590.0,valid,72.11184694628403,94.33962264150944,middle_4_7,54,152
297979799,Migratory - Offshore - Shipping (Vic.),0.0,,,,,,,,,,0.0,0.0,0.0,0.0,0.0,,,,,,,,missing_population,,,,,
299999499,No usual address (Vic.),0.0,,,,,,,,,,0.0,0.0,0.0,0.0,0.0,,,,,,,,missing_population,,,,,
