{"type":"Topology","transform":{"scale":[9.014333559641444e-05,5.1785396988919175e-05],"translate":[140.96185887106276,-39.159189526549156]},"objects":{"sa2_summary":{"type":"GeometryCollection","geometries":[{"type":"Polygon","arcs":[[0]],"properties":{"sa2_code_2021":"204031073","sa2_name_2021":"West Wodonga"}},{"type":"Polygon","arcs":[[1]],"properties":{"sa2_code_2021":"204031075","sa2_name_2021":"Yackandandah"}},{"type":"Polygon","arcs":[[2]],"properties":{"sa2_code_2021":"204031491","sa2_name_2021":"Baranduda - Leneva"}},{"type":"Polygon","arcs":[[3]],"properties":{"sa2_code_2021":"204031492","sa2_name_2021":"Wodonga"}},{"type":"Polygon","arcs":[[4]],"properties":{"sa2_code_2021":"205031089","sa2_name_2021":"Korumburra"}},{"type":"Polygon","arcs":[[5]],"properties":{"sa2_code_2021":"205031090","sa2_name_2021":"Leongatha"}},{"type":"MultiPolygon","arcs":[[[6]],[[7]],[[8]],[[9]],[[10]],[[11]],[[12]],[[13]]],"properties":{"sa2_code_2021":"205031091","sa2_name_2021":"Phillip Island"}},{"type":"MultiPolygon","arcs":[[[14]],[[15]],[[16]],[[17]],[[18]],[[19]],[[20]],[[21]],[[22]],[[23]],[[24]],[[25]],[[26]],[[27]],[[28]],[[29]],[[30]],[[31]],[[32]],[[33]],[[34]]],"properties":{"sa2_code_2021":"205031092","sa2_name_2021":"Wilsons Promontory"}},{"type":"Polygon","arcs":[[35]],"properties":{"sa2_code_2021":"205031093","sa2_name_2021":"Wonthaggi - Inverloch"}},{"type":"Polygon","arcs":[[36]],"properties":{"sa2_code_2021":"205041094","sa2_name_2021":"Churchill"}},{"type":"Polygon","arcs":[[37]],"properties":{"sa2_code_2021":"205041095","sa2_name_2021":"Moe - Newborough"}},{"type":"Polygon","arcs":[[38]],"properties":{"sa2_code_2021":"206011107","sa2_name_2021":"Brunswick West"}},{"type":"Polygon","arcs":[[39]],"properties":{"sa2_code_2021":"206011109","sa2_name_2021":"Pascoe Vale South"}},{"type":"Polygon","arcs":[[40]],"properties":{"sa2_code_2021":"206011495","sa2_name_2021":"Brunswick - North"}},{"type":"Polygon","arcs":[[41]],"properties":{"sa2_code_2021":"206011496","sa2_name_2021":"Brunswick - South"}},{"type":"Polygon","arcs":[[42]],"properties":{"sa2_code_2021":"206011497","sa2_name_2021":"Coburg - East"}},{"type":"Polygon","arcs":[[43]],"properties":{"sa2_code_2021":"206011498","sa2_name_2021":"Coburg - West"}},{"type":"Polygon","arcs":[[44]],"properties":{"sa2_code_2021":"206021110","sa2_name_2021":"Alphington - Fairfield"}},{"type":"Polygon","arcs":[[45]],"properties":{"sa2_code_2021":"206021112","sa2_name_2021":"Thornbury"}},{"type":"Polygon","arcs":[[46]],"properties":{"sa2_code_2021":"206021499","sa2_name_2021":"Northcote - East"}},{"type":"Polygon","arcs":[[47]],"properties":{"sa2_code_2021":"206021500","sa2_name_2021":"Northcote - West"}},{"type":"Polygon","arcs":[[48]],"properties":{"sa2_code_2021":"206031113","sa2_name_2021":"Ascot Vale"}},{"type":"Polygon","arcs":[[49]],"properties":{"sa2_code_2021":"206031115","sa2_name_2021":"Flemington"}},{"type":"Polygon","arcs":[[50]],"properties":{"sa2_code_2021":"206031116","sa2_name_2021":"Moonee Ponds"}},{"type":"Polygon","arcs":[[51]],"properties":{"sa2_code_2021":"206031501","sa2_name_2021":"Essendon (West) - Aberfeldie"}},{"type":"Polygon","arcs":[[52]],"properties":{"sa2_code_2021":"206031502","sa2_name_2021":"Essendon - East"}},{"type":"Polygon","arcs":[[53]],"properties":{"sa2_code_2021":"206041117","sa2_name_2021":"Carlton"}},{"type":"Polygon","arcs":[[54]],"properties":{"sa2_code_2021":"206041118","sa2_name_2021":"Docklands"}},{"type":"Polygon","arcs":[[55]],"properties":{"sa2_code_2021":"206041119","sa2_name_2021":"East Melbourne"}},{"type":"Polygon","arcs":[[56]],"properties":{"sa2_code_2021":"206041120","sa2_name_2021":"Flemington Racecourse"}},{"type":"Polygon","arcs":[[57]],"properties":{"sa2_code_2021":"206041121","sa2_name_2021":"Kensington (Vic.)"}},{"type":"Polygon","arcs":[[58]],"properties":{"sa2_code_2021":"206041124","sa2_name_2021":"Parkville"}},{"type":"Polygon","arcs":[[59]],"properties":{"sa2_code_2021":"206041125","sa2_name_2021":"South Yarra - West"}},{"type":"Polygon","arcs":[[60]],"properties":{"sa2_code_2021":"206041127","sa2_name_2021":"West Melbourne - Industrial"}},{"type":"Polygon","arcs":[[61]],"properties":{"sa2_code_2021":"206041503","sa2_name_2021":"Melbourne CBD - East"}},{"type":"Polygon","arcs":[[62]],"properties":{"sa2_code_2021":"206041504","sa2_name_2021":"Melbourne CBD - North"}},{"type":"Polygon","arcs":[[63]],"properties":{"sa2_code_2021":"206041505","sa2_name_2021":"Melbourne CBD - West"}},{"type":"Polygon","arcs":[[64]],"properties":{"sa2_code_2021":"206041506","sa2_name_2021":"North Melbourne"}},{"type":"Polygon","arcs":[[65]],"properties":{"sa2_code_2021":"206041507","sa2_name_2021":"Royal Botanic Gardens Victoria"}},{"type":"Polygon","arcs":[[66]],"properties":{"sa2_code_2021":"206041508","sa2_name_2021":"Southbank (West) - South Wharf"}},{"type":"Polygon","arcs":[[67]],"properties":{"sa2_code_2021":"206041509","sa2_name_2021":"Southbank - East"}},{"type":"Polygon","arcs":[[68]],"properties":{"sa2_code_2021":"206041510","sa2_name_2021":"West Melbourne - Residential"}},{"type":"Polygon","arcs":[[69]],"properties":{"sa2_code_2021":"206051128","sa2_name_2021":"Albert Park"}},{"type":"Polygon","arcs":[[70]],"properties":{"sa2_code_2021":"206051129","sa2_name_2021":"Elwood"}},{"type":"Polygon","arcs":[[71]],"properties":{"sa2_code_2021":"206051130","sa2_name_2021":"Port Melbourne"}},{"type":"Polygon","arcs":[[72]],"properties":{"sa2_code_2021":"206051134","sa2_name_2021":"St Kilda East"}},{"type":"Polygon","arcs":[[73]],"properties":{"sa2_code_2021":"206051511","sa2_name_2021":"Port Melbourne Industrial"}},{"type":"Polygon","arcs":[[74]],"properties":{"sa2_code_2021":"206051512","sa2_name_2021":"South Melbourne"}},{"type":"Polygon","arcs":[[75]],"properties":{"sa2_code_2021":"206051513","sa2_name_2021":"St Kilda - Central"}},{"type":"Polygon","arcs":[[76]],"properties":{"sa2_code_2021":"206051514","sa2_name_2021":"St Kilda - West"}},{"type":"Polygon","arcs":[[77]],"properties":{"sa2_code_2021":"206061135","sa2_name_2021":"Armadale"}},{"type":"Polygon","arcs":[[78]],"properties":{"sa2_code_2021":"206061136","sa2_name_2021":"Prahran - Windsor"}},{"type":"Polygon","arcs":[[79]],"properties":{"sa2_code_2021":"206061138","sa2_name_2021":"Toorak"}},{"type":"Polygon","arcs":[[80]],"properties":{"sa2_code_2021":"206061515","sa2_name_2021":"South Yarra - North"}},{"type":"Polygon","arcs":[[81]],"properties":{"sa2_code_2021":"206061516","sa2_name_2021":"South Yarra - South"}},{"type":"Polygon","arcs":[[82]],"properties":{"sa2_code_2021":"206071139","sa2_name_2021":"Abbotsford"}},{"type":"Polygon","arcs":[[83]],"properties":{"sa2_code_2021":"206071140","sa2_name_2021":"Carlton North - Princes Hill"}},{"type":"Polygon","arcs":[[84]],"properties":{"sa2_code_2021":"206071141","sa2_name_2021":"Collingwood"}},{"type":"Polygon","arcs":[[85]],"properties":{"sa2_code_2021":"206071142","sa2_name_2021":"Fitzroy"}},{"type":"Polygon","arcs":[[86]],"properties":{"sa2_code_2021":"206071143","sa2_name_2021":"Fitzroy North"}},{"type":"Polygon","arcs":[[87]],"properties":{"sa2_code_2021":"206071145","sa2_name_2021":"Clifton Hill - Alphington"}},{"type":"Polygon","arcs":[[88]],"properties":{"sa2_code_2021":"206071517","sa2_name_2021":"Richmond (South) - Cremorne"}},{"type":"Polygon","arcs":[[89]],"properties":{"sa2_code_2021":"206071518","sa2_name_2021":"Richmond - North"}},{"type":"Polygon","arcs":[[90]],"properties":{"sa2_code_2021":"201011001","sa2_name_2021":"Alfredton"}},{"type":"Polygon","arcs":[[91]],"properties":{"sa2_code_2021":"201011002","sa2_name_2021":"Ballarat"}},{"type":"Polygon","arcs":[[92]],"properties":{"sa2_code_2021":"201011005","sa2_name_2021":"Buninyong"}},{"type":"Polygon","arcs":[[93]],"properties":{"sa2_code_2021":"201011006","sa2_name_2021":"Delacombe"}},{"type":"Polygon","arcs":[[94]],"properties":{"sa2_code_2021":"201011007","sa2_name_2021":"Smythes Creek"}},{"type":"Polygon","arcs":[[95]],"properties":{"sa2_code_2021":"201011008","sa2_name_2021":"Wendouree - Miners Rest"}},{"type":"Polygon","arcs":[[96]],"properties":{"sa2_code_2021":"201011481","sa2_name_2021":"Ballarat East - Warrenheip"}},{"type":"Polygon","arcs":[[97]],"properties":{"sa2_code_2021":"201011482","sa2_name_2021":"Ballarat North - Invermay"}},{"type":"Polygon","arcs":[[98]],"properties":{"sa2_code_2021":"201011483","sa2_name_2021":"Canadian - Mount Clear"}},{"type":"Polygon","arcs":[[99]],"properties":{"sa2_code_2021":"201011484","sa2_name_2021":"Sebastopol - Redan"}},{"type":"Polygon","arcs":[[100]],"properties":{"sa2_code_2021":"201021009","sa2_name_2021":"Bacchus Marsh Surrounds"}},{"type":"Polygon","arcs":[[101]],"properties":{"sa2_code_2021":"201021010","sa2_name_2021":"Creswick - Clunes"}},{"type":"Polygon","arcs":[[102]],"properties":{"sa2_code_2021":"201021011","sa2_name_2021":"Daylesford"}},{"type":"Polygon","arcs":[[103]],"properties":{"sa2_code_2021":"201021012","sa2_name_2021":"Gordon (Vic.)"}},{"type":"Polygon","arcs":[[104]],"properties":{"sa2_code_2021":"201031013","sa2_name_2021":"Avoca"}},{"type":"Polygon","arcs":[[105]],"properties":{"sa2_code_2021":"201031014","sa2_name_2021":"Beaufort"}},{"type":"Polygon","arcs":[[106]],"properties":{"sa2_code_2021":"201031015","sa2_name_2021":"Golden Plains - North"}},{"type":"Polygon","arcs":[[107]],"properties":{"sa2_code_2021":"201031016","sa2_name_2021":"Maryborough (Vic.)"}},{"type":"Polygon","arcs":[[108],[109]],"properties":{"sa2_code_2021":"201031017","sa2_name_2021":"Maryborough Surrounds"}},{"type":"Polygon","arcs":[[110]],"properties":{"sa2_code_2021":"202011018","sa2_name_2021":"Bendigo"}},{"type":"Polygon","arcs":[[111]],"properties":{"sa2_code_2021":"202011019","sa2_name_2021":"California Gully - Eaglehawk"}},{"type":"Polygon","arcs":[[112]],"properties":{"sa2_code_2021":"202011020","sa2_name_2021":"East Bendigo - Kennington"}},{"type":"Polygon","arcs":[[113]],"properties":{"sa2_code_2021":"202011021","sa2_name_2021":"Flora Hill - Spring Gully"}},{"type":"Polygon","arcs":[[114]],"properties":{"sa2_code_2021":"207011146","sa2_name_2021":"Ashburton (Vic.)"}},{"type":"Polygon","arcs":[[115]],"properties":{"sa2_code_2021":"207011147","sa2_name_2021":"Balwyn"}},{"type":"Polygon","arcs":[[116]],"properties":{"sa2_code_2021":"202011022","sa2_name_2021":"Kangaroo Flat - Golden Square"}},{"type":"Polygon","arcs":[[117]],"properties":{"sa2_code_2021":"207011148","sa2_name_2021":"Balwyn North"}},{"type":"Polygon","arcs":[[118]],"properties":{"sa2_code_2021":"202011023","sa2_name_2021":"Maiden Gully"}},{"type":"Polygon","arcs":[[119]],"properties":{"sa2_code_2021":"202011024","sa2_name_2021":"Strathfieldsaye"}},{"type":"Polygon","arcs":[[120]],"properties":{"sa2_code_2021":"202011025","sa2_name_2021":"White Hills - Ascot"}},{"type":"Polygon","arcs":[[121]],"properties":{"sa2_code_2021":"202021026","sa2_name_2021":"Bendigo Surrounds - South"}},{"type":"Polygon","arcs":[[122]],"properties":{"sa2_code_2021":"202021027","sa2_name_2021":"Castlemaine"}},{"type":"Polygon","arcs":[[123],[124]],"properties":{"sa2_code_2021":"202021028","sa2_name_2021":"Castlemaine Surrounds"}},{"type":"Polygon","arcs":[[125]],"properties":{"sa2_code_2021":"202021029","sa2_name_2021":"Heathcote"}},{"type":"Polygon","arcs":[[126]],"properties":{"sa2_code_2021":"207011149","sa2_name_2021":"Camberwell"}},{"type":"Polygon","arcs":[[127]],"properties":{"sa2_code_2021":"202021030","sa2_name_2021":"Kyneton"}},{"type":"Polygon","arcs":[[128]],"properties":{"sa2_code_2021":"202021031","sa2_name_2021":"Woodend"}},{"type":"Polygon","arcs":[[129]],"properties":{"sa2_code_2021":"202031032","sa2_name_2021":"Bendigo Surrounds - North"}},{"type":"Polygon","arcs":[[130]],"properties":{"sa2_code_2021":"202031033","sa2_name_2021":"Loddon"}},{"type":"Polygon","arcs":[[131]],"properties":{"sa2_code_2021":"203011034","sa2_name_2021":"Bannockburn"}},{"type":"Polygon","arcs":[[132]],"properties":{"sa2_code_2021":"203011035","sa2_name_2021":"Golden Plains - South"}},{"type":"Polygon","arcs":[[133]],"properties":{"sa2_code_2021":"203011036","sa2_name_2021":"Winchelsea"}},{"type":"Polygon","arcs":[[134]],"properties":{"sa2_code_2021":"207011150","sa2_name_2021":"Glen Iris - East"}},{"type":"Polygon","arcs":[[135]],"properties":{"sa2_code_2021":"203021037","sa2_name_2021":"Belmont"}},{"type":"Polygon","arcs":[[136]],"properties":{"sa2_code_2021":"203021039","sa2_name_2021":"Geelong"}},{"type":"Polygon","arcs":[[137]],"properties":{"sa2_code_2021":"207011152","sa2_name_2021":"Hawthorn East"}},{"type":"Polygon","arcs":[[138]],"properties":{"sa2_code_2021":"203021040","sa2_name_2021":"Geelong West - Hamlyn Heights"}},{"type":"Polygon","arcs":[[139]],"properties":{"sa2_code_2021":"207011154","sa2_name_2021":"Kew East"}},{"type":"Polygon","arcs":[[140]],"properties":{"sa2_code_2021":"203021042","sa2_name_2021":"Highton"}},{"type":"Polygon","arcs":[[141]],"properties":{"sa2_code_2021":"203021043","sa2_name_2021":"Lara"}},{"type":"Polygon","arcs":[[142]],"properties":{"sa2_code_2021":"203021044","sa2_name_2021":"Leopold"}},{"type":"Polygon","arcs":[[143]],"properties":{"sa2_code_2021":"203021045","sa2_name_2021":"Newcomb - Moolap"}},{"type":"Polygon","arcs":[[144]],"properties":{"sa2_code_2021":"203021046","sa2_name_2021":"Newtown (Vic.)"}},{"type":"Polygon","arcs":[[145]],"properties":{"sa2_code_2021":"207011155","sa2_name_2021":"Surrey Hills (West) - Canterbury"}},{"type":"Polygon","arcs":[[146]],"properties":{"sa2_code_2021":"203021047","sa2_name_2021":"North Geelong - Bell Park"}},{"type":"Polygon","arcs":[[147]],"properties":{"sa2_code_2021":"203021485","sa2_name_2021":"Charlemont"}},{"type":"Polygon","arcs":[[148]],"properties":{"sa2_code_2021":"203021486","sa2_name_2021":"Corio - Lovely Banks"}},{"type":"Polygon","arcs":[[149]],"properties":{"sa2_code_2021":"203021487","sa2_name_2021":"Grovedale - Mount Duneed"}},{"type":"Polygon","arcs":[[150]],"properties":{"sa2_code_2021":"203021488","sa2_name_2021":"Norlane"}},{"type":"Polygon","arcs":[[151]],"properties":{"sa2_code_2021":"203031048","sa2_name_2021":"Clifton Springs"}},{"type":"Polygon","arcs":[[152]],"properties":{"sa2_code_2021":"203031049","sa2_name_2021":"Lorne - Anglesea"}},{"type":"Polygon","arcs":[[153]],"properties":{"sa2_code_2021":"207011519","sa2_name_2021":"Hawthorn - North"}},{"type":"Polygon","arcs":[[154]],"properties":{"sa2_code_2021":"203031051","sa2_name_2021":"Portarlington"}},{"type":"MultiPolygon","arcs":[[[155]],[[156]],[[157]],[[158]],[[159]]],"properties":{"sa2_code_2021":"203031052","sa2_name_2021":"Point Lonsdale - Queenscliff"}},{"type":"Polygon","arcs":[[160]],"properties":{"sa2_code_2021":"203031053","sa2_name_2021":"Torquay"}},{"type":"Polygon","arcs":[[161]],"properties":{"sa2_code_2021":"207011520","sa2_name_2021":"Hawthorn - South"}},{"type":"Polygon","arcs":[[162]],"properties":{"sa2_code_2021":"207011521","sa2_name_2021":"Kew - South"}},{"type":"Polygon","arcs":[[163]],"properties":{"sa2_code_2021":"203031489","sa2_name_2021":"Barwon Heads - Armstrong Creek"}},{"type":"Polygon","arcs":[[164]],"properties":{"sa2_code_2021":"203031490","sa2_name_2021":"Ocean Grove"}},{"type":"Polygon","arcs":[[165]],"properties":{"sa2_code_2021":"204011054","sa2_name_2021":"Alexandra"}},{"type":"Polygon","arcs":[[166]],"properties":{"sa2_code_2021":"204011055","sa2_name_2021":"Euroa"}},{"type":"Polygon","arcs":[[167]],"properties":{"sa2_code_2021":"204011056","sa2_name_2021":"Kilmore - Broadford"}},{"type":"Polygon","arcs":[[168]],"properties":{"sa2_code_2021":"204011057","sa2_name_2021":"Mansfield (Vic.)"}},{"type":"Polygon","arcs":[[169]],"properties":{"sa2_code_2021":"204011058","sa2_name_2021":"Nagambie"}},{"type":"Polygon","arcs":[[170]],"properties":{"sa2_code_2021":"204011059","sa2_name_2021":"Seymour"}},{"type":"Polygon","arcs":[[171]],"properties":{"sa2_code_2021":"204011060","sa2_name_2021":"Seymour Surrounds"}},{"type":"Polygon","arcs":[[172]],"properties":{"sa2_code_2021":"204011061","sa2_name_2021":"Upper Yarra Valley"}},{"type":"Polygon","arcs":[[173]],"properties":{"sa2_code_2021":"204011062","sa2_name_2021":"Yea"}},{"type":"Polygon","arcs":[[174]],"properties":{"sa2_code_2021":"204021063","sa2_name_2021":"Benalla"}},{"type":"Polygon","arcs":[[175],[176]],"properties":{"sa2_code_2021":"204021064","sa2_name_2021":"Benalla Surrounds"}},{"type":"Polygon","arcs":[[177]],"properties":{"sa2_code_2021":"204021065","sa2_name_2021":"Rutherglen"}},{"type":"Polygon","arcs":[[178]],"properties":{"sa2_code_2021":"207011522","sa2_name_2021":"Kew - West"}},{"type":"Polygon","arcs":[[179]],"properties":{"sa2_code_2021":"204021066","sa2_name_2021":"Wangaratta"}},{"type":"Polygon","arcs":[[180],[181]],"properties":{"sa2_code_2021":"204021067","sa2_name_2021":"Wangaratta Surrounds"}},{"type":"Polygon","arcs":[[182]],"properties":{"sa2_code_2021":"204031068","sa2_name_2021":"Beechworth"}},{"type":"Polygon","arcs":[[183]],"properties":{"sa2_code_2021":"204031069","sa2_name_2021":"Bright - Mount Beauty"}},{"type":"Polygon","arcs":[[184]],"properties":{"sa2_code_2021":"207021156","sa2_name_2021":"Bulleen"}},{"type":"Polygon","arcs":[[185]],"properties":{"sa2_code_2021":"204031070","sa2_name_2021":"Chiltern - Indigo Valley"}},{"type":"Polygon","arcs":[[186]],"properties":{"sa2_code_2021":"204031071","sa2_name_2021":"Myrtleford"}},{"type":"Polygon","arcs":[[187]],"properties":{"sa2_code_2021":"204031072","sa2_name_2021":"Towong"}},{"type":"Polygon","arcs":[[188]],"properties":{"sa2_code_2021":"205011076","sa2_name_2021":"Drouin"}},{"type":"Polygon","arcs":[[189]],"properties":{"sa2_code_2021":"205011077","sa2_name_2021":"Mount Baw Baw Region"}},{"type":"Polygon","arcs":[[190]],"properties":{"sa2_code_2021":"205011078","sa2_name_2021":"Trafalgar (Vic.)"}},{"type":"Polygon","arcs":[[191]],"properties":{"sa2_code_2021":"205011079","sa2_name_2021":"Warragul"}},{"type":"Polygon","arcs":[[192]],"properties":{"sa2_code_2021":"205021080","sa2_name_2021":"Alps - East"}},{"type":"Polygon","arcs":[[193]],"properties":{"sa2_code_2021":"205021081","sa2_name_2021":"Bairnsdale"}},{"type":"Polygon","arcs":[[194]],"properties":{"sa2_code_2021":"205021082","sa2_name_2021":"Bruthen - Omeo"}},{"type":"Polygon","arcs":[[195]],"properties":{"sa2_code_2021":"205021083","sa2_name_2021":"Lake King"}},{"type":"Polygon","arcs":[[196]],"properties":{"sa2_code_2021":"205021084","sa2_name_2021":"Lakes Entrance"}},{"type":"MultiPolygon","arcs":[[[197]],[[198]],[[199]]],"properties":{"sa2_code_2021":"205021085","sa2_name_2021":"Orbost"}},{"type":"Polygon","arcs":[[200]],"properties":{"sa2_code_2021":"205021086","sa2_name_2021":"Paynesville"}},{"type":"MultiPolygon","arcs":[[[201]],[[202]]],"properties":{"sa2_code_2021":"205031087","sa2_name_2021":"Foster"}},{"type":"MultiPolygon","arcs":[[[203]],[[204]],[[205]]],"properties":{"sa2_code_2021":"205031088","sa2_name_2021":"French Island"}},{"type":"Polygon","arcs":[[206]],"properties":{"sa2_code_2021":"205041096","sa2_name_2021":"Morwell"}},{"type":"Polygon","arcs":[[207]],"properties":{"sa2_code_2021":"205041098","sa2_name_2021":"Yallourn North - Glengarry"}},{"type":"Polygon","arcs":[[208]],"properties":{"sa2_code_2021":"205041493","sa2_name_2021":"Traralgon - East"}},{"type":"Polygon","arcs":[[209]],"properties":{"sa2_code_2021":"205041494","sa2_name_2021":"Traralgon - West"}},{"type":"Polygon","arcs":[[210]],"properties":{"sa2_code_2021":"205051099","sa2_name_2021":"Alps - West"}},{"type":"Polygon","arcs":[[211]],"properties":{"sa2_code_2021":"205051100","sa2_name_2021":"Longford - Loch Sport"}},{"type":"Polygon","arcs":[[212]],"properties":{"sa2_code_2021":"205051101","sa2_name_2021":"Maffra"}},{"type":"Polygon","arcs":[[213]],"properties":{"sa2_code_2021":"205051102","sa2_name_2021":"Rosedale"}},{"type":"Polygon","arcs":[[214]],"properties":{"sa2_code_2021":"205051103","sa2_name_2021":"Sale"}},{"type":"MultiPolygon","arcs":[[[215]],[[216]],[[217]],[[218]],[[219]],[[220]],[[221]],[[222]],[[223]],[[224]],[[225]],[[226]],[[227]],[[228]],[[229]],[[230]],[[231]],[[232]],[[233]],[[234]],[[235]],[[236]],[[237]],[[238]],[[239]],[[240]],[[241]],[[242]],[[243]],[[244]],[[245]],[[246]],[[247]],[[248]],[[249]],[[250]],[[251]],[[252]],[[253]],[[254]],[[255]],[[256]],[[257]],[[258]],[[259]],[[260]],[[261]],[[262]],[[263]],[[264]],[[265]],[[266]],[[267]],[[268]],[[269]],[[270]],[[271]],[[272]],[[273]],[[274]],[[275]],[[276]],[[277]],[[278]],[[279]],[[280]],[[281]],[[282]],[[283]],[[284]],[[285]],[[286]],[[287]],[[288]]],"properties":{"sa2_code_2021":"205051104","sa2_name_2021":"Yarram"}},{"type":"Polygon","arcs":[[289]],"properties":{"sa2_code_2021":"206011106","sa2_name_2021":"Brunswick East"}},{"type":"Polygon","arcs":[[290]],"properties":{"sa2_code_2021":"207021157","sa2_name_2021":"Doncaster"}},{"type":"Polygon","arcs":[[291]],"properties":{"sa2_code_2021":"207021159","sa2_name_2021":"Templestowe"}},{"type":"Polygon","arcs":[[292]],"properties":{"sa2_code_2021":"207021160","sa2_name_2021":"Templestowe Lower"}},{"type":"Polygon","arcs":[[293]],"properties":{"sa2_code_2021":"207021424","sa2_name_2021":"Doncaster East - North"}},{"type":"Polygon","arcs":[[294]],"properties":{"sa2_code_2021":"207021425","sa2_name_2021":"Doncaster East - South"}},{"type":"Polygon","arcs":[[295]],"properties":{"sa2_code_2021":"207031161","sa2_name_2021":"Blackburn"}},{"type":"Polygon","arcs":[[296]],"properties":{"sa2_code_2021":"207031162","sa2_name_2021":"Blackburn South"}},{"type":"Polygon","arcs":[[297]],"properties":{"sa2_code_2021":"207031163","sa2_name_2021":"Box Hill"}},{"type":"Polygon","arcs":[[298]],"properties":{"sa2_code_2021":"207031164","sa2_name_2021":"Box Hill North"}},{"type":"Polygon","arcs":[[299]],"properties":{"sa2_code_2021":"207031165","sa2_name_2021":"Burwood (Vic.)"}},{"type":"Polygon","arcs":[[300]],"properties":{"sa2_code_2021":"207031166","sa2_name_2021":"Burwood East"}},{"type":"Polygon","arcs":[[301]],"properties":{"sa2_code_2021":"207031167","sa2_name_2021":"Surrey Hills (East) - Mont Albert"}},{"type":"Polygon","arcs":[[302]],"properties":{"sa2_code_2021":"208011168","sa2_name_2021":"Beaumaris"}},{"type":"Polygon","arcs":[[303]],"properties":{"sa2_code_2021":"208011169","sa2_name_2021":"Brighton (Vic.)"}},{"type":"Polygon","arcs":[[304]],"properties":{"sa2_code_2021":"208011170","sa2_name_2021":"Brighton East"}},{"type":"Polygon","arcs":[[305]],"properties":{"sa2_code_2021":"208011171","sa2_name_2021":"Highett (West) - Cheltenham"}},{"type":"Polygon","arcs":[[306]],"properties":{"sa2_code_2021":"208011172","sa2_name_2021":"Hampton"}},{"type":"Polygon","arcs":[[307]],"properties":{"sa2_code_2021":"208011173","sa2_name_2021":"Sandringham - Black Rock"}},{"type":"Polygon","arcs":[[308]],"properties":{"sa2_code_2021":"208021174","sa2_name_2021":"Bentleigh - McKinnon"}},{"type":"Polygon","arcs":[[309]],"properties":{"sa2_code_2021":"208021176","sa2_name_2021":"Carnegie"}},{"type":"Polygon","arcs":[[310]],"properties":{"sa2_code_2021":"208021177","sa2_name_2021":"Caulfield - North"}},{"type":"Polygon","arcs":[[311]],"properties":{"sa2_code_2021":"208021178","sa2_name_2021":"Caulfield - South"}},{"type":"Polygon","arcs":[[312]],"properties":{"sa2_code_2021":"208021179","sa2_name_2021":"Elsternwick"}},{"type":"Polygon","arcs":[[313]],"properties":{"sa2_code_2021":"208021180","sa2_name_2021":"Hughesdale"}},{"type":"Polygon","arcs":[[314]],"properties":{"sa2_code_2021":"208021181","sa2_name_2021":"Murrumbeena"}},{"type":"Polygon","arcs":[[315]],"properties":{"sa2_code_2021":"208021182","sa2_name_2021":"Ormond - Glen Huntly"}},{"type":"Polygon","arcs":[[316]],"properties":{"sa2_code_2021":"208021426","sa2_name_2021":"Bentleigh East - North"}},{"type":"Polygon","arcs":[[317]],"properties":{"sa2_code_2021":"208021427","sa2_name_2021":"Bentleigh East - South"}},{"type":"Polygon","arcs":[[318]],"properties":{"sa2_code_2021":"208031183","sa2_name_2021":"Aspendale Gardens - Waterways"}},{"type":"Polygon","arcs":[[319]],"properties":{"sa2_code_2021":"208031184","sa2_name_2021":"Braeside"}},{"type":"Polygon","arcs":[[320]],"properties":{"sa2_code_2021":"208031185","sa2_name_2021":"Carrum - Patterson Lakes"}},{"type":"Polygon","arcs":[[321]],"properties":{"sa2_code_2021":"208031186","sa2_name_2021":"Chelsea - Bonbeach"}},{"type":"Polygon","arcs":[[322]],"properties":{"sa2_code_2021":"208031187","sa2_name_2021":"Chelsea Heights"}},{"type":"Polygon","arcs":[[323]],"properties":{"sa2_code_2021":"208031188","sa2_name_2021":"Highett (East) - Cheltenham "}},{"type":"Polygon","arcs":[[324]],"properties":{"sa2_code_2021":"208031189","sa2_name_2021":"Edithvale - Aspendale"}},{"type":"Polygon","arcs":[[325]],"properties":{"sa2_code_2021":"208031190","sa2_name_2021":"Mentone"}},{"type":"Polygon","arcs":[[326]],"properties":{"sa2_code_2021":"208031191","sa2_name_2021":"Moorabbin - Heatherton"}},{"type":"Polygon","arcs":[[327]],"properties":{"sa2_code_2021":"208031192","sa2_name_2021":"Moorabbin Airport"}},{"type":"Polygon","arcs":[[328]],"properties":{"sa2_code_2021":"208031193","sa2_name_2021":"Mordialloc - Parkdale"}},{"type":"Polygon","arcs":[[329]],"properties":{"sa2_code_2021":"208041194","sa2_name_2021":"Malvern - Glen Iris"}},{"type":"Polygon","arcs":[[330]],"properties":{"sa2_code_2021":"208041195","sa2_name_2021":"Malvern East"}},{"type":"Polygon","arcs":[[331]],"properties":{"sa2_code_2021":"209011196","sa2_name_2021":"Bundoora - East"}},{"type":"Polygon","arcs":[[332]],"properties":{"sa2_code_2021":"209011197","sa2_name_2021":"Greensborough"}},{"type":"Polygon","arcs":[[333]],"properties":{"sa2_code_2021":"209011198","sa2_name_2021":"Heidelberg - Rosanna"}},{"type":"Polygon","arcs":[[334]],"properties":{"sa2_code_2021":"209011199","sa2_name_2021":"Heidelberg West"}},{"type":"Polygon","arcs":[[335]],"properties":{"sa2_code_2021":"212031308","sa2_name_2021":"Pearcedale - Tooradin"}},{"type":"Polygon","arcs":[[336]],"properties":{"sa2_code_2021":"209011200","sa2_name_2021":"Ivanhoe"}},{"type":"Polygon","arcs":[[337]],"properties":{"sa2_code_2021":"209011201","sa2_name_2021":"Ivanhoe East - Eaglemont"}},{"type":"Polygon","arcs":[[338]],"properties":{"sa2_code_2021":"209011202","sa2_name_2021":"Montmorency - Briar Hill"}},{"type":"Polygon","arcs":[[339]],"properties":{"sa2_code_2021":"212031457","sa2_name_2021":"Narre Warren South - East"}},{"type":"Polygon","arcs":[[340]],"properties":{"sa2_code_2021":"209011203","sa2_name_2021":"Viewbank - Yallambie"}},{"type":"Polygon","arcs":[[341]],"properties":{"sa2_code_2021":"209011204","sa2_name_2021":"Watsonia"}},{"type":"Polygon","arcs":[[342]],"properties":{"sa2_code_2021":"209021205","sa2_name_2021":"Kingsbury"}},{"type":"Polygon","arcs":[[343]],"properties":{"sa2_code_2021":"212031458","sa2_name_2021":"Narre Warren South - West"}},{"type":"Polygon","arcs":[[344]],"properties":{"sa2_code_2021":"209021428","sa2_name_2021":"Preston - East"}},{"type":"Polygon","arcs":[[345]],"properties":{"sa2_code_2021":"209021429","sa2_name_2021":"Preston - West"}},{"type":"Polygon","arcs":[[346]],"properties":{"sa2_code_2021":"212031555","sa2_name_2021":"Clyde North - North"}},{"type":"Polygon","arcs":[[347]],"properties":{"sa2_code_2021":"209021523","sa2_name_2021":"Reservoir - North East"}},{"type":"Polygon","arcs":[[348]],"properties":{"sa2_code_2021":"209021524","sa2_name_2021":"Reservoir - North West"}},{"type":"Polygon","arcs":[[349]],"properties":{"sa2_code_2021":"209021525","sa2_name_2021":"Reservoir - South East"}},{"type":"Polygon","arcs":[[350]],"properties":{"sa2_code_2021":"209021526","sa2_name_2021":"Reservoir - South West"}},{"type":"Polygon","arcs":[[351]],"properties":{"sa2_code_2021":"209031209","sa2_name_2021":"Eltham"}},{"type":"Polygon","arcs":[[352]],"properties":{"sa2_code_2021":"212031556","sa2_name_2021":"Clyde North - South"}},{"type":"Polygon","arcs":[[353]],"properties":{"sa2_code_2021":"212031557","sa2_name_2021":"Cranbourne East - North"}},{"type":"Polygon","arcs":[[354]],"properties":{"sa2_code_2021":"209031210","sa2_name_2021":"Hurstbridge"}},{"type":"Polygon","arcs":[[355]],"properties":{"sa2_code_2021":"212031558","sa2_name_2021":"Cranbourne East - South"}},{"type":"Polygon","arcs":[[356]],"properties":{"sa2_code_2021":"212031559","sa2_name_2021":"Cranbourne North - East"}},{"type":"Polygon","arcs":[[357]],"properties":{"sa2_code_2021":"212031560","sa2_name_2021":"Cranbourne North - West"}},{"type":"Polygon","arcs":[[358]],"properties":{"sa2_code_2021":"212031561","sa2_name_2021":"Hampton Park - East"}},{"type":"Polygon","arcs":[[359]],"properties":{"sa2_code_2021":"209031211","sa2_name_2021":"Kinglake"}},{"type":"Polygon","arcs":[[360]],"properties":{"sa2_code_2021":"209031212","sa2_name_2021":"Panton Hill - St Andrews"}},{"type":"Polygon","arcs":[[361]],"properties":{"sa2_code_2021":"212031562","sa2_name_2021":"Hampton Park - West"}},{"type":"Polygon","arcs":[[362]],"properties":{"sa2_code_2021":"209031213","sa2_name_2021":"Plenty - Yarrambat"}},{"type":"Polygon","arcs":[[363]],"properties":{"sa2_code_2021":"209031214","sa2_name_2021":"Research - North Warrandyte"}},{"type":"Polygon","arcs":[[364]],"properties":{"sa2_code_2021":"209031215","sa2_name_2021":"Wattle Glen - Diamond Creek"}},{"type":"Polygon","arcs":[[365]],"properties":{"sa2_code_2021":"209041216","sa2_name_2021":"Bundoora - North"}},{"type":"Polygon","arcs":[[366]],"properties":{"sa2_code_2021":"209041217","sa2_name_2021":"Bundoora - West"}},{"type":"Polygon","arcs":[[367]],"properties":{"sa2_code_2021":"212041309","sa2_name_2021":"Clarinda - Oakleigh South"}},{"type":"Polygon","arcs":[[368]],"properties":{"sa2_code_2021":"209041220","sa2_name_2021":"Mill Park - North"}},{"type":"Polygon","arcs":[[369]],"properties":{"sa2_code_2021":"209041221","sa2_name_2021":"Mill Park - South"}},{"type":"Polygon","arcs":[[370]],"properties":{"sa2_code_2021":"209041223","sa2_name_2021":"Thomastown"}},{"type":"Polygon","arcs":[[371]],"properties":{"sa2_code_2021":"209041224","sa2_name_2021":"Wallan"}},{"type":"Polygon","arcs":[[372]],"properties":{"sa2_code_2021":"209041225","sa2_name_2021":"Whittlesea"}},{"type":"Polygon","arcs":[[373]],"properties":{"sa2_code_2021":"209041431","sa2_name_2021":"Epping - East"}},{"type":"Polygon","arcs":[[374]],"properties":{"sa2_code_2021":"209041432","sa2_name_2021":"Epping - South"}},{"type":"Polygon","arcs":[[375]],"properties":{"sa2_code_2021":"209041433","sa2_name_2021":"Epping (Vic.) - West"}},{"type":"Polygon","arcs":[[376]],"properties":{"sa2_code_2021":"209041435","sa2_name_2021":"South Morang - North"}},{"type":"Polygon","arcs":[[377]],"properties":{"sa2_code_2021":"212041310","sa2_name_2021":"Clayton South"}},{"type":"Polygon","arcs":[[378]],"properties":{"sa2_code_2021":"209041436","sa2_name_2021":"South Morang - South"}},{"type":"Polygon","arcs":[[379]],"properties":{"sa2_code_2021":"209041437","sa2_name_2021":"Wollert"}},{"type":"Polygon","arcs":[[380]],"properties":{"sa2_code_2021":"209041527","sa2_name_2021":"Doreen - North"}},{"type":"Polygon","arcs":[[381]],"properties":{"sa2_code_2021":"209041528","sa2_name_2021":"Doreen - South"}},{"type":"Polygon","arcs":[[382]],"properties":{"sa2_code_2021":"209041529","sa2_name_2021":"Lalor - East"}},{"type":"Polygon","arcs":[[383]],"properties":{"sa2_code_2021":"209041530","sa2_name_2021":"Lalor - West"}},{"type":"Polygon","arcs":[[384]],"properties":{"sa2_code_2021":"209041531","sa2_name_2021":"Mernda - North"}},{"type":"Polygon","arcs":[[385]],"properties":{"sa2_code_2021":"209041532","sa2_name_2021":"Mernda - South"}},{"type":"Polygon","arcs":[[386]],"properties":{"sa2_code_2021":"210011226","sa2_name_2021":"Airport West"}},{"type":"Polygon","arcs":[[387]],"properties":{"sa2_code_2021":"210011227","sa2_name_2021":"Essendon Airport"}},{"type":"Polygon","arcs":[[388]],"properties":{"sa2_code_2021":"210011228","sa2_name_2021":"Keilor"}},{"type":"Polygon","arcs":[[389]],"properties":{"sa2_code_2021":"210011230","sa2_name_2021":"Niddrie - Essendon West"}},{"type":"Polygon","arcs":[[390]],"properties":{"sa2_code_2021":"210011231","sa2_name_2021":"Strathmore"}},{"type":"Polygon","arcs":[[391]],"properties":{"sa2_code_2021":"210011533","sa2_name_2021":"Avondale Heights"}},{"type":"Polygon","arcs":[[392]],"properties":{"sa2_code_2021":"210011534","sa2_name_2021":"Keilor East"}},{"type":"Polygon","arcs":[[393]],"properties":{"sa2_code_2021":"210021232","sa2_name_2021":"Gisborne"}},{"type":"Polygon","arcs":[[394]],"properties":{"sa2_code_2021":"210021233","sa2_name_2021":"Macedon"}},{"type":"Polygon","arcs":[[395]],"properties":{"sa2_code_2021":"210021234","sa2_name_2021":"Riddells Creek"}},{"type":"Polygon","arcs":[[396]],"properties":{"sa2_code_2021":"210021235","sa2_name_2021":"Romsey"}},{"type":"Polygon","arcs":[[397]],"properties":{"sa2_code_2021":"210031236","sa2_name_2021":"Coburg North"}},{"type":"Polygon","arcs":[[398]],"properties":{"sa2_code_2021":"210031237","sa2_name_2021":"Fawkner"}},{"type":"Polygon","arcs":[[399]],"properties":{"sa2_code_2021":"210031439","sa2_name_2021":"Gowanbrae"}},{"type":"Polygon","arcs":[[400]],"properties":{"sa2_code_2021":"210031440","sa2_name_2021":"Hadfield"}},{"type":"Polygon","arcs":[[401]],"properties":{"sa2_code_2021":"210031535","sa2_name_2021":"Glenroy - East"}},{"type":"Polygon","arcs":[[402]],"properties":{"sa2_code_2021":"210031536","sa2_name_2021":"Glenroy - West"}},{"type":"Polygon","arcs":[[403]],"properties":{"sa2_code_2021":"210031537","sa2_name_2021":"Oak Park"}},{"type":"Polygon","arcs":[[404]],"properties":{"sa2_code_2021":"210031538","sa2_name_2021":"Pascoe Vale"}},{"type":"Polygon","arcs":[[405]],"properties":{"sa2_code_2021":"210041240","sa2_name_2021":"Sunbury"}},{"type":"Polygon","arcs":[[406]],"properties":{"sa2_code_2021":"210041539","sa2_name_2021":"Diggers Rest"}},{"type":"Polygon","arcs":[[407]],"properties":{"sa2_code_2021":"210041540","sa2_name_2021":"Sunbury - South"}},{"type":"Polygon","arcs":[[408]],"properties":{"sa2_code_2021":"210041541","sa2_name_2021":"Sunbury - West"}},{"type":"Polygon","arcs":[[409]],"properties":{"sa2_code_2021":"210051242","sa2_name_2021":"Broadmeadows"}},{"type":"Polygon","arcs":[[410]],"properties":{"sa2_code_2021":"210051243","sa2_name_2021":"Campbellfield - Coolaroo"}},{"type":"Polygon","arcs":[[411]],"properties":{"sa2_code_2021":"210051245","sa2_name_2021":"Gladstone Park - Westmeadows"}},{"type":"Polygon","arcs":[[412]],"properties":{"sa2_code_2021":"210051246","sa2_name_2021":"Greenvale - Bulla"}},{"type":"Polygon","arcs":[[413]],"properties":{"sa2_code_2021":"210051247","sa2_name_2021":"Meadow Heights"}},{"type":"Polygon","arcs":[[414]],"properties":{"sa2_code_2021":"210051248","sa2_name_2021":"Melbourne Airport"}},{"type":"Polygon","arcs":[[415]],"properties":{"sa2_code_2021":"210051250","sa2_name_2021":"Tullamarine"}},{"type":"Polygon","arcs":[[416]],"properties":{"sa2_code_2021":"210051441","sa2_name_2021":"Craigieburn - Central"}},{"type":"Polygon","arcs":[[417]],"properties":{"sa2_code_2021":"212041312","sa2_name_2021":"Dandenong North"}},{"type":"Polygon","arcs":[[418]],"properties":{"sa2_code_2021":"210051442","sa2_name_2021":"Craigieburn - North"}},{"type":"Polygon","arcs":[[419]],"properties":{"sa2_code_2021":"210051443","sa2_name_2021":"Craigieburn - South"}},{"type":"Polygon","arcs":[[420]],"properties":{"sa2_code_2021":"210051445","sa2_name_2021":"Mickleham - Yuroke"}},{"type":"Polygon","arcs":[[421]],"properties":{"sa2_code_2021":"210051542","sa2_name_2021":"Craigieburn - North West"}},{"type":"Polygon","arcs":[[422]],"properties":{"sa2_code_2021":"210051543","sa2_name_2021":"Craigieburn - West"}},{"type":"Polygon","arcs":[[423]],"properties":{"sa2_code_2021":"212041313","sa2_name_2021":"Dingley Village"}},{"type":"Polygon","arcs":[[424]],"properties":{"sa2_code_2021":"210051544","sa2_name_2021":"Roxburgh Park (South) - Somerton"}},{"type":"Polygon","arcs":[[425]],"properties":{"sa2_code_2021":"210051545","sa2_name_2021":"Roxburgh Park - North"}},{"type":"Polygon","arcs":[[426]],"properties":{"sa2_code_2021":"211011251","sa2_name_2021":"Bayswater"}},{"type":"Polygon","arcs":[[427]],"properties":{"sa2_code_2021":"211011254","sa2_name_2021":"Knoxfield - Scoresby"}},{"type":"Polygon","arcs":[[428]],"properties":{"sa2_code_2021":"211011255","sa2_name_2021":"Lysterfield"}},{"type":"Polygon","arcs":[[429]],"properties":{"sa2_code_2021":"211011256","sa2_name_2021":"Rowville - Central"}},{"type":"Polygon","arcs":[[430]],"properties":{"sa2_code_2021":"211011257","sa2_name_2021":"Rowville - North"}},{"type":"Polygon","arcs":[[431]],"properties":{"sa2_code_2021":"211011258","sa2_name_2021":"Rowville - South"}},{"type":"Polygon","arcs":[[432]],"properties":{"sa2_code_2021":"212041316","sa2_name_2021":"Noble Park North"}},{"type":"Polygon","arcs":[[433]],"properties":{"sa2_code_2021":"211011259","sa2_name_2021":"Wantirna"}},{"type":"Polygon","arcs":[[434]],"properties":{"sa2_code_2021":"211011260","sa2_name_2021":"Wantirna South"}},{"type":"Polygon","arcs":[[435]],"properties":{"sa2_code_2021":"212041317","sa2_name_2021":"Springvale"}},{"type":"Polygon","arcs":[[436]],"properties":{"sa2_code_2021":"211011446","sa2_name_2021":"Boronia"}},{"type":"Polygon","arcs":[[437]],"properties":{"sa2_code_2021":"211011447","sa2_name_2021":"Ferntree Gully - North"}},{"type":"Polygon","arcs":[[438]],"properties":{"sa2_code_2021":"211011448","sa2_name_2021":"Ferntree Gully (South) - Upper Ferntree Gully"}},{"type":"Polygon","arcs":[[439]],"properties":{"sa2_code_2021":"211011449","sa2_name_2021":"The Basin"}},{"type":"Polygon","arcs":[[440]],"properties":{"sa2_code_2021":"211021261","sa2_name_2021":"Donvale - Park Orchards"}},{"type":"Polygon","arcs":[[441]],"properties":{"sa2_code_2021":"211021262","sa2_name_2021":"Warrandyte - Wonga Park"}},{"type":"Polygon","arcs":[[442]],"properties":{"sa2_code_2021":"211031263","sa2_name_2021":"Bayswater North"}},{"type":"Polygon","arcs":[[443]],"properties":{"sa2_code_2021":"211031265","sa2_name_2021":"Croydon Hills - Warranwood"}},{"type":"Polygon","arcs":[[444]],"properties":{"sa2_code_2021":"212041318","sa2_name_2021":"Springvale South"}},{"type":"Polygon","arcs":[[445]],"properties":{"sa2_code_2021":"212041459","sa2_name_2021":"Noble Park - East"}},{"type":"Polygon","arcs":[[446]],"properties":{"sa2_code_2021":"211031266","sa2_name_2021":"Ringwood"}},{"type":"Polygon","arcs":[[447]],"properties":{"sa2_code_2021":"211031267","sa2_name_2021":"Ringwood East"}},{"type":"Polygon","arcs":[[448]],"properties":{"sa2_code_2021":"211031268","sa2_name_2021":"Ringwood North"}},{"type":"Polygon","arcs":[[449]],"properties":{"sa2_code_2021":"211031450","sa2_name_2021":"Croydon - East"}},{"type":"Polygon","arcs":[[450]],"properties":{"sa2_code_2021":"212041460","sa2_name_2021":"Noble Park - West"}},{"type":"Polygon","arcs":[[451]],"properties":{"sa2_code_2021":"211031451","sa2_name_2021":"Croydon - West"}},{"type":"Polygon","arcs":[[452]],"properties":{"sa2_code_2021":"211031452","sa2_name_2021":"Croydon South"}},{"type":"Polygon","arcs":[[453]],"properties":{"sa2_code_2021":"211041269","sa2_name_2021":"Forest Hill"}},{"type":"Polygon","arcs":[[454]],"properties":{"sa2_code_2021":"211041270","sa2_name_2021":"Mitcham (Vic.)"}},{"type":"Polygon","arcs":[[455]],"properties":{"sa2_code_2021":"211041271","sa2_name_2021":"Nunawading"}},{"type":"Polygon","arcs":[[456]],"properties":{"sa2_code_2021":"211041272","sa2_name_2021":"Vermont"}},{"type":"Polygon","arcs":[[457]],"properties":{"sa2_code_2021":"212041563","sa2_name_2021":"Dandenong - North"}},{"type":"Polygon","arcs":[[458]],"properties":{"sa2_code_2021":"211041273","sa2_name_2021":"Vermont South"}},{"type":"Polygon","arcs":[[459]],"properties":{"sa2_code_2021":"211051274","sa2_name_2021":"Belgrave - Selby"}},{"type":"Polygon","arcs":[[460]],"properties":{"sa2_code_2021":"211051275","sa2_name_2021":"Chirnside Park"}},{"type":"Polygon","arcs":[[461]],"properties":{"sa2_code_2021":"211051276","sa2_name_2021":"Healesville - Yarra Glen"}},{"type":"Polygon","arcs":[[462]],"properties":{"sa2_code_2021":"211051277","sa2_name_2021":"Kilsyth"}},{"type":"Polygon","arcs":[[463]],"properties":{"sa2_code_2021":"211051278","sa2_name_2021":"Lilydale - Coldstream"}},{"type":"Polygon","arcs":[[464]],"properties":{"sa2_code_2021":"211051279","sa2_name_2021":"Monbulk - Silvan"}},{"type":"Polygon","arcs":[[465]],"properties":{"sa2_code_2021":"211051280","sa2_name_2021":"Montrose"}},{"type":"Polygon","arcs":[[466]],"properties":{"sa2_code_2021":"212041564","sa2_name_2021":"Dandenong - South"}},{"type":"Polygon","arcs":[[467]],"properties":{"sa2_code_2021":"212041565","sa2_name_2021":"Keysborough - North"}},{"type":"Polygon","arcs":[[468]],"properties":{"sa2_code_2021":"211051281","sa2_name_2021":"Mooroolbark"}},{"type":"Polygon","arcs":[[469]],"properties":{"sa2_code_2021":"212041566","sa2_name_2021":"Keysborough - South"}},{"type":"Polygon","arcs":[[470]],"properties":{"sa2_code_2021":"212051319","sa2_name_2021":"Ashwood - Chadstone"}},{"type":"Polygon","arcs":[[471]],"properties":{"sa2_code_2021":"212051321","sa2_name_2021":"Glen Waverley - East"}},{"type":"Polygon","arcs":[[472]],"properties":{"sa2_code_2021":"211051282","sa2_name_2021":"Mount Dandenong - Olinda"}},{"type":"Polygon","arcs":[[473]],"properties":{"sa2_code_2021":"211051283","sa2_name_2021":"Mount Evelyn"}},{"type":"Polygon","arcs":[[474]],"properties":{"sa2_code_2021":"211051284","sa2_name_2021":"Upwey - Tecoma"}},{"type":"Polygon","arcs":[[475]],"properties":{"sa2_code_2021":"211051285","sa2_name_2021":"Wandin - Seville"}},{"type":"Polygon","arcs":[[476]],"properties":{"sa2_code_2021":"211051286","sa2_name_2021":"Yarra Valley"}},{"type":"Polygon","arcs":[[477]],"properties":{"sa2_code_2021":"212011289","sa2_name_2021":"Emerald - Cockatoo"}},{"type":"Polygon","arcs":[[478]],"properties":{"sa2_code_2021":"212011546","sa2_name_2021":"Beaconsfield - Officer"}},{"type":"Polygon","arcs":[[479]],"properties":{"sa2_code_2021":"212051322","sa2_name_2021":"Glen Waverley - West"}},{"type":"Polygon","arcs":[[480]],"properties":{"sa2_code_2021":"212051323","sa2_name_2021":"Mount Waverley - North"}},{"type":"Polygon","arcs":[[481]],"properties":{"sa2_code_2021":"212011547","sa2_name_2021":"Bunyip - Garfield"}},{"type":"Polygon","arcs":[[482]],"properties":{"sa2_code_2021":"212011548","sa2_name_2021":"Koo Wee Rup"}},{"type":"Polygon","arcs":[[483]],"properties":{"sa2_code_2021":"212011549","sa2_name_2021":"Pakenham - North East"}},{"type":"Polygon","arcs":[[484]],"properties":{"sa2_code_2021":"212011550","sa2_name_2021":"Pakenham - North West"}},{"type":"Polygon","arcs":[[485]],"properties":{"sa2_code_2021":"212011551","sa2_name_2021":"Pakenham - South East"}},{"type":"Polygon","arcs":[[486]],"properties":{"sa2_code_2021":"212011552","sa2_name_2021":"Pakenham - South West"}},{"type":"Polygon","arcs":[[487]],"properties":{"sa2_code_2021":"212021293","sa2_name_2021":"Berwick - North"}},{"type":"Polygon","arcs":[[488]],"properties":{"sa2_code_2021":"212051324","sa2_name_2021":"Mount Waverley - South"}},{"type":"Polygon","arcs":[[489]],"properties":{"sa2_code_2021":"212021295","sa2_name_2021":"Doveton"}},{"type":"Polygon","arcs":[[490]],"properties":{"sa2_code_2021":"212021297","sa2_name_2021":"Hallam"}},{"type":"Polygon","arcs":[[491]],"properties":{"sa2_code_2021":"212021299","sa2_name_2021":"Narre Warren North"}},{"type":"Polygon","arcs":[[492]],"properties":{"sa2_code_2021":"212021453","sa2_name_2021":"Endeavour Hills - North"}},{"type":"Polygon","arcs":[[493]],"properties":{"sa2_code_2021":"212021454","sa2_name_2021":"Endeavour Hills - South"}},{"type":"Polygon","arcs":[[494]],"properties":{"sa2_code_2021":"212021455","sa2_name_2021":"Narre Warren - North East"}},{"type":"Polygon","arcs":[[495]],"properties":{"sa2_code_2021":"212021456","sa2_name_2021":"Narre Warren - South West"}},{"type":"Polygon","arcs":[[496]],"properties":{"sa2_code_2021":"212021553","sa2_name_2021":"Berwick - South East"}},{"type":"Polygon","arcs":[[497]],"properties":{"sa2_code_2021":"212021554","sa2_name_2021":"Berwick - South West"}},{"type":"Polygon","arcs":[[498]],"properties":{"sa2_code_2021":"212031300","sa2_name_2021":"Cranbourne"}},{"type":"Polygon","arcs":[[499]],"properties":{"sa2_code_2021":"212031303","sa2_name_2021":"Cranbourne South"}},{"type":"Polygon","arcs":[[500]],"properties":{"sa2_code_2021":"212031304","sa2_name_2021":"Cranbourne West"}},{"type":"Polygon","arcs":[[501]],"properties":{"sa2_code_2021":"212031306","sa2_name_2021":"Lynbrook - Lyndhurst"}},{"type":"Polygon","arcs":[[502]],"properties":{"sa2_code_2021":"212051325","sa2_name_2021":"Mulgrave"}},{"type":"Polygon","arcs":[[503]],"properties":{"sa2_code_2021":"212051326","sa2_name_2021":"Oakleigh - Huntingdale"}},{"type":"Polygon","arcs":[[504]],"properties":{"sa2_code_2021":"212051327","sa2_name_2021":"Wheelers Hill"}},{"type":"Polygon","arcs":[[505]],"properties":{"sa2_code_2021":"212051567","sa2_name_2021":"Clayton (North) - Notting Hill"}},{"type":"Polygon","arcs":[[506]],"properties":{"sa2_code_2021":"212051568","sa2_name_2021":"Clayton - Central"}},{"type":"Polygon","arcs":[[507]],"properties":{"sa2_code_2021":"213011328","sa2_name_2021":"Ardeer - Albion"}},{"type":"Polygon","arcs":[[508]],"properties":{"sa2_code_2021":"213011329","sa2_name_2021":"Cairnlea"}},{"type":"Polygon","arcs":[[509]],"properties":{"sa2_code_2021":"213011331","sa2_name_2021":"Delahey"}},{"type":"Polygon","arcs":[[510]],"properties":{"sa2_code_2021":"213011332","sa2_name_2021":"Keilor Downs"}},{"type":"Polygon","arcs":[[511]],"properties":{"sa2_code_2021":"213011333","sa2_name_2021":"Kings Park (Vic.)"}},{"type":"Polygon","arcs":[[512]],"properties":{"sa2_code_2021":"213011334","sa2_name_2021":"St Albans - North"}},{"type":"Polygon","arcs":[[513]],"properties":{"sa2_code_2021":"213011335","sa2_name_2021":"St Albans - South"}},{"type":"Polygon","arcs":[[514]],"properties":{"sa2_code_2021":"213011336","sa2_name_2021":"Sunshine"}},{"type":"Polygon","arcs":[[515]],"properties":{"sa2_code_2021":"213011337","sa2_name_2021":"Sunshine North"}},{"type":"Polygon","arcs":[[516]],"properties":{"sa2_code_2021":"213011338","sa2_name_2021":"Sunshine West"}},{"type":"Polygon","arcs":[[517]],"properties":{"sa2_code_2021":"213011339","sa2_name_2021":"Sydenham"}},{"type":"Polygon","arcs":[[518]],"properties":{"sa2_code_2021":"213011340","sa2_name_2021":"Taylors Lakes"}},{"type":"Polygon","arcs":[[519]],"properties":{"sa2_code_2021":"213011569","sa2_name_2021":"Deer Park"}},{"type":"Polygon","arcs":[[520]],"properties":{"sa2_code_2021":"213011570","sa2_name_2021":"Derrimut"}},{"type":"Polygon","arcs":[[521]],"properties":{"sa2_code_2021":"213021341","sa2_name_2021":"Altona"}},{"type":"Polygon","arcs":[[522]],"properties":{"sa2_code_2021":"213021342","sa2_name_2021":"Altona Meadows"}},{"type":"Polygon","arcs":[[523]],"properties":{"sa2_code_2021":"213021343","sa2_name_2021":"Altona North"}},{"type":"Polygon","arcs":[[524]],"properties":{"sa2_code_2021":"213021344","sa2_name_2021":"Newport"}},{"type":"Polygon","arcs":[[525]],"properties":{"sa2_code_2021":"213021345","sa2_name_2021":"Seabrook"}},{"type":"Polygon","arcs":[[526]],"properties":{"sa2_code_2021":"213021346","sa2_name_2021":"Williamstown"}},{"type":"Polygon","arcs":[[527]],"properties":{"sa2_code_2021":"213031347","sa2_name_2021":"Braybrook"}},{"type":"Polygon","arcs":[[528]],"properties":{"sa2_code_2021":"213031348","sa2_name_2021":"Footscray"}},{"type":"Polygon","arcs":[[529]],"properties":{"sa2_code_2021":"213031349","sa2_name_2021":"Maribyrnong"}},{"type":"Polygon","arcs":[[530]],"properties":{"sa2_code_2021":"213031350","sa2_name_2021":"Seddon - Kingsville"}},{"type":"Polygon","arcs":[[531]],"properties":{"sa2_code_2021":"213031351","sa2_name_2021":"West Footscray - Tottenham"}},{"type":"Polygon","arcs":[[532]],"properties":{"sa2_code_2021":"213031352","sa2_name_2021":"Yarraville"}},{"type":"Polygon","arcs":[[533]],"properties":{"sa2_code_2021":"213041353","sa2_name_2021":"Bacchus Marsh"}},{"type":"Polygon","arcs":[[534]],"properties":{"sa2_code_2021":"213041358","sa2_name_2021":"Melton West"}},{"type":"Polygon","arcs":[[535]],"properties":{"sa2_code_2021":"213041359","sa2_name_2021":"Rockbank - Mount Cottrell"}},{"type":"Polygon","arcs":[[536]],"properties":{"sa2_code_2021":"213041360","sa2_name_2021":"Taylors Hill"}},{"type":"Polygon","arcs":[[537]],"properties":{"sa2_code_2021":"213041461","sa2_name_2021":"Burnside"}},{"type":"Polygon","arcs":[[538]],"properties":{"sa2_code_2021":"213041462","sa2_name_2021":"Burnside Heights"}},{"type":"Polygon","arcs":[[539]],"properties":{"sa2_code_2021":"213041463","sa2_name_2021":"Caroline Springs"}},{"type":"Polygon","arcs":[[540]],"properties":{"sa2_code_2021":"213041571","sa2_name_2021":"Brookfield"}},{"type":"Polygon","arcs":[[541]],"properties":{"sa2_code_2021":"213041572","sa2_name_2021":"Cobblebank - Strathtulloh"}},{"type":"Polygon","arcs":[[542]],"properties":{"sa2_code_2021":"213041573","sa2_name_2021":"Eynesbury - Exford"}},{"type":"Polygon","arcs":[[543]],"properties":{"sa2_code_2021":"213041574","sa2_name_2021":"Fraser Rise - Plumpton"}},{"type":"Polygon","arcs":[[544]],"properties":{"sa2_code_2021":"213041575","sa2_name_2021":"Hillside"}},{"type":"Polygon","arcs":[[545]],"properties":{"sa2_code_2021":"213041576","sa2_name_2021":"Kurunjang - Toolern Vale"}},{"type":"Polygon","arcs":[[546]],"properties":{"sa2_code_2021":"213041577","sa2_name_2021":"Melton"}},{"type":"Polygon","arcs":[[547]],"properties":{"sa2_code_2021":"213041578","sa2_name_2021":"Melton South - Weir Views"}},{"type":"Polygon","arcs":[[548]],"properties":{"sa2_code_2021":"213051361","sa2_name_2021":"Hoppers Crossing - North"}},{"type":"Polygon","arcs":[[549]],"properties":{"sa2_code_2021":"213051362","sa2_name_2021":"Hoppers Crossing - South"}},{"type":"Polygon","arcs":[[550]],"properties":{"sa2_code_2021":"213051363","sa2_name_2021":"Laverton"}},{"type":"Polygon","arcs":[[551]],"properties":{"sa2_code_2021":"213051368","sa2_name_2021":"Werribee - South"}},{"type":"Polygon","arcs":[[552]],"properties":{"sa2_code_2021":"213051464","sa2_name_2021":"Point Cook - East"}},{"type":"Polygon","arcs":[[553]],"properties":{"sa2_code_2021":"213051466","sa2_name_2021":"Point Cook - South"}},{"type":"Polygon","arcs":[[554]],"properties":{"sa2_code_2021":"213051467","sa2_name_2021":"Werribee - East"}},{"type":"Polygon","arcs":[[555]],"properties":{"sa2_code_2021":"213051468","sa2_name_2021":"Werribee - West"}},{"type":"Polygon","arcs":[[556]],"properties":{"sa2_code_2021":"213051579","sa2_name_2021":"Manor Lakes - Quandong"}},{"type":"Polygon","arcs":[[557]],"properties":{"sa2_code_2021":"213051580","sa2_name_2021":"Point Cook - North East"}},{"type":"Polygon","arcs":[[558]],"properties":{"sa2_code_2021":"213051581","sa2_name_2021":"Point Cook - North West"}},{"type":"Polygon","arcs":[[559]],"properties":{"sa2_code_2021":"213051582","sa2_name_2021":"Tarneit (West) - Mount Cottrell"}},{"type":"Polygon","arcs":[[560]],"properties":{"sa2_code_2021":"213051583","sa2_name_2021":"Tarneit - Central"}},{"type":"Polygon","arcs":[[561]],"properties":{"sa2_code_2021":"213051584","sa2_name_2021":"Tarneit - North"}},{"type":"Polygon","arcs":[[562]],"properties":{"sa2_code_2021":"213051585","sa2_name_2021":"Tarneit - South"}},{"type":"Polygon","arcs":[[563]],"properties":{"sa2_code_2021":"213051586","sa2_name_2021":"Truganina - North"}},{"type":"Polygon","arcs":[[564]],"properties":{"sa2_code_2021":"213051587","sa2_name_2021":"Truganina - South East"}},{"type":"Polygon","arcs":[[565]],"properties":{"sa2_code_2021":"213051588","sa2_name_2021":"Truganina - South West"}},{"type":"Polygon","arcs":[[566]],"properties":{"sa2_code_2021":"213051589","sa2_name_2021":"Wyndham Vale - North"}},{"type":"Polygon","arcs":[[567]],"properties":{"sa2_code_2021":"213051590","sa2_name_2021":"Wyndham Vale - South"}},{"type":"Polygon","arcs":[[568]],"properties":{"sa2_code_2021":"214011370","sa2_name_2021":"Carrum Downs"}},{"type":"Polygon","arcs":[[569]],"properties":{"sa2_code_2021":"214011371","sa2_name_2021":"Frankston"}},{"type":"Polygon","arcs":[[570]],"properties":{"sa2_code_2021":"214011372","sa2_name_2021":"Frankston North"}},{"type":"Polygon","arcs":[[571]],"properties":{"sa2_code_2021":"214011373","sa2_name_2021":"Frankston South"}},{"type":"Polygon","arcs":[[572]],"properties":{"sa2_code_2021":"214011374","sa2_name_2021":"Langwarrin"}},{"type":"Polygon","arcs":[[573]],"properties":{"sa2_code_2021":"214011375","sa2_name_2021":"Seaford (Vic.)"}},{"type":"Polygon","arcs":[[574]],"properties":{"sa2_code_2021":"214011376","sa2_name_2021":"Skye - Sandhurst"}},{"type":"Polygon","arcs":[[575]],"properties":{"sa2_code_2021":"214021377","sa2_name_2021":"Dromana"}},{"type":"MultiPolygon","arcs":[[[576]],[[577]],[[578]],[[579]],[[580]],[[581]],[[582]],[[583]],[[584]],[[585]],[[586]],[[587]],[[588]],[[589]]],"properties":{"sa2_code_2021":"214021378","sa2_name_2021":"Flinders"}},{"type":"MultiPolygon","arcs":[[[590]],[[591]]],"properties":{"sa2_code_2021":"214021379","sa2_name_2021":"Hastings - Somers"}},{"type":"Polygon","arcs":[[592]],"properties":{"sa2_code_2021":"214021381","sa2_name_2021":"Mount Eliza"}},{"type":"Polygon","arcs":[[593]],"properties":{"sa2_code_2021":"214021382","sa2_name_2021":"Mount Martha"}},{"type":"MultiPolygon","arcs":[[[594]],[[595]],[[596]],[[597]],[[598]],[[599]],[[600]],[[601]],[[602]],[[603]]],"properties":{"sa2_code_2021":"214021383","sa2_name_2021":"Point Nepean"}},{"type":"Polygon","arcs":[[604]],"properties":{"sa2_code_2021":"214021384","sa2_name_2021":"Rosebud - McCrae"}},{"type":"Polygon","arcs":[[605]],"properties":{"sa2_code_2021":"214021385","sa2_name_2021":"Somerville"}},{"type":"Polygon","arcs":[[606]],"properties":{"sa2_code_2021":"214021591","sa2_name_2021":"Mornington - East"}},{"type":"Polygon","arcs":[[607]],"properties":{"sa2_code_2021":"214021592","sa2_name_2021":"Mornington - West"}},{"type":"Polygon","arcs":[[608]],"properties":{"sa2_code_2021":"215011386","sa2_name_2021":"Ararat"}},{"type":"Polygon","arcs":[[609]],"properties":{"sa2_code_2021":"215011387","sa2_name_2021":"Ararat Surrounds"}},{"type":"Polygon","arcs":[[610]],"properties":{"sa2_code_2021":"215011388","sa2_name_2021":"Horsham"}},{"type":"Polygon","arcs":[[611],[612]],"properties":{"sa2_code_2021":"215011389","sa2_name_2021":"Horsham Surrounds"}},{"type":"Polygon","arcs":[[613]],"properties":{"sa2_code_2021":"215011390","sa2_name_2021":"Nhill Region"}},{"type":"Polygon","arcs":[[614]],"properties":{"sa2_code_2021":"215011391","sa2_name_2021":"St Arnaud"}},{"type":"Polygon","arcs":[[615]],"properties":{"sa2_code_2021":"215011392","sa2_name_2021":"Stawell"}},{"type":"Polygon","arcs":[[616]],"properties":{"sa2_code_2021":"215011393","sa2_name_2021":"West Wimmera"}},{"type":"Polygon","arcs":[[617]],"properties":{"sa2_code_2021":"215011394","sa2_name_2021":"Yarriambiack"}},{"type":"Polygon","arcs":[[618]],"properties":{"sa2_code_2021":"215021395","sa2_name_2021":"Irymple"}},{"type":"Polygon","arcs":[[619]],"properties":{"sa2_code_2021":"215021396","sa2_name_2021":"Merbein"}},{"type":"Polygon","arcs":[[620]],"properties":{"sa2_code_2021":"215021398","sa2_name_2021":"Mildura Surrounds"}},{"type":"Polygon","arcs":[[621]],"properties":{"sa2_code_2021":"215021399","sa2_name_2021":"Red Cliffs"}},{"type":"Polygon","arcs":[[622]],"properties":{"sa2_code_2021":"215021469","sa2_name_2021":"Mildura - North"}},{"type":"Polygon","arcs":[[623]],"properties":{"sa2_code_2021":"215021470","sa2_name_2021":"Mildura - South"}},{"type":"Polygon","arcs":[[624]],"properties":{"sa2_code_2021":"215031400","sa2_name_2021":"Buloke"}},{"type":"Polygon","arcs":[[625],[626]],"properties":{"sa2_code_2021":"215031401","sa2_name_2021":"Gannawarra"}},{"type":"Polygon","arcs":[[627]],"properties":{"sa2_code_2021":"215031402","sa2_name_2021":"Kerang"}},{"type":"Polygon","arcs":[[628]],"properties":{"sa2_code_2021":"215031403","sa2_name_2021":"Robinvale"}},{"type":"Polygon","arcs":[[629]],"properties":{"sa2_code_2021":"215031404","sa2_name_2021":"Swan Hill"}},{"type":"Polygon","arcs":[[630]],"properties":{"sa2_code_2021":"215031405","sa2_name_2021":"Swan Hill Surrounds"}},{"type":"Polygon","arcs":[[631]],"properties":{"sa2_code_2021":"216011406","sa2_name_2021":"Echuca"}},{"type":"Polygon","arcs":[[632]],"properties":{"sa2_code_2021":"216011407","sa2_name_2021":"Kyabram"}},{"type":"Polygon","arcs":[[633]],"properties":{"sa2_code_2021":"216011408","sa2_name_2021":"Lockington - Gunbower"}},{"type":"Polygon","arcs":[[634]],"properties":{"sa2_code_2021":"216011409","sa2_name_2021":"Rochester"}},{"type":"Polygon","arcs":[[635]],"properties":{"sa2_code_2021":"216011410","sa2_name_2021":"Rushworth"}},{"type":"Polygon","arcs":[[636]],"properties":{"sa2_code_2021":"216021411","sa2_name_2021":"Cobram"}},{"type":"Polygon","arcs":[[637]],"properties":{"sa2_code_2021":"216021412","sa2_name_2021":"Moira"}},{"type":"Polygon","arcs":[[638]],"properties":{"sa2_code_2021":"216021413","sa2_name_2021":"Numurkah"}},{"type":"Polygon","arcs":[[639]],"properties":{"sa2_code_2021":"216021414","sa2_name_2021":"Yarrawonga"}},{"type":"Polygon","arcs":[[640]],"properties":{"sa2_code_2021":"216031415","sa2_name_2021":"Mooroopna"}},{"type":"Polygon","arcs":[[641]],"properties":{"sa2_code_2021":"216031416","sa2_name_2021":"Shepparton - North"}},{"type":"Polygon","arcs":[[642]],"properties":{"sa2_code_2021":"216031418","sa2_name_2021":"Shepparton Surrounds - East"}},{"type":"Polygon","arcs":[[643]],"properties":{"sa2_code_2021":"216031419","sa2_name_2021":"Shepparton Surrounds - West"}},{"type":"Polygon","arcs":[[644]],"properties":{"sa2_code_2021":"216031593","sa2_name_2021":"Kialla"}},{"type":"Polygon","arcs":[[645]],"properties":{"sa2_code_2021":"216031594","sa2_name_2021":"Shepparton - South East"}},{"type":"Polygon","arcs":[[646]],"properties":{"sa2_code_2021":"217011420","sa2_name_2021":"Glenelg (Vic.)"}},{"type":"Polygon","arcs":[[647]],"properties":{"sa2_code_2021":"217011421","sa2_name_2021":"Hamilton (Vic.)"}},{"type":"Polygon","arcs":[[648]],"properties":{"sa2_code_2021":"217011422","sa2_name_2021":"Portland"}},{"type":"Polygon","arcs":[[649],[650]],"properties":{"sa2_code_2021":"217011423","sa2_name_2021":"Southern Grampians"}},{"type":"Polygon","arcs":[[651]],"properties":{"sa2_code_2021":"217031471","sa2_name_2021":"Camperdown"}},{"type":"Polygon","arcs":[[652]],"properties":{"sa2_code_2021":"217031472","sa2_name_2021":"Colac"}},{"type":"Polygon","arcs":[[653],[654]],"properties":{"sa2_code_2021":"217031473","sa2_name_2021":"Colac Surrounds"}},{"type":"Polygon","arcs":[[655]],"properties":{"sa2_code_2021":"217031474","sa2_name_2021":"Corangamite - North"}},{"type":"MultiPolygon","arcs":[[[656]],[[657]],[[658]],[[659]],[[660]],[[661]],[[662]],[[663]],[[664]],[[665]],[[666]],[[667]],[[668]],[[669]],[[670]],[[671]],[[672]],[[673]],[[674]],[[675]],[[676]]],"properties":{"sa2_code_2021":"217031475","sa2_name_2021":"Corangamite - South"}},{"type":"MultiPolygon","arcs":[[[677]],[[678]]],"properties":{"sa2_code_2021":"217031476","sa2_name_2021":"Otway"}},{"type":"Polygon","arcs":[[679]],"properties":{"sa2_code_2021":"217041477","sa2_name_2021":"Moyne - East"}},{"type":"MultiPolygon","arcs":[[[680]],[[681]]],"properties":{"sa2_code_2021":"217041478","sa2_name_2021":"Moyne - West"}},{"type":"Polygon","arcs":[[682]],"properties":{"sa2_code_2021":"217041479","sa2_name_2021":"Warrnambool - North"}},{"type":"Polygon","arcs":[[683]],"properties":{"sa2_code_2021":"217041480","sa2_name_2021":"Warrnambool - South"}}]}},"arcs":[[[64486,58542],[-10,-246],[78,-17],[-27,-267],[133,-196],[-29,-81],[-68,-91],[-8,-79],[34,-8],[-12,-112],[33,-87],[-23,-51],[15,-71],[46,-2],[7,70],[158,-44],[27,-98],[72,41],[145,-45],[9,34],[64,56],[42,-14],[187,71],[94,-25],[41,306],[65,32],[2,69],[16,5],[-9,69],[-42,10],[-25,-28],[4,33],[-48,83],[16,137],[-24,4],[28,239],[-22,77],[30,111],[41,361],[-90,102],[-97,26],[-5,109],[17,-5],[8,65],[-43,69],[-89,30],[14,35],[-13,49],[14,109],[-70,44],[-41,-87],[-35,9],[-48,-53],[-44,38],[0,70],[67,110],[-44,49],[21,80],[-29,21],[-73,-89],[-18,78],[39,22],[2,27],[-58,-2],[18,73],[-95,64],[-25,109],[-35,-62],[-47,23],[-22,-26],[-14,-52],[59,-24],[-27,-51],[-50,30],[-52,-15],[21,72],[-12,24],[-72,-21],[24,-54],[-34,-25],[-53,102],[-48,24],[-34,-19],[-12,64],[-21,-20],[-6,-58],[-21,4],[-36,44],[38,84],[-8,24],[-65,-3],[19,-85],[-59,14],[33,-57],[-23,-43],[-43,-12],[-29,34],[0,68],[14,91],[23,14],[24,168],[-39,-8],[-47,-105],[-57,50],[-52,-57],[-52,67],[9,105],[42,61],[-25,30],[-5,67],[-53,24],[-84,-102],[-7,-47],[17,-43],[-37,-70],[-67,-51],[-98,-1132],[18,-21],[-21,-13],[46,-375],[302,62],[378,-125],[77,28]],[[66998,56584],[-123,-99],[-57,3],[-124,-137],[-100,-9],[-45,-62],[-110,279],[-37,24],[-46,-52],[-49,-117],[-67,125],[-34,9],[-42,85],[-75,83],[-106,-106],[-47,-146],[-88,46],[-74,1],[-80,-155],[-93,-26],[-67,-116],[-61,-11],[-75,-85],[-10,-94],[-199,42],[-8,-74],[-169,42],[70,-93],[-7,-68],[-118,27],[-5,-38],[-86,6],[-51,-131],[-3,-60],[35,-12],[10,-31],[-52,-47],[86,-164],[-23,-24],[82,-175],[-33,-22],[56,-198],[-84,43],[-61,-26],[18,-71],[-57,-12],[-3,-56],[-66,0],[4,133],[-28,6],[-5,-37],[-42,8],[-5,-48],[26,-76],[34,17],[-12,-123],[135,-30],[18,48],[48,-26],[-20,-24],[70,13],[-23,-55],[12,-7],[-8,-82],[100,-168],[36,23],[-39,-105],[9,-55],[47,11],[-17,-130],[13,-12],[-18,-38],[49,-44],[-55,-90],[-83,-248],[30,-219],[-26,-143],[56,-147],[-1,-59],[-63,-441],[-52,-148],[40,-9],[-23,-222],[403,-65],[19,169],[181,-41],[-45,-144],[184,-42],[117,372],[58,-3],[54,88],[138,10],[-14,16],[15,109],[68,-17],[18,160],[118,-25],[19,179],[919,301],[229,-48],[66,22],[19,-20],[-29,-35],[-3,45],[-46,-63],[6,-36],[-19,-6],[28,-26],[-40,-23],[11,-41],[-20,4],[43,-75],[-26,-32],[23,-47],[-27,-68],[22,-19],[47,38],[24,-12],[-16,-30],[40,-1],[-11,-37],[17,7],[-1,-29],[-23,-26],[22,-3],[3,-34],[-30,-5],[18,-96],[-20,-10],[8,-108],[30,-21],[-13,-32],[45,-30],[-21,-69],[95,-80],[46,6],[-26,-46],[26,-32],[-35,4],[18,-65],[-10,-99],[170,78],[10,-39],[45,55],[409,-136],[-94,-138],[-51,-246],[57,-10],[-14,67],[21,39],[-1,64],[46,48],[19,-24],[26,42],[3,73],[82,-43],[-42,59],[-11,108],[32,89],[0,128],[88,-73],[153,18],[-3,51],[-42,45],[40,31],[-3,69],[60,18],[20,48],[-28,80],[19,23],[4,78],[54,70],[18,64],[-26,107],[37,66],[-22,83],[58,54],[-6,82],[-34,72],[40,59],[-10,48],[47,5],[-7,122],[-39,124],[12,54],[52,66],[-15,41],[15,78],[-16,45],[10,81],[121,-41],[-13,66],[84,72],[15,73],[110,152],[25,70],[-34,176],[-93,122],[-36,200],[-46,42],[-1,102],[-44,145],[-65,14],[16,136],[-159,173],[-8,65],[-120,276],[-8,105],[-237,66],[-1,70],[-84,140],[104,57],[43,110],[-20,10],[25,323],[-66,32],[-13,-49],[-14,60],[-35,-2],[-36,42],[-8,-40],[-72,-9],[-20,-40],[-37,-4],[-57,82],[-110,91],[-134,392],[-412,91],[-47,-392],[-81,18],[-12,-99],[-31,32],[-4,-38],[-202,46],[-8,-71],[-51,12],[33,-98],[-18,-37],[10,-23],[-19,6],[6,-41],[-28,-8],[25,-22],[-28,-13],[38,-51],[-26,-35],[11,-34],[38,-5]],[[65827,58339],[-179,-114],[-26,-87],[-33,8],[-116,-150],[-16,-137],[48,-83],[-4,-33],[25,28],[42,-10],[9,-69],[-16,-5],[-2,-69],[-65,-32],[-41,-306],[-94,25],[-187,-71],[-42,14],[-64,-56],[-9,-34],[-145,45],[-72,-41],[-27,98],[-158,44],[-7,-70],[-52,-11],[1,-82],[36,-44],[17,-74],[39,-24],[26,-103],[73,-77],[103,-27],[-85,-331],[104,-3],[85,-165],[8,-129],[-23,-72],[32,-58],[169,-42],[8,74],[199,-42],[10,94],[75,85],[61,11],[67,116],[93,26],[80,155],[74,-1],[88,-46],[47,146],[106,106],[75,-83],[42,-85],[34,-9],[67,-125],[49,117],[46,52],[37,-24],[110,-279],[45,62],[100,9],[124,137],[57,-3],[123,99],[-38,5],[-11,34],[26,35],[-38,51],[28,13],[-25,22],[28,8],[-6,41],[19,-6],[-10,23],[18,37],[-33,98],[51,-12],[8,71],[202,-46],[4,38],[31,-32],[12,99],[81,-18],[47,392],[412,-91],[-60,187],[-118,225],[-81,95],[-166,553],[-22,213],[16,166],[-29,13],[-8,74],[-100,204],[-41,15],[-18,-131],[-44,23],[19,93],[-23,97],[36,98],[-50,37],[-60,-23],[21,69],[-10,35],[-43,-4],[-47,-65],[-98,22],[-69,-150],[-33,-19],[-44,78],[-9,110],[-43,59],[-66,-30],[-26,60],[-28,-34],[-61,80],[32,-123],[-46,-82],[40,-60],[-87,-31],[14,-121],[-40,-64],[44,-152],[-97,-97],[-108,87],[-66,114],[-6,58],[27,69],[-34,35],[-59,-71],[33,-48],[6,-79],[-26,-27],[-51,17],[-34,-90],[-80,25],[-24,52],[7,36],[-53,31],[-41,-127],[50,-28],[117,-169],[10,-63],[-70,-243],[-130,-6]],[[65525,58773],[-40,-346],[-30,-111],[22,-77],[-28,-239],[33,2],[107,144],[33,-8],[26,87],[87,37],[44,64],[180,21],[66,279],[-125,194],[-50,28],[41,127],[53,-31],[66,15],[-39,125],[-59,29],[30,122],[-35,92],[44,16],[0,22],[-64,37],[-23,-47],[-100,-51],[-105,11],[-42,89],[-43,179],[-87,15],[-11,-26],[22,-52],[-16,-25],[-46,15],[8,71],[-42,-38],[-6,-44],[35,-25],[13,-44],[-23,-48],[-33,-19],[-52,23],[-31,-53],[-63,44],[-14,-109],[13,-49],[-14,-35],[89,-30],[43,-69],[-8,-65],[-17,5],[5,-109],[97,-26],[89,-117]],[[52480,14271],[-76,-715],[33,-6],[-4,-134],[-134,18],[-7,-71],[27,-4],[-26,-264],[-21,8],[39,-161],[32,-51],[86,-50],[16,-51],[-73,13],[-24,-448],[222,-8],[-45,-527],[220,-40],[-15,-86],[16,-14],[194,-35],[-36,-361],[463,-54],[81,589],[79,252],[134,-24],[4,43],[131,-22],[11,126],[55,-10],[18,188],[92,-17],[21,209],[101,-18],[49,539],[362,-58],[14,86],[76,-18],[97,932],[40,33],[43,-23],[60,237],[-19,17],[127,85],[-87,20],[35,280],[121,-46],[2,-56],[42,357],[-151,32],[17,171],[38,-3],[24,185],[78,-17],[14,132],[116,-21],[57,581],[-186,38],[-25,82],[-23,0],[-28,50],[10,114],[-53,10],[-2,57],[-4,-44],[-185,4],[-4,-29],[57,-32],[9,-68],[-13,-44],[-197,39],[9,99],[-81,12],[-15,-141],[-149,30],[-5,-50],[-19,0],[-185,38],[20,232],[29,-5],[7,81],[-127,24],[12,140],[-71,19],[29,291],[-193,42],[-15,48],[-40,24],[19,41],[-21,52],[-81,49],[-39,-11],[-11,96],[-307,61],[-11,-98],[-136,27],[-49,39],[-25,68],[16,19],[-9,28],[-203,37],[-26,-262],[40,-6],[-43,-395],[-366,71],[-11,-105],[-101,19],[15,136],[-105,16],[-14,-142],[-467,92],[5,45],[-88,-77],[-62,8],[-68,-58],[-47,21],[-25,47],[-59,-573],[24,10],[-40,-342],[141,-47],[-68,-580],[242,-44],[-54,-97],[139,-324],[86,68],[-28,-260],[-41,-79],[-26,-233],[493,-99],[-4,-41],[32,-7],[52,49]],[[55056,14931],[-42,-357],[-2,56],[-121,46],[-35,-280],[87,-20],[-127,-85],[19,-17],[-60,-237],[-43,23],[-40,-33],[-97,-932],[-76,18],[-14,-86],[-362,58],[-49,-539],[-101,18],[-21,-209],[-92,17],[-18,-188],[-55,10],[-11,-126],[-131,22],[-4,-43],[-134,24],[-79,-252],[-34,-299],[701,-117],[-118,-180],[112,-37],[1,-34],[48,-1],[35,-46],[0,-57],[42,-1],[-19,-162],[304,-64],[-6,-52],[89,-18],[-5,-50],[-80,-98],[-23,-82],[-265,54],[-183,-242],[-10,-100],[42,-19],[211,47],[77,60],[9,40],[55,26],[142,-46],[88,45],[82,-77],[179,-36],[27,225],[-38,8],[56,476],[357,-65],[17,148],[196,-43],[13,161],[61,-10],[24,308],[40,7],[11,-44],[-16,-32],[34,8],[50,428],[72,-15],[19,180],[247,-53],[73,520],[99,-22],[27,218],[202,-37],[6,52],[129,-29],[-13,-120],[206,182],[48,-101],[68,60],[37,299],[124,-28],[16,138],[84,-18],[-12,-99],[47,-10],[-4,-39],[81,-53],[120,-27],[-26,-257],[-96,-72],[-29,-208],[109,-23],[7,57],[85,-19],[14,107],[96,-22],[7,55],[109,-25],[-13,-108],[134,-28],[-26,-210],[376,-97],[-5,45],[80,-18],[118,140],[-7,37],[36,34],[21,95],[53,16],[81,118],[12,-53],[46,-64],[93,-59],[68,-4],[43,56],[21,-18],[55,25],[57,-53],[107,46],[-19,62],[32,61],[-17,13],[3,131],[64,33],[19,43],[-10,49],[29,19],[10,62],[-11,65],[-71,32],[-28,96],[3,93],[37,81],[-5,59],[38,125],[-40,61],[25,6],[0,34],[-41,30],[-19,147],[-37,-8],[-4,80],[-63,46],[-15,59],[-92,-39],[66,-15],[-29,-202],[-360,77],[-24,-146],[-77,-15],[-17,71],[-15,-18],[-87,39],[-40,96],[2,51],[29,48],[-28,36],[-66,14],[-90,-37],[-85,128],[-1,35],[3,39],[47,-10],[16,145],[295,-96],[20,162],[46,-6],[24,214],[-45,10],[64,552],[15,6],[-16,77],[71,28],[-46,69],[-186,23],[-101,88],[136,80],[98,-25],[31,94],[107,49],[41,107],[64,15],[4,39],[51,-67],[148,-35],[60,541],[240,35],[50,420],[-125,12],[-119,-85],[-61,54],[-88,-105],[-325,71],[-33,-123],[-41,-44],[-23,-103],[-129,28],[-19,-21],[-144,82],[-23,-213],[-101,23],[-39,-327],[-299,64],[-20,-168],[-138,28],[-283,-236],[-177,411],[-83,-66],[-20,42],[-43,20],[0,88],[-61,60],[-107,-44],[8,31],[-66,36],[18,-37],[-102,-81],[23,-55],[-88,-70],[-57,134],[46,216],[-37,26],[-232,-165],[-85,8],[-27,35],[-141,-62],[-49,57],[-228,40],[14,132],[147,-24],[5,128],[82,-14],[26,100],[-43,72],[-54,-54],[-40,8],[16,14],[-24,71],[7,36],[-13,-8],[17,193],[-170,31],[-30,-288],[-51,0],[-17,-43],[-10,59],[-188,33],[-13,-141],[-116,-11],[-8,-74],[-19,3],[-27,-283],[17,-5],[-57,-581],[-116,21],[-14,-132],[-78,17],[-24,-185],[-38,3],[-17,-171],[151,-32]],[[46947,13570],[-219,-166],[-65,-25],[-31,19],[-3,-51],[-101,-144],[-3,-77],[-43,-87],[3,-92],[-43,-69],[7,-119],[-40,-124],[-141,-69],[-58,56],[-23,-77],[-47,-28],[0,-51],[-54,-93],[39,-20],[96,56],[20,-32],[5,3],[14,34],[4,2],[-6,-31],[19,23],[-6,-33],[102,66],[37,-29],[43,39],[8,71],[42,24],[109,-19],[24,-64],[33,13],[-14,46],[35,22],[21,-11],[21,-81],[106,27],[34,-55],[56,22],[27,-20],[4,-56],[67,39],[29,-14],[52,-70],[11,-81],[83,14],[50,-107],[17,82],[50,36],[33,58],[-16,17],[19,19],[-8,18],[31,25],[-6,20],[17,-12],[-6,69],[25,12],[2,50],[51,52],[66,-17],[13,54],[82,22],[97,-84],[41,5],[46,58],[36,-74],[119,-20],[127,-75],[219,-204],[211,-306],[96,-180],[28,-123],[-51,-53],[24,-26],[8,-49],[63,-17],[12,-77],[105,25],[-29,115],[38,39],[-8,32],[36,56],[-10,40],[-84,26],[-24,70],[-108,118],[-34,102],[31,188],[28,65],[40,51],[133,44],[21,29],[-9,55],[-30,12],[29,0],[-39,14],[-19,54],[-60,-12],[-25,41],[-1,-44],[-28,-21],[-36,26],[-43,-16],[-82,97],[-111,-46],[-29,-43],[-31,19],[-15,-28],[-201,53],[-16,46],[8,96],[30,61],[58,-9],[22,59],[-34,78],[17,87],[-23,7],[-44,-73],[-71,6],[-24,39],[-3,117],[70,86],[56,176],[89,24],[3,98],[-156,67],[-46,-20],[-22,28],[-33,-60],[-71,-29],[63,44],[3,38],[-21,23],[-44,-25],[2,-32],[-25,-30],[-62,1],[19,40],[42,11],[4,64],[88,4],[81,43],[91,-35],[-44,45],[-93,25],[-221,-15],[-332,65],[-4,34],[-2,-24],[-119,-54],[-161,19],[-156,-40],[-74,-107]],[[48612,11541],[4,-1],[-4,3],[0,-2]],[[46012,12374],[15,-24],[14,20],[-29,4]],[[48650,11505],[2,4],[-2,3],[0,-7]],[[48690,11460],[1,-2],[1,1],[-2,1]],[[46058,12370],[7,-4],[7,10],[-14,-6]],[[48545,12849],[-18,-5],[-36,-105],[30,-46],[49,-8],[40,-58],[6,-41],[20,-25],[-4,89],[-26,9],[-13,84],[-55,70],[7,36]],[[48004,13596],[68,-8],[14,9],[-33,21],[-49,-22]],[[58616,5867],[-51,-45],[3,-71],[-51,1],[-74,73],[-260,-76],[-223,291],[-137,78],[10,49],[-53,-7],[24,-55],[145,-133],[75,-252],[-52,-154],[7,-30],[351,-584],[155,-307],[144,-383],[89,-314],[162,-352],[-24,-77],[38,-83],[-34,-96],[13,-41],[-17,-55],[-70,16],[-44,-42],[-42,5],[-4,-24],[-48,-8],[4,-40],[93,42],[60,-94],[27,66],[102,-21],[81,-199],[113,-124],[-23,-12],[30,-40],[-7,-65],[-61,-27],[-27,-84],[56,-45],[30,92],[52,-40],[32,31],[42,-10],[46,-91],[-3,-74],[-33,-86],[9,-56],[41,23],[41,101],[16,-3],[-2,29],[37,53],[71,26],[16,-12],[16,12],[28,-6],[-73,-20],[-26,7],[-62,-64],[85,-85],[52,-95],[-105,-215],[45,-26],[93,75],[53,-71],[8,-99],[22,-27],[119,-15],[6,12],[9,-8],[12,24],[12,-9],[13,20],[-9,-23],[-17,8],[-9,-24],[-68,-6],[6,-204],[-14,-3],[-18,-101],[-20,11],[-42,-52],[-119,43],[-32,-22],[-7,-48],[18,-36],[-11,-107],[36,-118],[80,-93],[27,-55],[4,-93],[57,-77],[28,1],[23,-65],[-6,-141],[22,-83],[72,2],[122,-135],[43,4],[10,-38],[71,4],[-8,-56],[61,65],[20,72],[34,1],[41,86],[-5,-86],[31,-40],[-10,-44],[63,-10],[38,49],[91,18],[104,105],[55,-6],[12,-78],[44,-10],[5,69],[-51,80],[25,152],[41,23],[44,-23],[-53,65],[-1,61],[55,-20],[33,31],[29,271],[46,76],[-33,48],[-9,-49],[-21,-3],[-118,124],[7,155],[55,188],[147,35],[32,128],[92,62],[92,-140],[113,-74],[23,42],[44,-74],[13,95],[27,24],[-15,60],[-19,1],[-13,94],[-52,-44],[36,216],[-30,-3],[-22,-47],[-25,42],[-5,63],[-26,28],[-41,-55],[-43,104],[28,44],[25,-30],[62,9],[3,28],[-78,103],[68,49],[35,-48],[34,22],[-11,40],[-22,-29],[-47,77],[-51,18],[-35,51],[-99,-6],[-82,44],[-24,-86],[-64,21],[-48,83],[-12,111],[6,47],[108,24],[41,69],[5,110],[-112,329],[165,640],[124,328],[133,282],[34,-15],[34,80],[46,26],[24,-25],[30,46],[-39,36],[18,40],[-15,54],[15,183],[-23,38],[-35,-13],[-17,30],[12,114],[31,45],[-27,29],[-32,-20],[-62,28],[-10,67],[-36,13],[-18,117],[13,204],[63,341],[14,7],[-50,115],[-9,91],[31,169],[-5,116],[66,343],[-12,176],[-26,30],[-18,-15],[10,-18],[-14,10],[-71,172],[-75,-28],[-22,26],[-103,2],[-53,58],[-36,-43],[-36,21],[-18,-37],[23,-90],[-10,-86],[-17,-13],[14,-40],[-16,-60],[-90,-48],[-6,-73],[-69,-31],[27,-95],[-30,-45],[-12,-141],[27,-23],[-8,-274],[-31,-234],[-38,-121],[-25,-23],[-42,60],[-141,-38],[-33,32],[-124,-178],[-147,-6],[-72,-118],[-107,-40],[-59,-76],[-7,-66],[-118,-96],[-3,-96],[-40,-37],[8,-31],[-25,-110],[-48,-124],[-53,-57],[-214,-49],[-114,45],[-53,189],[2,130],[12,73],[54,115],[-68,154],[-10,77],[-171,113],[-230,22],[-49,72]],[[59139,27],[23,-23],[13,49],[-23,7],[-13,-33]],[[59209,91],[1,-18],[3,15],[-4,3]],[[63432,3942],[19,-5],[30,29],[-39,24],[-10,-48]],[[63712,4006],[24,10],[-3,31],[-35,5],[14,-46]],[[63364,4277],[49,-106],[9,47],[-58,59]],[[63263,4552],[-61,28],[17,-94],[52,17],[-8,49]],[[59239,101],[11,1],[-7,14],[-4,-15]],[[59842,393],[37,-39],[97,33],[-89,33],[-45,-27]],[[58364,3688],[16,-76],[105,82],[-37,36],[-73,-13],[-11,-29]],[[61592,4762],[-17,81],[-74,-97],[26,-26],[43,20],[22,22]],[[59292,129],[72,-119],[25,40],[-72,128],[-25,-49]],[[59268,155],[12,-12],[1,2],[-13,10]],[[58455,1399],[35,-134],[-5,-39],[31,-42],[53,174],[-64,54],[-19,48],[-31,-32],[-39,97],[-14,146],[-47,26],[-12,-28],[40,-147],[2,-93],[70,-30]],[[58543,2705],[5,-23],[-35,-39],[68,-44],[-3,-50],[-44,-25],[41,-20],[47,100],[-26,31],[-23,112],[-30,-42]],[[58524,964],[44,24],[-32,44],[-21,92],[-12,-76],[21,-84]],[[58534,916],[-47,-79],[34,-37],[24,68],[-11,48]],[[59410,333],[94,-102],[39,78],[-1,74],[-109,18],[-81,71],[58,-139]],[[58552,859],[26,-57],[16,13],[-16,57],[-26,-13]],[[59971,6127],[7,-44],[24,8],[3,51],[-34,-15]],[[60265,6800],[-17,8],[-2,-14],[19,6]],[[49488,14425],[98,-268],[23,-210],[-62,-146],[17,-188],[-16,-127],[-56,-144],[-61,-60],[107,-63],[57,-111],[9,-25],[-26,-85],[39,-146],[-25,-17],[-5,-40],[-31,3],[14,-31],[-38,-175],[-79,-113],[-237,-65],[-101,-63],[-276,-20],[-13,-12],[8,-54],[69,-57],[18,-173],[49,-39],[34,40],[57,7],[224,-41],[48,16],[13,-31],[151,38],[14,-56],[51,23],[35,-22],[3,-29],[19,25],[54,-39],[7,-47],[59,1],[52,-88],[32,5],[24,-32],[25,31],[15,-36],[25,14],[49,-47],[33,30],[55,-17],[66,-47],[7,-50],[41,4],[206,-330],[96,-210],[295,-524],[88,-219],[168,-559],[61,-74],[63,0],[75,-60],[113,-193],[80,-43],[119,-159],[123,93],[38,-18],[69,38],[64,-32],[17,36],[43,5],[38,-50],[24,18],[8,-30],[78,-50],[8,31],[44,-6],[35,40],[-7,59],[87,30],[56,-25],[-15,57],[39,34],[8,39],[61,41],[77,201],[124,79],[110,10],[60,42],[357,43],[783,-81],[15,56],[-17,34],[15,24],[-35,55],[6,30],[35,14],[-37,8],[-4,170],[-69,-14],[-4,29],[33,303],[165,-33],[73,653],[-35,13],[118,180],[-701,117],[-47,-290],[-463,54],[36,361],[-194,35],[-16,14],[15,86],[-220,40],[45,527],[-222,8],[24,448],[73,-13],[-16,51],[-86,50],[-32,51],[-39,161],[21,-8],[26,264],[-27,4],[7,71],[134,-18],[4,134],[-33,6],[76,715],[-52,-49],[-32,7],[4,41],[-493,99],[26,233],[41,79],[28,260],[-86,-68],[-139,324],[54,97],[-242,44],[68,580],[-275,92],[-98,180],[-29,157],[-187,181],[-79,138],[-138,93],[-44,-349],[-234,53],[-57,-212],[12,-51],[-5,-354],[106,82],[181,-60],[99,-180],[17,-115],[-40,-366],[-74,-291],[-82,-216],[-179,-308],[-156,-54],[-115,12],[-69,35],[-43,110],[-32,28],[-242,-31],[-66,-76],[-142,91],[-138,-49],[-47,44],[-85,23],[72,-100]],[[59259,16495],[-50,-420],[-240,-35],[-60,-541],[-148,35],[-51,67],[-4,-39],[-64,-15],[-41,-107],[-107,-49],[-31,-94],[-98,25],[-136,-80],[101,-88],[186,-23],[46,-69],[-71,-28],[16,-77],[-15,-6],[-64,-552],[45,-10],[-24,-214],[-46,6],[-20,-162],[-295,96],[-16,-145],[-47,10],[-2,-74],[85,-128],[90,37],[66,-14],[28,-36],[-29,-48],[-2,-51],[40,-96],[87,-39],[15,18],[17,-71],[77,15],[24,146],[360,-77],[29,202],[-66,15],[92,39],[15,-59],[63,-46],[4,-80],[37,8],[19,-147],[41,-30],[0,-34],[-25,-6],[40,-61],[-38,-125],[5,-59],[-37,-81],[-3,-93],[28,-96],[71,-32],[11,-65],[-10,-62],[-29,-19],[10,-49],[-19,-43],[-64,-33],[-3,-131],[17,-13],[-32,-58],[21,-79],[-12,-51],[40,-9],[35,-74],[21,47],[49,-22],[76,107],[99,28],[5,-23],[48,1],[54,-132],[89,-95],[103,-31],[45,-43],[186,21],[79,38],[-9,16],[40,21],[-14,36],[54,23],[3,28],[-54,46],[-27,77],[15,92],[-22,44],[54,41],[16,72],[59,-3],[22,63],[38,9],[-41,125],[74,24],[29,38],[41,-12],[22,48],[43,18],[50,121],[36,13],[15,-47],[44,3],[130,84],[25,53],[-18,42],[34,60],[-32,42],[162,114],[61,8],[37,53],[94,-43],[7,101],[21,21],[150,0],[36,55],[76,8],[29,66],[-52,48],[44,17],[-40,97],[59,36],[31,57],[31,-35],[-29,-62],[24,-53],[36,32],[35,-12],[21,78],[99,-8],[150,90],[56,-16],[7,70],[-21,55],[70,44],[162,-31],[203,41],[37,86],[-62,47],[36,36],[8,83],[-14,69],[147,-33],[80,776],[62,378],[-14,2],[42,77],[-13,123],[57,44],[20,112],[25,33],[-15,70],[12,127],[-34,51],[10,15],[-36,101],[12,96],[34,15],[87,169],[63,18],[51,83],[-8,18],[41,37],[9,83],[-32,25],[55,97],[-12,34],[30,122],[36,33],[-18,69],[16,19],[-4,40],[35,33],[17,85],[-15,26],[79,152],[34,15],[-2,31],[42,-7],[23,67],[30,19],[7,56],[57,11],[-3,64],[-108,28],[-6,-49],[-285,70],[-6,-52],[-264,166],[-121,160],[-285,198],[-21,-246],[-53,9],[6,76],[-104,13],[13,-19],[-37,-60],[19,-11],[-51,-34],[9,-26],[-15,-19],[17,-14],[-22,-31],[5,-37],[-25,12],[22,-29],[-18,-13],[20,-8],[-21,-51],[51,-42],[-14,-50],[23,-11],[-5,-27],[23,-35],[-17,-66],[9,-46],[-152,20],[-80,59],[-211,48],[73,125],[-502,103],[16,133],[-77,-79],[-37,-99],[-133,-173],[-109,-49],[-100,20],[25,-101],[-62,-194],[10,-84],[-18,-3],[-796,419],[31,111],[-422,91],[-29,-42],[0,-89],[-244,46],[-22,-66],[-90,-127],[-5,-54],[-40,-78],[-68,-42],[-115,-182],[45,-151],[-29,-80],[90,-21],[-45,-379],[209,-47],[-71,-117],[61,-54],[119,85],[125,-12]],[[58356,19014],[41,-257],[-23,-13],[-3,-231],[43,-39],[-48,-81],[-9,-58],[-52,-54],[-46,-337],[204,-49],[4,37],[160,-40],[11,92],[108,-24],[-4,-38],[118,-27],[-6,30],[58,64],[6,53],[204,-45],[-56,-68],[-3,-41],[32,-68],[244,-46],[0,89],[29,42],[422,-91],[-31,-111],[147,-75],[-10,44],[17,-4],[-6,36],[20,12],[-21,-4],[11,24],[-18,22],[16,27],[4,-31],[23,20],[-32,73],[-14,-10],[19,40],[-14,33],[11,85],[31,46],[-12,10],[11,48],[-20,3],[27,42],[3,62],[42,28],[-12,20],[31,-7],[-56,164],[13,20],[-23,-13],[-3,31],[20,5],[-8,32],[26,4],[-4,24],[28,4],[23,208],[14,-2],[7,48],[13,-12],[2,71],[-29,10],[-5,35],[75,24],[-18,103],[69,110],[-195,-2],[-62,-86],[-79,73],[-202,-113],[-21,20],[45,40],[30,79],[-45,29],[-6,32],[23,45],[-16,47],[-56,-64],[-71,-4],[-104,110],[-32,-6],[-20,63],[-49,-26],[-2,57],[-86,10],[-29,51],[-45,-29],[-12,38],[-28,-42],[-29,34],[-24,-9],[8,-39],[-19,-7],[-51,75],[-60,17],[-22,-49],[-67,-19],[-23,31],[-38,-15],[-13,42],[-44,24],[-22,-66],[34,-113],[-122,-67],[-130,-115],[-117,-145]],[[44053,27045],[61,-47],[-6,-145],[-30,-39],[36,-18],[-23,-50],[8,-70],[19,45],[118,-25],[5,127],[-15,3],[23,266],[36,38],[-298,61],[38,-49],[50,7],[-22,-104]],[[44008,27453],[64,-130],[-68,-28],[8,-36],[-25,-68],[208,-42],[37,333],[-225,46],[1,-75]],[[44251,27096],[-12,-130],[116,-25],[-5,-52],[140,-27],[18,182],[30,-6],[4,40],[-257,52],[-34,-34]],[[44241,26823],[-5,-127],[234,-49],[20,215],[-140,27],[5,52],[-116,25],[-13,-140],[15,-3]],[[44385,27526],[-13,-413],[205,-42],[-10,64],[28,36],[-18,112],[20,16],[-33,53],[43,131],[-222,43]],[[44236,27550],[-41,-401],[177,-36],[20,276],[-7,137],[-149,24]],[[44994,26880],[-38,-321],[240,95],[-17,0],[17,74],[-21,47],[30,1],[1,37],[-51,0],[-12,78],[-157,29],[8,-40]],[[44589,27162],[-22,-31],[10,-60],[87,-17],[-7,-63],[486,-100],[-37,59],[23,64],[-9,47],[35,20],[-10,20],[-561,106],[5,-45]],[[44795,26956],[-47,-414],[33,-16],[41,49],[22,-27],[112,11],[38,321],[-8,40],[-191,36]],[[44591,26964],[46,-65],[-13,-97],[46,-76],[38,-142],[40,-42],[48,425],[-139,24],[7,63],[-87,17],[33,-82],[-19,-25]],[[43681,26818],[-33,-34],[-5,-43],[19,-115],[70,-82],[-14,-98],[40,44],[21,94],[59,61],[45,-82],[49,-2],[6,65],[108,-11],[-25,75],[78,-14],[-7,77],[-14,7],[-397,58]],[[43932,26561],[-49,2],[41,-74],[187,-30],[24,27],[-36,190],[-78,14],[25,-75],[-108,11],[-6,-65]],[[43727,26925],[-22,-10],[8,-69],[-15,-21],[394,-72],[22,40],[-36,21],[30,39],[6,148],[-47,7],[-23,35],[-176,35],[-3,-81],[-135,23],[13,-34],[-18,-14],[2,-47]],[[43609,27510],[-44,-528],[53,-74],[109,17],[-2,47],[18,14],[-13,34],[29,-13],[46,302],[-68,186],[-128,15]],[[43805,27309],[-46,-302],[106,-10],[3,81],[195,-47],[12,118],[-50,-7],[-41,42],[28,75],[-8,36],[48,5],[7,27],[-280,53],[26,-71]],[[44499,26094],[28,287],[-128,6],[-2,-149],[-71,14],[-2,-35],[24,-92],[151,-31]],[[44190,26013],[-114,51],[-39,-238],[172,-68],[10,37],[90,6],[-51,191],[-40,43],[-28,-22]],[[44479,26097],[39,-146],[-82,-41],[11,-42],[52,-4],[77,-121],[87,-69],[38,385],[-222,38]],[[43942,26456],[-104,189],[-59,-61],[-21,-94],[-40,-44],[4,-27],[109,-79],[111,116]],[[43942,26456],[-111,-116],[40,-59],[215,-79],[-3,140],[24,118],[-183,29],[18,-33]],[[44099,26676],[42,-205],[183,-254],[2,35],[71,-14],[8,134],[-66,70],[17,229],[-238,50],[-19,-45]],[[44515,25577],[67,-300],[40,-9],[40,387],[-33,44],[-13,-115],[-127,29],[26,-36]],[[43772,26128],[-24,-142],[13,-145],[-12,-36],[17,-9],[141,64],[134,-16],[35,220],[91,-60],[31,18],[-90,165],[-132,70],[-105,24],[-19,-39],[-35,10],[-45,-124]],[[44433,26037],[-55,-28],[30,-113],[110,55],[-40,150],[-60,11],[15,-75]],[[44309,26133],[5,-113],[27,13],[10,-38],[82,42],[-15,75],[-109,21]],[[44258,25992],[51,-191],[136,74],[-9,35],[-28,-14],[-30,113],[-27,-14],[-10,38],[-83,-41]],[[44097,26438],[-11,-236],[74,-97],[7,55],[181,-35],[-24,92],[-189,269],[-38,-48]],[[44588,25729],[-89,135],[-52,4],[42,-255],[127,-29],[13,115],[33,-44],[-15,45],[-59,29]],[[44445,25875],[-154,-83],[-72,3],[1,-36],[-61,19],[-12,-30],[175,-50],[77,113],[53,35],[-7,29]],[[44452,25846],[-58,-41],[-72,-107],[53,5],[43,-64],[61,30],[-27,177]],[[44160,26105],[38,-83],[20,13],[28,-49],[68,34],[-5,113],[-142,27],[-7,-55]],[[44476,25568],[-132,-136],[-25,96],[-49,-25],[-7,-28],[-59,-20],[-43,-99],[255,-220],[29,60],[67,43],[18,-33],[34,22],[-7,39],[25,10],[-63,291],[-37,54],[-6,-54]],[[44545,24723],[-17,-5],[-1,-57],[103,-172],[63,-14],[18,164],[53,-11],[-92,253],[-158,-107],[12,-48],[19,-3]],[[44194,25656],[-342,-123],[5,-49],[-31,-29],[8,-25],[59,50],[93,-7],[-18,-95],[21,71],[39,-19],[-8,-98],[45,100],[96,-76],[79,232],[-46,68]],[[44914,25084],[-192,44],[-50,-247],[89,-247],[36,329],[102,-22],[15,143]],[[43863,25848],[-114,-43],[-90,-165],[8,-181],[101,-169],[-47,195],[38,1],[-2,-45],[71,-160],[52,49],[-54,125],[31,29],[-5,49],[342,123],[44,-66],[84,108],[-175,50],[11,33],[-121,45],[-1,21],[-173,1]],[[44322,25698],[-84,-108],[-34,-135],[115,73],[25,-96],[120,115],[20,76],[-5,46],[-61,-30],[-49,66],[-47,-7]],[[44600,25058],[-11,-108],[-15,-136],[112,75],[36,239],[-118,46],[-25,-47],[21,-69]],[[44468,25073],[9,-48],[-16,-26],[66,-112],[-28,-40],[15,-73],[60,40],[29,270],[-24,43],[28,29],[15,112],[-65,-1],[7,-39],[-32,-22],[-20,33],[-67,-43],[-29,-60],[52,-63]],[[44934,25295],[-20,-211],[190,-118],[26,284],[-196,45]],[[44934,25295],[-303,69],[-19,-192],[302,-88],[20,211]],[[44868,25637],[-36,-319],[298,-68],[29,275],[-51,-6],[-70,103],[-100,35],[-33,-58],[-37,38]],[[44663,25675],[-16,-168],[202,-44],[19,174],[-27,2],[-3,-58],[-81,4],[-58,23],[-36,67]],[[44647,25507],[-16,-143],[201,-46],[17,145],[-202,44]],[[44726,26323],[-25,-264],[267,-47],[1,32],[-68,2],[-15,58],[-90,15],[3,45],[49,-21],[34,32],[-92,117],[26,12],[-5,28],[-85,-9]],[[44356,26671],[-17,-229],[23,-33],[53,-31],[112,3],[27,248],[-198,42]],[[44632,26359],[-29,-285],[98,-15],[25,265],[-94,35]],[[44527,26381],[-28,-287],[104,-20],[29,285],[-105,22]],[[44566,26758],[-37,-380],[103,-19],[6,65],[111,74],[-1,44],[-40,42],[-1,44],[-56,113],[-85,17]],[[44956,26559],[-112,-11],[-22,27],[-41,-49],[-33,16],[1,-44],[-111,-74],[-6,-65],[139,-43],[63,13],[17,-46],[49,34],[-30,-51],[2,-35],[74,28],[25,-62],[42,-21],[18,17],[-29,52],[26,32],[-78,98],[4,24],[60,-4],[-71,128],[167,-23],[41,-59],[94,3],[10,71],[20,-17],[24,54],[-54,-22],[-39,64],[19,52],[-29,8],[-240,-95]],[[44686,25908],[-23,-233],[36,-67],[54,-22],[87,-4],[8,63],[57,-46],[35,59],[90,-31],[39,-47],[43,64],[-58,61],[-15,51],[-55,-1],[-18,103],[-280,50]],[[44701,26059],[-15,-151],[280,-50],[2,154],[-267,47]],[[30456,30922],[1205,-242],[34,282],[-61,46],[12,111],[-55,21],[31,101],[-127,28],[22,120],[-646,511],[-34,-323],[-392,242],[-17,-153],[-9,34],[-122,26],[-89,-681],[11,-166],[78,35],[159,8]],[[31695,30962],[-30,-247],[362,-59],[23,-47],[63,70],[39,92],[61,-22],[32,51],[-9,64],[-102,40],[-88,245],[-5,71],[-257,53],[-112,7],[-38,-25],[-33,-46],[-10,-69],[55,-21],[-12,-111],[61,-46]],[[31953,29845],[-43,-151],[-36,-41],[-6,27],[-49,-148],[17,-4],[-15,-127],[43,-82],[-22,-56],[68,-168],[-37,5],[-18,-61],[27,-83],[-15,-103],[26,-9],[38,-127],[53,44],[20,-46],[26,-1],[-8,-45],[32,-18],[-22,-43],[46,-14],[-35,-34],[33,-20],[37,-6],[24,244],[48,-42],[333,-67],[8,36],[166,-64],[30,341],[26,-37],[146,38],[98,149],[-25,7],[6,63],[51,-11],[11,107],[121,11],[4,41],[-54,-4],[5,114],[-148,7],[-25,39],[-152,30],[12,120],[-22,5],[4,38],[-80,14],[1,-22],[-118,98],[-14,65],[-83,17],[-57,-26],[-57,29],[14,-80],[-169,-75],[-42,75],[-31,-19],[-5,92],[-30,-11],[-102,79],[-54,-90]],[[30878,30356],[129,-141],[214,-77],[218,-127],[151,-144],[124,-26],[21,190],[34,35],[14,132],[-27,-1],[53,488],[-144,30],[-4,-35],[-61,10],[-1144,232],[29,-79],[1,-96],[124,-117],[80,-126],[188,-148]],[[30741,29658],[-21,-4],[-2,-69],[-18,-29],[-33,25],[-17,-46],[-53,12],[-9,-85],[41,-43],[-9,-88],[-46,-26],[38,-61],[-25,-90],[33,-174],[-7,-72],[33,-8],[-8,-86],[111,-40],[-21,-202],[29,-5],[3,33],[76,-15],[8,79],[68,9],[13,137],[74,-10],[-28,-281],[128,-22],[19,188],[181,-35],[33,327],[138,-29],[14,109],[47,-29],[-9,-84],[72,2],[17,29],[61,-35],[43,46],[38,-37],[16,138],[95,-18],[12,35],[34,-9],[-68,168],[21,61],[-42,77],[15,127],[-17,4],[49,148],[-29,67],[-218,132],[-31,-12],[-151,144],[-169,102],[-263,102],[-129,141],[-188,148],[-80,126],[-124,117],[-1,96],[-29,79],[-159,-8],[-78,-35],[-263,-238],[-77,-721],[79,-15],[4,44],[152,-28],[-2,-24],[51,-10],[-14,-127],[46,-9],[16,31],[97,-41],[71,18],[23,31],[-14,3],[4,39],[337,-83],[12,-91]],[[30871,31900],[646,-511],[-22,-120],[127,-28],[46,39],[116,-7],[257,-53],[-8,138],[52,923],[-12,99],[-216,45],[32,293],[-200,42],[17,147],[-116,-126],[-613,131],[50,-181],[66,-76],[-78,-64],[-65,54],[-79,-745]],[[32339,30990],[-155,-37],[-23,-74],[75,-15],[11,-130],[26,-6],[19,-60],[366,-108],[-35,-393],[120,-24],[15,142],[105,-20],[-36,65],[84,90],[65,4],[99,-85],[-9,70],[34,1],[-9,198],[-35,30],[-4,201],[-97,-27],[-171,83],[-101,170],[-79,42],[-15,-75],[-75,32],[-88,-50],[-51,12],[-36,-36]],[[32033,31358],[13,-209],[102,-267],[36,71],[134,19],[57,54],[51,-12],[88,50],[75,-32],[15,75],[79,-42],[101,-170],[171,-83],[201,72],[-4,199],[-151,219],[6,38],[70,10],[-56,340],[113,229],[-80,15],[27,298],[-95,20],[12,121],[-101,20],[7,71],[-69,22],[5,48],[-725,115],[-25,-140],[57,-11],[1,-59],[-48,-65],[-27,6],[12,-99],[-52,-923]],[[32113,30679],[-97,-84],[8,-46],[-19,-51],[25,-54],[-29,-20],[38,-69],[2,-93],[-25,-34],[31,-74],[-40,-219],[102,-79],[30,11],[5,-92],[31,19],[42,-75],[169,75],[-14,80],[57,-29],[57,26],[83,-17],[-21,109],[25,214],[50,-10],[35,393],[-366,108],[-58,117],[-21,-36],[-61,22],[-39,-92]],[[31809,30685],[-53,-488],[27,1],[-14,-132],[-34,-35],[-21,-190],[-32,6],[157,-100],[35,-94],[36,41],[41,148],[66,109],[-2,64],[19,33],[-6,65],[19,45],[-31,70],[25,34],[-2,93],[-38,69],[30,25],[-26,49],[19,51],[-8,46],[24,7],[-10,50],[-221,33]],[[35786,31038],[-8,-188],[-130,24],[-10,-93],[-130,24],[-10,-92],[-201,40],[-25,-247],[-100,70],[-14,-35],[15,-4],[-26,-279],[108,-13],[-71,-608],[53,-26],[-2,-29],[142,1],[47,-69],[13,16],[-41,-440],[204,-40],[-4,-25],[26,5],[-9,-35],[75,-74],[-18,-3],[12,-34],[-55,7],[16,-25],[2,-142],[-38,-4],[42,-58],[-36,-30],[1,-58],[-26,11],[-40,-75],[37,-7],[49,-84],[-6,-42],[-23,-3],[21,-37],[-34,-142],[-42,-58],[-50,-155],[47,-7],[-10,-78],[-46,-30],[-43,55],[20,-78],[-12,-29],[-19,26],[1,-76],[-37,2],[-13,-39],[26,-66],[292,-55],[-11,-162],[38,-127],[-142,28],[-62,-325],[74,-49],[212,-298],[1,-24],[-43,6],[-40,-92],[-72,-76],[-36,-100],[35,-197],[465,-80],[-15,-49],[173,-33],[11,43],[55,-9],[-4,-38],[99,-22],[12,57],[172,-39],[17,-83],[342,-69],[-19,-181],[76,-34],[-7,-25],[27,-62],[25,6],[0,-33],[70,-9],[15,24],[41,-82],[57,-22],[-7,-30],[20,-38],[45,17],[39,-47],[78,61],[36,-35],[26,36],[-2,-37],[24,-7],[19,66],[85,-59],[84,659],[412,-85],[80,277],[3,-69],[-23,-13],[11,-43],[24,-35],[92,-8],[10,-94],[-23,-40],[28,-58],[41,-15],[-12,-49],[11,-43],[-33,-36],[23,-47],[0,-58],[33,-29],[-13,-245],[69,-104],[24,-116],[43,63],[85,-109],[5,-56],[21,-15],[54,521],[198,-39],[264,2576],[-57,23],[19,164],[-33,58],[-215,20],[-23,-272],[-50,11],[-26,-83],[-97,31],[-13,-66],[-41,27],[-80,-106],[-37,17],[-75,-58],[-100,-9],[-22,-49],[8,-67],[-28,27],[-55,-25],[-50,-70],[22,211],[-104,-7],[17,162],[-78,15],[31,229],[-271,167],[25,243],[-54,13],[-100,94],[-36,65],[5,39],[-20,9],[1,34],[-29,-14],[7,49],[-48,36],[3,45],[16,-27],[13,31],[18,-15],[88,89],[-17,77],[-83,89],[-134,62],[-6,-18],[12,41],[-44,26],[50,66],[16,102],[-35,103],[14,91],[90,-201],[91,-86],[77,-44],[456,-74],[-20,46],[16,16],[-84,134],[21,49],[-21,63],[22,19],[-15,15],[11,64],[-24,11],[-3,39],[-41,52],[-10,43],[12,2],[-56,82],[426,-133],[-21,22],[16,-3],[13,138],[-30,6],[7,70],[29,-6],[6,53],[32,-7],[6,48],[-92,17],[7,64],[126,-25],[-31,51],[42,49],[40,-65],[4,35],[127,-26],[9,99],[40,-8],[-30,55],[12,39],[-18,24],[22,31],[-27,13],[27,26],[-5,47],[16,23],[-30,90],[-32,15],[37,28],[-9,63],[25,10],[-7,27],[19,16],[-12,32],[48,19],[-33,65],[33,1],[13,32],[-28,16],[53,64],[2,74],[-23,12],[4,44],[35,32],[7,45],[26,-3],[-8,35],[25,-1],[-31,74],[-1,67],[44,62],[26,95],[-10,86],[18,178],[-117,203],[115,1119],[30,146],[-21,54],[-33,16],[-26,-22],[-12,-150],[-26,15],[-45,-56],[-83,-225],[-41,44],[-26,-36],[-121,-3],[-39,-126],[-37,-38],[-87,102],[-1,92],[-17,42],[-773,280],[0,67],[-54,12],[3,37],[-17,2],[10,104],[-406,-77],[4,-101],[-27,-88],[-34,-38],[-62,39],[7,-28],[-46,-22],[-9,33],[-76,15],[-165,133],[-32,-112],[-25,-249],[-994,198],[16,-85],[-14,-135],[64,-17],[-6,-58],[-106,44],[-23,-80],[-32,-25],[10,-159],[-22,-224],[-61,-88],[39,5],[13,-141],[-15,-49],[28,-106],[54,-40],[-27,-48],[7,-41],[33,-10],[-31,-33],[17,-48],[-24,-26],[25,-56],[26,24],[9,-85],[107,-74],[-15,-38],[45,-52],[13,-82],[75,-28],[-22,-83],[8,-105],[85,-64],[-30,-78],[29,-22],[-17,-31],[17,-37],[-7,-58],[-115,-4]],[[29901,34597],[50,-42],[-30,-252],[-102,23],[-32,-273],[-49,11],[-34,-411],[184,-68],[-14,-121],[-50,12],[-9,-75],[50,-11],[-29,-237],[21,-4],[-16,-141],[409,-88],[-91,-847],[54,-64],[-10,-100],[22,-7],[34,-96],[-10,-69],[170,-37],[9,-34],[17,153],[392,-242],[113,1068],[65,-54],[78,64],[-66,76],[-50,181],[613,-131],[116,126],[-17,-147],[200,-42],[-32,-293],[243,-51],[48,65],[-1,59],[-57,11],[25,140],[725,-115],[-5,-48],[69,-22],[-7,-71],[101,-20],[-12,-121],[95,-20],[-27,-298],[80,-15],[57,120],[15,-51],[58,-8],[54,498],[238,-47],[-9,46],[30,-5],[16,-35],[233,-59],[-4,123],[50,-10],[11,109],[-49,10],[12,120],[-12,20],[40,-6],[21,202],[195,-39],[17,173],[-101,18],[-3,-29],[-22,34],[-67,13],[47,340],[-54,-11],[15,135],[-45,9],[8,69],[-95,5],[-25,29],[13,5],[-4,57],[-38,33],[3,90],[-21,22],[-42,-33],[-41,50],[-34,-46],[22,98],[-18,6],[-33,127],[23,9],[-21,41],[19,21],[8,142],[-25,21],[15,41],[-86,60],[30,267],[-68,14],[56,133],[56,575],[379,-72],[-135,529],[-39,8],[-331,612],[39,-7],[28,389],[198,-33],[-71,130],[46,6],[15,67],[-29,29],[-14,69],[-31,-29],[-21,70],[-51,25],[-36,-31],[-14,45],[-32,1],[8,56],[-40,-35],[-27,42],[-45,-7],[-129,148],[-5,48],[-31,39],[8,41],[-48,197],[-32,43],[-14,91],[17,44],[-825,155],[-86,-171],[-78,-753],[-20,-21],[-238,49],[-38,127],[-128,6],[-20,-179],[-598,135],[-82,-94],[-62,41],[-100,190],[-130,127],[-31,-94],[-31,111],[-46,-72],[17,-70],[-47,-15],[-7,-41],[-36,-22],[6,-46],[-23,-5],[-10,-50],[-46,-13],[-21,30],[-36,-30],[-21,25],[-119,-51],[-17,53],[-31,12],[-65,-98],[-30,28],[-27,-33],[-56,19],[-11,-29],[349,-73],[-94,-848],[-207,48],[-83,-704],[-198,45],[-17,-146],[303,-68],[-65,-559],[-104,23],[-32,-282]],[[33823,35882],[135,-529],[-379,72],[-56,-575],[-56,-133],[68,-14],[-30,-267],[86,-60],[-15,-41],[25,-21],[-8,-142],[-19,-21],[21,-41],[-23,-9],[33,-127],[18,-6],[-22,-98],[34,46],[41,-50],[42,33],[21,-22],[-3,-90],[38,-33],[4,-57],[-13,-5],[25,-29],[95,-5],[-8,-69],[45,-9],[-15,-135],[54,11],[-47,-340],[67,-13],[22,-34],[3,29],[100,-19],[20,189],[101,-20],[199,-380],[61,-160],[19,38],[87,40],[37,213],[47,-29],[0,20],[409,-58],[48,-128],[-5,-264],[400,138],[13,82],[-12,150],[34,34],[10,69],[119,-33],[6,58],[-64,17],[14,135],[-16,85],[994,-198],[25,249],[32,112],[165,-133],[76,-15],[9,-33],[46,22],[-7,28],[62,-39],[34,38],[27,88],[-4,101],[406,77],[-10,-104],[17,-2],[-3,-37],[54,-12],[0,-67],[355,-128],[37,291],[-28,1],[7,74],[-32,75],[46,437],[353,-73],[29,31],[12,108],[-27,146],[44,421],[-291,46],[-13,152],[46,361],[-172,35],[-74,71],[-50,116],[-96,32],[-223,169],[-112,147],[-157,74],[-63,105],[20,86],[22,21],[12,90],[36,-24],[-5,50],[30,36],[-12,152],[41,140],[6,88],[45,83],[62,-28],[-6,59],[24,26],[2,63],[26,52],[1,78],[68,313],[142,224],[-4,37],[55,89],[121,59],[48,89],[-22,53],[8,37],[-166,34],[29,283],[139,-29],[54,115],[-34,-17],[-31,51],[-324,66],[-87,79],[-71,-79],[-2,-40],[-35,96],[-394,63],[-88,-858],[-85,-20],[-14,68],[-203,40],[3,-21],[-726,162],[-13,46],[-22,-37],[-40,7],[59,564],[-58,-19],[-26,25],[-1,-22],[-45,-6],[-7,41],[-51,23],[-187,21],[4,41],[-122,-30],[-273,67],[11,107],[-293,59],[4,36],[-32,-35],[-212,49],[-25,-237],[-23,-60],[-66,-759],[-32,7],[-12,-111],[83,-52],[-29,-135],[12,-145],[-60,-231],[42,-147],[-19,-147],[-94,44],[-134,-118],[-50,-150],[11,-127],[-33,34],[5,71],[-34,44],[-87,-4],[-19,66],[-17,-67],[-34,-10],[3,17],[-9,26],[3,-28],[-20,-13],[-3,43],[-27,-9],[-43,65],[-38,-2],[-6,47],[-26,-19],[-28,29],[-1,85],[-198,33],[-28,-389],[-39,7],[331,-612],[39,-8]],[[33083,30614],[17,-204],[-34,-1],[9,-70],[-99,85],[-65,-4],[-84,-90],[36,-65],[-105,20],[-15,-142],[-170,34],[-25,-214],[35,-174],[118,-98],[-1,22],[80,-14],[-4,-38],[22,-5],[-12,-120],[152,-30],[25,-39],[148,-7],[-5,-114],[54,4],[-4,-41],[-121,-11],[-11,-107],[-51,11],[-6,-63],[25,-7],[-98,-149],[-146,-38],[-26,37],[-30,-341],[-166,64],[-8,-36],[-333,67],[-48,42],[-24,-244],[-37,6],[-10,-58],[-21,-15],[25,-31],[53,18],[-34,-127],[92,59],[42,-63],[38,24],[10,-233],[26,-53],[-11,-46],[53,27],[35,-38],[-10,-49],[32,-50],[45,-13],[17,30],[59,-144],[61,-60],[-36,-30],[-28,19],[35,-90],[-34,18],[-8,-94],[42,-9],[-17,-74],[18,-38],[-11,-31],[30,-47],[-27,-26],[89,-111],[-17,-54],[-39,32],[-20,-24],[9,-126],[28,-8],[-22,-17],[-17,-104],[62,-8],[-13,-34],[-31,4],[-46,-132],[-72,33],[-47,-26],[8,-78],[74,-60],[17,-63],[24,7],[-17,-55],[79,-94],[-12,122],[17,46],[23,-55],[50,-25],[67,-130],[39,35],[0,-91],[-30,-58],[65,-64],[11,-115],[-20,-16],[17,-34],[106,-63],[105,-1],[0,-159],[215,7],[-6,-81],[236,-3],[111,94],[296,3],[374,-70],[54,-117],[62,705],[689,-139],[6,82],[73,23],[521,-103],[-35,197],[36,100],[72,76],[40,92],[43,-6],[-1,24],[-212,298],[-74,49],[62,325],[142,-28],[-38,127],[11,162],[-292,55],[-26,66],[13,39],[37,-2],[-1,76],[19,-26],[12,29],[-20,78],[43,-55],[46,30],[10,78],[-47,7],[50,155],[42,58],[34,142],[-21,37],[23,3],[6,42],[-49,84],[-37,7],[40,75],[26,-11],[-1,58],[36,30],[-42,58],[38,4],[-2,142],[-16,25],[55,-7],[-12,34],[18,3],[-75,74],[9,35],[-26,-5],[4,25],[-204,40],[41,440],[-13,-16],[-47,69],[-142,-1],[2,29],[-53,26],[71,608],[-108,13],[26,279],[-15,4],[14,35],[100,-70],[25,247],[201,-40],[10,92],[130,-24],[10,93],[130,-24],[8,188],[119,23],[-14,73],[17,34],[-29,22],[30,78],[-29,1],[11,29],[-69,41],[10,39],[-16,59],[22,82],[-75,29],[-13,82],[-45,52],[15,38],[-107,74],[-9,85],[-26,-24],[-25,56],[24,26],[-17,48],[31,33],[-33,10],[-7,41],[27,48],[-54,40],[-28,106],[15,49],[-13,141],[-39,-5],[59,80],[11,150],[-400,-138],[5,264],[-48,128],[-409,58],[0,-20],[-47,29],[-37,-213],[-87,-40],[-19,-38],[-61,160],[-199,380],[-101,20],[-36,-361],[-195,39],[-21,-202],[-40,6],[12,-20],[-12,-120],[49,-10],[-11,-109],[-50,10],[4,-123],[-233,59],[-16,35],[-30,5],[9,-46],[-238,47],[-54,-498],[-58,8],[-15,51],[-170,-349],[56,-340],[-70,-10],[-6,-38],[153,-229],[2,-189],[-104,-45],[4,-201],[27,-24]],[[23731,39748],[-128,-395],[-37,-68],[128,-344],[-24,-250],[-57,6],[-74,127],[-45,-37],[3,30],[-144,32],[-45,-382],[115,-25],[17,-125],[166,-50],[-44,-169],[47,-10],[-22,-208],[140,-9],[108,82],[388,164],[136,-390],[56,17],[-30,-339],[21,-126],[436,-69],[-15,84],[17,-22],[149,54],[17,160],[172,198],[52,-211],[16,46],[13,-35],[66,68],[-11,34],[108,130],[50,25],[112,138],[87,32],[6,-19],[63,31],[55,-205],[39,21],[29,-111],[266,132],[207,-49],[-11,-159],[45,-7],[-10,-150],[145,-21],[-12,-178],[48,-8],[17,91],[46,-8],[-10,49],[469,-65],[23,-74],[396,-334],[67,-113],[7,-66],[106,-124],[151,-51],[-15,-98],[-26,6],[-3,-108],[-53,-104],[-53,-191],[130,-70],[-21,-104],[23,-8],[-24,-110],[17,-9],[-113,-185],[55,-85],[10,-102],[234,47],[14,-132],[37,117],[39,39],[33,8],[9,-84],[239,47],[-8,-192],[50,-175],[-1,-98],[61,-301],[-5,-145],[229,141],[996,-236],[-34,-275],[150,-33],[32,273],[102,-23],[30,252],[-51,38],[33,286],[104,-23],[65,559],[-303,68],[17,146],[198,-45],[83,704],[207,-48],[94,848],[-349,73],[-60,-36],[5,45],[-324,67],[47,435],[-647,127],[34,332],[-382,79],[7,41],[-19,39],[40,107],[-26,54],[26,101],[-17,78],[39,-8],[20,59],[69,82],[34,-13],[45,46],[39,146],[71,63],[27,142],[-23,71],[9,52],[-31,44],[-9,158],[-51,40],[-11,-51],[-22,-11],[-11,49],[-24,14],[-27,-22],[-8,-54],[-16,8],[-31,157],[26,165],[-16,37],[49,44],[-147,29],[116,1169],[146,34],[45,433],[137,-27],[23,236],[88,-18],[18,185],[-100,21],[-209,142],[19,190],[-32,51],[209,248],[-128,214],[-53,-64],[-375,86],[-10,-102],[-399,75],[5,51],[-383,74],[-3,39],[-323,66],[-21,45],[-349,65],[-167,-122],[-235,0],[7,151],[-248,49],[19,176],[-73,15],[-4,-44],[-24,5],[3,23],[-183,50],[-985,198],[39,-157],[-27,26],[-309,33],[10,113],[-352,65],[-13,-139],[-604,120],[-19,-148],[-193,37],[-125,-1134],[-65,4],[31,-68],[-16,-28],[79,-38],[32,-59],[31,-10],[13,-103],[-201,30],[1,-236],[131,-233],[41,0],[0,-174],[-41,-16],[1,-207],[-15,0],[-57,-325],[1,-146],[92,-127],[-70,-190],[47,-182],[24,-551]],[[24976,33562],[-75,-145],[-102,46],[-62,-774],[-138,-1123],[152,-37],[-103,-130],[-155,-534],[-142,-144],[-41,-98],[55,-135],[75,-87],[67,-23],[135,-154],[-97,-793],[-203,48],[-73,-618],[-226,-141],[-87,-687],[-398,95],[-31,-208],[-20,-33],[-74,-24],[-23,-61],[1205,-233],[45,12],[48,-73],[68,19],[62,-55],[27,40],[97,-23],[36,23],[23,-69],[15,25],[68,-6],[5,-45],[-13,-7],[34,-71],[-10,-24],[64,-5],[-2,-29],[31,52],[-33,28],[51,-14],[11,23],[59,-56],[-16,-14],[9,-25],[32,19],[-8,19],[20,43],[29,-19],[23,64],[-18,39],[79,66],[-14,49],[65,-45],[71,21],[-39,-101],[42,-39],[14,-89],[25,-6],[-18,-63],[41,-20],[-11,-66],[32,5],[26,-57],[60,37],[24,-64],[66,47],[73,-25],[10,35],[34,-18],[12,34],[20,-56],[14,107],[34,20],[-12,31],[92,4],[16,29],[-15,34],[78,30],[-12,104],[-46,-10],[-17,63],[101,-18],[-49,27],[-13,123],[-14,11],[51,-11],[0,46],[44,58],[5,67],[-17,37],[-44,11],[53,46],[-67,53],[24,22],[30,-20],[18,33],[40,-47],[26,74],[68,-41],[37,45],[-5,87],[-18,-14],[-12,34],[13,36],[20,-3],[-19,45],[31,-4],[-37,48],[2,30],[53,35],[0,42],[71,87],[28,314],[210,-38],[3,32],[23,-7],[51,51],[62,-35],[38,27],[72,-19],[37,34],[52,-17],[16,-76],[34,24],[50,-29],[27,45],[99,8],[29,44],[26,-35],[30,8],[2,-40],[109,24],[27,32],[29,-18],[4,54],[96,136],[33,-37],[71,53],[30,-23],[0,29],[-35,24],[19,67],[167,30],[-54,44],[74,79],[76,-16],[-20,-161],[132,-32],[-56,-79],[455,-112],[-27,45],[35,310],[556,-105],[8,71],[63,29],[3,31],[30,12],[-8,39],[518,-116],[2,79],[105,-16],[11,442],[106,999],[263,238],[-11,166],[89,681],[-48,11],[10,69],[-34,96],[-22,7],[10,100],[-54,64],[91,847],[-409,88],[16,141],[-21,4],[29,237],[-50,11],[9,75],[50,-12],[14,121],[-184,68],[34,411],[-101,22],[34,275],[-996,236],[-229,-141],[5,145],[-61,301],[1,98],[-50,175],[8,192],[-239,-47],[-9,84],[-33,-8],[-39,-39],[-37,-117],[-14,132],[-234,-47],[-10,102],[-55,85],[113,185],[-17,9],[24,110],[-23,8],[21,104],[-130,70],[53,191],[53,104],[3,108],[26,-6],[15,98],[-151,51],[-106,124],[-7,66],[-67,113],[-396,334],[-23,74],[-469,65],[10,-49],[-46,8],[-17,-91],[-48,8],[12,178],[-145,21],[10,150],[-45,7],[11,159],[-64,33],[-143,16],[-266,-132],[-29,111],[-39,-21],[-55,205],[-63,-31],[-6,19],[-87,-32],[-270,-293],[11,-34],[-31,-43],[-35,-25],[-20,23],[-9,-34],[411,-1262],[-95,23],[-78,58],[-119,-79],[-36,17],[-102,-51],[-89,-97],[2,-58],[55,-141],[0,-57],[-24,-121],[-46,-81],[172,2],[8,-177],[45,-109],[-4,-113],[96,-192],[15,-245],[-27,-168],[-54,15],[4,66],[-198,87],[-111,-429],[-131,65],[2,-598],[127,5],[-85,-120],[100,-20],[-22,-24],[-12,-90],[-62,-17]],[[30971,28519],[28,281],[-74,10],[-13,-137],[-68,-9],[-8,-79],[-76,15],[-3,-33],[-29,5],[21,202],[-111,40],[8,86],[-33,8],[7,72],[-33,174],[25,90],[-38,61],[46,26],[9,88],[-41,43],[9,85],[53,-12],[17,46],[33,-25],[18,29],[2,69],[21,4],[-6,88],[-343,86],[-4,-39],[14,-3],[-23,-31],[-71,-18],[-97,41],[-16,-31],[-46,9],[14,127],[-104,50],[-97,12],[-4,-44],[-79,15],[-29,-278],[-11,-442],[-105,16],[-2,-79],[-518,116],[8,-39],[-30,-12],[-3,-31],[-63,-29],[-8,-71],[-556,105],[-35,-310],[27,-45],[-455,112],[56,79],[-132,32],[20,161],[-76,16],[-70,-60],[-2,-23],[52,-40],[-167,-30],[-19,-67],[35,-24],[0,-29],[-32,17],[-265,-2426],[18,-284],[-19,-130],[67,-128],[13,-164],[-18,-30],[14,-154],[-22,-58],[-1,-105],[-49,-45],[33,-35],[-26,-49],[32,-96],[-7,-76],[-17,-5],[-20,-81],[132,-267],[1,-78],[-16,-77],[-41,-13],[-32,-66],[-7,-52],[45,-158],[-19,-14],[-3,-87],[-24,6],[-8,-95],[46,-42],[2,-43],[37,50],[55,-23],[139,-217],[44,-29],[4,-33],[51,-16],[43,-135],[-10,-73],[-32,-49],[33,-41],[-9,-20],[1265,-267],[43,-145],[149,77],[39,-86],[19,-2],[-13,-13],[12,-21],[50,-17],[-16,-34],[19,-5],[-15,-25],[16,-16],[-20,-32],[36,-17],[-3,-45],[28,-73],[-2,-23],[-37,14],[10,-62],[169,197],[195,-325],[116,1120],[-321,69],[32,25],[-10,39],[44,99],[-14,35],[23,42],[-16,35],[57,68],[-21,20],[10,24],[-23,48],[12,24],[-21,61],[19,30],[-10,39],[62,34],[3,83],[44,-1],[-1,44],[24,-4],[-6,24],[26,18],[-17,44],[29,29],[-17,75],[19,44],[-13,16],[42,33],[-24,44],[48,24],[-23,41],[31,30],[-36,30],[20,98],[-15,-5],[-17,61],[-32,-2],[-56,59],[31,179],[22,-7],[15,91],[73,-27],[-41,183],[12,-2],[-8,169],[86,-21],[35,19],[19,-30],[90,24],[2,-42],[91,-1],[-10,124],[-25,3],[-5,46],[-19,-3],[-8,32],[29,22],[-17,51],[32,5],[-19,70],[13,42],[17,-6],[-11,49],[32,16],[-7,25],[39,-11],[38,57],[8,79],[38,-23],[48,68],[107,-54],[108,123],[63,-37],[-5,21],[80,51],[46,120],[128,-65],[54,-107],[20,-4],[-4,-31],[101,-21],[-14,-92],[458,-95],[44,393],[904,-186],[6,71],[-26,26],[21,45],[-26,-3],[-17,63],[-74,60],[-8,78],[47,26],[72,-33],[46,132],[31,-4],[13,34],[-62,8],[17,104],[22,17],[-28,8],[-9,126],[20,24],[39,-32],[17,54],[-89,111],[27,26],[-30,47],[11,31],[-18,38],[17,74],[-42,9],[8,94],[34,-18],[-35,90],[28,-19],[36,30],[-61,60],[-59,144],[-17,-30],[-45,13],[-32,50],[10,49],[-35,38],[-53,-27],[11,46],[-26,53],[-10,233],[-38,-24],[-42,63],[-52,-23],[-20,-39],[-24,7],[38,123],[-71,-12],[-7,25],[34,59],[-36,34],[35,34],[-46,14],[22,43],[-32,18],[8,45],[-26,1],[-20,46],[-53,-44],[-38,127],[-26,9],[15,103],[-21,35],[3,78],[-95,18],[-16,-138],[-38,37],[-43,-46],[-61,35],[-17,-29],[-72,-2],[9,84],[-47,29],[-14,-109],[-138,29],[-33,-327],[-181,35],[-19,-188],[-128,22]],[[30421,40878],[-54,50],[-67,-58],[-28,6],[-2,-46],[12,-57],[51,-9],[6,-67],[39,-82],[-56,-70],[98,-40],[31,-45],[62,-196],[-8,-49],[226,-46],[-5,48],[61,-105],[150,154],[28,-86],[21,22],[107,-189],[40,-154],[14,129],[135,-30],[-58,103],[50,546],[-87,-84],[-120,19],[62,59],[-50,27],[21,289],[42,0],[10,74],[48,-7],[57,-57],[2,24],[50,-9],[9,107],[-55,11],[29,139],[-17,3],[4,56],[64,34],[21,202],[-211,41],[2,23],[-25,5],[-3,-31],[-32,5],[-129,59],[-27,-103],[-35,17],[-90,-329],[-95,-99],[-113,153],[31,-111],[-155,29],[-6,126],[-58,6],[-8,-115],[17,-4],[-7,-101],[18,-3],[-17,-184]],[[29307,41889],[-18,-185],[-88,18],[-23,-236],[-137,27],[-45,-433],[-146,-34],[-116,-1169],[147,-29],[-49,-44],[16,-37],[-26,-165],[31,-157],[16,-8],[8,54],[27,22],[24,-14],[11,-49],[22,11],[11,51],[51,-40],[9,-158],[31,-44],[-9,-52],[23,-71],[-27,-142],[-71,-63],[-39,-146],[-45,-46],[-34,13],[-69,-82],[-20,-59],[-39,8],[17,-78],[-26,-101],[26,-54],[-41,-106],[20,-40],[-7,-41],[382,-79],[-34,-332],[647,-127],[-47,-435],[324,-67],[-5,-45],[72,66],[55,-20],[27,33],[30,-28],[58,98],[38,-12],[17,-53],[119,51],[21,-25],[36,30],[21,-30],[44,12],[12,51],[23,5],[-6,46],[36,22],[7,41],[47,15],[-17,70],[46,72],[31,-111],[31,94],[130,-127],[100,-190],[62,-41],[82,94],[598,-135],[20,179],[128,-6],[38,-127],[238,-49],[20,21],[80,763],[84,161],[159,-32],[-16,117],[72,108],[-4,23],[45,8],[24,95],[-15,31],[41,18],[4,100],[35,48],[459,-116],[12,109],[-68,14],[30,278],[-83,17],[-17,57],[6,72],[36,34],[35,318],[205,-41],[13,74],[-11,30],[39,95],[-20,66],[26,62],[-13,66],[39,42],[75,525],[-146,101],[59,579],[64,-77],[10,118],[-41,69],[12,30],[-13,43],[-71,32],[5,62],[-42,74],[-128,28],[113,34],[18,30],[-61,48],[-41,296],[-93,81],[-52,-47],[-134,26],[2,33],[-271,47],[-24,-236],[-193,39],[41,452],[-549,105],[-22,25],[23,103],[53,23],[47,-20],[18,57],[-11,43],[62,8],[89,142],[-47,55],[0,58],[-38,131],[-40,53],[14,80],[-37,46],[82,106],[39,121],[61,15],[4,115],[43,50],[-17,96],[120,-5],[14,152],[115,-21],[44,30],[-24,62],[64,578],[-356,80],[-32,-81],[-105,-54],[-304,85],[15,153],[-720,158],[106,1094],[136,187],[-367,82],[-11,-93],[-128,34],[-40,-43],[-3,-43],[-372,78],[121,901],[-200,50],[30,241],[-229,56],[-41,138],[-120,28],[-57,57],[-212,-85],[-39,-337],[12,-123],[-14,-37],[-174,202],[-704,134],[11,32],[-643,-9],[0,240],[-93,4],[8,-101],[-99,-119],[-44,-15],[7,-66],[-19,0],[1,-64],[-62,-79],[24,-32],[-41,-39],[-8,-48],[-34,-14],[-24,-71],[63,-118],[-77,-158],[36,-42],[4,-122],[29,-94],[62,-20],[45,-92],[48,-34],[-24,-60],[33,-72],[68,-63],[37,-226],[64,-121],[25,15],[28,-43],[13,-132],[38,-24],[19,-54],[6,-95],[-37,-19],[0,-78],[-56,-70],[-3,-98],[27,-62],[-6,-171],[106,-195],[9,-195],[-38,-77],[30,-113],[-31,-100],[4,-95],[-36,-20],[9,-20],[-38,-122],[-74,-76],[-79,53],[-21,-95],[-48,-34],[32,-104],[-104,-105],[11,-51],[-25,-31],[-76,-27],[-5,-103],[22,-166],[-24,-102],[35,-14],[28,-144],[383,-74],[-5,-51],[399,-75],[10,102],[375,-86],[53,64],[128,-214],[-209,-248],[32,-51],[-19,-190],[209,-142],[100,-21]],[[30476,41279],[6,-126],[155,-29],[-31,111],[113,-153],[95,99],[90,329],[35,-17],[27,103],[129,-59],[32,-5],[3,31],[25,-5],[-2,-23],[211,-41],[-21,-202],[-64,-34],[-4,-56],[17,-3],[-29,-139],[55,-11],[-9,-107],[-50,9],[-2,-24],[-57,57],[-48,7],[-10,-74],[-42,0],[-21,-289],[50,-27],[-62,-59],[120,-19],[87,84],[-50,-546],[58,-103],[-135,30],[-14,-129],[-40,154],[-107,189],[-21,-22],[-28,86],[-150,-154],[-61,105],[5,-48],[-226,46],[8,49],[-62,196],[-31,45],[-98,40],[56,70],[-39,82],[-6,67],[-51,9],[-12,57],[2,46],[28,-6],[67,58],[54,-50],[17,184],[-18,3],[7,101],[-17,4],[8,115],[58,-6]],[[36409,46660],[-66,-119],[-3,-58],[34,-40],[-15,-47],[30,-17],[15,-53],[193,61],[81,-263],[177,111],[23,-85],[32,-1],[22,86],[-11,139],[21,8],[3,59],[34,54],[-21,42],[53,132],[-57,-12],[-17,45],[-2,274],[-20,10],[-7,-18],[16,-13],[-15,-38],[-24,4],[1,-37],[-17,24],[-16,-22],[-35,33],[10,22],[-27,3],[4,49],[-97,-44],[2,-48],[-131,-122],[-12,28],[-190,-80],[32,-67]],[[36213,47155],[40,-91],[30,32],[46,-22],[15,-83],[-18,-54],[18,-65],[72,19],[10,-56],[-37,-39],[-16,-69],[194,80],[12,-28],[131,122],[-2,48],[97,44],[-4,-49],[27,-3],[-10,-22],[68,-35],[-1,37],[24,-4],[15,38],[-16,13],[7,18],[18,-9],[-28,27],[10,24],[41,1],[-18,14],[14,35],[-43,6],[49,44],[16,63],[-25,55],[60,190],[-39,28],[3,82],[91,192],[-293,55],[-6,166],[-59,-4],[-76,-51],[-78,16],[-68,-46],[-73,16],[-39,-365],[-86,58],[-136,-34],[-28,-121],[-43,28],[-9,-38],[58,-29],[12,-34],[-46,-39],[119,-161]],[[36921,46374],[11,-139],[-22,-86],[90,-2],[-6,-49],[68,-105],[3,-112],[35,-5],[-19,-53],[29,7],[8,-37],[16,6],[29,67],[12,-23],[13,57],[25,-24],[12,48],[19,-13],[43,120],[-20,93],[19,141],[-28,1],[1,41],[11,26],[38,-7],[23,305],[119,-24],[1,101],[18,39],[61,-32],[32,276],[-269,14],[-9,-77],[-68,14],[-2,-22],[-65,36],[-37,-83],[41,-55],[-49,-153],[-16,-44],[-61,15],[-41,-34],[-28,-65],[21,-42],[-34,-54],[-3,-59],[-21,-8]],[[36754,46161],[-13,-141],[-39,-89],[27,-67],[5,-127],[46,-53],[-40,-124],[-30,-5],[-54,-87],[12,-72],[102,-104],[52,-20],[93,-10],[-18,86],[42,17],[115,-37],[4,137],[38,171],[-39,152],[5,205],[-68,105],[6,49],[-122,3],[-23,85],[-101,-74]],[[45632,24960],[-111,-17],[41,-130],[67,-33],[64,58],[126,20],[17,203],[-195,64],[-9,-165]],[[45490,26231],[-32,-291],[303,-62],[18,104],[150,-32],[7,64],[-12,3],[36,168],[-9,20],[-30,-40],[-100,-9],[-331,75]],[[36292,46097],[14,-53],[-21,-14],[-4,-64],[-34,-27],[-25,15],[-13,-98],[-20,-9],[-12,-82],[-22,-8],[17,-24],[-33,-32],[-22,26],[-1,-91],[-60,-29],[-5,-40],[19,12],[28,-44],[-16,-52],[-30,-14],[37,-36],[-9,-36],[29,-14],[25,39],[14,-21],[-25,-248],[-70,13],[6,-66],[-66,-51],[5,-46],[-32,-39],[47,-9],[17,-276],[99,-55],[44,17],[99,-105],[55,131],[93,-72],[19,3],[17,66],[68,22],[-39,29],[49,98],[2,101],[107,232],[22,7],[20,91],[63,-17],[-8,89],[-72,80],[-12,72],[54,87],[30,5],[40,124],[-46,53],[-5,127],[-27,67],[39,89],[13,141],[-76,-37],[-81,263],[-189,-60],[-11,-50],[-29,-13],[14,-70],[-41,-6],[-20,-84],[-29,-7]],[[45516,26502],[-26,-271],[331,-75],[100,9],[32,41],[-8,93],[35,64],[-14,12],[15,23],[-23,18],[-7,54],[-19,-9],[-50,149],[-162,20],[-54,63],[-43,-55],[-82,-23],[0,-53],[-44,43],[-13,-81],[15,11],[17,-33]],[[35634,46720],[-23,-67],[-21,-194],[63,-14],[-20,-187],[53,9],[-53,-50],[33,-145],[105,-32],[-11,-74],[-58,-90],[-15,-130],[436,-93],[-6,73],[22,-25],[33,32],[-17,24],[22,8],[12,82],[20,9],[13,98],[25,-15],[34,27],[4,64],[21,14],[-14,53],[29,7],[20,84],[41,6],[-14,70],[42,46],[-21,69],[-30,17],[15,47],[-35,62],[70,155],[-38,98],[55,77],[-10,56],[-72,-19],[-18,65],[18,54],[-15,83],[-46,22],[-30,-32],[-49,111],[-110,141],[-149,-203],[-183,-191],[-121,-48],[-7,-154]],[[37057,45788],[39,-152],[-38,-171],[3,-67],[69,-14],[4,38],[56,-13],[-3,-26],[193,3],[-25,-219],[495,-112],[145,-25],[-1,119],[23,21],[-28,57],[13,23],[-20,61],[62,35],[340,-74],[23,208],[-403,87],[142,278],[-14,343],[-78,-8],[-19,59],[-46,-13],[-10,30],[-14,-26],[-17,60],[-32,-13],[-5,98],[70,7],[-8,245],[-65,-6],[8,69],[-33,31],[-18,-7],[6,-30],[17,8],[-7,-66],[-134,29],[-195,-278],[-29,-125],[-47,4],[-166,180],[-2,-110],[-38,7],[-11,-26],[-1,-41],[28,-1],[-19,-141],[20,-93],[-43,-120],[-19,13],[-12,-48],[-25,24],[-13,-57],[-12,23],[-29,-67],[-16,-6],[-8,37],[-29,-7],[16,64],[-32,-6],[-8,-93]],[[37009,47436],[-60,-190],[25,-55],[-16,-63],[-49,-44],[43,-6],[-14,-35],[18,-14],[-51,-25],[29,-21],[11,-74],[-8,-207],[17,-45],[57,12],[-14,-52],[91,4],[65,197],[-41,55],[37,83],[65,-36],[2,22],[68,-14],[9,77],[269,-14],[91,879],[-50,23],[3,36],[52,-8],[83,974],[-201,35],[-191,-118],[-429,72],[-47,-175],[-16,-170],[-105,-60],[-4,-59],[-37,-22],[29,-52],[103,64],[-17,-198],[49,-104],[-70,-42],[4,-42],[88,52],[58,-32],[-18,-282],[127,-24],[-91,-192],[-3,-82],[39,-28]],[[38384,45272],[-340,74],[-60,-29],[18,-67],[-13,-23],[28,-57],[-23,-21],[1,-119],[-640,137],[25,219],[-193,-3],[3,26],[-56,13],[-4,-38],[-69,14],[-7,-70],[-115,37],[-42,-17],[18,-86],[-179,52],[12,-87],[-63,17],[-20,-91],[-22,-7],[-107,-232],[-2,-101],[-49,-98],[39,-29],[-68,-22],[-17,-66],[-112,69],[-55,-131],[-99,105],[-44,-17],[-99,55],[-17,276],[-47,9],[32,39],[-5,46],[66,51],[-6,66],[70,-13],[25,248],[-14,21],[-25,-39],[-29,14],[9,36],[-37,36],[30,14],[16,52],[-28,44],[-19,-12],[5,40],[64,45],[-433,94],[15,130],[58,90],[11,74],[-105,32],[-33,145],[53,50],[-53,-9],[20,187],[-63,14],[60,412],[-265,201],[-114,55],[47,51],[58,563],[-77,17],[30,272],[-27,4],[0,186],[-508,1],[-141,285],[-389,0],[-1,-447],[-29,32],[1,-78],[26,0],[1,-76],[-601,-1],[-1,-665],[732,-158],[-25,-219],[94,-20],[-6,-54],[88,-165],[-49,-450],[-99,-5],[-33,-287],[-127,-206],[-14,-125],[-169,37],[-73,-670],[-199,43],[-66,-587],[-203,43],[-47,-428],[202,-45],[-10,-98],[201,-41],[-15,-141],[1130,-240],[-47,-427],[893,-178],[44,423],[313,-62],[2,-41],[141,57],[7,269],[48,-10],[23,226],[52,-11],[168,282],[38,-8],[175,-424],[-10,-168],[154,-34],[-44,-102],[15,-4],[10,-63],[47,-50],[-28,-85],[31,-10],[-13,-171],[43,-61],[126,-27],[16,-49],[113,9],[626,-128],[-15,-50],[84,-224],[412,-82],[39,100],[23,285],[105,36],[155,-31],[171,-228],[11,82],[134,-27],[-8,-18],[19,-2],[9,-45],[72,-46],[7,-112],[52,87],[-48,87],[18,30],[52,-48],[11,-72],[43,41],[76,-58],[42,14],[28,-31],[-13,-41],[51,10],[1,28],[-31,11],[-3,106],[34,70],[30,-8],[-1,41],[-21,1],[11,39],[58,34],[4,32],[50,-47],[54,129],[-10,201],[-17,7],[-8,68],[-29,21],[-33,-24],[29,67],[37,-9],[20,35],[-11,85],[-38,12],[23,38],[19,-15],[8,94],[23,-94],[16,18],[35,-43],[14,-66],[16,18],[-10,27],[53,-3],[10,32],[-24,39],[49,19],[-28,37],[-33,-20],[22,80],[-34,16],[-2,60],[-42,-36],[-3,76],[68,21],[20,32],[-9,20],[-119,5],[-30,-47],[-21,5],[21,58],[-26,26],[86,-21],[11,93],[49,-50],[-39,86],[18,26],[-22,40],[-64,-44],[-17,34],[17,52],[-13,19],[99,98],[-106,6],[-12,-89],[-53,-75],[-22,28],[-13,43],[25,-7],[28,73],[-49,40],[42,69],[12,78],[34,2],[-24,12],[-9,52],[-44,22],[59,28],[2,44],[-56,-17],[-23,-50],[-7,-104],[38,-37],[-19,-62],[-17,26],[-7,-24],[-61,10],[-2,58],[-43,115],[-30,-108],[-50,44],[-12,-76],[23,-21],[-2,-73],[19,-36],[-35,-91],[0,-78],[-31,29],[11,86],[-19,129],[-32,-18],[-16,-57],[-22,38],[28,63],[-18,31],[27,28],[-27,28],[21,30],[20,-16],[11,65],[30,1],[-7,55],[42,95],[-2,124],[25,6],[-1,73],[45,26],[7,146],[52,4],[-11,-64],[19,-40],[-4,-106],[31,33],[27,-31],[11,64],[8,-117],[53,22],[-17,193],[15,22],[-2,-27],[28,-29],[28,49],[-43,70],[22,62],[-51,67],[21,88],[-13,35],[13,99],[-66,91],[-11,71],[-45,32],[-1048,234],[-23,-208]],[[35605,40314],[-38,-57],[55,-2],[45,-68],[38,52],[108,-65],[-36,-105],[-40,-5],[6,-347],[25,-6],[3,-69],[42,-11],[-70,-87],[70,-14],[2,-103],[-38,-77],[132,-49],[8,-113],[46,-10],[97,-100],[96,85],[50,100],[40,-18],[10,100],[50,-11],[31,222],[85,51],[28,-6],[-11,-98],[602,-109],[19,227],[-33,13],[9,48],[-37,23],[29,61],[-17,0],[3,50],[33,71],[-17,3],[17,56],[-33,106],[7,78],[36,57],[-40,5],[-27,44],[4,40],[-107,327],[-30,168],[-67,-33],[-37,69],[-77,-5],[-5,-63],[-60,11],[-18,-176],[-146,25],[12,166],[-26,39],[24,26],[5,45],[-93,16],[4,43],[-442,87],[-47,-100],[7,-70],[17,-12],[-22,-99],[31,-6],[-2,-59],[-76,-12],[-13,-159],[-203,43],[-18,-233]],[[32024,42968],[40,-63],[38,-131],[0,-58],[47,-55],[-89,-142],[-62,-8],[11,-43],[-18,-57],[-47,20],[-54,-24],[-21,-107],[570,-125],[-41,-452],[193,-39],[24,236],[271,-47],[-2,-33],[134,-26],[52,47],[93,-81],[41,-296],[61,-48],[-18,-30],[-113,-34],[143,-43],[27,-59],[-13,-46],[68,-28],[24,-63],[-12,-30],[41,-69],[-10,-118],[-64,77],[-59,-579],[146,-101],[-75,-525],[-39,-42],[13,-66],[-26,-62],[20,-67],[-39,-94],[11,-30],[-13,-74],[-205,41],[-35,-318],[-36,-34],[-6,-72],[17,-57],[83,-17],[-30,-278],[68,-14],[-12,-109],[-459,116],[-35,-48],[-4,-100],[-41,-18],[15,-31],[-24,-95],[-45,-8],[4,-23],[-72,-108],[16,-117],[666,-123],[-17,-44],[14,-91],[32,-43],[48,-197],[-8,-41],[31,-39],[5,-48],[129,-148],[45,7],[27,-42],[40,35],[-8,-56],[32,-1],[14,-45],[36,31],[51,-25],[21,-70],[33,27],[42,-115],[-19,-50],[-43,-4],[72,-133],[0,-82],[28,-29],[26,19],[6,-47],[38,2],[43,-65],[27,9],[3,-43],[20,13],[-3,28],[6,-43],[34,10],[17,67],[19,-66],[30,20],[69,-24],[22,-36],[-8,-42],[16,-55],[20,-8],[-11,127],[50,150],[98,105],[53,18],[3,-30],[74,-19],[10,50],[9,97],[-42,147],[60,231],[-12,145],[29,135],[-83,52],[12,111],[32,-7],[66,759],[23,60],[25,237],[212,-49],[32,35],[-4,-36],[293,-59],[-11,-107],[273,-67],[122,30],[-4,-41],[187,-21],[51,-23],[7,-41],[45,6],[1,22],[26,-25],[58,19],[-59,-564],[40,-7],[22,37],[13,-46],[726,-162],[-3,21],[203,-40],[14,-68],[85,20],[88,858],[394,-63],[35,-96],[2,40],[71,79],[87,-79],[324,-66],[-22,114],[-63,61],[6,132],[253,-51],[31,312],[-17,115],[18,52],[57,-24],[103,-120],[3,145],[114,-23],[-23,-225],[206,-39],[-15,-143],[51,-10],[-16,-145],[155,-31],[30,285],[282,-57],[-18,-57],[29,-63],[-58,-52],[29,-39],[-60,-10],[-10,66],[-22,-70],[-48,42],[15,-42],[-17,-34],[558,-113],[83,-78],[61,22],[-6,512],[27,21],[-2,112],[49,61],[26,154],[39,62],[14,94],[18,1],[-10,49],[42,4],[-47,153],[-65,61],[3,69],[-36,40],[23,44],[-19,-4],[-21,54],[46,6],[13,79],[-19,33],[43,36],[0,46],[15,-8],[-11,45],[49,-4],[-48,37],[-2,43],[-19,10],[13,140],[25,14],[-32,129],[39,35],[41,-9],[18,80],[-17,62],[13,65],[44,7],[11,32],[-10,48],[-52,-9],[2,111],[-24,72],[70,33],[-29,39],[3,74],[-18,29],[-13,117],[-44,67],[25,41],[-29,44],[16,87],[46,52],[-37,19],[-47,-37],[-134,9],[-2,99],[-33,61],[61,23],[-5,140],[-23,90],[43,15],[25,79],[28,-4],[2,66],[24,39],[-20,49],[32,6],[-11,68],[32,73],[-41,-12],[-25,53],[22,27],[-41,57],[127,228],[28,10],[-29,15],[-4,34],[31,42],[10,66],[-13,60],[45,105],[-34,27],[38,62],[-55,85],[-27,-42],[-34,-1],[-35,-122],[-46,-12],[16,-16],[10,-201],[-27,-83],[-27,-46],[-50,47],[-4,-32],[-53,-23],[-16,-40],[21,-11],[1,-41],[-47,-13],[-17,-49],[3,-106],[31,-11],[-1,-28],[-51,-10],[13,41],[-28,31],[-42,-14],[-76,58],[-43,-41],[-11,72],[-52,48],[-18,-30],[48,-87],[-52,-87],[-7,112],[-72,46],[-9,45],[-19,2],[8,18],[-134,27],[-11,-82],[-171,228],[-155,31],[-105,-36],[-23,-285],[-39,-100],[-412,82],[-84,224],[15,50],[-626,128],[-113,-9],[-16,49],[-126,27],[-43,61],[13,171],[-31,10],[28,85],[-47,50],[-10,63],[-15,4],[44,102],[-154,34],[10,168],[-175,424],[-38,8],[-168,-282],[-52,11],[-23,-226],[-48,10],[-7,-269],[-141,-57],[-2,41],[-313,62],[-44,-423],[-893,178],[47,427],[-1130,240],[15,141],[-201,41],[10,98],[-202,45],[47,428],[-400,84],[-31,-262],[-534,113],[-64,-578],[24,-62],[-44,-30],[-115,21],[-14,-152],[-112,20],[-9,-52],[18,-59],[-43,-50],[-4,-115],[-61,-15],[-39,-121],[-82,-104],[38,-54],[-15,-64]],[[36459,40765],[-12,-166],[146,-25],[18,176],[60,-11],[5,63],[77,5],[37,-69],[67,33],[30,-168],[107,-327],[-4,-40],[27,-44],[40,-5],[-36,-57],[-7,-78],[33,-106],[-17,-56],[17,-3],[-33,-71],[-3,-50],[17,0],[-29,-61],[37,-23],[-9,-48],[33,-13],[-19,-227],[-602,109],[11,98],[-28,6],[-85,-51],[-31,-222],[-50,11],[-10,-100],[-40,18],[-50,-100],[-96,-85],[-97,100],[-46,10],[-8,113],[-132,49],[38,77],[-2,103],[-70,14],[70,87],[-42,11],[-3,69],[-25,6],[-6,347],[40,5],[36,105],[-108,65],[-38,-52],[-45,68],[-55,2],[38,57],[18,233],[203,-43],[13,159],[76,12],[2,59],[-31,6],[22,99],[-17,12],[-7,70],[47,100],[442,-87],[-4,-43],[93,-16],[-5,-45],[-24,-26],[22,-14],[-13,-24],[17,-1]],[[39755,43089],[14,-52],[33,-27],[-38,-62],[34,-27],[-45,-105],[13,-60],[-10,-66],[-31,-42],[4,-34],[23,-6],[6,-9],[-28,-10],[-127,-230],[41,-55],[-22,-27],[25,-53],[41,12],[-32,-73],[11,-68],[-32,-6],[20,-49],[-24,-39],[-2,-66],[-28,4],[-25,-79],[-43,-15],[23,-90],[6,-139],[-62,-24],[33,-61],[1,-98],[135,-10],[47,37],[156,-35],[48,78],[256,-3],[1,85],[62,-16],[50,-66],[37,29],[1,86],[344,1],[46,37],[69,-5],[58,-61],[40,-140],[35,-50],[70,102],[61,25],[291,-44],[32,102],[-35,215],[36,27],[79,-20],[120,107],[23,139],[75,130],[7,-29],[174,-73],[-6,-41],[154,78],[30,53],[-23,146],[55,93],[139,-206],[55,46],[105,0],[0,32],[179,78],[-59,261],[123,-92],[44,23],[-68,312],[46,262],[136,275],[65,231],[164,134],[118,147],[63,94],[-29,16],[23,85],[-70,19],[-183,277],[11,82],[-130,-15],[21,39],[-30,33],[-84,245],[-83,-1],[-56,140],[-125,527],[-6,109],[59,0],[-4,380],[-77,-10],[1,191],[110,-1],[0,244],[-26,40],[27,28],[-2,74],[-258,-13],[5,42],[-55,38],[-132,-84],[-52,-115],[-104,34],[-71,-54],[-63,7],[-66,-54],[-486,-4],[-144,-27],[11,719],[-1653,-2],[-474,97],[-37,-321],[-270,-276],[195,-367],[-19,-159],[-65,16],[60,-281],[82,-146],[-56,-24],[-6,-28],[33,-67],[-4,-72],[573,-125],[38,-32],[10,-68],[66,-91],[-13,-99],[13,-35],[-21,-88],[51,-67],[-22,-62],[43,-70],[-28,-49],[-28,29],[2,27],[-15,-22],[17,-193],[-53,-22],[-8,117],[-11,-64],[-27,31],[-31,-33],[4,106],[-19,40],[11,64],[-52,-4],[-7,-146],[-45,-26],[1,-73],[-25,-6],[2,-124],[-42,-95],[7,-55],[-30,-1],[-11,-65],[-20,16],[-21,-30],[27,-28],[-27,-28],[18,-31],[-28,-67],[22,-34],[44,83],[23,-137],[-11,-86],[31,-29],[0,78],[35,91],[-19,36],[2,73],[-23,21],[12,76],[50,-44],[30,108],[43,-115],[2,-58],[61,-10],[7,24],[17,-26],[19,62],[-38,37],[7,104],[23,50],[60,14],[-6,-41],[-59,-28],[44,-22],[9,-52],[24,-12],[-47,-25],[1,-55],[-42,-69],[49,-43],[-28,-70],[-25,4],[33,-68],[55,75],[12,89],[104,-3],[-97,-101],[13,-19],[-17,-52],[17,-34],[64,44],[22,-40],[-18,-26],[39,-86],[-49,50],[-11,-93],[-86,21],[26,-26],[-21,-58],[21,-5],[30,47],[119,-5],[9,-20],[-20,-32],[-68,-21],[3,-76],[42,36],[2,-60],[34,-16],[-22,-80],[33,20],[28,-37],[-49,-19],[24,-39],[-10,-32],[-53,3],[10,-27],[-17,-18],[-13,66],[-35,43],[-16,-18],[-25,94],[-5,-92],[-21,12],[-22,-39],[36,-5],[13,-90],[-20,-35],[-37,9],[-29,-67],[36,23],[26,-20],[9,-61],[46,14],[35,122],[69,37]],[[45447,25834],[-51,-470],[462,-90],[28,278],[-288,54],[22,58],[-28,6],[2,63],[-45,36],[-5,52],[-97,13]],[[37661,37550],[-142,-224],[-68,-313],[-1,-78],[-26,-52],[-2,-63],[-24,-26],[6,-59],[-62,28],[-45,-83],[-6,-88],[-41,-140],[12,-152],[-30,-36],[5,-50],[-36,24],[-12,-90],[-22,-21],[-20,-86],[63,-105],[157,-74],[112,-147],[223,-169],[96,-32],[50,-116],[74,-71],[172,-35],[-46,-361],[13,-152],[291,-46],[-44,-421],[347,-72],[8,70],[-26,58],[24,229],[99,53],[53,506],[72,62],[148,50],[-14,26],[14,39],[70,124],[-10,94],[68,18],[100,196],[-110,124],[62,113],[-28,50],[549,-110],[4,41],[202,-44],[27,-27],[54,500],[115,-33],[45,249],[38,-64],[45,-7],[41,61],[25,144],[-71,36],[11,107],[58,144],[31,4],[42,-74],[48,61],[53,-4],[9,-25],[109,113],[26,129],[118,131],[138,38],[6,20],[-246,48],[5,47],[77,-16],[9,85],[158,89],[24,232],[60,-12],[-38,161],[49,-4],[5,132],[119,-9],[60,74],[49,-127],[121,-24],[46,110],[-7,86],[201,-26],[3,147],[-22,1],[2,178],[180,-2],[-9,304],[60,-10],[46,346],[-80,17],[-131,148],[-10,48],[19,85],[-37,120],[18,87],[-199,3],[-1,-65],[-62,-18],[-5,-66],[-988,13],[-84,21],[-159,132],[-73,3],[-131,-111],[-111,-42],[-30,-73],[-81,-52],[-1,-65],[36,-96],[-42,-4],[10,-49],[-18,-1],[-14,-94],[-39,-62],[-26,-154],[-49,-61],[2,-112],[-27,-21],[6,-512],[-61,-22],[-83,78],[-558,113],[17,34],[-15,42],[48,-42],[22,70],[10,-66],[60,10],[-29,39],[58,52],[-29,63],[18,57],[-282,57],[-30,-285],[-155,31],[16,145],[-51,10],[15,143],[-206,39],[23,225],[-114,23],[-3,-145],[-103,120],[-57,24],[-18,-52],[17,-115],[-31,-312],[-253,51],[-6,-132],[63,-61],[22,-116],[30,-48],[37,10],[-56,-109],[-139,29],[-29,-283],[166,-34],[-8,-37],[22,-53],[-48,-89],[-121,-59],[-55,-89],[4,-37]],[[38760,34650],[-99,-53],[-24,-229],[26,-58],[-8,-70],[-345,69],[25,-143],[-12,-108],[-29,-31],[-353,73],[-46,-437],[32,-75],[-7,-74],[28,-1],[-37,-291],[418,-152],[17,-42],[-2,-86],[84,-108],[43,38],[39,126],[121,3],[26,36],[41,-44],[83,225],[45,56],[26,-15],[12,150],[26,22],[33,-16],[21,-54],[64,335],[94,-42],[8,84],[83,36],[23,-117],[44,-27],[133,49],[88,173],[15,69],[19,17],[12,-25],[42,37],[-3,45],[87,-23],[19,120],[82,83],[1,129],[55,12],[39,-49],[85,-17],[5,52],[22,-3],[16,177],[28,-5],[11,101],[53,-11],[23,203],[57,-12],[7,66],[52,-10],[19,-47],[59,19],[10,-60],[8,47],[59,-15],[45,465],[105,9],[6,56],[29,-41],[192,-41],[51,484],[59,54],[50,98],[0,66],[88,0],[39,136],[-196,22],[13,117],[-212,49],[20,182],[-47,9],[36,63],[17,91],[-54,12],[10,66],[-53,-18],[0,98],[-61,1],[0,28],[-170,4],[-25,-144],[-41,-61],[-45,7],[-38,64],[-45,-249],[-115,33],[-54,-500],[-27,27],[-202,44],[-4,-41],[-549,110],[28,-50],[-62,-113],[110,-124],[-100,-196],[-68,-18],[10,-94],[-70,-124],[-14,-39],[14,-26],[-148,-50],[-72,-62],[-53,-506]],[[36920,48884],[429,-72],[191,118],[201,-35],[-83,-974],[-52,8],[-3,-36],[50,-23],[-123,-1155],[-61,32],[-18,-39],[-1,-101],[-119,24],[-21,-195],[166,-180],[47,-4],[29,125],[195,278],[134,-29],[7,66],[-17,-8],[-6,30],[18,7],[33,-31],[-8,-69],[65,6],[8,-245],[-70,-7],[5,-98],[32,13],[17,-60],[14,26],[10,-30],[46,13],[19,-59],[78,8],[14,-343],[-142,-278],[886,-199],[4,72],[-34,77],[63,42],[-82,146],[-60,281],[65,-16],[19,159],[-194,373],[269,270],[37,321],[478,-85],[25,172],[-21,32],[8,53],[57,88],[22,98],[-47,169],[41,75],[70,-50],[26,74],[-34,48],[-21,119],[13,137],[-29,36],[4,89],[-39,52],[2,64],[62,13],[72,71],[19,38],[-1,77],[74,53],[-23,95],[58,180],[123,104],[-4,57],[47,67],[-5,42],[-34,31],[16,68],[55,-17],[49,69],[-1,54],[86,97],[-16,71],[43,46],[55,-27],[38,66],[-1,42],[-68,153],[21,34],[43,-19],[102,182],[-27,109],[-98,123],[1,89],[162,66],[48,-8],[30,-43],[18,23],[10,58],[-34,9],[6,47],[-29,62],[93,71],[27,102],[-9,65],[-28,-14],[-9,46],[-37,8],[-13,67],[56,5],[74,54],[42,-47],[23,18],[5,50],[-61,82],[-89,-3],[-30,76],[36,113],[72,38],[40,86],[-24,53],[-57,-11],[-12,-42],[-29,52],[20,42],[-34,10],[79,119],[30,-33],[56,49],[-36,99],[10,41],[-26,5],[-10,64],[36,53],[62,14],[28,-55],[21,1],[63,126],[77,49],[29,-53],[63,32],[-17,136],[38,44],[29,-8],[25,91],[45,-39],[23,15],[-6,32],[49,29],[-36,122],[20,61],[40,7],[-20,81],[-95,27],[-22,37],[-29,-14],[26,143],[55,40],[-3,75],[43,58],[51,-26],[-22,121],[-28,21],[-7,105],[-42,36],[32,82],[-2641,-2],[1,-89],[-161,289],[-177,-216],[-337,-6],[-11,235],[-65,-20],[-10,48],[-29,-4],[22,50],[-27,8],[-3,120],[-313,-1],[-2,278],[-319,0],[0,-72],[-317,-1047],[-71,-114],[1,-459],[-282,1],[-115,-185],[0,-29],[-207,-1],[-1,-63],[-195,-1],[0,91],[-318,-1],[13,-38],[-46,-53],[-451,-9],[2,-421],[-301,2],[4,-565],[-102,0],[-1,-129],[-122,1],[-1,-281],[326,-1],[0,-139],[-200,1],[-2,-143],[-104,0],[104,-168],[1,29],[200,0],[-1,-143],[-197,1],[-1,-563],[-430,0],[179,-353],[-93,-1],[37,-53],[-11,-17],[22,-106],[-11,-25],[376,0],[-1,-85],[21,0],[0,-199],[-96,0],[141,-285],[508,-1],[0,-186],[27,-4],[-30,-272],[77,-17],[-58,-563],[-47,-51],[114,-55],[256,-198],[121,48],[378,433],[-12,34],[-58,29],[9,38],[43,-28],[28,121],[136,34],[86,-58],[39,365],[73,-16],[68,46],[78,-16],[76,51],[59,4],[6,-166],[166,-31],[18,282],[-58,32],[-88,-52],[-4,42],[70,42],[-49,104],[17,198],[-103,-64],[-29,52],[37,22],[4,59],[105,60],[16,170],[47,175]],[[27534,52850],[-25,-275],[55,-9],[-17,-174],[-52,10],[30,-92],[-21,-191],[-45,9],[-6,-59],[-54,10],[-18,-142],[-199,38],[-59,-624],[-223,37],[17,89],[-301,55],[-56,-30],[-260,64],[-182,235],[-11,-6],[32,-49],[-20,-72],[58,-71],[8,-68],[37,-41],[-7,-24],[25,-2],[-34,-67],[4,-34],[45,-12],[-3,-89],[33,-45],[29,-110],[208,-37],[-42,-64],[75,-57],[41,-83],[66,-38],[88,-122],[45,-19],[21,-84],[80,29],[-2,-93],[51,-5],[108,-184],[93,-18],[25,-65],[112,-24],[4,-30],[-26,-44],[77,-41],[1,-88],[40,-19],[-12,-59],[22,-36],[-25,-77],[25,-81],[47,-39],[32,-87],[-6,-31],[26,-36],[-30,-37],[-4,-40],[42,-56],[-23,-4],[-25,-41],[11,-35],[-23,-18],[13,-36],[40,-10],[-36,-44],[50,-40],[-28,-81],[43,18],[5,-80],[56,-12],[7,-78],[27,-42],[19,23],[-7,35],[132,73],[9,-46],[57,-3],[7,-46],[74,-65],[101,8],[-16,-55],[24,-24],[1,-69],[26,-26],[-20,-18],[7,-46],[-15,-11],[16,-36],[37,-8],[-5,-58],[21,-21],[-13,-22],[19,-67],[28,9],[29,-56],[-12,-108],[48,-4],[-19,-31],[18,-38],[-16,-16],[27,-27],[-35,-88],[17,-53],[-26,-27],[24,-57],[-27,-7],[-44,-110],[29,-37],[-9,-81],[-45,-12],[-22,-63],[-21,-5],[12,-79],[-30,-59],[93,-4],[0,-240],[643,9],[-11,-32],[704,-134],[174,-202],[14,37],[-12,123],[39,337],[212,85],[57,-57],[120,-28],[41,-138],[229,-56],[-30,-241],[200,-50],[-121,-901],[372,-78],[3,43],[40,43],[128,-34],[11,93],[367,-82],[-136,-187],[-106,-1094],[720,-158],[-15,-153],[304,-85],[105,54],[32,81],[890,-193],[31,262],[603,-127],[66,587],[199,-43],[73,670],[169,-37],[14,125],[127,206],[33,287],[99,5],[49,450],[-88,165],[6,54],[-94,20],[25,219],[-732,158],[1,665],[601,1],[-1,76],[-26,0],[-1,78],[29,-32],[1,447],[485,0],[0,199],[-21,0],[1,85],[-376,0],[11,25],[-22,106],[11,17],[-37,53],[93,1],[-179,353],[430,0],[1,563],[197,-1],[1,143],[-200,0],[-1,-29],[-104,168],[104,0],[2,143],[200,-1],[0,139],[-326,1],[1,281],[122,-1],[1,129],[102,0],[-4,565],[301,-2],[-2,421],[451,9],[46,53],[-13,38],[318,1],[0,-91],[195,1],[1,63],[207,1],[0,29],[115,185],[282,-1],[-1,459],[71,114],[317,1047],[0,72],[341,0],[0,833],[-556,0],[-1,1257],[-88,147],[17,30],[-19,94],[17,24],[-46,67],[4,94],[-17,26],[42,43],[-30,69],[24,48],[-69,88],[10,54],[33,42],[-4,125],[17,36],[-18,27],[22,155],[61,89],[12,57],[-23,123],[63,126],[-14,148],[88,140],[6,59],[-34,9],[-16,92],[16,96],[-37,22],[40,68],[-13,97],[15,105],[24,39],[-11,46],[25,50],[-13,42],[30,76],[35,-11],[5,58],[75,-51],[5,75],[36,59],[-10,58],[38,30],[-18,73],[24,93],[64,98],[43,-18],[-4,180],[-51,120],[-7,197],[-74,67],[-2,80],[18,54],[-16,58],[-28,15],[34,105],[26,12],[0,39],[94,65],[-30,61],[11,54],[-80,22],[6,105],[-30,105],[-21,-13],[-51,50],[-75,104],[-27,109],[-50,4],[-73,105],[-7,134],[-34,54],[8,77],[32,19],[-32,88],[38,14],[11,82],[43,-12],[0,55],[42,-22],[-15,61],[41,7],[-126,279],[-136,192],[-86,213],[-8,46],[42,294],[-38,83],[-29,7],[-86,-64],[-136,194],[-79,-45],[-70,110],[-79,-42],[-123,46],[-86,75],[-55,-2],[-60,98],[0,-101],[-43,-85],[10,-86],[-13,-50],[38,-9],[-13,-48],[33,-29],[-14,-11],[14,-31],[-11,-59],[-26,-26],[25,-33],[-23,-86],[-2,-101],[-271,1],[-21,-50],[-2414,-4],[5,-66],[-211,1],[1,242],[-46,0],[0,55],[-297,0],[-333,49],[30,14],[17,85],[20,-4],[17,50],[64,26],[-50,62],[4,55],[35,75],[-527,106],[-31,-29],[3,30],[-246,52],[-17,36],[-798,2],[-1,-514],[-514,2],[0,-46],[-711,-2],[2,-667],[-1005,-8],[-158,-105],[-416,-1],[0,-151],[67,0],[5,-2290],[326,7],[-1,-617],[-53,-4],[-33,-65],[82,-294],[27,0],[0,-409],[256,-14],[-54,-566],[199,-39],[-29,-280],[240,-46],[-89,-57],[-259,-410],[-153,-66],[1,-285],[-173,-8],[66,-581],[-354,1],[1,-126],[-68,-643],[112,-89],[-85,-708],[-119,23],[6,61],[-327,65],[3,-432],[81,-17],[-59,-593],[31,1]],[[34824,21690],[-76,-751],[23,-20],[-25,-56],[23,-22],[-10,-38],[19,-50],[81,-41],[-7,-22],[24,-30],[-31,-122],[43,-54],[0,-69],[-53,-114],[-37,-159],[47,-62],[13,-90],[59,-15],[84,54],[11,109],[-17,28],[33,69],[58,-111],[51,116],[48,-179],[49,41],[4,-64],[22,-13],[4,95],[-29,101],[25,32],[54,-67],[72,-1],[-13,-39],[31,-103],[45,-31],[17,-64],[46,16],[32,-110],[60,-29],[14,-44],[66,33],[46,-49],[60,6],[50,-109],[-60,-31],[1,-64],[57,36],[77,-52],[6,46],[84,39],[29,25],[1,59],[62,30],[44,-40],[13,-74],[-29,-18],[62,-47],[75,109],[-2,-35],[29,-6],[-4,37],[25,16],[7,54],[56,34],[26,-64],[-23,-64],[212,75],[36,-61],[20,180],[-44,22],[78,724],[49,-10],[-8,30],[25,73],[60,-9],[1,90],[19,25],[32,-12],[-3,54],[29,24],[-31,51],[24,14],[-57,29],[12,19],[-44,28],[-14,76],[-41,41],[-47,-55],[-24,27],[-13,-18],[-3,34],[-44,-11],[-24,39],[-3,117],[-48,24],[-12,-34],[-52,-6],[0,44],[24,15],[-57,23],[-32,-46],[-38,14],[-9,45],[24,-13],[20,32],[-25,-5],[0,50],[-50,33],[24,69],[-22,-11],[-18,36],[24,39],[-38,-16],[20,50],[-71,44],[-44,-78],[-17,9],[-2,50],[-54,-27],[-17,19],[0,86],[-55,61],[41,72],[-43,41],[-6,48],[-31,24],[-28,-20],[-63,94],[-72,-28],[-38,34],[40,371],[41,19],[4,39],[-38,8],[15,142],[-203,43],[15,136],[-144,25],[-22,33],[-9,-45],[13,-50],[-14,-7],[13,-22],[-59,15],[0,-44],[18,-10],[-176,-84],[16,-34],[-59,-41],[-3,-45],[-57,-63],[-7,-72],[-231,47],[-26,-243],[-125,25],[-29,33],[-50,-461],[93,-45]],[[29988,23727],[-116,-1120],[-195,325],[-166,-200],[88,14],[25,-33],[-3,-39],[22,-12],[34,85],[12,-68],[99,-48],[14,-27],[-17,-66],[33,-28],[12,-88],[31,-25],[-1,-63],[-28,-64],[58,-30],[-5,-78],[-58,-34],[-30,24],[-26,-19],[-11,25],[-123,-18],[-9,-71],[-50,0],[28,-42],[-19,-95],[482,-115],[394,46],[313,-7],[342,147],[696,-50],[-123,-1116],[66,-16],[43,-217],[-45,6],[-28,-240],[-121,-314],[-12,-137],[1008,-210],[72,648],[14,10],[17,-31],[-15,-12],[6,-45],[62,1],[66,-108],[68,-32],[62,34],[17,-23],[170,13],[29,-30],[-5,-53],[27,-19],[-1,-44],[70,-26],[15,79],[34,-7],[16,-17],[-10,-45],[69,-39],[1,-59],[18,-13],[29,41],[42,-63],[29,55],[55,-40],[69,83],[35,92],[-21,27],[32,59],[30,-23],[61,33],[59,-34],[57,-141],[34,43],[90,-17],[5,110],[52,0],[20,73],[53,-16],[27,48],[39,-9],[50,-61],[19,20],[9,-58],[70,103],[33,-25],[43,18],[-9,67],[56,-21],[219,13],[124,96],[75,109],[-45,65],[31,122],[-24,30],[7,22],[-81,41],[-19,50],[10,38],[-23,22],[25,56],[-23,20],[76,751],[-93,45],[50,461],[29,-33],[125,-25],[26,243],[231,-47],[7,72],[57,63],[3,45],[59,41],[-16,34],[176,84],[-18,10],[0,44],[59,-15],[-13,22],[14,7],[-13,50],[9,45],[22,-33],[144,-25],[-15,-136],[203,-43],[-15,-142],[38,-8],[-4,-39],[-41,-19],[-40,-371],[38,-34],[72,28],[63,-94],[28,20],[31,-24],[7,-50],[41,-33],[-40,-75],[55,-64],[0,-87],[36,-25],[41,31],[6,-57],[49,79],[73,-44],[-21,-48],[41,11],[-26,-34],[18,-38],[22,15],[-24,-73],[50,-33],[0,-50],[25,5],[-20,-32],[-25,10],[32,-59],[49,49],[56,-23],[-24,-15],[0,-44],[52,6],[12,34],[49,-24],[-5,-18],[50,87],[3,96],[-23,52],[19,75],[-23,-9],[-5,69],[-44,7],[25,47],[-2,48],[-28,38],[-21,-9],[-34,63],[-15,142],[28,-13],[-5,63],[-50,42],[-22,122],[-23,8],[-5,52],[-20,9],[19,100],[16,2],[-21,29],[17,29],[-7,43],[42,8],[-14,88],[26,34],[-28,40],[23,48],[-15,-11],[0,34],[-37,50],[-28,-7],[0,41],[27,20],[-30,70],[20,54],[-23,19],[11,42],[-56,117],[12,150],[-15,75],[11,49],[20,6],[-29,28],[-20,78],[36,42],[-381,80],[47,425],[15,66],[45,42],[14,178],[115,79],[188,401],[86,54],[-133,74],[-25,63],[-19,111],[16,227],[-42,296],[-129,74],[-87,97],[6,53],[69,62],[44,124],[11,47],[-61,12],[15,49],[-986,183],[-73,-23],[-6,-82],[-689,139],[-62,-705],[-54,117],[-374,70],[-296,-3],[-111,-94],[-236,3],[6,81],[-215,-7],[0,159],[-105,1],[-106,63],[-17,34],[20,16],[-11,115],[-65,64],[30,58],[4,83],[-15,12],[-9,-41],[-19,2],[-67,130],[-50,25],[-23,55],[-17,-46],[10,-124],[-53,76],[-6,-71],[-904,186],[-44,-393],[-458,95],[14,92],[-101,21],[4,31],[-20,4],[-54,107],[-128,65],[-46,-120],[-80,-51],[5,-21],[-63,37],[-108,-123],[-107,54],[-48,-68],[-38,23],[-8,-79],[-38,-57],[-39,11],[7,-25],[-32,-16],[11,-49],[-17,6],[-13,-42],[19,-70],[-32,-5],[17,-51],[-29,-22],[8,-32],[19,3],[5,-46],[25,-3],[10,-124],[-91,1],[-2,42],[-90,-24],[-19,30],[-35,-19],[-86,21],[8,-169],[-12,2],[41,-183],[-73,27],[-15,-91],[-22,7],[-31,-179],[56,-59],[32,2],[17,-61],[15,5],[-20,-98],[36,-30],[-31,-30],[23,-41],[-48,-24],[24,-44],[-42,-33],[13,-16],[-19,-44],[17,-75],[-29,-29],[17,-44],[-26,-18],[6,-24],[-24,4],[1,-44],[-44,1],[-3,-83],[-62,-34],[10,-39],[-19,-30],[21,-61],[-12,-24],[23,-48],[-10,-24],[21,-20],[-57,-68],[16,-35],[-23,-42],[14,-35],[-44,-99],[10,-39],[-32,-25],[321,-69]],[[32475,18520],[-97,-914],[-435,88],[-82,-763],[-1,-166],[499,286],[-393,-3663],[336,-17],[704,122],[71,679],[-30,6],[8,100],[25,33],[-41,84],[44,-5],[-16,129],[-101,34],[26,261],[154,-31],[66,-73],[34,45],[15,162],[127,-26],[8,76],[28,-54],[106,-94],[155,-96],[55,1],[-27,51],[20,180],[-77,574],[16,156],[406,-84],[69,662],[206,-37],[-7,-71],[274,-54],[-24,-245],[94,98],[72,32],[90,29],[46,-34],[12,135],[214,-120],[143,167],[108,16],[17,-105],[-32,-106],[105,-74],[30,-42],[2,-41],[41,-45],[15,120],[202,-41],[32,312],[103,-20],[15,153],[103,-22],[31,279],[809,-164],[84,772],[27,2],[-3,70],[-16,-1],[48,440],[-607,127],[125,1198],[-24,41],[24,57],[21,243],[82,129],[-14,51],[19,145],[-25,70],[-213,-75],[23,64],[-26,64],[-56,-34],[-7,-54],[-25,-16],[4,-37],[-29,6],[2,35],[-72,-109],[-65,47],[29,18],[-13,74],[-44,40],[-62,-30],[-1,-59],[-29,-25],[-84,-39],[-6,-46],[-77,52],[-57,-36],[-1,64],[60,31],[-50,109],[-60,-6],[-46,49],[-66,-33],[-14,44],[-60,29],[-32,110],[-46,-16],[-17,64],[-45,31],[-31,103],[13,39],[-72,1],[-54,67],[-25,-32],[29,-101],[-4,-95],[-22,13],[-4,64],[-49,-41],[-48,179],[-51,-116],[-58,111],[-33,-69],[17,-28],[-11,-109],[-79,-53],[-50,0],[-27,104],[-47,62],[37,159],[51,96],[-6,46],[-189,-175],[-219,-13],[-56,21],[9,-67],[-43,-18],[-33,25],[-70,-103],[-2,50],[-19,17],[-7,-29],[-50,61],[-39,9],[-27,-48],[-53,16],[-13,-14],[12,-6],[-5,-41],[-66,-12],[-5,-110],[-90,17],[-40,-42],[-25,107],[-26,33],[-59,34],[-61,-33],[-30,23],[-32,-59],[21,-27],[-35,-92],[-69,-83],[-55,40],[-29,-55],[-42,63],[-29,-41],[-18,13],[-1,59],[-69,39],[10,45],[-16,17],[-34,7],[-10,-74],[-15,-6],[-65,32],[6,39],[-27,19],[5,53],[-29,30],[-279,-13],[-45,27],[-59,102],[-62,-1],[-6,45],[15,15],[-10,27],[-21,-9],[-84,-762],[34,-29],[-3,-86],[35,-75],[41,9],[17,64],[33,-50],[6,-46],[-17,-14],[-5,-72],[107,-42],[20,-69],[-1,-136],[-31,-179],[-80,-204],[-65,-52],[-93,-5],[-113,-89]],[[45290,25315],[170,-125],[2,-68],[31,-28],[-13,-101],[29,-61],[41,34],[81,-13],[10,172],[195,-64],[22,213],[-467,105],[-95,-10],[-6,-54]],[[37311,18977],[-9,-73],[-31,-50],[20,-4],[-4,-58],[26,-5],[-8,-61],[18,-22],[-63,-95],[76,-1],[39,56],[104,26],[89,-31],[8,74],[47,-7],[14,64],[41,32],[21,-31],[46,1],[8,36],[-40,125],[-25,198],[-75,60],[-203,4],[-41,-65],[6,-33],[-26,5],[-47,-50],[-20,-81],[29,-14]],[[37635,19712],[-45,-496],[98,-65],[25,-198],[40,-84],[-8,-85],[26,-101],[61,-38],[87,12],[75,700],[-37,17],[81,128],[-28,19],[-38,97],[-120,-66],[-60,3],[-135,152],[-5,113],[-55,11],[38,-119]],[[45310,25941],[-66,-576],[46,-50],[6,54],[101,9],[58,533],[-145,30]],[[37510,19851],[-238,480],[-5,-40],[-84,19],[-14,26],[10,87],[-89,81],[-99,43],[-79,-69],[-81,4],[2,-60],[-43,8],[-22,-206],[-126,25],[-42,-381],[44,-22],[-28,-194],[72,-93],[48,-11],[46,36],[96,-24],[26,-29],[-11,-29],[15,-135],[24,-15],[33,24],[1,78],[67,13],[13,66],[68,-64],[77,127],[33,7],[10,91],[128,-32],[-8,-70],[263,-55],[18,175],[-38,119],[-87,20]],[[45258,26466],[-59,-129],[158,-77],[133,-29],[28,257],[-19,47],[-15,-11],[13,81],[-24,28],[-60,-49],[-12,25],[-12,-50],[26,-3],[-10,-21],[-79,100],[-30,-3],[-53,-81],[10,-24],[46,25],[-24,-54],[-22,14],[5,-46]],[[37035,19469],[-70,-18],[-5,-84],[-46,-11],[-23,192],[-109,36],[-46,-36],[-48,11],[-78,93],[-15,-140],[14,-51],[-82,-129],[-21,-243],[-24,-57],[24,-41],[-72,-693],[197,15],[106,64],[116,0],[203,74],[129,80],[138,173],[-18,22],[8,61],[-26,5],[4,58],[-20,4],[31,50],[9,73],[-28,26],[19,69],[74,56],[-82,122],[-40,140],[47,110],[-25,85],[-82,14],[-80,-130],[-57,65],[-24,-16],[2,-49]],[[37602,22100],[33,-291],[-81,17],[5,-138],[-18,14],[-6,-44],[23,-5],[-43,-69],[-22,-87],[27,-5],[-39,-351],[201,-43],[-8,359],[627,-127],[24,-31],[9,-71],[-42,-73],[-42,-155],[-117,-59],[84,-129],[65,-54],[323,-33],[25,-18],[-27,-65],[36,-31],[64,152],[36,39],[43,-6],[-12,38],[23,59],[80,1],[10,-77],[44,-46],[87,132],[48,-61],[0,38],[24,-33],[4,27],[24,-4],[72,-124],[106,-70],[32,-59],[40,72],[15,282],[28,73],[31,208],[11,106],[-15,49],[10,-54],[-21,-149],[-40,41],[21,80],[-16,59],[30,111],[54,38],[159,22],[-10,9],[66,58],[-29,-36],[-27,-61],[-191,-79],[24,-10],[160,79],[18,22],[15,43],[25,28],[131,80],[88,-28],[1,46],[36,43],[10,73],[43,59],[8,64],[86,41],[16,81],[53,105],[116,112],[-163,70],[-43,46],[-18,41],[18,52],[-56,116],[-5,75],[-14,8],[6,-37],[-19,-14],[-53,40],[-67,-3],[-55,116],[9,57],[-32,77],[-124,-12],[-45,25],[-65,-54],[-27,12],[-12,-124],[-47,-24],[-79,63],[-33,-11],[-1,69],[-16,18],[-60,-37],[-67,28],[-10,125],[19,69],[-85,65],[-6,72],[-93,139],[-30,90],[46,21],[-53,47],[2,37],[24,17],[-54,64],[34,68],[-23,78],[46,11],[18,77],[20,5],[-18,36],[-45,-13],[-5,109],[23,32],[-5,77],[74,35],[-3,116],[-20,14],[-35,136],[7,121],[-61,44],[-26,-26],[7,101],[-40,-27],[-71,175],[-77,61],[-14,84],[-73,-12],[-16,75],[-48,17],[-7,60],[-79,104],[-54,-49],[-19,107],[-71,113],[15,236],[-33,29],[0,58],[-23,47],[33,36],[-11,43],[12,49],[-41,15],[-28,58],[23,40],[-10,94],[-92,8],[-24,35],[-11,43],[23,13],[-3,69],[-80,-277],[-412,85],[-78,-623],[-18,-42],[-11,34],[-59,31],[-22,-66],[-24,7],[2,37],[-26,-36],[-36,35],[-31,-8],[0,-30],[-33,-23],[-53,47],[-45,-17],[-20,38],[7,30],[-57,22],[-41,82],[-15,-24],[-70,9],[0,33],[-25,-6],[-27,62],[7,25],[-76,34],[19,181],[-342,69],[-17,83],[-172,39],[-12,-57],[-99,22],[4,38],[-55,9],[-11,-43],[-111,22],[-55,-170],[-70,-63],[-6,-54],[87,-97],[129,-74],[42,-296],[-16,-227],[19,-111],[25,-63],[133,-74],[-86,-54],[-188,-401],[-115,-79],[-14,-178],[-45,-42],[-15,-66],[-47,-425],[381,-80],[-36,-42],[20,-78],[29,-28],[-20,-6],[-11,-49],[15,-75],[-12,-150],[56,-117],[-11,-42],[23,-19],[-20,-54],[30,-70],[-27,-20],[0,-41],[28,7],[37,-50],[0,-34],[15,11],[-23,-48],[28,-40],[-26,-34],[14,-88],[-42,-8],[7,-43],[-17,-29],[21,-29],[-16,-2],[-19,-102],[20,-7],[5,-52],[22,-4],[17,-97],[466,-95],[-59,296],[545,-113],[45,14],[68,-48],[99,-11]],[[38770,19331],[-63,-538],[-48,20],[-25,-210],[-32,8],[-37,-37],[31,-140],[-38,-173],[-36,-88],[-82,-41],[1,-57],[-31,-38],[9,-60],[-20,-56],[24,-60],[23,-7],[40,66],[32,8],[1,67],[39,58],[73,-5],[23,-69],[115,345],[119,6],[217,-136],[13,107],[77,-17],[21,148],[18,-17],[52,457],[-1,43],[-94,20],[35,338],[-113,-52],[-142,-10],[-201,120]],[[37994,19357],[-75,-700],[42,-63],[40,-225],[49,-42],[83,-183],[32,3],[40,83],[75,21],[58,-111],[40,5],[24,-39],[-9,-219],[26,90],[-9,60],[35,58],[-5,37],[82,41],[44,116],[30,152],[-31,133],[37,37],[32,-8],[25,210],[48,-20],[63,538],[-154,166],[-104,169],[-87,328],[5,-31],[-56,-137],[-27,-154],[9,-99],[-28,-184],[-158,-6],[-90,113],[-42,6],[-81,-128],[37,-17]],[[37233,19684],[-9,-81],[49,-14],[28,-86],[-47,-113],[31,-119],[57,-116],[23,-15],[59,81],[166,-5],[27,321],[-263,55],[8,70],[-129,22]],[[45544,25821],[5,-52],[45,-36],[-2,-63],[28,-6],[-22,-58],[288,-54],[19,188],[-12,35],[16,23],[16,153],[-146,31],[-18,-104],[-303,62],[-11,-106],[97,-13]],[[36786,20662],[-42,23],[-25,-73],[8,-30],[-49,10],[-36,-343],[126,-25],[22,206],[43,-8],[-2,60],[81,-4],[79,69],[99,-43],[89,-81],[-10,-87],[14,-26],[84,-19],[5,40],[236,-478],[89,-22],[59,-4],[22,185],[18,13],[2,135],[72,102],[-15,38],[-47,24],[7,30],[46,-4],[69,80],[52,9],[-96,18],[2,56],[-31,-61],[-113,25],[-13,-114],[-38,9],[19,60],[-48,14],[24,36],[-24,0],[-45,65],[15,21],[-14,39],[-74,-53],[-30,17],[-230,289],[-61,40],[-10,-112],[-262,44],[3,-53],[-32,12],[-19,-25],[10,-27],[-21,-33],[16,-9],[-24,-35]],[[37593,18405],[-49,-66],[-73,-22],[-81,-734],[205,-37],[62,556],[204,-40],[11,93],[262,-12],[-84,184],[-43,27],[-57,264],[-47,47],[-111,-6],[-64,144],[-28,-12],[-23,31],[-57,-60],[3,-36],[-47,7],[-10,-100],[53,-11],[-26,-217]],[[37125,20900],[61,-40],[231,-290],[27,240],[503,-106],[22,31],[-13,30],[68,139],[226,96],[42,155],[42,73],[-4,51],[-29,51],[-627,127],[8,-359],[-201,43],[39,351],[-27,5],[22,87],[43,69],[-23,5],[6,44],[18,-14],[-5,138],[81,-17],[-33,291],[-99,11],[-68,48],[-45,-14],[-545,113],[59,-296],[-466,95],[58,-77],[3,-57],[-28,13],[20,-160],[78,-74],[2,-48],[-25,-47],[44,-7],[5,-69],[23,9],[-19,-75],[23,-52],[-3,-96],[-52,-92],[16,-20],[-2,-86],[21,-29],[42,13],[3,-34],[13,18],[21,-26],[45,57],[46,-44],[14,-76],[44,-28],[-12,-19],[56,-28],[-23,-15],[31,-51],[-29,-25],[262,-44],[10,112]],[[37336,18608],[-76,1],[-110,-106],[-294,-125],[-119,-1],[-126,-68],[-177,-11],[-53,-505],[1009,-210],[81,734],[73,22],[49,66],[26,217],[-53,11],[2,26],[-65,33],[-128,-28],[-39,-56]],[[37444,20810],[-26,-229],[28,-27],[74,53],[14,-39],[-15,-21],[45,-65],[24,0],[-24,-36],[48,-14],[-19,-60],[38,-9],[13,114],[113,-25],[31,61],[-2,-56],[96,-18],[54,66],[19,98],[-8,101],[-503,106]],[[40204,19783],[-237,-326],[-102,-80],[-54,11],[-261,-99],[-73,15],[-167,-47],[-83,18],[-36,-340],[94,-20],[-21,-246],[103,-22],[-4,-35],[308,-65],[-4,-28],[59,-13],[3,29],[145,-29],[-4,-36],[99,-19],[4,35],[102,-20],[13,98],[99,-24],[4,45],[261,-54],[61,129],[300,-67],[92,845],[-581,118],[-120,227]],[[33738,14727],[-53,-4],[-155,96],[-106,94],[-28,54],[-8,-76],[-127,26],[-15,-162],[-34,-45],[-66,73],[-154,31],[-26,-261],[101,-34],[16,-129],[-44,5],[41,-84],[-25,-33],[-8,-100],[30,-6],[-71,-679],[-704,-122],[-336,17],[-94,-863],[135,-24],[-23,-212],[114,-22],[-48,-115],[11,-286],[-15,-43],[-60,-35],[-28,-90],[5,-36],[-58,-68],[-129,28],[-19,-179],[1349,-247],[29,53],[126,19],[55,94],[18,73],[58,3],[27,31],[28,84],[1,81],[-17,20],[70,10],[49,74],[2,74],[-102,96],[29,198],[102,225],[137,194],[122,257],[64,87],[67,31],[71,88],[5,42],[26,-12],[0,110],[21,52],[116,83],[231,69],[425,-9],[58,150],[84,68],[27,173],[58,56],[33,126],[45,83],[172,95],[402,32],[-37,16],[-18,52],[12,108],[30,53],[59,50],[52,-8],[19,89],[60,65],[326,161],[54,491],[-68,5],[-267,-157],[16,210],[-105,200],[79,360],[-404,85],[-16,-119],[-72,127],[-105,74],[32,106],[-17,105],[-108,-16],[-143,-167],[-214,120],[-12,-135],[-46,34],[-90,-29],[-72,-32],[-94,-98],[24,245],[-274,54],[7,71],[-206,37],[-69,-662],[-406,84],[-16,-156],[77,-574],[-20,-180],[25,-48]],[[44959,25968],[29,-218],[99,102],[209,-42],[14,131],[-342,71],[-9,-44]],[[40721,20311],[-518,-529],[121,-226],[581,-118],[-92,-845],[448,-94],[131,131],[26,-8],[24,-34],[-8,-46],[54,-12],[19,-41],[-42,-227],[-63,-69],[50,-2],[-21,-51],[59,75],[-13,-74],[63,184],[67,420],[80,294],[-38,194],[-2,123],[13,143],[32,57],[-61,68],[-92,247],[-72,45],[-77,143],[-47,34],[-258,130],[-172,-16],[-192,104]],[[40135,17215],[-74,-208],[452,-266],[26,87],[-17,42],[16,95],[65,106],[249,66],[173,-40],[46,120],[90,45],[-61,59],[-97,-24],[-26,-39],[-78,-21],[-69,-62],[-105,0],[15,63],[30,8],[-129,179],[-15,-13],[34,87],[-43,30],[42,43],[26,-54],[81,183],[85,116],[4,46],[194,325],[44,140],[86,60],[34,79],[48,32],[-748,161],[-61,-129],[-261,54],[-4,-45],[-99,24],[-13,-98],[-205,4],[-13,-123],[-60,13],[-5,-45],[59,-12],[-8,-77],[304,-61],[-11,-113],[16,-140],[-50,-105],[110,-102],[23,47],[46,-88],[17,-87],[37,-45],[82,-26],[14,-36],[-32,-69],[-138,127],[-82,-165],[-10,-65],[-32,-11],[-27,-56],[25,-16]],[[41297,17651],[35,-6],[-39,17],[4,-11]],[[41109,17321],[48,-41],[12,29],[-28,59],[-6,-61],[-25,16],[23,81],[-10,-20],[-11,76],[52,-4],[-19,-43],[102,87],[98,27],[101,67],[45,96],[-60,36],[-76,-30],[-13,-22],[15,-12],[-6,-42],[-78,-20],[-39,-55],[-7,60],[33,140],[-11,47],[-23,-1],[-166,-270],[6,-48],[44,-31],[-1,-121]],[[41075,17363],[20,57],[-49,-35],[29,-22]],[[40787,17235],[-2,-15],[6,1],[-4,14]],[[36848,16383],[-809,164],[-31,-279],[-103,22],[-15,-153],[-103,20],[-34,-315],[204,-41],[-79,-360],[105,-200],[-16,-210],[267,157],[68,-5],[-54,-491],[273,55],[-27,137],[56,109],[103,45],[75,113],[76,43],[69,92],[37,128],[85,95],[11,73],[64,77],[73,52],[97,-1],[-4,44],[18,26],[82,36],[-20,76],[29,96],[-12,57],[57,97],[292,150],[138,90],[54,65],[25,58],[-50,84],[-21,160],[-214,44],[52,452],[-38,8],[14,139],[39,-8],[16,141],[-709,141],[-48,-440],[16,1],[3,-70],[-27,-2],[-84,-772]],[[45092,25853],[-104,-103],[47,9],[19,-54],[57,-58],[-39,-70],[36,-58],[122,-26],[20,-113],[46,430],[-204,43]],[[45359,26260],[-243,-159],[-58,-108],[397,-82],[35,320],[-131,29]],[[37657,18102],[-62,-556],[102,-23],[-16,-139],[-39,8],[-14,-139],[38,-8],[-52,-452],[214,-44],[21,-160],[31,-48],[151,89],[88,18],[89,97],[81,24],[50,77],[86,42],[18,47],[33,17],[774,-176],[19,18],[-52,55],[-24,78],[20,2],[31,143],[96,145],[-8,57],[-27,18],[-107,-17],[-68,63],[-20,52],[-29,3],[-46,82],[23,108],[-12,40],[-65,-23],[-15,86],[-41,2],[-13,56],[-32,-40],[-39,24],[19,60],[17,1],[5,89],[-13,28],[-33,-20],[15,83],[-14,5],[-4,-42],[-11,32],[30,67],[180,53],[59,36],[23,57],[-241,158],[-107,-15],[-112,-341],[-23,69],[-73,5],[-39,-58],[-1,-67],[-32,-8],[-45,-68],[-27,19],[-13,49],[-12,-28],[11,221],[-22,32],[-40,-5],[-58,111],[-75,-21],[-35,-78],[-42,-21],[-256,24],[-11,-93],[-204,40]],[[39058,17583],[-23,-108],[46,-82],[29,-3],[20,-52],[68,-63],[107,17],[37,-42],[-2,-33],[-96,-145],[-31,-143],[20,-21],[111,170],[190,67],[263,-29],[264,-109],[74,208],[-25,16],[27,56],[32,11],[10,65],[82,165],[138,-127],[32,69],[-14,36],[-82,26],[-37,45],[-17,87],[-46,88],[-23,-47],[-110,102],[50,105],[-16,140],[11,113],[-304,61],[8,77],[-59,12],[5,45],[60,-13],[17,159],[-145,29],[-3,-29],[-59,13],[4,28],[-308,65],[4,35],[-103,22],[-30,-254],[-18,17],[-21,-148],[-77,17],[-15,-165],[-93,-62],[-148,-33],[-38,-66],[9,-43],[4,42],[14,-5],[-15,-84],[33,21],[13,-28],[-5,-89],[-38,-55],[13,-27],[28,-3],[32,40],[13,-56],[41,-2],[12,-84],[63,25],[17,-44]],[[51344,37354],[24,-67],[-12,-50],[25,-23],[-3,-115],[295,-503],[-11,-107],[74,-16],[138,-266],[41,-565],[-53,-608],[201,-24],[-3,-35],[49,-9],[-5,-55],[31,-7],[-34,-314],[127,-153],[136,-94],[114,-273],[-41,-163],[-57,-43],[-160,-1172],[-1101,113],[-20,-111],[-36,1],[-54,-968],[30,-153],[-26,-113],[96,-146],[26,-99],[41,-45],[-55,-76],[-91,30],[49,-35],[-6,-33],[41,-95],[36,-2],[9,-73],[31,-10],[42,-213],[67,76],[69,-7],[27,37],[79,-31],[6,-168],[110,38],[28,59],[35,-24],[31,-93],[72,-72],[29,-92],[30,-38],[89,-33],[69,-91],[80,-158],[4,-124],[36,-54],[18,-124],[35,-10],[54,-74],[67,-3],[27,-37],[683,584],[-15,85],[-33,70],[-21,4],[-7,70],[35,174],[55,130],[21,-6],[50,-101],[87,-19],[27,-36],[119,22],[42,65],[207,102],[26,57],[51,-36],[153,-10],[-2,84],[80,72],[29,236],[35,80],[-24,103],[49,28],[-7,47],[30,50],[89,-71],[70,-4],[72,78],[115,-80],[70,0],[78,36],[108,100],[101,-138],[3287,-50],[-171,146],[-60,-72],[-43,-10],[-27,52],[-19,-33],[-42,53],[-73,220],[-2,81],[-33,85],[-53,306],[-21,28],[-24,190],[11,60],[77,115],[11,69],[-68,124],[-24,-16],[-33,32],[-13,100],[-376,3],[-23,22],[36,66],[-6,95],[-20,9],[-16,57],[39,5],[23,51],[-35,15],[11,28],[-13,44],[31,36],[-34,105],[63,41],[-49,67],[-5,55],[-39,27],[-12,137],[-46,-22],[22,42],[0,75],[-37,-21],[-8,52],[-24,-21],[2,83],[-16,5],[-18,-49],[-3,84],[-20,-4],[7,34],[-47,20],[38,77],[-133,47],[-6,40],[44,59],[-23,27],[-50,-29],[-5,64],[31,-22],[28,45],[-38,132],[-66,-30],[12,68],[-14,60],[-59,36],[42,28],[-21,125],[86,43],[-50,208],[66,-13],[46,64],[-45,39],[-43,148],[-26,-10],[-6,71],[-85,100],[24,24],[-5,66],[22,-21],[43,77],[-65,101],[-18,-4],[28,43],[-35,-12],[-17,-45],[-25,52],[11,35],[-25,-15],[3,75],[-22,-7],[-11,70],[33,0],[4,36],[26,8],[-49,3],[15,67],[-22,-3],[-23,96],[9,18],[-39,37],[13,24],[-32,73],[-40,72],[-16,-13],[13,51],[-31,28],[-3,89],[-27,-66],[-1,36],[-54,-31],[20,58],[23,3],[-12,52],[8,69],[21,23],[-8,29],[39,-13],[75,82],[-35,-2],[-20,-38],[-26,24],[30,101],[-16,36],[19,17],[-61,187],[-28,-7],[-30,-68],[-52,135],[-141,27],[-12,171],[-45,5],[-24,-71],[2,-145],[-152,59],[-142,-149],[-1,-64],[-20,4],[-17,-37],[34,-109],[-25,-82],[13,-79],[-30,65],[10,95],[-46,33],[-7,118],[41,31],[75,140],[-100,153],[-52,7],[-124,139],[-128,87],[-35,8],[-18,-61],[-78,49],[-22,119],[-54,44],[-78,11],[-2,41],[-25,20],[35,33],[-25,97],[-62,15],[-41,103],[-55,27],[-38,-96],[-75,41],[-62,-48],[23,81],[-14,46],[23,61],[-62,35],[-67,-27],[0,-79],[-20,-30],[-1,91],[-92,-69],[42,64],[137,88],[-54,86],[-20,114],[-47,23],[-129,-79],[-38,14],[-45,-29],[1,53],[-25,29],[120,22],[22,37],[61,-31],[50,63],[68,-16],[32,31],[-25,43],[-69,34],[15,35],[-19,44],[22,69],[-14,62],[-79,50],[9,51],[-39,10],[-61,80],[88,-55],[23,44],[-15,59],[26,-31],[6,-83],[40,-77],[51,-18],[38,38],[19,-53],[45,-32],[99,155],[-23,63],[2,111],[-17,54],[4,65],[41,73],[-2,48],[-35,2],[18,67],[-43,2],[-67,150],[-251,18],[-11,48],[-76,-49],[-11,-57],[-88,39],[-72,129],[-87,82],[-22,4],[-46,-102],[-106,13],[-72,62],[-64,131],[-92,39],[-87,139],[-49,22],[-60,288],[-151,319],[-272,16],[1,66],[-101,0],[0,32],[-213,192],[26,2],[-25,21],[68,147],[-125,110],[-27,192],[-39,-19],[-201,76],[-28,31],[0,34],[-50,-1],[-1,24],[-37,-1],[-50,-62],[-2,149],[-64,-13],[-2,94],[-31,0],[-8,203],[-69,-1],[2,369],[-306,1],[-31,45],[17,64],[-38,66],[43,86],[34,150],[-32,185],[-17,-35],[-111,-28],[-3,-62],[-65,-113],[-26,1],[-30,-79],[-151,-139],[-34,31],[-125,-18],[-46,60],[-64,-70],[-44,-169],[1,-161],[-94,0],[2,-210],[-166,0],[-26,-89],[-49,13],[-10,-28],[-54,48],[-2,-144],[-14,-75],[-23,3],[-12,-104],[37,-48],[57,-183],[-2,-325],[94,0],[0,-81],[27,-6],[4,-154],[-19,-161],[11,-138],[148,-3],[-33,-57],[-7,-280],[-29,-35],[0,-38],[47,-61],[-27,-106],[81,-124],[5,-40],[104,-105],[15,-30],[-9,-56],[33,-28],[-10,-91],[-55,-169],[-71,-74],[5,-88],[45,-49],[240,-123],[46,-95],[-135,-64],[-63,-106],[107,-187],[-53,-63],[-41,5],[-2,64],[-43,5],[-35,-32],[1,-107],[51,-15],[0,-575],[50,-116],[31,1],[100,-147],[143,-82]],[[48330,49179],[-153,-20],[75,-12],[-59,-60],[29,-28],[-22,-24],[-1,-48],[33,-53],[-9,-80],[-33,-38],[6,-33],[-96,-26],[5,-103],[28,23],[20,-44],[-21,-74],[20,-43],[-39,-19],[-16,36],[-35,4],[-23,-192],[26,-100],[-7,-46],[96,-75],[-35,-47],[20,-38],[189,-18],[-1,-1117],[199,-1],[-1,-425],[-198,0],[-1,-915],[499,0],[-11,-245],[127,-384],[49,-47],[-38,-34],[23,-72],[27,19],[25,-81],[-11,-8],[41,-239],[0,-130],[-47,-59],[-12,-284],[25,11],[111,-75],[63,45],[-31,78],[10,113],[196,36],[215,-4],[-1,-159],[76,0],[106,-53],[143,2],[-67,-198],[75,-38],[68,-164],[-45,1],[0,-159],[-55,-1],[-12,-25],[5,-75],[-38,-90],[5,-86],[-22,-130],[-131,-247],[-46,-167],[-84,-139],[5,-41],[-52,-62],[7,-99],[-22,-144],[-144,-341],[58,18],[105,-94],[-32,-109],[53,-24],[40,17],[16,-20],[-12,-26],[43,-9],[12,-55],[99,-46],[11,-67],[116,60],[52,-84],[81,-69],[226,-33],[8,55],[39,49],[-36,77],[17,126],[-29,66],[15,67],[77,63],[20,98],[179,54],[37,-75],[48,-34],[10,28],[49,-13],[26,89],[166,0],[-2,210],[94,0],[-1,161],[44,169],[64,70],[46,-60],[125,18],[34,-31],[151,139],[30,79],[26,-1],[65,113],[16,73],[38,-11],[33,39],[27,-11],[8,33],[89,6],[18,-17],[15,-89],[96,-80],[8,46],[27,19],[141,-25],[46,179],[67,66],[97,6],[82,42],[171,-4],[51,21],[55,98],[133,-1],[11,-60],[104,3],[5,74],[219,1],[3,-81],[94,-1],[0,-90],[150,20],[38,-38],[84,32],[113,-14],[778,426],[9,157],[53,-1],[1,156],[-54,-1],[1,171],[-59,-1],[33,50],[25,126],[24,248],[-9,195],[28,120],[-5,234],[20,85],[-57,74],[22,131],[115,2],[0,145],[-101,0],[0,111],[84,131],[-77,-3],[-44,-49],[-90,146],[-44,-52],[-35,57],[-25,-29],[-84,192],[-72,0],[0,191],[-86,27],[29,56],[-35,195],[17,156],[-37,96],[-59,63],[-25,198],[8,103],[71,240],[-6,96],[47,29],[21,67],[-21,206],[48,136],[-35,167],[135,175],[33,120],[-12,103],[-74,16],[0,-33],[-157,35],[31,231],[-55,13],[44,382],[-20,4],[16,148],[-123,23],[171,1422],[0,1752],[-14,-35],[-43,6],[-23,-34],[-85,41],[-27,-52],[-14,32],[-23,-33],[-13,28],[-25,-47],[-24,62],[-37,4],[31,52],[-31,-4],[-14,81],[-25,29],[-38,12],[-53,-31],[-21,31],[-32,-32],[-14,16],[26,21],[-25,9],[0,43],[-51,-18],[-34,62],[-29,-1],[-5,81],[-17,22],[-116,9],[-71,38],[-95,-13],[16,38],[-7,45],[-45,77],[-119,29],[-2,-190],[79,-158],[6,-1089],[-1113,0],[2,-1241],[-441,0],[-19,65],[-109,108],[-22,-4],[0,-27],[-2495,-3],[-389,-1088]],[[42900,37144],[-75,-701],[33,-233],[227,-117],[82,41],[30,48],[-73,-711],[79,-13],[24,-71],[67,47],[20,-94],[31,-18],[14,35],[42,-49],[7,-67],[17,5],[16,-60],[63,11],[-3,35],[22,1],[26,-50],[0,-79],[63,-33],[-11,-42],[285,-54],[36,296],[31,-84],[60,12],[27,-32],[6,51],[309,-41],[4,-22],[234,-49],[7,60],[98,-62],[7,74],[89,124],[117,10],[13,36],[21,-37],[57,44],[132,-24],[27,108],[142,86],[31,75],[60,308],[26,699],[682,5],[5,-42],[-16,-29],[93,-41],[-2,-142],[-44,-1],[49,-337],[777,-5],[2,306],[-32,-20],[-224,23],[-48,-63],[-60,84],[27,75],[4,75],[33,51],[-9,60],[32,-4],[28,50],[-9,70],[-71,73],[0,40],[53,37],[-7,37],[18,16],[-43,131],[105,83],[-85,180],[-64,209],[91,-20],[28,55],[16,111],[-12,64],[-124,-1],[-2,186],[-167,137],[-26,-17],[-95,52],[-16,-47],[-25,-4],[-14,66],[-70,106],[11,38],[-96,12],[-2,59],[-51,-5],[29,49],[-79,52],[7,19],[-450,2],[2,59],[-117,39],[-79,-37],[-182,119],[-77,-69],[-257,4],[-38,-43],[-67,28],[32,-337],[-99,-393],[-291,4],[-32,-170],[21,-90],[-191,1],[-7,89],[-156,0],[-1,98],[-124,44],[4,46],[-24,59],[22,98],[-24,24],[4,82],[-27,-2],[29,54],[-22,92],[18,32],[52,-15],[-3,196],[39,46],[-132,221],[-239,-288],[-33,53],[-128,-126],[24,-45],[-159,1],[-93,142],[-76,30],[-85,4],[-2,-84],[-66,4],[-1,-34],[-316,8],[1,-457],[52,-45],[4,-226],[-21,-161],[99,-35],[-38,-212],[100,-24],[37,-82]],[[56599,43906],[-568,104],[15,145],[-35,10],[47,336],[-54,29],[-43,-68],[-15,7],[-5,-39],[-33,-12],[15,-26],[-69,-77],[-2,-59],[-30,7],[-17,-139],[-144,35],[-82,-70],[-61,33],[-70,-164],[4,-267],[-53,-55],[0,-538],[-91,-237],[-19,48],[46,95],[-21,85],[-133,96],[-52,76],[-53,-60],[-20,-73],[-87,5],[21,127],[-17,49],[9,37],[-31,38],[-42,2],[-37,48],[-107,-39],[-102,47],[-111,0],[-71,67],[-52,-32],[-63,21],[-21,-72],[-778,-426],[-113,14],[-84,-32],[-38,38],[-150,-20],[0,90],[-94,1],[-3,81],[-219,-1],[-5,-74],[-104,-3],[-11,60],[-133,1],[-55,-98],[-51,-21],[-171,4],[-82,-42],[-97,-6],[-67,-66],[-46,-179],[-36,-9],[-33,36],[-72,-2],[-27,-19],[-8,-46],[-96,80],[-15,89],[-18,17],[-80,-4],[32,-185],[-34,-150],[-43,-86],[38,-66],[-17,-64],[31,-45],[306,-1],[-2,-369],[69,1],[8,-203],[31,0],[2,-94],[64,13],[2,-149],[50,62],[37,1],[1,-24],[50,1],[0,-34],[28,-31],[201,-76],[39,19],[27,-192],[125,-110],[-68,-147],[25,-21],[-26,-2],[213,-192],[0,-32],[101,0],[-1,-66],[272,-16],[151,-319],[60,-288],[49,-22],[87,-139],[92,-39],[64,-131],[131,-87],[47,12],[46,102],[22,-4],[87,-82],[53,-111],[107,-57],[11,57],[76,49],[11,-48],[251,-18],[67,-150],[43,-2],[-18,-67],[35,-2],[2,-48],[-41,-73],[-4,-65],[17,-54],[-2,-111],[23,-63],[-99,-155],[-45,32],[-19,53],[-38,-38],[-51,18],[-40,77],[-6,83],[-26,31],[15,-59],[-23,-44],[-88,55],[61,-80],[39,-10],[-9,-51],[79,-50],[14,-62],[-22,-69],[19,-44],[-15,-35],[69,-34],[25,-43],[-32,-31],[-68,16],[-50,-63],[-61,31],[-22,-37],[-120,-22],[25,-29],[-1,-53],[45,29],[38,-14],[129,79],[47,-23],[20,-114],[54,-86],[-137,-88],[-42,-64],[92,69],[1,-91],[20,30],[0,79],[67,27],[62,-35],[-23,-61],[14,-46],[-23,-81],[62,48],[75,-41],[38,96],[55,-27],[41,-103],[62,-15],[25,-97],[-35,-33],[25,-20],[2,-41],[78,-11],[54,-44],[22,-119],[78,-49],[18,61],[35,-8],[128,-87],[124,-139],[52,-7],[100,-153],[-75,-140],[-41,-31],[7,-118],[46,-33],[-10,-95],[30,-65],[-13,79],[25,82],[-34,109],[17,37],[20,-4],[1,64],[142,149],[152,-59],[-2,145],[24,71],[45,-5],[12,-171],[141,-27],[52,-135],[30,68],[28,7],[61,-187],[-19,-17],[16,-36],[-30,-101],[26,-24],[20,38],[19,11],[16,-9],[-75,-82],[-39,13],[8,-29],[-21,-23],[-8,-69],[12,-52],[-23,-3],[-20,-58],[54,31],[1,-36],[27,66],[3,-89],[31,-28],[-13,-51],[16,13],[40,-72],[32,-73],[-13,-24],[39,-37],[-9,-18],[23,-96],[22,3],[-15,-67],[49,-3],[-26,-8],[-4,-36],[-33,0],[11,-70],[22,7],[-3,-75],[25,15],[-11,-35],[25,-52],[17,45],[35,12],[-28,-43],[18,4],[65,-101],[-43,-77],[-22,21],[5,-66],[-24,-24],[85,-100],[6,-71],[26,10],[43,-148],[45,-39],[-46,-64],[-66,13],[50,-208],[-86,-43],[21,-125],[-42,-28],[59,-36],[14,-60],[-12,-68],[66,30],[38,-132],[-28,-45],[-31,22],[5,-64],[50,29],[23,-27],[-44,-59],[6,-40],[133,-47],[-38,-77],[47,-20],[-7,-34],[20,4],[3,-84],[18,49],[16,-5],[-2,-83],[24,21],[8,-52],[37,21],[0,-75],[-22,-42],[46,22],[12,-137],[39,-27],[5,-55],[49,-67],[-63,-41],[34,-105],[-31,-36],[13,-44],[-11,-28],[35,-15],[-23,-51],[-39,-5],[16,-57],[20,-9],[6,-95],[-37,-63],[24,-25],[376,-3],[13,-100],[33,-32],[24,16],[67,-118],[-10,-75],[-77,-115],[-11,-60],[24,-190],[21,-28],[53,-306],[33,-85],[2,-81],[95,-256],[20,-17],[19,33],[23,-52],[36,3],[71,79],[53,-31],[30,-55],[45,-5],[55,-76],[-4,-159],[-44,-94],[32,-46],[8,-61],[-21,-124],[55,-142],[8,-166],[25,-72],[-32,-90],[143,-185],[22,-82],[198,-85],[112,-98],[74,41],[68,-62],[117,-12],[90,76],[156,42],[232,254],[68,-47],[82,-111],[107,-13],[73,-153],[49,-15],[8,-91],[94,-81],[50,-117],[44,-31],[54,6],[70,-53],[36,25],[32,-60],[96,25],[67,119],[16,108],[-7,130],[16,25],[56,-11],[46,95],[12,-36],[54,-22],[45,58],[49,-84],[199,-197],[87,-19],[1252,4843],[1108,3970],[-3453,4059],[-207,-3],[-24,89],[-60,28],[-63,-23],[-128,124],[-31,122],[-102,21],[-35,58],[19,129],[-153,171],[-130,62],[-123,-68],[-170,2],[-82,48],[-49,80],[-42,8],[-65,106],[-31,-14],[-103,100],[-80,10],[10,58],[-25,58],[-53,-22],[-47,51],[-47,-20],[-87,116],[-16,-48],[-79,30],[-26,-17],[-23,78],[42,-9],[23,112],[-81,58],[15,41],[-28,53],[33,43],[13,83],[-16,87],[-69,43],[-14,84],[-64,-27],[-163,33],[-14,-137],[-117,24],[29,269],[35,104],[-125,107],[-10,38],[-86,-39],[-63,63],[-22,-3],[-7,-41],[-42,18],[-24,-189],[-97,20],[26,204],[-85,25],[-66,108],[-76,26],[-40,-27],[-26,-65],[-64,-9],[-95,-95],[-27,-224],[305,-166],[-18,-171],[103,-20],[-49,-452]],[[44042,46563],[-889,-54],[-634,0],[2,-74],[-27,-28],[26,-40],[0,-244],[-110,1],[-1,-191],[77,10],[4,-380],[-59,0],[6,-109],[125,-527],[56,-140],[83,1],[84,-245],[30,-33],[-21,-39],[130,15],[-11,-82],[183,-277],[70,-19],[-23,-85],[67,-35],[164,131],[28,-26],[80,185],[142,76],[173,71],[174,1],[44,-37],[86,62],[75,2],[-2,93],[-16,23],[-78,-8],[-25,9],[8,32],[-21,-7],[0,249],[14,28],[597,-13],[124,-198],[147,1],[87,-82],[117,-53],[156,-8],[107,-126],[139,-113],[232,-55],[-10,-172],[122,-118],[106,-173],[139,-2],[-19,-29],[5,-33],[33,52],[-4,-51],[31,-43],[9,-48],[-24,-47],[11,-39],[-25,-42],[58,4],[20,-45],[-110,-75],[-20,-56],[19,-47],[50,-7],[-50,-80],[34,-25],[7,-64],[61,-12],[44,26],[20,-22],[-56,-81],[-9,-167],[69,-137],[-19,-36],[23,-47],[-24,-53],[69,-30],[-86,-90],[6,-177],[755,0],[0,-281],[273,-11],[-28,-270],[797,3],[-22,-41],[14,-60],[117,55],[8,-82],[61,-23],[-3,-35],[-61,-44],[1,-59],[96,-48],[58,41],[35,76],[38,4],[-26,74],[34,61],[-13,69],[100,-45],[5,160],[82,206],[99,48],[38,-56],[68,-26],[1,-126],[47,-13],[26,20],[8,129],[84,187],[40,-37],[119,3],[13,-121],[65,46],[71,-19],[52,-60],[-17,-53],[8,-63],[33,-62],[48,-15],[136,338],[22,144],[-7,97],[52,64],[-5,41],[84,139],[46,167],[128,240],[25,137],[-5,86],[38,90],[-7,71],[14,29],[55,1],[0,159],[45,-1],[-68,164],[-75,38],[67,198],[-143,-2],[-106,53],[-76,0],[1,159],[-215,4],[-196,-36],[-10,-113],[31,-78],[-63,-45],[-111,75],[-25,-11],[12,284],[47,59],[0,130],[-41,239],[11,8],[-25,81],[-27,-19],[-23,72],[38,34],[-49,47],[-127,384],[11,245],[-499,0],[1,915],[198,0],[1,425],[-199,1],[1,1117],[-189,18],[-20,38],[35,47],[-96,75],[7,46],[-26,100],[23,192],[78,-44],[11,43],[-19,23],[21,50],[-819,-1],[0,-92],[-122,2],[-13,-40],[-46,15],[-30,-79],[-52,-53],[76,-105],[-58,14],[-31,-37],[94,-38],[42,-122],[64,-7],[-10,-57],[28,-46],[-36,-79],[33,-124],[-17,-25],[-92,29],[-307,-12],[-49,-107],[26,-116],[-58,-52],[-70,63],[63,142],[-101,-2],[-1,285],[-901,-3],[-487,479],[-67,-416],[57,0],[1,-190],[-246,1],[-42,119],[4,135],[-336,-597],[-606,1],[-2,-931]],[[46222,41096],[82,-11],[50,-81],[4,-33],[-15,-3],[40,-67],[-11,-20],[38,-39],[0,-170],[-98,-146],[-23,-165],[-34,-85],[49,-189],[56,-84],[7,-74],[19,-1],[65,86],[30,94],[53,39],[107,298],[507,775],[78,227],[44,520],[-273,11],[0,281],[-755,0],[-57,-113],[29,-61],[-79,-51],[18,-65],[-56,-106],[-33,-297],[-133,-183],[-29,-115],[25,-190],[69,79],[17,-71],[22,-1],[18,50],[141,-118],[28,79]],[[41860,39252],[-46,-346],[-60,10],[9,-304],[-180,2],[-2,-178],[22,-1],[-3,-147],[26,-1],[4,-137],[17,0],[0,-487],[-51,-25],[-21,-45],[-31,-8],[-11,32],[-22,-34],[285,-100],[21,-47],[416,-4],[8,109],[88,1],[2,-92],[89,130],[187,-32],[10,52],[98,-36],[4,320],[-52,45],[-1,457],[316,-8],[1,34],[66,-4],[2,84],[85,-4],[76,-30],[93,-142],[159,-1],[-24,45],[128,126],[33,-53],[239,288],[132,-221],[-39,-46],[3,-196],[-52,15],[-18,-32],[22,-92],[-29,-54],[27,2],[-4,-82],[24,-24],[-22,-98],[24,-59],[-4,-46],[124,-44],[1,-98],[156,0],[7,-89],[191,-1],[-21,90],[32,170],[291,-4],[99,393],[-32,337],[67,-28],[38,43],[257,-4],[77,69],[182,-119],[79,37],[117,-39],[-2,-59],[450,-2],[-7,-19],[79,-52],[-29,-49],[51,5],[2,-59],[96,-12],[-11,-38],[70,-106],[14,-66],[25,4],[16,47],[95,-52],[26,17],[167,-137],[2,-186],[304,22],[58,-44],[0,120],[65,1],[-2,245],[60,1],[1,-78],[132,1],[1,96],[65,1],[0,59],[27,0],[-6,30],[25,27],[129,59],[-1,162],[-104,21],[1,198],[36,0],[-32,85],[-13,107],[18,29],[-41,159],[-4,57],[21,27],[15,-81],[127,-125],[0,47],[10,-36],[92,41],[53,120],[117,-23],[59,-109],[65,-24],[1,68],[62,20],[0,182],[65,274],[-24,296],[165,-1],[13,-79],[185,-1],[-3,66],[24,-29],[96,42],[236,-33],[33,36],[1,36],[114,1],[2,127],[-33,5],[-31,56],[-2,79],[-38,86],[65,91],[0,118],[-16,27],[-7,155],[-72,198],[68,138],[7,282],[96,56],[-1,63],[40,91],[69,52],[27,65],[155,21],[-22,48],[318,15],[39,125],[-107,98],[-51,-23],[-48,25],[-39,82],[16,94],[-52,60],[-71,19],[-65,-46],[-13,121],[-119,-3],[-40,37],[-84,-187],[-8,-129],[-26,-20],[-47,13],[-1,126],[-68,26],[-38,56],[-99,-48],[-82,-206],[-5,-160],[-100,45],[13,-69],[-34,-61],[26,-74],[-38,-4],[-35,-76],[-58,-41],[-96,48],[-1,59],[61,44],[3,35],[-61,23],[-8,82],[-117,-55],[-14,60],[22,41],[-797,-3],[-16,-250],[-88,-248],[-497,-754],[-107,-298],[-53,-39],[-44,-121],[-66,-60],[-11,76],[-47,64],[-49,133],[-9,76],[34,85],[23,165],[98,146],[0,170],[-57,89],[1,73],[-51,82],[-40,12],[-41,-2],[-28,-79],[-141,118],[-18,-49],[-20,-1],[-19,72],[-69,-79],[-23,164],[27,141],[133,183],[33,297],[56,106],[-17,68],[79,51],[-31,55],[62,129],[-10,164],[86,90],[-69,30],[24,53],[-23,47],[19,36],[-69,137],[9,167],[55,86],[-120,-2],[-11,69],[-33,13],[50,85],[-57,20],[-13,62],[64,50],[20,47],[46,14],[-20,44],[-58,-4],[25,42],[-10,48],[23,41],[-40,88],[8,46],[-37,-47],[-5,33],[19,29],[-139,2],[-106,173],[-127,126],[15,164],[-232,55],[-139,113],[-107,126],[-156,8],[-117,53],[-87,82],[-147,-1],[-124,198],[-597,13],[-14,-28],[0,-249],[21,7],[-8,-32],[25,-9],[78,8],[16,-23],[2,-93],[-75,-2],[-86,-62],[-44,37],[-174,-1],[-315,-147],[-80,-185],[-28,26],[-148,-131],[-54,19],[-181,-241],[-164,-134],[-65,-231],[-136,-275],[-46,-262],[68,-312],[-44,-23],[-123,92],[59,-261],[-179,-78],[0,-32],[-105,0],[-55,-46],[-139,206],[-55,-93],[23,-146],[-30,-53],[-154,-78],[6,41],[-174,73],[-7,29],[-75,-130],[-23,-139],[-120,-107],[-79,20],[-36,-27],[35,-215],[-32,-102],[-291,44],[-61,-25],[-70,-102],[-35,50],[-40,140],[-58,61],[-69,5],[-46,-37],[-344,-1],[-1,-86],[-37,-29],[-50,66],[-62,16],[-1,-85],[-256,3],[-48,-78],[-119,16],[-46,-52],[-16,-87],[29,-44],[-25,-44],[44,-64],[13,-117],[18,-29],[-3,-74],[29,-40],[-70,-32],[24,-72],[-2,-111],[51,9],[11,-42],[-10,-38],[-45,-7],[-13,-65],[17,-62],[-18,-80],[-41,9],[-39,-35],[32,-129],[-25,-14],[-13,-140],[19,-10],[2,-43],[48,-37],[-49,4],[11,-45],[-15,8],[0,-46],[-43,-36],[19,-33],[-13,-79],[-46,-6],[21,-54],[19,4],[-23,-44],[36,-40],[-3,-69],[71,-77],[87,76],[30,73],[111,42],[133,112],[71,-4],[159,-132],[84,-21],[988,-13],[5,66],[62,18],[1,65],[199,-3],[-18,-87],[37,-120],[-19,-85],[10,-48],[131,-148],[80,-17]],[[53749,28662],[37,-114],[4,-151],[-93,-172],[-99,-61],[-76,-158],[27,-154],[-9,-89],[11,-16],[67,98],[51,-6],[39,-106],[88,-107],[107,-198],[106,-84],[25,-112],[43,-74],[105,-56],[360,-843],[-54,-48],[-14,-47],[-59,-22],[1,-65],[24,-45],[35,-10],[67,-130],[38,-4],[120,-133],[48,13],[17,66],[77,96],[102,-187],[130,-69],[4,135],[50,25],[4,27],[-92,164],[-8,59],[71,194],[-122,239],[-6,164],[69,114],[145,0],[-4,124],[80,134],[221,-149],[73,22],[125,-74],[98,-3],[103,65],[44,-60],[101,-4],[73,-59],[25,-59],[130,29],[61,-21],[323,106],[7,37],[52,30],[18,46],[72,-3],[35,42],[53,141],[77,-55],[44,-103],[33,-22],[3,-99],[59,-116],[94,-67],[-5,-87],[52,-115],[40,-25],[15,28],[23,-22],[60,22],[42,104],[0,93],[47,53],[6,62],[110,63],[52,68],[22,60],[-10,29],[26,185],[32,68],[-9,131],[-27,32],[-10,164],[-59,106],[-22,97],[15,36],[-28,55],[-36,14],[-40,91],[-60,-3],[13,72],[-44,79],[10,86],[69,120],[-26,181],[-89,100],[-2,163],[20,78],[-15,209],[-31,106],[13,81],[115,133],[-22,86],[54,99],[75,40],[52,-88],[32,-7],[8,152],[62,-11],[8,111],[-46,137],[11,40],[-40,141],[27,26],[1,61],[79,-64],[39,2],[-24,104],[21,8],[17,96],[32,74],[114,93],[21,-30],[-3,-77],[43,-38],[-26,43],[33,81],[-26,81],[6,99],[-69,209],[21,124],[-13,74],[-27,33],[44,94],[7,151],[-15,29],[-3287,50],[-101,138],[-108,-100],[-78,-36],[-70,0],[-115,80],[-72,-78],[-70,4],[-89,71],[-30,-50],[7,-47],[-49,-28],[24,-103],[-35,-80],[-29,-236],[-80,-72],[2,-84],[-153,10],[-51,36],[-26,-57],[-207,-102],[-42,-65],[-101,-2],[-28,-111],[69,-146],[-40,-127],[14,-90],[40,-96],[-5,-58],[43,-64],[5,-147],[44,4],[49,-75],[96,6],[215,-73],[75,-37],[40,-65],[1,-36],[-80,-168],[11,-146],[71,-185],[-7,-96],[-125,125],[-67,-17],[-27,-62],[29,-106],[65,-92],[27,-105],[40,13]],[[46975,37715],[-58,44],[-180,-21],[12,-64],[-16,-111],[-28,-55],[-91,20],[64,-209],[85,-180],[-105,-83],[43,-131],[-18,-16],[7,-37],[-53,-37],[0,-40],[71,-73],[9,-70],[-28,-50],[-32,4],[9,-60],[-33,-51],[-4,-75],[-27,-75],[60,-84],[48,63],[224,-23],[32,20],[-2,-306],[355,-2],[-7,-634],[85,0],[0,-238],[14,28],[24,-46],[-10,-83],[31,-12],[21,28],[77,-95],[33,-195],[70,-244],[30,12],[16,-33],[43,-3],[-1,-717],[97,2],[14,-96],[44,-54],[148,-44],[-10,71],[60,80],[229,42],[1,-89],[153,2],[0,-301],[564,6],[0,-95],[193,1],[0,-187],[136,0],[6,-25],[-26,-22],[-3,-85],[-78,-120],[-88,-6],[-23,39],[-72,-21],[43,-193],[43,4],[6,-32],[19,38],[227,-37],[16,37],[-6,81],[20,24],[19,-38],[740,24],[27,67],[3,193],[37,202],[246,3],[-43,-383],[1733,-177],[160,1172],[57,43],[41,179],[-114,257],[-136,94],[-127,153],[34,314],[-31,7],[5,55],[-49,9],[3,35],[-201,24],[53,608],[-41,565],[-138,266],[-74,16],[11,107],[-295,503],[3,115],[-25,23],[12,50],[-13,56],[-53,54],[-61,3],[-40,36],[-100,147],[-31,-1],[-50,116],[0,575],[-51,15],[-1,107],[35,32],[43,-5],[2,-64],[41,-5],[53,63],[-107,187],[63,106],[135,64],[-46,95],[-240,123],[-45,49],[-5,88],[71,74],[55,169],[10,91],[-33,28],[9,56],[-15,30],[-104,105],[-5,40],[-84,136],[30,94],[-47,61],[0,38],[29,35],[7,280],[33,57],[-148,3],[-11,138],[19,161],[-4,154],[-27,6],[0,81],[-94,0],[2,325],[-57,183],[-37,48],[12,104],[23,-3],[21,128],[-23,148],[-188,-44],[-25,-105],[-78,-65],[-13,-83],[29,-49],[-17,-123],[36,-78],[-38,-48],[-12,-57],[-223,34],[-81,69],[-52,84],[-82,-61],[-35,2],[-10,66],[-99,46],[-12,55],[-43,9],[11,27],[-18,21],[-413,-30],[22,-48],[-155,-21],[-27,-65],[-69,-52],[-40,-91],[1,-63],[-96,-56],[-7,-282],[-68,-138],[72,-198],[7,-155],[16,-27],[0,-118],[-65,-91],[38,-86],[2,-79],[31,-56],[33,-5],[-2,-127],[-114,-1],[-1,-36],[-33,-36],[-236,33],[-96,-42],[-24,29],[3,-66],[-185,1],[-13,79],[-165,1],[24,-296],[-65,-274],[0,-182],[-62,-20],[-1,-68],[-65,24],[-59,109],[-117,23],[-53,-120],[-92,-41],[-10,36],[0,-47],[-127,125],[-15,81],[-21,-27],[4,-57],[41,-159],[-18,-29],[13,-107],[32,-85],[-36,0],[-1,-198],[104,-21],[1,-162],[-129,-59],[-25,-27],[6,-30],[-27,0],[0,-59],[-65,-1],[-1,-96],[-132,-1],[-1,78],[-60,-1],[2,-245],[-65,-1],[0,-120]],[[54975,50240],[-157,-1327],[225,-54],[-41,-269],[131,-30],[-14,-117],[28,-7],[-23,-167],[653,-175],[46,11],[0,-96],[54,-10],[28,-207],[626,-164],[98,757],[260,-210],[116,276],[21,465],[112,-11],[18,355],[-364,36],[-314,376],[217,154],[-68,186],[160,116],[-13,28],[-23,-17],[-25,65],[-21,-16],[-33,86],[36,25],[-17,43],[34,23],[-350,946],[-132,104],[-129,265],[-12,510],[-224,-164],[-113,300],[-553,-411],[-40,23],[-3,-31],[26,3],[119,-178],[-28,-54],[-52,0],[-1,-41],[33,-27],[6,-68],[-68,49],[-15,-42],[-17,20],[-15,-24],[-26,40],[-74,-637],[-282,0],[2,-660],[198,-48]],[[53930,52238],[0,-1752],[-171,-1422],[123,-23],[-16,-148],[20,-4],[-44,-382],[55,-13],[-31,-231],[157,-35],[0,33],[74,-16],[12,-103],[-33,-120],[-135,-175],[35,-167],[-48,-136],[21,-206],[-21,-67],[-47,-29],[6,-96],[-71,-240],[-8,-103],[25,-198],[59,-63],[37,-96],[-17,-156],[35,-195],[-29,-56],[86,-27],[0,-191],[72,0],[84,-192],[25,29],[35,-57],[44,52],[90,-146],[44,49],[77,3],[-83,-124],[-1,-118],[101,0],[0,-145],[-115,-2],[-22,-131],[57,-74],[-20,-85],[5,-234],[-28,-120],[9,-195],[-24,-248],[-25,-126],[-33,-50],[59,1],[-1,-171],[54,1],[-1,-156],[-53,1],[2,-87],[73,-19],[52,32],[111,-80],[71,13],[102,-47],[107,39],[37,-48],[42,-2],[31,-38],[-9,-37],[17,-49],[-21,-127],[87,-5],[20,73],[53,60],[52,-76],[133,-96],[21,-85],[-46,-95],[19,-48],[91,237],[0,538],[53,55],[-4,267],[38,116],[36,51],[57,-36],[82,70],[144,-35],[17,139],[30,-7],[2,59],[50,35],[20,46],[-16,22],[33,12],[5,39],[15,-7],[30,65],[67,-26],[-47,-336],[35,-10],[-15,-145],[91,-22],[3,27],[474,-109],[49,452],[-103,20],[18,171],[-305,166],[27,224],[95,95],[64,9],[26,65],[40,27],[76,-26],[66,-108],[85,-25],[-26,-204],[97,-20],[24,189],[42,-18],[11,44],[81,-63],[86,39],[10,-38],[125,-107],[-35,-104],[-29,-269],[117,-24],[14,137],[163,-33],[64,27],[14,-84],[68,-40],[17,-87],[-13,-86],[-33,-43],[28,-53],[-15,-41],[81,-56],[-23,-114],[-42,9],[23,-78],[26,17],[79,-30],[16,48],[87,-116],[47,20],[47,-51],[53,22],[25,-58],[-10,-58],[80,-10],[103,-100],[31,14],[65,-106],[42,-8],[49,-80],[82,-48],[170,-2],[125,67],[128,-61],[27,-53],[43,-4],[100,-120],[4,38],[-58,88],[-32,159],[-45,-35],[-83,102],[-64,17],[41,361],[-63,79],[5,65],[-116,150],[2,225],[33,234],[42,59],[10,101],[-43,463],[12,288],[-39,292],[-57,169],[52,220],[-12,145],[84,63],[-9,130],[54,106],[-56,104],[-4,213],[-53,128],[-131,28],[-20,34],[-4,143],[49,114],[3,109],[-236,959],[43,347],[50,66],[-36,12],[67,509],[-159,37],[20,158],[-199,37],[1,463],[54,30],[0,387],[-53,-1],[1,369],[78,58],[-1,210],[74,1],[10,122],[-83,70],[-32,95],[-163,155],[-97,257],[247,133],[-34,83],[327,245],[-74,198],[20,15],[-173,525],[69,28],[101,1006],[-72,-42],[-59,-98],[-27,-2],[-14,46],[13,68],[-6,244],[-85,229],[-35,-63],[-141,-4],[0,775],[-119,39],[-71,-67],[-187,-5],[-172,309],[-2,542],[-1048,1],[-64,-200],[-2,-649],[-2777,-1],[0,-568],[-47,10],[-25,-209],[-75,12],[-23,-207],[-368,86],[-83,-697],[97,-23],[-41,-350],[197,-45],[-19,-176],[99,-22],[-34,-285],[94,-50],[-13,-114],[58,-13],[18,-99],[29,1],[31,-60],[54,16],[0,-43],[25,-9],[-22,-29],[42,24],[21,-31],[53,31],[38,-12],[25,-29],[14,-81],[31,4],[-31,-52],[37,-4],[-1,-29],[30,-35],[20,49],[13,-28],[23,33],[14,-32],[27,52],[85,-41],[23,34],[43,-6],[14,35]],[[55169,51907],[3,31],[40,-23],[553,411],[113,-300],[224,164],[12,-510],[129,-265],[132,-104],[350,-946],[-34,-23],[17,-43],[-36,-25],[33,-86],[21,16],[25,-65],[23,17],[13,-28],[-160,-116],[68,-186],[-217,-154],[314,-376],[364,-36],[-18,-355],[-112,11],[-21,-465],[-116,-276],[-260,210],[-98,-757],[-626,164],[-28,207],[-54,10],[0,96],[-46,-11],[-653,175],[23,167],[-28,7],[14,117],[-131,30],[41,269],[-225,54],[157,1327],[-198,48],[-2,660],[282,0],[74,637],[26,-40],[15,24],[17,-20],[15,42],[68,-49],[-6,68],[-33,27],[1,41],[52,0],[28,54],[-119,178],[-26,-3]],[[58228,60256],[-1,67],[59,37],[-29,81],[-23,11],[-65,-120],[-7,-83],[-67,42],[15,71],[-22,65],[18,32],[49,-4],[-52,21],[-124,-272],[-37,-8],[-72,78],[6,34],[34,20],[-22,36],[-31,-16],[-23,-149],[45,-185],[27,2],[-1,37],[43,72],[74,-38],[15,54],[51,6],[15,-63],[-19,-30],[-15,-230],[45,-64],[-9,-45],[27,-50],[841,-158],[-15,-141],[201,-51],[-116,-1057],[2408,-505],[13,-45],[76,41],[150,-55],[41,408],[-60,-32],[-62,331],[33,274],[77,-18],[-10,25],[61,-1],[-99,220],[134,-16],[5,153],[23,-10],[11,25],[-64,30],[1,375],[89,-40],[1,202],[88,-1],[28,-35],[12,25],[255,1],[16,237],[-57,165],[153,-26],[67,651],[278,-59],[12,127],[40,81],[-19,124],[31,211],[-31,3],[-35,-56],[-20,39],[3,71],[-53,46],[-6,45],[92,77],[-59,44],[88,80],[-82,64],[-43,-44],[-43,32],[-27,-51],[-19,98],[-47,-67],[-128,-20],[37,-120],[-33,-45],[-43,22],[-40,80],[-81,-11],[-23,77],[-53,-34],[2,82],[37,38],[-33,58],[-44,-67],[19,-85],[-19,-66],[-50,10],[-28,-26],[35,-81],[-53,-29],[3,-41],[52,4],[8,-34],[-71,-63],[-127,152],[-4,46],[-61,-40],[2,163],[-71,111],[-71,10],[1,61],[24,44],[-25,68],[-85,-69],[-113,116],[-5,-110],[-42,-70],[-14,-111],[49,-116],[-91,-119],[61,-14],[46,57],[21,-98],[-35,-47],[-91,-13],[-47,27],[-14,90],[-86,4],[-26,55],[-44,-29],[-35,55],[-9,-64],[-26,9],[-10,71],[46,70],[-87,113],[13,71],[-16,37],[-62,-30],[-24,85],[-72,-55],[-28,-188],[-31,-29],[-33,37],[-2,94],[-18,43],[-128,65],[-50,-42],[40,-135],[-24,-24],[-41,16],[12,-91],[-25,-8],[-31,62],[-13,-9],[12,-64],[-31,-47],[30,-13],[8,-33],[-143,-93],[-55,-180],[22,-131],[-10,-45],[-22,-20],[-107,16],[-76,-106],[-22,-196],[10,-98],[80,-100],[9,-45],[-56,-76],[-70,24],[37,-123],[-71,-34],[-40,-82],[-30,12],[-103,184],[-37,2],[-25,-41],[-22,16],[-34,80],[-13,162],[-76,55],[-54,-25],[-30,24],[-70,-137],[69,-48],[-24,-138],[-60,34],[-37,-23],[-50,80],[-8,-121],[-24,-17],[-46,122],[-29,-18],[-15,-60],[-35,22],[-8,108],[-43,-60],[-3,-96],[40,18],[19,-21],[-35,-59],[-78,56],[-6,116],[-38,-7],[-35,-52],[-20,10],[12,72],[80,35],[-55,48],[-3,58],[78,19],[-16,94],[-68,-59],[-37,29],[4,62],[95,54],[-54,114],[-58,-43],[-25,12],[-2,45],[48,48],[-88,-27],[19,-90],[-27,-53],[42,-50],[-56,-80],[-59,29],[-7,79],[-67,-9],[7,96],[-37,31],[-13,55],[-45,-63],[-20,-83],[-39,46],[-35,-22],[10,-50],[48,-13],[12,-29],[-23,-28],[-82,20],[28,-73],[-9,-26],[-99,9],[-49,-111],[-20,25],[-1,72],[-64,-19],[-19,-36],[0,-92],[-65,12],[-43,-56]],[[45024,26283],[-22,-41],[29,-49],[-20,-17],[-40,21],[-25,62],[-72,-30],[-3,41],[33,43],[-53,-30],[-25,43],[-37,-31],[93,-124],[-34,-28],[-48,22],[-10,-28],[16,-30],[86,-7],[11,-56],[66,0],[-1,-32],[90,-19],[59,109],[242,158],[-160,77],[49,78],[-3,29],[-94,-3],[-41,59],[-167,23],[72,-132],[-61,8],[-2,-36],[72,-80]],[[58844,54249],[-3,-136],[55,-42],[21,-50],[-16,4],[-6,-58],[26,-6],[-12,-104],[59,-12],[-4,-40],[-59,12],[-22,-204],[688,-140],[-28,-272],[222,-44],[-31,131],[248,-39],[24,241],[-117,81],[78,103],[-39,-5],[-1,56],[-43,43],[11,39],[-69,120],[-45,7],[6,38],[-98,80],[4,76],[32,6],[17,55],[-20,185],[-255,58],[-35,63],[-32,-25],[9,68],[-33,34],[-1,36],[-25,1],[18,27],[-17,35],[-29,-65],[-61,2],[14,48],[-21,32],[14,33],[-28,62],[27,32],[-27,41],[-16,-31],[-20,71],[33,22],[-2,55],[21,29],[-47,64],[-28,-3],[19,-46],[-35,28],[23,-55],[-18,-21],[25,-13],[-21,-18],[-60,28],[2,92],[-44,-24],[18,68],[-25,32],[20,33],[-29,-1],[-15,-50],[-80,-64],[-139,44],[-11,-108],[171,-444],[-211,39],[-32,-313],[105,-21]],[[58382,52336],[-327,-245],[34,-83],[-247,-133],[97,-257],[163,-155],[32,-95],[83,-70],[-10,-122],[-74,-1],[1,-210],[-78,-58],[-1,-369],[53,1],[0,-387],[-54,-30],[-1,-463],[199,-37],[-20,-158],[159,-37],[-67,-509],[36,-12],[-50,-66],[-43,-347],[236,-959],[-3,-109],[-49,-114],[4,-143],[20,-34],[131,-28],[53,-128],[4,-213],[55,-103],[-53,-107],[9,-130],[-84,-63],[12,-145],[-52,-220],[57,-169],[39,-292],[-12,-288],[43,-463],[-10,-101],[-42,-59],[-40,-411],[21,-87],[100,-111],[-5,-65],[63,-79],[-41,-361],[64,-17],[83,-102],[45,35],[32,-159],[58,-88],[-40,-140],[35,-79],[102,-21],[31,-122],[132,-128],[59,27],[60,-28],[24,-89],[207,3],[3453,-4059],[-24,75],[-1,228],[-49,98],[11,113],[-33,78],[5,101],[115,68],[36,143],[43,-13],[53,59],[86,-17],[57,30],[-18,2521],[-50,21],[-54,73],[-53,137],[-40,12],[8,155],[-30,70],[28,60],[-16,147],[-40,65],[-18,95],[-54,84],[24,88],[51,88],[-58,99],[-4,116],[-52,89],[20,205],[40,161],[-26,62],[-14,121],[27,77],[-5,157],[-98,28],[-103,227],[16,66],[118,123],[-3,148],[18,141],[23,51],[-8,255],[23,61],[-123,145],[-722,1239],[370,538],[5,47],[20,-19],[37,20],[-10,52],[36,-1],[9,82],[109,105],[37,153],[46,67],[-15,39],[71,44],[2,77],[-40,48],[-15,58],[-39,27],[-9,74],[-34,77],[7,120],[-42,92],[14,118],[30,48],[-11,39],[49,60],[-11,155],[48,86],[115,84],[28,91],[62,69],[1,90],[50,166],[-24,83],[7,123],[140,249],[26,93],[86,70],[-14,144],[18,59],[-46,7],[-95,101],[10,93],[27,60],[-4,114],[52,-19],[18,79],[30,5],[-78,145],[-17,85],[-62,68],[4,-83],[-21,-51],[-68,47],[-35,-20],[-15,-50],[-106,113],[57,130],[90,81],[14,131],[-69,13],[9,88],[36,-7],[19,175],[32,24],[60,-23],[11,48],[152,-62],[125,127],[-14,29],[83,-6],[74,76],[60,-35],[110,-4],[95,93],[2,90],[32,71],[-12,59],[49,125],[-9,782],[-293,61],[-2,30],[-33,16],[2,-26],[-23,-14],[4,-49],[-54,12],[-13,-86],[-52,81],[-86,19],[12,75],[-113,75],[-122,-19],[3,31],[-141,42],[7,70],[-136,-43],[-160,175],[-55,-14],[24,287],[-108,2],[99,174],[-25,100],[68,163],[-40,13],[42,106],[34,10],[40,275],[-45,12],[26,231],[38,11],[27,256],[40,28],[8,74],[33,-7],[-5,55],[-19,38],[-120,16],[-38,-144],[-41,-23],[-97,23],[-119,-64],[-64,-100],[-145,-42],[-71,-134],[-102,-7],[-38,-51],[151,1450],[-656,134],[105,230],[135,58],[18,67],[-116,253],[34,129],[35,433],[53,-13],[39,25],[5,42],[-89,21],[7,59],[-120,30],[14,117],[-155,56],[-76,-41],[-13,45],[-2408,505],[116,1057],[-201,51],[15,141],[-841,158],[9,-20],[-24,-18],[17,-18],[-17,-68],[10,-87],[-61,-83],[14,-32],[76,20],[40,-39],[56,-3],[26,-36],[-58,-50],[34,-42],[19,38],[18,-101],[-14,-23],[-32,39],[-26,-10],[30,-25],[-36,-22],[14,-66],[-43,-1],[-21,-45],[36,4],[14,-35],[20,19],[10,-27],[35,23],[17,-29],[-37,-20],[25,-47],[0,-74],[-65,-8],[8,32],[-19,33],[-36,-25],[14,-114],[-26,-128],[157,-36],[107,-79],[19,59],[64,3],[61,-92],[-28,-48],[53,-64],[-13,-45],[-41,40],[-17,-59],[34,-24],[7,-88],[-12,-11],[-27,51],[-9,-16],[4,-54],[21,12],[10,-52],[-52,-44],[25,-16],[-19,-43],[30,-11],[-28,-26],[18,-26],[-17,-45],[5,-42],[-31,-37],[-15,34],[-3,-32],[-33,-8],[17,-64],[34,12],[31,-28],[15,37],[15,-44],[10,57],[59,24],[-27,-52],[42,-130],[-51,-54],[29,-46],[-62,12],[-31,-114],[14,-36],[-8,-26],[-10,45],[-29,-2],[10,103],[-146,0],[0,-48],[39,-1],[-9,-26],[-1027,1],[6,-1861],[172,-309],[187,5],[71,67],[119,-39],[0,-775],[141,4],[35,63],[85,-229],[6,-244],[-13,-68],[14,-46],[27,2],[59,98],[72,42],[-101,-1006],[-69,-28],[173,-525],[-20,-15],[74,-198]],[[58895,53967],[6,58],[16,-4],[-21,50],[-55,42],[14,134],[-116,23],[32,313],[211,-39],[-171,444],[11,108],[139,-44],[80,64],[15,50],[29,1],[-20,-32],[25,-33],[-19,-61],[45,17],[1,-96],[74,-19],[-22,30],[19,17],[-22,58],[40,-22],[-23,40],[72,-59],[-20,-34],[2,-55],[-33,-22],[20,-71],[16,31],[27,-41],[-27,-32],[28,-62],[-14,-33],[21,-32],[-14,-48],[61,-2],[29,65],[17,-35],[-18,-27],[25,-1],[1,-36],[33,-34],[-9,-68],[32,25],[35,-63],[255,-58],[20,-185],[-17,-55],[-32,-6],[-4,-76],[98,-80],[-6,-38],[45,-7],[69,-120],[-11,-39],[43,-43],[1,-56],[39,5],[-78,-103],[117,-81],[-24,-241],[-248,39],[31,-131],[-222,44],[28,272],[-688,140],[22,204],[59,-12],[4,40],[-59,12],[12,104],[-26,6]],[[62701,53637],[-23,-281],[55,14],[160,-175],[136,43],[-7,-70],[141,-42],[-3,-31],[122,19],[113,-75],[-12,-75],[86,-19],[52,-81],[13,86],[54,-12],[-4,49],[23,14],[-2,26],[33,-16],[2,-30],[293,-61],[9,-782],[860,151],[2,92],[123,-26],[23,222],[-40,9],[52,148],[63,441],[1,59],[-56,147],[26,143],[-30,219],[83,248],[55,90],[-49,44],[18,38],[-13,12],[17,130],[-47,-11],[-9,55],[39,105],[-36,-23],[-100,168],[8,82],[-12,7],[23,55],[-70,-13],[20,24],[-48,26],[-18,-48],[-135,30],[12,123],[-34,-17],[-26,76],[5,48],[42,-8],[5,37],[28,-6],[-4,-133],[66,0],[3,56],[57,12],[-18,71],[61,26],[84,-43],[-56,198],[33,22],[-82,175],[23,24],[-86,164],[52,47],[-45,43],[5,120],[-72,150],[-39,-41],[-67,76],[27,-6],[-3,58],[-109,146],[-1047,-31],[-179,93],[-105,9],[-70,-49],[-28,-35],[4,-30],[-14,-10],[-4,27],[-45,-39],[32,-76],[-16,-14],[16,-73],[-22,-25],[56,-122],[-23,-41],[7,-62],[-71,-20],[-46,-63],[16,108],[-8,94],[-95,115],[-170,-91],[-55,-75],[-109,9],[-76,79],[-196,-36],[-98,70],[-128,-1234],[38,51],[102,7],[71,134],[145,42],[64,100],[119,64],[97,-23],[41,23],[38,144],[120,-16],[19,-38],[5,-55],[-33,7],[-8,-74],[-40,-28],[-27,-256],[-38,-11],[-26,-231],[45,-12],[-40,-275],[-34,-10],[-42,-106],[40,-13],[-68,-163],[25,-100],[-99,-174],[107,-8]],[[62544,47232],[-370,-538],[722,-1239],[123,-145],[-23,-61],[8,-255],[-23,-51],[-18,-141],[3,-148],[-118,-123],[-16,-66],[103,-227],[98,-28],[5,-157],[-27,-77],[14,-121],[26,-62],[-40,-161],[-20,-205],[52,-89],[4,-116],[58,-99],[-51,-88],[-24,-88],[54,-84],[18,-95],[40,-65],[16,-147],[-28,-60],[30,-70],[-8,-155],[40,-12],[53,-137],[54,-73],[50,-21],[18,-2521],[-57,-30],[-86,17],[-53,-59],[-43,13],[-10,-71],[39,-43],[109,-34],[45,-118],[35,-7],[103,-125],[-1,-114],[36,-43],[53,-8],[55,-93],[272,-167],[163,68],[118,-17],[15,129],[12,-13],[55,56],[43,-50],[30,56],[60,21],[-2,-36],[85,-53],[20,-85],[35,-55],[16,-119],[35,-17],[21,-54],[-8,-47],[69,-144],[140,-74],[43,-59],[-9,-24],[115,-9],[15,-47],[92,-63],[25,-84],[-15,-74],[13,1],[7,-72],[38,15],[5627,-1401],[530,1235],[-27,62],[24,71],[-11,47],[-105,66],[-53,3],[-15,67],[-70,108],[-32,175],[-136,193],[8,56],[-30,136],[-69,57],[-24,72],[-51,18],[8,65],[-27,39],[-13,77],[-39,42],[37,165],[-8,93],[-46,55],[21,68],[-100,152],[475,-9],[47,86],[-15,45],[32,116],[26,8],[30,-41],[37,61],[20,-14],[59,41],[-13,144],[26,61],[12,106],[-21,20],[-6,441],[112,121],[-11,76],[-44,-17],[7,36],[68,35],[-24,11],[-6,59],[-18,11],[34,42],[-32,77],[12,73],[-27,31],[-170,1],[-90,-86],[-90,31],[-38,-70],[-20,0],[-10,74],[-76,12],[0,44],[-35,19],[-27,-19],[-107,100],[-60,20],[-36,52],[-53,16],[-70,129],[-99,51],[-50,70],[-99,32],[-48,-61],[-81,-11],[-45,6],[-13,54],[-52,-15],[198,1551],[79,61],[50,120],[-38,134],[-1,95],[62,81],[26,116],[36,30],[-4,67],[76,-17],[1,154],[106,-38],[47,44],[13,51],[-50,72],[-2,41],[63,55],[14,71],[52,45],[96,-15],[45,80],[-21,101],[26,110],[-70,125],[-5,48],[33,77],[-56,155],[-135,21],[-34,-51],[-38,-1],[-46,20],[-33,58],[-53,-85],[-95,75],[-125,20],[102,85],[15,223],[-204,343],[-24,100],[-45,83],[-10,78],[15,57],[86,71],[31,106],[66,-16],[50,53],[23,177],[-49,69],[11,245],[17,49],[68,74],[175,43],[27,150],[-43,226],[42,87],[-6,135],[-64,211],[-136,81],[-63,69],[-49,-42],[-95,24],[-102,123],[-83,-8],[-65,119],[-76,-80],[-64,31],[-96,-14],[-66,62],[-133,-2],[-97,121],[-79,283],[-123,105],[-42,71],[-50,-4],[-80,46],[2,94],[-64,68],[-5,94],[84,170],[-10,77],[15,110],[-36,89],[-43,302],[24,73],[-58,85],[-5,148],[-41,84],[-138,47],[-5,83],[-58,80],[-187,84],[12,244],[23,109],[-88,160],[28,84],[-62,12],[-42,154],[-27,158],[69,74],[-43,7],[-16,77],[-29,1],[-14,121],[-23,29],[14,50],[55,51],[-102,41],[53,234],[94,138],[-409,136],[-45,-55],[-10,39],[-170,-78],[10,99],[-18,65],[35,-4],[-26,32],[26,46],[-46,-6],[-95,80],[21,69],[-45,30],[13,32],[-30,21],[-8,108],[20,10],[-18,96],[30,5],[-3,34],[-22,3],[23,26],[1,29],[-17,-7],[11,37],[-40,1],[16,30],[-24,12],[-47,-38],[-22,19],[27,68],[-23,47],[26,32],[-43,75],[20,-4],[-11,41],[40,23],[-28,26],[19,6],[-6,36],[46,63],[7,-46],[23,40],[-17,16],[-66,-22],[-229,48],[-919,-301],[-19,-179],[-118,25],[-18,-160],[-68,17],[-15,-109],[14,-16],[-138,-10],[-54,-88],[-58,3],[-140,-425],[130,-26],[37,339],[173,-40],[101,-60],[5,-33],[-25,-52],[74,-36],[-12,-90],[127,-53],[83,-120],[56,-227],[-3,-64],[42,-57],[12,-139],[-45,-81],[-26,-226],[23,-100],[59,-98],[151,-91],[46,-121],[2,-151],[-92,-428],[57,52],[25,-27],[-163,-800],[-139,-66],[-54,-56],[-21,-73],[26,-75],[74,-49],[10,-43],[-15,-70],[-50,-68],[-148,-88],[-285,-44],[-14,-42],[58,-20],[31,-48],[-82,-47],[10,-45],[46,-13],[-62,-50],[-13,-52],[54,19],[5,-86],[-58,-61],[-9,-43],[-50,-4],[14,-86],[-39,-41],[-21,-92],[-29,62],[-86,-64],[125,-181],[13,-37],[-26,-10],[15,-26],[-94,1],[-5,56],[-36,21],[-47,-50],[-96,-14],[-25,38],[20,33],[-90,130],[-87,-140],[-34,40],[70,132],[-124,26],[17,175],[-624,109],[30,340],[-270,-12],[17,-108],[-60,-46],[-42,107],[-15,-11],[-25,69],[24,19],[-50,102],[-90,-63],[-9,-44],[-89,-65],[-10,27],[-44,-31],[-40,163],[-71,83],[-190,80],[-2,-214],[42,-6],[-10,-126],[16,-3],[-19,-132],[-56,-53],[40,-6],[-3,-138],[-81,7],[-4,-49],[-33,-6],[-35,30],[25,89],[-15,76],[-63,97],[-4,44],[36,46],[10,85],[-85,130],[-78,15],[6,86],[-65,13],[-20,-195],[-433,94],[-50,-78],[8,-165],[-47,-55],[9,-44],[-30,-48],[-15,-114],[43,-96],[-7,-120],[34,-77],[9,-74],[39,-27],[15,-58],[40,-48],[-2,-77],[-71,-44],[15,-39],[-46,-67],[-39,-158],[-107,-100],[-9,-82],[-36,1],[10,-52],[-37,-20],[-20,19],[-5,-47]],[[45649,27047],[27,-75],[-30,-93],[-56,2],[57,-124],[-60,48],[-16,-17],[-30,-173],[82,23],[43,55],[54,-63],[124,4],[58,-52],[40,9],[17,188],[-63,37],[24,144],[-88,90],[4,103],[-30,-24],[-93,57],[-11,-52],[19,-16],[-16,-27],[-25,46],[-26,-34],[37,-43],[-63,18],[-20,-31],[4,-20],[37,20]],[[62366,59986],[-153,26],[57,-165],[-16,-237],[-255,-1],[-12,-25],[-28,35],[-88,1],[-1,-202],[-89,40],[-1,-375],[64,-30],[-11,-25],[-23,10],[-5,-153],[-134,16],[99,-220],[-61,1],[10,-25],[-77,18],[-33,-274],[62,-331],[60,32],[-50,-526],[120,-30],[-7,-59],[89,-21],[-5,-42],[-39,-25],[-53,13],[-35,-433],[-34,-129],[116,-253],[-18,-67],[-135,-58],[-105,-230],[656,-134],[-23,-216],[98,-70],[196,36],[76,-79],[109,-9],[55,75],[170,91],[95,-115],[8,-94],[-16,-108],[46,63],[71,20],[-7,62],[23,41],[-56,122],[22,25],[-16,73],[16,14],[-32,76],[45,39],[4,-27],[14,10],[-4,30],[28,35],[70,49],[105,-9],[179,-93],[1047,31],[109,-146],[3,-58],[-27,6],[67,-76],[39,41],[78,-189],[43,110],[86,-6],[5,38],[118,-27],[7,68],[-38,27],[-64,124],[23,72],[-8,129],[-85,165],[-104,3],[85,331],[-103,27],[-58,56],[-41,124],[-39,24],[-17,74],[-36,44],[6,110],[-16,56],[23,51],[-33,87],[12,112],[-34,8],[8,79],[68,91],[29,81],[-133,196],[27,267],[-78,17],[10,246],[-77,-28],[-378,125],[-302,-62],[-46,375],[21,13],[-18,21],[98,1132],[67,51],[37,70],[-17,43],[7,47],[96,100],[5,42],[41,21],[-8,50],[-107,-89],[-69,41],[-42,-52],[-40,-5],[-7,-55],[20,-35],[-32,-39],[-50,46],[-46,4],[-22,44],[-77,15],[0,-31],[49,-12],[11,-31],[-60,-121],[-28,-8],[-53,45],[-26,82],[28,98],[-50,-15],[-29,29],[76,58],[-14,53],[-74,17],[-32,-75],[-26,57],[-7,99],[-27,-23],[-4,-40],[51,-133],[-62,-23],[-31,60],[-64,-5],[-9,31],[31,59],[-55,-2],[-25,21],[-5,43],[29,25],[55,-10],[5,68],[-84,-4],[-17,63],[20,62],[-71,6],[-20,66],[-18,-20],[14,-73],[-24,-11],[-43,77],[-60,39],[33,66],[-65,3],[-24,68],[-49,-61],[-12,25],[20,53],[-19,29],[-31,-211],[19,-124],[-40,-81],[-12,-127],[-278,59],[-67,-651]],[[63229,50482],[-37,-153],[95,-101],[48,-14],[-20,-52],[14,-144],[-86,-70],[-26,-93],[-140,-249],[-7,-123],[24,-83],[-50,-166],[-1,-90],[-62,-69],[-28,-91],[-110,-82],[433,-94],[20,195],[65,-13],[-6,-86],[78,-15],[85,-130],[-10,-85],[-36,-46],[4,-44],[63,-97],[15,-76],[-25,-89],[35,-30],[33,6],[4,49],[81,-7],[3,138],[-40,6],[56,53],[19,132],[-16,3],[10,126],[-42,6],[2,214],[190,-80],[71,-83],[40,-163],[44,31],[10,-27],[89,65],[9,44],[90,63],[50,-102],[-24,-19],[25,-69],[15,11],[42,-107],[60,46],[-17,108],[270,12],[-30,-340],[624,-109],[-17,-175],[124,-26],[-70,-132],[34,-40],[87,140],[90,-130],[-20,-33],[25,-38],[96,14],[47,50],[36,-21],[5,-56],[68,-7],[26,6],[-15,26],[26,10],[-5,19],[-133,199],[86,64],[29,-62],[21,92],[39,41],[-14,86],[50,4],[9,43],[58,61],[-5,86],[-54,-19],[13,52],[62,50],[-46,13],[-10,45],[82,47],[-31,48],[-58,20],[14,42],[285,44],[148,88],[50,68],[15,70],[-10,43],[-74,49],[-26,75],[21,73],[54,56],[139,66],[163,800],[-25,27],[-57,-52],[92,428],[-2,151],[-46,121],[-151,91],[-59,98],[-23,100],[26,226],[45,81],[-12,139],[-42,57],[3,64],[-56,227],[-83,120],[-127,53],[12,90],[-74,36],[25,52],[-5,33],[-101,60],[-173,40],[-48,-346],[-119,33],[23,53],[-184,42],[45,144],[-181,41],[-19,-169],[-526,91],[-2,-92],[-860,-151],[-49,-125],[12,-59],[-32,-71],[1,-82],[-63,-47],[-24,-49],[-121,-1],[-63,34],[-71,-75],[-83,6],[14,-29],[-125,-127],[-152,62],[-11,-48],[-36,31],[-56,-32],[-19,-175],[-36,7],[-9,-88],[69,-13],[-14,-131],[-90,-81],[-57,-130],[106,-113],[15,50],[35,20],[68,-47],[21,51],[-5,83],[60,-63],[20,-90],[78,-145],[-30,-5],[-18,-79],[-52,19],[4,-114]],[[68105,56781],[132,56],[6,36],[35,-41],[35,2],[14,-60],[13,49],[66,-32],[-25,-323],[20,-10],[-43,-110],[-104,-57],[84,-140],[1,-70],[237,-66],[8,-105],[120,-276],[8,-65],[159,-173],[-16,-136],[65,-14],[44,-145],[1,-102],[46,-42],[36,-200],[93,-122],[34,-176],[-25,-70],[-110,-152],[-15,-73],[-84,-72],[13,-66],[-121,41],[-10,-81],[16,-45],[-15,-78],[15,-41],[-52,-66],[-12,-54],[39,-124],[7,-122],[-47,-5],[10,-48],[-40,-59],[34,-72],[6,-82],[-58,-54],[22,-83],[-37,-66],[26,-107],[-18,-64],[-54,-70],[-4,-78],[-19,-23],[28,-80],[-20,-48],[-60,-18],[3,-69],[-39,-28],[41,-48],[3,-51],[-153,-18],[-91,69],[3,-124],[-32,-89],[11,-108],[42,-59],[-79,45],[-6,-75],[-26,-42],[-19,24],[-46,-48],[-15,-140],[10,-32],[42,-19],[-53,-46],[-16,-49],[38,-94],[-14,-24],[13,-36],[29,-1],[16,-77],[43,-7],[-69,-74],[27,-158],[42,-154],[62,-12],[-28,-84],[88,-160],[-23,-109],[-12,-244],[183,-81],[62,-83],[5,-83],[75,-7],[66,-44],[42,-95],[1,-133],[58,-85],[-24,-73],[43,-302],[36,-89],[-15,-110],[11,-67],[-83,-174],[3,-100],[62,-62],[10,-112],[120,-30],[42,-71],[123,-105],[79,-283],[97,-121],[133,2],[66,-62],[96,14],[64,-31],[76,80],[65,-119],[83,8],[102,-123],[95,-24],[49,42],[63,-69],[136,-81],[71,-245],[-3,-111],[-28,-24],[-12,-53],[43,-226],[-27,-150],[48,-48],[-6,-133],[50,-135],[61,-29],[65,31],[109,-49],[201,23],[121,-42],[103,15],[82,-130],[82,-2],[21,-50],[120,-100],[15,-51],[-31,-162],[13,-48],[63,-60],[1,-28],[76,7],[-5,-22],[51,-37],[0,-47],[24,-37],[26,9],[18,-94],[100,-115],[70,15],[105,-30],[22,-32],[77,30],[10,96],[-18,41],[61,20],[28,93],[-10,87],[11,22],[154,49],[121,-20],[14,60],[44,44],[139,72],[79,-23],[60,49],[34,49],[-3,72],[20,51],[-49,110],[100,76],[74,199],[-5,91],[4641,2416],[1933,-2536],[25,103],[-67,72],[40,56],[53,-8],[111,241],[61,-10],[80,91],[9,77],[34,5],[27,-55],[32,42],[24,182],[86,103],[13,98],[31,-5],[47,82],[-37,3],[20,36],[-28,15],[-11,42],[61,81],[8,77],[100,54],[0,35],[-34,51],[15,57],[66,48],[-34,53],[38,60],[-9,51],[38,2],[21,50],[31,12],[5,51],[-22,18],[1,37],[27,100],[45,3],[-32,47],[-16,82],[35,-29],[16,116],[46,53],[-12,119],[-11,19],[-48,-26],[23,65],[-32,31],[8,87],[-45,-42],[-81,14],[45,70],[16,-6],[-2,-46],[18,11],[18,78],[50,36],[-35,72],[54,49],[-68,57],[-9,45],[-65,6],[-13,75],[27,34],[-28,11],[-19,-32],[-54,48],[-73,14],[-8,74],[17,60],[-14,26],[-119,-67],[-34,49],[-53,-12],[-21,86],[-39,-14],[-9,-73],[-49,-30],[21,134],[-66,23],[24,116],[-77,87],[-13,52],[-16,-2],[2,-56],[-27,-36],[-141,-79],[-36,163],[-73,154],[53,97],[-6,83],[59,50],[-3,91],[34,31],[-3,40],[36,101],[-109,236],[-20,91],[2,114],[-27,23],[-12,52],[-80,63],[96,189],[-2,26],[-78,47],[65,51],[-10,126],[-18,30],[26,120],[-11,38],[-142,113],[-102,0],[-157,101],[1,189],[-15,40],[22,48],[-6,49],[-10,58],[-43,24],[-16,85],[-24,23],[10,59],[-45,80],[-181,47],[-59,132],[43,39],[-4,114],[-94,37],[-29,51],[-7,108],[-42,-29],[-56,39],[8,47],[78,102],[-79,75],[62,72],[-39,60],[34,77],[29,13],[-14,25],[-71,-38],[-5,28],[50,114],[-2,61],[28,65],[47,-35],[-11,51],[-29,26],[32,49],[-4,54],[32,80],[34,16],[-13,97],[33,37],[-45,108],[-3,82],[75,42],[10,45],[-45,66],[-51,-46],[-36,11],[-6,62],[-36,37],[-53,-24],[-38,77],[33,103],[30,-16],[20,32],[-15,76],[31,19],[-51,11],[-46,127],[53,-6],[-19,59],[20,105],[-46,-13],[-24,50],[43,35],[-52,99],[25,50],[-27,133],[67,72],[-2,56],[-47,72],[18,47],[-18,46],[-62,70],[8,70],[64,53],[-15,58],[10,69],[-32,25],[-4,72],[-53,62],[-8,54],[15,25],[29,-18],[36,131],[44,-25],[-12,43],[29,37],[-20,70],[40,48],[-26,95],[8,82],[-30,0],[-14,39],[17,20],[-18,39],[-31,-13],[-33,105],[-54,1],[14,44],[-39,81],[11,35],[-14,61],[18,49],[31,-38],[2,47],[-30,50],[17,47],[44,-5],[14,74],[36,2],[12,34],[-40,34],[-45,-10],[-27,51],[-20,109],[68,-37],[28,113],[41,-58],[6,41],[-19,33],[41,153],[-54,-41],[-45,54],[29,-48],[-28,-31],[-8,59],[-27,23],[-60,-33],[-70,82],[-38,-37],[-7,66],[-20,-36],[7,-54],[-49,9],[-27,92],[14,76],[-43,57],[13,79],[-34,-8],[-76,71],[53,46],[-25,41],[57,13],[-66,20],[11,57],[33,-13],[-6,37],[-52,-11],[51,47],[-17,73],[39,7],[-20,39],[38,77],[-58,-33],[22,52],[-6,38],[-23,15],[-6,-45],[-19,32],[29,56],[-70,-7],[-6,31],[25,27],[-47,-16],[-46,46],[-6,36],[44,68],[-30,60],[10,41],[52,-34],[18,22],[-1,59],[41,17],[-23,35],[20,54],[-28,-9],[-1,38],[12,40],[44,15],[1,28],[-36,1],[34,26],[3,32],[17,-32],[14,28],[-11,28],[30,27],[-23,41],[-5,109],[34,87],[-84,-48],[-10,-75],[-23,66],[-6,-59],[-24,11],[-8,41],[16,60],[-36,31],[47,27],[-44,9],[-27,-35],[0,87],[-26,-119],[-69,2],[12,151],[-34,-89],[-57,-6],[7,-48],[-19,-18],[-96,54],[39,35],[-10,24],[-66,-58],[-35,7],[-6,-49],[-40,-8],[-28,52],[-61,29],[-1,-73],[-37,-29],[-44,66],[-70,34],[7,63],[39,28],[-39,5],[-10,35],[81,-13],[6,21],[-83,119],[-140,49],[40,68],[-51,33],[63,26],[-37,37],[47,133],[-34,40],[28,84],[-26,61],[-29,-24],[-33,27],[60,68],[-18,53],[-66,-14],[-51,66],[-68,-10],[39,-48],[-19,-84],[-98,42],[-40,-11],[12,-49],[-36,-19],[-16,46],[7,54],[-99,108],[-33,-50],[-42,76],[-49,-51],[-20,99],[-117,-49],[-24,108],[44,17],[-6,32],[-81,-23],[-26,51],[-8,-81],[-75,98],[-180,-9],[-48,72],[29,81],[-26,4],[-25,83],[-56,43],[-108,24],[-92,-66],[-87,26],[-38,-53],[-43,72],[-51,-9],[-18,24],[13,57],[61,22],[-2,23],[-109,1],[-73,78],[-82,-52],[-91,19],[-141,173],[-110,39],[-20,50],[10,84],[-71,164],[-32,29],[-240,-193],[-76,-114],[-58,-3],[-27,40],[-283,-67],[-49,-71],[-51,-240],[-192,-106],[-211,-222],[-52,51],[11,77],[-39,51],[-148,35],[-24,-37],[0,-83],[-43,-18],[-26,50],[4,63],[-97,-2],[36,88],[-76,-75],[-127,81],[-7,-82],[37,-43],[-47,-68],[1,-79],[125,119],[37,-32],[35,-86],[178,11],[29,-128],[-49,-75],[-124,-63],[-133,-207],[-51,-31],[-35,17],[-32,120],[-92,58],[-101,136],[-81,11],[-10,128],[-56,73],[66,163],[51,49],[-2,35],[-104,86],[-49,-68],[-49,82],[-24,105],[-48,40],[-25,75],[-50,60],[-28,-6],[-34,-94],[-77,-10],[-30,126],[-28,-14],[15,-15],[-151,1],[-107,-144],[19,-119],[-61,-59],[-62,43],[-21,57],[-38,-6],[-50,56],[-46,1],[-101,80],[-75,36],[-76,-24],[-41,92],[-103,-108],[-39,28],[-17,-32],[26,-111],[-61,-77],[61,-1],[16,-27],[-12,-35],[-53,-23],[7,-55],[47,-76],[-18,-31],[9,-33],[-96,23],[-108,-106],[29,23],[-50,-78],[25,20],[6,-51],[-44,-1],[-141,-172],[-55,-183],[26,-69],[-3,-106],[-70,-61],[-36,-112],[6,-112],[62,-81],[11,-58],[-63,-96],[-38,-105],[-127,-93],[-32,-139],[-85,-77],[-19,-53],[-22,12],[0,106],[-55,39],[-19,-20],[47,-83],[-33,-61],[-63,71],[-1,71],[-49,69],[26,57],[-37,-5],[-16,52],[-26,-33],[-13,38],[-65,38],[-36,-15],[-25,79],[-58,-74],[-145,75],[-167,-43],[-104,60],[-39,-93],[-76,18],[-80,-118],[-110,35],[-96,-67],[-119,121],[-24,-20],[-64,50],[2,78],[-77,17],[-182,128],[-36,-9],[-66,-91],[-66,77],[-29,-95],[-26,-17],[-17,37],[21,89],[-36,50],[-50,2],[-62,80],[-6,85],[-38,38],[11,123],[-36,64],[22,56],[-47,34],[30,70],[-27,53],[20,51],[-18,4],[-28,-113],[-46,35],[-53,-46],[41,-55],[8,-75],[-41,-11],[-64,65],[-5,-59],[46,-32],[-15,-58],[-123,46],[6,-43],[76,12],[10,-90],[-23,-51],[-36,-17],[-12,83],[-26,-3],[8,-62],[-19,-55],[30,-45],[-3,-38],[-23,-42],[-38,40],[-16,-27],[66,-73],[62,-27],[-39,-59],[-4,-59],[-38,7],[31,-77],[-24,-81],[-30,-3],[-7,62],[-23,-3],[2,-57],[42,-57],[0,-54],[-28,-7],[-29,72],[-25,-77],[-85,-12],[55,-40],[-68,-14],[-53,-144],[-33,11],[-31,59],[-24,-58],[2,-100],[-21,-3],[-11,61],[-24,-10],[-25,-152],[39,-164],[-58,-57],[17,-78],[-77,-16],[-25,-151],[62,-41],[-29,-143],[-25,-9],[-22,83],[-74,-10],[1,-95],[-80,-110],[-16,-166],[22,-213],[166,-553],[81,-95],[118,-225],[194,-579],[110,-91],[57,-82]],[[53205,20151],[-105,-525],[-208,-215],[-243,-711],[-55,-78],[-23,-214],[184,-15],[-30,-284],[18,-4],[-37,-341],[25,12],[-26,-254],[69,47],[137,-33],[55,41],[-12,-117],[207,-39],[-10,-50],[46,-94],[163,-35],[11,98],[307,-61],[11,-96],[39,11],[25,-26],[23,191],[72,-13],[33,79],[13,223],[17,-4],[21,177],[121,-24],[18,46],[1,88],[82,-12],[13,141],[61,-11],[24,262],[28,10],[7,44],[27,309],[234,-28],[20,156],[-54,12],[16,142],[-25,5],[4,46],[-25,6],[5,46],[26,-5],[5,47],[-82,17],[21,129],[67,18],[15,117],[-32,7],[6,51],[119,-7],[8,69],[-38,144],[103,-47],[81,725],[20,37],[-16,3],[11,102],[-74,4],[18,171],[22,-32],[63,82],[-11,22],[148,-31],[11,187],[27,104],[-25,6],[-7,41],[-36,-25],[-5,-33],[-8,56],[-25,-4],[4,39],[-54,10],[-7,-72],[-94,43],[19,-50],[-26,-28],[-19,25],[-10,-31],[-155,16],[-64,-77],[-16,33],[-25,-25],[-23,15],[11,-32],[-12,-10],[-47,56],[7,49],[-92,18],[4,34],[-178,31],[54,514],[-129,63],[67,99],[1,159],[-22,54],[-197,222],[-72,27],[-83,184],[-73,14],[44,422],[-729,142],[129,-130],[70,-107],[-10,-45],[73,-80],[12,-79],[-17,-119],[41,-174],[-1,-205],[-85,-131],[10,-52],[-31,-62],[19,-130],[-22,-32],[28,-122],[-22,-5],[-10,-65],[28,-81],[-34,-49],[17,-86],[-33,-90],[6,-70],[-13,-20],[24,-53],[2,-116],[-18,-59],[-84,-75],[22,-105],[-89,-173],[106,-37],[156,-125],[-54,-130]],[[53714,22816],[-44,-422],[73,-14],[83,-184],[72,-27],[197,-222],[22,-54],[-1,-159],[-67,-99],[129,-63],[-54,-514],[178,-31],[-4,-34],[92,-18],[-7,-49],[47,-56],[12,10],[-11,32],[23,-15],[25,25],[16,-33],[64,77],[155,-16],[10,31],[19,-25],[26,28],[-19,50],[94,-43],[7,72],[54,-10],[-4,-39],[25,4],[8,-56],[5,33],[36,25],[7,-41],[25,-6],[-27,-104],[-11,-187],[-148,31],[11,-22],[-63,-82],[-22,32],[-18,-171],[74,-4],[11,78],[55,-50],[17,-71],[28,33],[110,-4],[42,-221],[464,-118],[-14,308],[50,39],[22,-69],[117,51],[8,-25],[125,74],[-37,116],[28,17],[37,-117],[-5,-51],[132,-15],[-1,-21],[173,-45],[-12,138],[46,431],[90,95],[-53,92],[160,146],[-44,58],[7,70],[253,-48],[-14,-117],[140,-26],[-20,-54],[144,-31],[5,46],[106,-23],[-26,-223],[21,-4],[-82,-170],[86,-104],[34,-133],[66,134],[74,-53],[-35,-72],[245,-188],[109,224],[101,-77],[123,-183],[29,66],[95,-71],[88,156],[52,-2],[-142,-258],[34,-100],[223,-170],[-132,-233],[91,-78],[15,28],[165,-161],[59,105],[103,-110],[-89,-159],[32,-7],[44,-295],[117,145],[130,115],[122,67],[-34,113],[22,66],[44,-24],[13,-42],[38,15],[23,-31],[67,19],[22,49],[60,-17],[51,-75],[19,7],[-8,39],[24,9],[29,-34],[28,42],[12,-38],[45,29],[29,-51],[65,10],[22,-45],[68,201],[6,53],[-21,4],[11,88],[71,-18],[19,151],[21,-5],[15,124],[-38,9],[12,92],[-98,46],[94,37],[74,114],[7,56],[-113,24],[26,209],[67,111],[0,49],[154,44],[11,34],[25,-67],[167,-39],[194,-120],[-24,-127],[264,-46],[92,-108],[33,2],[-21,40],[62,-32],[-2,38],[15,1],[13,-27],[-18,-47],[30,-7],[-17,-37],[19,-27],[-7,-49],[34,11],[-5,81],[33,26],[29,249],[606,-140],[11,80],[-28,20],[20,164],[-29,56],[9,170],[-19,60],[88,-3],[53,-44],[89,-5],[110,-64],[20,141],[-32,69],[-42,20],[36,138],[-21,47],[7,33],[103,104],[-44,69],[3,95],[-70,42],[-23,78],[-74,81],[-12,82],[-48,36],[2,62],[82,61],[18,121],[-12,81],[33,52],[-17,56],[-71,35],[-63,-39],[14,36],[-103,21],[11,16],[-14,59],[-51,49],[350,5812],[-27,84],[11,34],[40,1],[70,82],[-13,64],[43,51],[-3,57],[-31,85],[-59,14],[-24,118],[-37,38],[-50,131],[-14,111],[-76,139],[-133,61],[-44,-9],[-141,226],[-15,103],[-59,132],[-77,33],[-39,49],[-104,-144],[-47,1],[-239,215],[-49,84],[-45,-58],[-54,22],[-12,36],[-46,-95],[-56,11],[-16,-25],[7,-130],[-16,-108],[-67,-119],[-96,-25],[-32,60],[-36,-25],[-70,53],[-54,-6],[-44,31],[-50,117],[-94,81],[-8,91],[-49,15],[-73,153],[-107,13],[-82,111],[-68,47],[-250,-267],[-138,-29],[-82,-74],[-70,-3],[-55,13],[-47,59],[-89,-15],[-6,-23],[-112,98],[-161,55],[-37,30],[-17,73],[-93,136],[-62,35],[-19,122],[-35,-16],[-88,-74],[-32,-74],[-17,-96],[-21,-8],[26,-102],[-41,-4],[-71,72],[-9,-69],[-27,-26],[40,-141],[-11,-40],[46,-137],[-8,-111],[-62,11],[-8,-152],[-32,7],[-52,88],[-75,-40],[-54,-99],[22,-86],[-115,-133],[-13,-81],[31,-106],[15,-209],[-20,-78],[2,-163],[89,-100],[26,-181],[-69,-120],[-10,-86],[44,-79],[-13,-72],[60,3],[40,-91],[36,-14],[28,-55],[-15,-36],[22,-97],[59,-106],[10,-164],[27,-32],[9,-131],[-32,-68],[-26,-185],[10,-29],[-22,-60],[-52,-68],[-110,-63],[-6,-62],[-47,-53],[0,-93],[-42,-104],[-60,-22],[-23,22],[-15,-28],[-40,25],[-52,115],[5,87],[-94,67],[-59,116],[-3,99],[-33,22],[-44,103],[-77,55],[-53,-141],[-35,-42],[-72,3],[-18,-46],[-52,-30],[-7,-37],[-323,-106],[-61,21],[-130,-29],[-25,59],[-73,59],[-101,4],[-44,60],[-103,-65],[-98,3],[-125,74],[-73,-22],[-221,149],[-80,-134],[4,-124],[-145,0],[-69,-114],[6,-164],[122,-239],[-71,-194],[8,-59],[92,-164],[-4,-27],[-50,-25],[-4,-135],[-130,69],[-102,187],[-77,-96],[-17,-66],[-48,-13],[-120,133],[-38,4],[-67,130],[-38,14],[-25,82],[-12,-17],[-33,28],[-62,102],[-137,61],[-62,-19],[-8,-110],[-82,-85],[-20,-65],[-103,38],[-54,56],[-61,-6],[-60,-125],[-102,-21],[13,-87],[-27,-129],[112,4],[6,-65],[43,-1],[7,-116],[26,-12],[2,-68],[-79,-187],[3,-44],[76,-77],[48,27],[21,-69],[-68,-63],[-9,-66],[-29,53],[-53,20],[-17,-55],[39,-135],[-12,-58],[-31,25],[-35,-21],[-59,-85],[-88,-18],[-73,34],[-99,-78],[-47,-103],[4,-80],[-30,-89],[25,-70],[-9,-53],[-97,-145],[-53,-160],[-37,-40],[-6,-92],[-63,-60],[5,-48],[53,-97],[5,-71],[-56,-101],[-8,-93],[-70,-36],[23,-98],[-35,-20],[-30,-67],[78,-203],[729,-142]],[[56110,18288],[-94,-879],[13,-3],[-20,-193],[43,-115],[-5,-112],[25,-27],[-9,-22],[-55,9],[63,-46],[5,-66],[-33,-119],[13,-31],[-175,32],[-17,-179],[30,-119],[-16,-14],[40,-8],[54,54],[28,-22],[14,-55],[-25,-95],[-82,14],[-5,-128],[-147,24],[-14,-132],[228,-40],[49,-57],[141,62],[27,-35],[85,-8],[232,165],[37,-26],[-46,-216],[57,-134],[88,70],[-23,55],[102,81],[-18,37],[66,-36],[-8,-31],[107,44],[61,-60],[0,-88],[43,-20],[20,-42],[83,66],[177,-411],[283,236],[138,-28],[20,168],[299,-64],[39,327],[101,-23],[23,213],[144,-82],[19,21],[129,-28],[23,103],[41,44],[33,123],[325,-71],[105,121],[54,101],[-209,47],[45,379],[-90,21],[29,80],[-45,151],[115,182],[68,42],[40,78],[5,54],[93,132],[19,62],[-32,67],[3,41],[56,68],[-204,45],[-6,-53],[-58,-64],[6,-30],[-118,27],[4,38],[-108,24],[-11,-92],[-160,40],[-4,-37],[-204,49],[46,337],[52,54],[9,58],[48,81],[-43,39],[3,231],[23,13],[-85,552],[-32,7],[89,159],[-103,110],[-59,-105],[-165,161],[-15,-28],[-91,78],[132,233],[-223,170],[-34,100],[142,258],[-52,2],[-88,-156],[-95,71],[-29,-66],[-123,183],[-101,77],[-109,-224],[-245,188],[35,72],[-74,53],[-66,-134],[-34,133],[-86,104],[82,170],[-21,4],[26,223],[-106,23],[-5,-46],[-144,31],[20,54],[-140,26],[14,117],[-253,48],[-7,-70],[44,-58],[-160,-146],[53,-92],[-90,-95],[-46,-431],[12,-138],[50,-7],[35,-96],[60,-13],[-35,-322],[65,-13],[-46,-410],[45,-9],[7,22],[91,-32],[11,117],[173,-37],[-50,-442],[107,-22],[-19,-157],[-160,36],[-13,-109],[-30,7],[-24,-204],[20,-50],[-43,-32],[-97,20],[-47,-60],[-151,-49],[-63,37],[-36,-242],[95,-20]],[[54707,19599],[-103,47],[38,-144],[-8,-69],[-119,7],[-6,-51],[32,-7],[-15,-117],[-67,-18],[-21,-129],[82,-17],[-5,-47],[-26,5],[-5,-46],[25,-6],[-4,-46],[25,-5],[-16,-142],[54,-12],[-20,-156],[-234,28],[-27,-309],[-7,-44],[-28,-10],[-24,-262],[-61,11],[-13,-141],[-82,12],[-1,-88],[-18,-46],[-121,24],[-21,-177],[-17,4],[-13,-223],[-33,-79],[-72,13],[-22,-178],[55,-36],[21,-52],[-19,-41],[80,-90],[168,-24],[-29,-291],[71,-19],[-12,-140],[127,-24],[-7,-81],[-29,5],[-20,-232],[185,-38],[19,0],[5,50],[149,-30],[15,141],[81,-12],[-9,-99],[197,-39],[13,44],[-9,68],[-57,32],[4,29],[185,-4],[4,44],[2,-57],[53,-10],[-10,-114],[28,-50],[23,0],[25,-82],[169,-33],[27,283],[19,-3],[8,74],[116,11],[13,141],[188,-33],[10,-59],[17,43],[51,0],[30,288],[345,-57],[-13,31],[33,119],[-5,66],[-63,46],[55,-9],[9,22],[-25,27],[5,112],[-43,115],[20,193],[-13,3],[94,879],[-95,20],[24,223],[12,19],[85,-34],[129,46],[47,60],[97,-20],[43,32],[-20,50],[24,204],[30,-7],[13,109],[160,-36],[19,157],[-107,22],[50,442],[-173,37],[-11,-117],[-91,32],[-7,-22],[-45,9],[46,410],[-65,13],[35,322],[-60,13],[-35,96],[-354,88],[5,51],[-37,117],[-28,-17],[37,-116],[-125,-74],[-8,25],[-117,-51],[-22,69],[-50,-39],[14,-308],[-464,118],[-42,221],[-110,4],[-28,-33],[-17,71],[-55,50],[-22,-180],[16,-3],[-20,-37],[-81,-725]],[[77676,42700],[-153,0],[1,-140],[-101,-88],[-128,2],[-1,-68],[-117,-25],[-24,-60],[5,-47],[-64,40],[-7,-75],[-56,6],[9,-46],[-47,-34],[18,-55],[-20,11],[-10,-29],[25,-55],[-27,-25],[-27,18],[-14,-52],[-44,-42],[-7,-54],[-32,-29],[1,-32],[-27,0],[-5,40],[-10,-55],[-18,-24],[-9,28],[-20,-39],[26,-35],[-22,-18],[18,-60],[-50,-48],[-13,-67],[51,-43],[-43,-63],[-32,37],[29,-158],[-100,-3],[-58,-139],[-36,-176],[14,-63],[-18,-9],[25,-18],[3,-101],[-59,2],[-79,-48],[34,-24],[-9,-42],[26,-9],[0,-47],[-21,-7],[-42,-93],[-52,25],[0,-59],[701,-185],[-277,-2233],[39,-15],[-137,-1521],[61,-1],[-3,-241],[152,-5],[-1,-126],[291,-9],[-102,-919],[-12,-2],[-45,-532],[165,-37],[-26,-223],[86,-19],[-13,-110],[853,-169],[0,144],[25,64],[-14,57],[11,17],[-16,20],[9,27],[-20,14],[3,106],[-17,4],[10,91],[-30,25],[6,27],[39,12],[-7,91],[19,103],[-8,57],[-25,5],[16,114],[-30,20],[5,31],[-22,18],[-21,84],[51,86],[-37,78],[57,103],[40,27],[-9,93],[18,45],[-83,183],[1063,-109],[-3,64],[83,50],[276,-11],[2,66],[154,-2],[3,-73],[91,-4],[25,73],[-31,35],[-6,109],[-50,42],[1,147],[-72,198],[-44,22],[23,109],[46,31],[1,131],[-38,72],[36,19],[-4,41],[23,-5],[-11,35],[50,-25],[-5,50],[77,73],[51,-32],[-16,-153],[38,-52],[42,5],[62,65],[73,-22],[1,31],[44,19],[1,34],[51,60],[-15,73],[-39,43],[16,58],[-23,41],[37,18],[16,-7],[3,-47],[50,19],[11,-34],[45,26],[19,-149],[62,-92],[32,-125],[347,-77],[97,619],[126,23],[-41,27],[17,138],[15,-4],[28,206],[39,-8],[-91,91],[19,139],[-19,6],[12,81],[-204,58],[15,101],[121,-33],[13,97],[-14,4],[55,285],[-170,44],[-20,64],[-36,4],[-71,74],[-39,96],[136,107],[51,289],[57,12],[50,312],[-12,3],[66,70],[41,292],[31,36],[38,217],[16,271],[-27,198],[-141,71],[-24,-160],[-352,106],[-56,154],[16,145],[-38,172],[-46,9],[-19,171],[-99,136],[5,194],[-67,48],[6,66],[-18,41],[58,101],[11,63],[108,18],[43,59],[1,310],[99,-16],[86,-79],[65,-141],[22,4],[1,53],[202,-8],[43,3005],[-624,444],[-92,-152],[-47,-14],[-31,165],[-39,-8],[-88,82],[-48,-44],[-1,46],[-61,-12],[-9,57],[-63,-59],[-35,22],[4,-43],[-29,-22],[-107,16],[-2,-25],[-28,13],[12,-38],[-60,28],[-32,-15],[-6,-97],[-42,6],[-26,-95],[-50,74],[-14,-10],[-16,48],[-45,-12],[-9,41],[27,9],[-64,163],[-51,-33],[-24,85],[41,-33],[23,17],[20,62],[-9,82],[67,127],[23,113],[36,47],[62,19],[5,48],[44,54],[-65,-1],[3,61],[88,69],[2,45],[43,-12],[8,78],[-15,39],[29,23],[-1933,2536],[-2799,-1474],[-14,-95],[11,-251],[-49,-271],[38,-20],[237,53],[71,-49],[35,23],[39,-68],[241,-1196],[31,73],[61,36],[94,123],[143,72],[109,-29],[84,84],[209,81],[31,51],[41,241],[42,1],[46,-109],[1,183],[1441,1],[-12,-3307],[-34,46],[8,-34],[-118,-89],[13,-8],[-1,-332],[41,-1],[0,-214]],[[73374,25663],[-52,-154],[-30,19],[-18,-135],[-52,13],[-45,-368],[-51,12],[-18,-140],[-304,71],[-21,-151],[-176,29],[-45,-345],[172,-47],[-14,-100],[81,-19],[50,45],[484,-113],[75,557],[712,-176],[148,-159],[196,39],[93,135],[7,86],[-29,-61],[-52,-31],[-192,108],[-60,185],[15,320],[26,13],[-7,33],[58,-40],[37,-95],[87,-119],[1,-63],[72,54],[81,4],[115,251],[-23,4],[18,161],[-53,11],[15,268],[183,50],[14,111],[94,-20],[6,59],[-98,21],[17,155],[-308,65],[24,220],[-98,18],[25,56],[-51,10],[-7,-58],[-109,23],[-7,-55],[-171,40],[47,414],[-80,17],[37,350],[-303,64],[-13,-117],[35,-163],[27,-42],[-44,8],[30,-47],[-24,-46],[-38,6],[-11,-91],[-138,27],[-26,-47],[-1,-102],[-37,-105],[-76,43],[-81,160],[9,193],[-201,34],[-54,-526],[-186,37],[-19,-76],[22,-52],[-7,-36],[-20,-39],[-67,14],[-25,-212],[-32,7],[-20,-191],[142,-27],[31,38],[-53,-1],[-10,76],[45,9],[17,50],[36,-46],[80,32],[32,-44],[84,-34],[84,-117],[-7,-215]],[[71320,40931],[-33,-38],[18,-11],[6,-59],[24,-11],[-68,-35],[-7,-30],[44,11],[11,-76],[-112,-121],[6,-441],[21,-20],[-12,-106],[-26,-61],[13,-144],[-59,-41],[-20,14],[-37,-61],[-30,41],[-26,-8],[-32,-116],[15,-45],[-47,-86],[-475,9],[100,-152],[-21,-68],[46,-55],[8,-93],[-37,-165],[39,-42],[13,-77],[27,-39],[-8,-65],[51,-18],[24,-72],[69,-57],[30,-136],[-8,-56],[136,-193],[32,-175],[70,-108],[10,-59],[120,-47],[54,-62],[-24,-80],[27,-68],[-530,-1235],[-1483,362],[-11,-220],[59,-124],[-80,-24],[3,-248],[51,-121],[-16,-122],[42,-25],[81,-126],[-7,-54],[-36,-53],[35,-78],[-4,-74],[-46,-138],[8,-77],[-28,-48],[2,-83],[-23,-72],[20,-42],[-14,-105],[11,-119],[-63,-26],[-39,-53],[-48,2],[-37,-49],[1,-49],[-36,-85],[-132,95],[-46,-21],[-58,91],[14,50],[-45,71],[-12,60],[-203,54],[24,208],[-217,41],[-28,-152],[-189,-15],[-81,-59],[-77,14],[-88,-46],[-18,-67],[41,-107],[30,-25],[-17,-53],[41,-18],[15,26],[18,-31],[-11,-73],[68,66],[15,-60],[52,3],[35,-52],[1,-45],[-39,20],[-7,-27],[64,-71],[-49,-44],[85,-22],[-30,-251],[61,-13],[-3,-177],[64,-62],[-37,-46],[161,21],[-15,-231],[-208,62],[9,-46],[-16,-2],[-30,-230],[197,-44],[-41,-20],[45,-46],[-58,5],[-17,-133],[101,-23],[-35,-46],[10,-70],[113,-22],[20,-119],[-35,-59],[144,-38],[-6,-48],[193,-44],[-46,-399],[-62,-29],[-10,-127],[-29,-36],[-30,21],[-6,-44],[44,-274],[130,47],[38,-55],[-31,-295],[33,-69],[-8,-49],[26,-126],[-58,-94],[-27,-133],[65,-168],[-61,-112],[-58,-19],[-24,-99],[-12,-90],[60,-209],[-39,-71],[-5,-115],[91,-143],[34,-15],[11,-63],[67,-114],[140,-126],[57,35],[34,-81],[77,-29],[109,56],[100,-149],[-207,-1635],[-24,0],[-23,-68],[15,-33],[-27,-27],[4,-41],[170,-102],[13,-148],[38,-42],[-37,-44],[-66,0],[32,-40],[124,26],[14,-36],[35,29],[15,-70],[24,-5],[50,51],[11,-28],[48,12],[43,-33],[51,49],[86,-144],[19,31],[36,-11],[-7,-29],[20,-19],[-17,-25],[-56,-9],[-171,-216],[-52,9],[-35,-42],[532,-101],[-117,-1035],[48,-16],[2,-79],[-61,-10],[-12,-59],[47,-105],[-33,-58],[3,-59],[-45,-86],[25,-4],[22,-69],[-64,-97],[61,-65],[-25,-80],[25,-74],[65,-6],[-26,-94],[11,-37],[28,63],[50,-22],[10,40],[24,11],[11,-19],[-13,-10],[22,-5],[-36,-76],[0,-80],[-38,-62],[34,-66],[31,3],[1,-32],[-25,-39],[-60,4],[-13,-74],[69,-19],[29,50],[2,-81],[15,-12],[-10,-37],[-63,25],[-26,-55],[45,-19],[8,34],[31,-63],[-76,-33],[-6,-76],[-66,-52],[17,-75],[36,-24],[61,19],[253,140],[-39,-327],[500,-122],[4,-70],[34,-30],[-4,-37],[22,-3],[69,509],[1318,-316],[97,789],[171,-43],[59,447],[176,-29],[21,151],[304,-71],[18,140],[51,-12],[45,368],[52,-13],[18,135],[30,-19],[52,154],[7,215],[-84,117],[-84,34],[-32,44],[-80,-32],[-36,46],[-17,-50],[-45,-9],[10,-76],[53,1],[-31,-38],[-142,27],[20,191],[32,-7],[25,212],[67,-14],[20,39],[7,36],[-22,52],[19,76],[186,-37],[54,526],[201,-34],[-9,-193],[81,-160],[76,-43],[37,105],[1,102],[26,47],[138,-27],[11,91],[38,-6],[24,46],[-30,47],[44,-8],[-27,42],[-35,163],[13,117],[303,-64],[-37,-350],[80,-17],[-47,-414],[171,-40],[7,55],[109,-23],[7,58],[51,-10],[-25,-56],[98,-18],[-24,-220],[308,-65],[-17,-155],[98,-21],[-6,-59],[-94,20],[-14,-111],[-183,-50],[-15,-268],[53,-11],[-18,-161],[199,36],[47,119],[20,7],[13,-51],[97,-74],[34,47],[62,-17],[-8,-47],[-27,-18],[71,2],[34,-61],[42,-12],[19,-62],[60,34],[-2,-52],[-14,-5],[11,-15],[27,22],[61,-17],[67,54],[123,26],[90,42],[44,54],[56,-62],[-36,-124],[6,-53],[253,290],[140,323],[30,-5],[-10,54],[20,67],[41,17],[2,92],[-57,12],[32,301],[-18,32],[116,161],[-3,134],[118,-27],[5,44],[57,38],[46,-8],[10,80],[51,-12],[30,62],[162,-36],[90,-140],[132,168],[104,-19],[33,93],[102,14],[79,-41],[104,18],[43,152],[-25,143],[-56,162],[-87,72],[-172,228],[-253,62],[94,1079],[-47,42],[-10,58],[-75,40],[85,28],[10,127],[95,8],[107,207],[8,86],[-30,85],[3,63],[-68,130],[160,53],[-2,133],[80,38],[31,113],[109,83],[94,13],[60,47],[149,-30],[32,142],[107,79],[48,89],[-9,83],[-89,30],[-46,64],[-64,10],[-64,84],[-11,74],[19,61],[94,137],[9,73],[-29,21],[5,35],[51,47],[73,-13],[-20,64],[-69,45],[9,149],[46,-2],[20,55],[-5,76],[21,22],[50,23],[17,-23],[-35,-30],[103,-2],[2,147],[59,45],[-42,12],[-5,33],[62,99],[-11,2397],[-853,169],[13,110],[-86,19],[26,223],[-165,37],[45,532],[12,2],[102,919],[-291,9],[1,126],[-152,5],[3,241],[-61,1],[137,1521],[-39,15],[277,2233],[-701,185],[-2,55],[54,-21],[42,93],[21,7],[0,47],[-26,9],[9,42],[-29,29],[74,43],[59,-2],[-3,101],[-25,18],[18,9],[-14,63],[36,176],[58,139],[100,3],[-29,158],[32,-37],[43,63],[-51,43],[13,67],[50,48],[-18,60],[22,18],[-26,35],[20,39],[9,-28],[18,24],[10,55],[5,-40],[27,0],[-1,32],[32,29],[7,54],[44,42],[14,52],[27,-18],[27,25],[-25,55],[10,29],[20,-11],[-18,55],[47,34],[-9,46],[56,-6],[7,75],[64,-40],[-5,47],[24,60],[117,25],[1,68],[128,-2],[101,88],[-1,140],[153,0],[0,214],[-41,1],[1,332],[-13,8],[118,89],[-8,34],[34,-46],[12,3307],[-1441,-1],[-1,-183],[-46,109],[-42,-1],[-41,-241],[-31,-51],[-209,-81],[-84,-84],[-109,29],[-143,-72],[-94,-123],[-61,-36],[-31,-73],[-241,1196],[-39,68],[-35,-23],[-71,49],[-237,-53],[-38,20],[49,271],[-11,251],[27,115],[-1855,-962],[5,-91],[-74,-199],[-100,-76],[49,-104],[-27,-149],[-84,-78],[-79,23],[-141,-73],[-42,-43],[-14,-60],[-121,20],[-154,-49],[-11,-22],[10,-87],[-28,-93],[-61,-20],[18,-41],[-10,-96],[-77,-30],[-22,32],[-105,30],[-70,-15],[-100,115],[-18,94],[-26,-9],[-24,37],[0,47],[-51,37],[5,22],[-77,-5],[0,26],[-77,91],[32,179],[-15,51],[-120,100],[-21,50],[-82,2],[-82,130],[-103,-15],[-121,42],[-201,-23],[-109,49],[-65,-31],[-77,53],[-34,111],[-1,149],[-53,40],[-163,-51],[-85,-123],[-11,-252],[49,-68],[-25,-177],[-48,-47],[-66,16],[-31,-106],[-86,-71],[-15,-43],[10,-92],[45,-83],[24,-100],[204,-343],[-15,-223],[-102,-85],[125,-20],[95,-75],[53,85],[33,-58],[46,-20],[38,1],[34,51],[135,-21],[56,-155],[-33,-77],[5,-48],[70,-125],[-26,-110],[21,-101],[-45,-80],[-96,15],[-52,-45],[-14,-71],[-63,-55],[2,-41],[50,-72],[-13,-51],[-47,-44],[-106,38],[-1,-154],[-76,17],[4,-67],[-36,-30],[-26,-116],[-62,-81],[1,-95],[38,-134],[-50,-120],[-79,-61],[-198,-1551],[52,15],[13,-54],[45,-6],[81,11],[48,61],[99,-32],[50,-70],[99,-51],[70,-129],[53,-16],[36,-52],[60,-20],[107,-100],[27,19],[35,-19],[0,-44],[76,-12],[10,-74],[20,0],[38,70],[90,-31],[88,85],[176,-1],[25,-36],[-14,-67],[31,-81]],[[74718,25321],[-111,-247],[-85,-8],[-70,-54],[-3,63],[-87,119],[-37,95],[-60,39],[10,-30],[-27,-15],[-16,-126],[8,-236],[65,-159],[180,-92],[52,31],[26,63],[-12,-64],[54,48],[-14,-19],[185,78],[38,55],[65,-5],[44,155],[65,-26],[85,106],[142,35],[-145,-79],[-132,-150],[-53,-125],[-82,16],[-113,-64],[-38,-77],[-58,-4],[-20,-72],[33,-166],[122,-88],[125,62],[97,0],[23,68],[17,-121],[95,-35],[20,-44],[-1,-61],[23,-7],[134,111],[101,-14],[32,44],[40,2],[110,171],[55,43],[16,-108],[-69,-195],[-8,-157],[126,-401],[81,-83],[72,-9],[76,45],[62,-1],[79,53],[81,149],[41,0],[16,36],[-10,59],[-35,-33],[-53,4],[-34,25],[-13,50],[24,36],[3,53],[47,33],[83,172],[50,46],[31,17],[58,-56],[138,-21],[65,-48],[24,93],[0,111],[45,113],[93,-93],[-10,-113],[77,-30],[27,242],[-27,2],[-57,139],[-45,46],[-116,-26],[-21,87],[-10,-50],[22,-101],[-66,-171],[37,-70],[-9,-17],[-143,251],[-137,-33],[-131,30],[-3,164],[15,34],[-19,242],[-19,100],[-65,88],[-38,1],[-160,-144],[-6,53],[36,124],[-56,62],[-44,-54],[-90,-42],[-123,-26],[-67,-54],[-61,17],[-27,-22],[-11,15],[14,5],[2,52],[-60,-34],[-19,62],[-42,12],[-34,61],[-71,-2],[27,18],[8,47],[-62,17],[-34,-47],[-97,74],[1,38],[-18,13],[-62,-125],[-177,-41]],[[76184,25711],[-140,-323],[-198,-208],[12,-16],[118,82],[78,-93],[38,-342],[-15,-34],[2,-162],[132,-32],[137,33],[143,-251],[9,17],[-37,70],[66,171],[-22,101],[10,50],[21,-87],[122,23],[39,-43],[57,-139],[27,-2],[-27,-242],[44,-31],[81,92],[27,-51],[22,19],[56,-36],[147,5],[35,41],[94,11],[6,39],[-20,12],[21,17],[39,-33],[56,46],[137,15],[67,108],[39,-44],[128,57],[34,-49],[68,9],[389,239],[427,199],[118,0],[327,183],[-40,103],[-129,58],[-7,-33],[-42,-26],[12,-59],[-39,57],[-42,-37],[-30,56],[-19,83],[50,-68],[91,23],[24,61],[67,-8],[-54,115],[12,138],[-100,-32],[15,10],[-1086,258],[9,122],[-19,148],[21,38],[-41,110],[35,87],[0,107],[-44,143],[-58,41],[-2,68],[-82,46],[-92,97],[-16,35],[10,80],[-35,-78],[-7,-65],[-104,-18],[-79,41],[-102,-14],[-33,-93],[-104,19],[-132,-168],[-90,140],[-162,36],[-30,-62],[-51,12],[-10,-80],[-46,8],[-57,-38],[-5,-44],[-118,27],[3,-134],[-116,-161],[18,-32],[-32,-301],[57,-12],[4,-51],[-6,-41],[-41,-17],[-20,-67],[10,-54],[-30,5]],[[78091,34302],[11,-2541],[-62,-95],[5,-37],[41,-19],[-58,-38],[-2,-147],[-103,2],[35,30],[-17,23],[-50,-23],[-21,-22],[5,-76],[-20,-55],[-46,2],[-9,-149],[69,-45],[20,-64],[-73,13],[-51,-47],[-5,-35],[29,-21],[-9,-73],[-113,-195],[11,-77],[64,-84],[64,-10],[46,-64],[89,-30],[7,-90],[-46,-82],[-107,-79],[-32,-142],[-149,30],[-60,-47],[-94,-13],[-109,-83],[-31,-113],[-80,-38],[2,-133],[-160,-53],[68,-130],[-3,-63],[30,-85],[-8,-86],[-107,-207],[-95,-8],[-10,-127],[-85,-28],[75,-40],[10,-58],[47,-42],[-94,-1079],[253,-62],[172,-228],[87,-72],[56,-162],[25,-143],[-11,-89],[108,-132],[82,-46],[2,-68],[58,-41],[44,-143],[0,-107],[-35,-87],[41,-110],[-21,-38],[19,-148],[-9,-122],[1086,-258],[-15,-10],[100,32],[-12,-138],[54,-115],[-67,8],[-24,-61],[-91,-23],[-50,68],[19,-83],[30,-56],[42,37],[39,-57],[-12,59],[42,26],[7,33],[129,-58],[40,-103],[700,381],[831,336],[661,185],[865,138],[1029,47],[974,-10],[43,-29],[334,28],[321,-34],[172,-86],[324,98],[470,30],[151,-29],[129,-79],[32,-32],[8,-68],[-14,-22],[23,-38],[74,151],[97,27],[-17,52],[11,58],[72,68],[214,91],[447,114],[577,27],[259,-96],[51,55],[133,50],[285,61],[1015,8],[1180,71],[571,-17],[94,-38],[27,25],[68,-16],[74,34],[156,8],[369,-57],[213,-171],[32,-67],[-38,-110],[48,-22],[-3,-40],[67,-40],[50,131],[33,-46],[21,9],[-3,107],[87,114],[532,203],[288,37],[215,-58],[96,50],[91,-18],[32,49],[58,12],[112,-16],[13,-49],[100,-16],[90,103],[253,53],[131,-22],[125,-96],[41,20],[14,43],[21,-7],[16,75],[25,8],[16,225],[16,4],[-21,6],[4,52],[108,93],[65,23],[44,-33],[35,77],[-27,36],[92,115],[133,81],[43,-27],[9,55],[11,-25],[22,63],[235,98],[240,40],[88,-79],[25,22],[-8,77],[30,84],[8,98],[40,35],[17,63],[118,123],[339,187],[217,49],[108,82],[10,-18],[-7,62],[25,104],[-12,47],[46,68],[-12,29],[23,32],[-7,62],[79,84],[-10,36],[20,30],[50,28],[-5,43],[33,25],[28,80],[25,5],[2,38],[46,29],[70,298],[70,169],[-27,53],[18,19],[0,75],[25,5],[0,47],[28,21],[-6,26],[55,107],[51,37],[-7,77],[48,66],[-4,41],[36,89],[114,115],[182,101],[-49,134],[158,175],[225,156],[268,95],[133,12],[146,-28],[150,72],[174,32],[361,-50],[104,204],[98,115],[125,98],[239,118],[75,-54],[-24,42],[27,80],[128,125],[-4261,2887],[-5076,3485],[-3729,2593],[-6070,4280],[-43,-3005],[-202,8],[-1,-53],[-22,-4],[-65,141],[-86,79],[-99,16],[-1,-310],[-43,-59],[-108,-18],[-11,-63],[-58,-101],[18,-41],[-6,-66],[67,-48],[-5,-194],[99,-136],[19,-171],[46,-9],[38,-172],[-16,-145],[56,-154],[352,-106],[24,160],[141,-71],[27,-198],[-16,-271],[-38,-217],[-31,-36],[-41,-292],[-66,-70],[12,-3],[-50,-312],[-57,-12],[-51,-289],[-136,-107],[39,-96],[71,-74],[36,-4],[20,-64],[170,-44],[-55,-285],[14,-4],[-13,-97],[-121,33],[-15,-101],[204,-58],[-12,-81],[19,-6],[-19,-139],[91,-91],[-39,8],[-28,-206],[-15,4],[-17,-138],[41,-27],[-126,-23],[-97,-619],[-347,77],[-32,125],[-62,92],[-19,149],[-45,-26],[-11,34],[-50,-19],[-3,47],[-16,7],[-37,-18],[23,-41],[-16,-58],[39,-43],[15,-73],[-51,-60],[-1,-34],[-44,-19],[-1,-31],[-73,22],[-62,-65],[-42,-5],[-38,52],[16,153],[-51,32],[-77,-73],[5,-50],[-50,25],[11,-35],[-23,5],[4,-41],[-36,-19],[38,-72],[-1,-131],[-46,-31],[-23,-109],[44,-22],[72,-198],[-1,-147],[50,-42],[6,-109],[31,-35],[-25,-73],[-91,4],[-3,73],[-154,2],[-2,-66],[-276,11],[-83,-50],[3,-64],[-1063,109],[83,-183],[-18,-45],[9,-93],[-40,-27],[-57,-103],[37,-78],[-51,-86],[21,-84],[22,-18],[-5,-31],[30,-20],[-16,-114],[25,-5],[8,-57],[-19,-103],[7,-91],[-39,-12],[-6,-27],[30,-25],[-10,-91],[17,-8],[-12,-31],[15,-9],[-4,-69],[18,-7],[-9,-27],[16,-20],[-11,-17],[14,-57],[-25,-64]],[[99206,30902],[19,-166],[43,-35],[68,-7],[24,25],[-14,5],[-12,94],[22,0],[-1,40],[-95,196],[-52,53],[43,-136],[-5,-60],[-40,-9]],[[98545,30983],[-20,-44],[38,-1],[-18,45]],[[74122,24661],[-714,174],[-73,-555],[-484,113],[-50,-45],[-81,19],[14,100],[-172,47],[-14,-102],[-171,43],[-98,-790],[-1284,309],[-8,-56],[29,-4],[-12,-47],[35,-1],[13,-38],[-19,-28],[11,-23],[-12,-74],[72,-80],[8,-68],[21,-25],[-3,-116],[35,-31],[-21,-50],[11,-63],[-49,-54],[32,-29],[-34,-73],[17,-71],[25,-25],[-23,-62],[47,27],[53,-120],[-18,-47],[10,-46],[55,-16],[23,-49],[47,47],[29,-22],[18,54],[53,14],[79,-54],[21,-85],[-44,-40],[24,-71],[-32,-182],[33,-48],[162,-9],[158,-103],[213,29],[73,-102],[47,-212],[-60,-87],[-3,-60],[58,-77],[12,-133],[-9,-65],[-65,-76],[66,-40],[16,-43],[-47,-9],[-58,-62],[-28,-125],[40,-94],[-26,-24],[26,14],[3,-34],[-113,-25],[-23,-30],[21,-56],[66,-27],[140,120],[91,-5],[99,78],[43,-82],[111,-5],[110,244],[167,146],[95,-99],[108,20],[89,76],[56,-26],[150,10],[131,174],[72,150],[255,233],[-3,167],[19,88],[30,29],[81,-29],[95,96],[63,105],[156,117],[10,237],[98,129],[235,136],[24,64],[83,1],[415,388],[314,134],[82,-168],[33,18],[-8,86],[24,73],[105,55],[31,86],[-115,363],[8,157],[69,195],[-16,108],[-55,-43],[-110,-171],[-40,-2],[-32,-44],[-101,14],[-134,-111],[-23,7],[1,61],[-20,44],[-95,35],[-17,121],[-23,-68],[-97,0],[-125,-62],[-117,78],[-24,66],[-14,124],[27,67],[51,-5],[38,77],[113,64],[82,-16],[53,125],[116,133],[158,98],[-139,-37],[-85,-106],[-66,25],[-40,-151],[-68,2],[-38,-55],[-185,-78],[7,15],[-77,-99],[-35,-89],[-57,-33],[-159,-21],[-148,159]],[[54922,10273],[-179,36],[-82,77],[-88,-45],[-142,46],[-55,-26],[-9,-40],[-77,-60],[-211,-47],[-42,19],[10,100],[183,242],[265,-54],[23,82],[80,98],[5,50],[-89,18],[6,52],[-304,64],[19,162],[-42,1],[0,57],[-35,46],[-126,56],[-73,-650],[-165,33],[-33,-303],[4,-29],[69,14],[4,-170],[37,-8],[-35,-14],[-6,-30],[35,-55],[-15,-24],[17,-34],[-15,-56],[-783,81],[-183,-35],[24,-70],[375,-348],[311,-411],[439,-787],[404,-914],[153,-529],[37,-204],[84,-170],[43,-251],[-9,-42],[32,-98],[-12,-71],[47,-43],[15,-106],[41,-64],[73,-276],[18,-151],[-35,-53],[10,-61],[-19,-14],[9,-20],[-31,-99],[45,-18],[-6,-60],[-24,-35],[24,2],[24,-44],[-18,-35],[43,-34],[4,-50],[25,-5],[1,-47],[126,132],[47,104],[35,25],[188,-4],[66,-48],[28,51],[68,-16],[86,37],[37,81],[211,180],[24,68],[27,2],[4,31],[-26,39],[-35,143],[4,106],[-37,23],[-12,44],[-6,109],[18,122],[137,410],[246,216],[86,38],[301,-16],[197,-74],[213,-129],[322,-279],[610,-685],[-10,37],[52,154],[-14,68],[-48,100],[-13,84],[-145,133],[-22,65],[51,-3],[-10,-49],[137,-78],[223,-291],[260,76],[74,-73],[51,-1],[-3,71],[51,45],[49,-72],[225,-24],[-72,712],[55,118],[-12,45],[16,138],[40,35],[-98,11],[-149,-85],[-107,-24],[-87,40],[-61,166],[-51,432],[-35,27],[-15,94],[-164,125],[-34,116],[6,54],[-44,47],[-56,210],[-18,19],[1,-34],[-56,13],[34,235],[44,47],[51,-43],[-1,-30],[-31,-28],[12,-37],[35,-6],[-3,36],[22,13],[13,-52],[44,-35],[-7,-47],[66,51],[-67,49],[35,10],[-4,42],[27,23],[8,59],[-111,-87],[-6,101],[-21,-29],[-68,58],[24,51],[19,-19],[8,111],[32,53],[51,-76],[40,-1],[27,63],[33,-55],[11,58],[-25,-14],[-37,81],[-23,-42],[-42,39],[68,56],[101,4],[37,63],[57,26],[-4,29],[35,57],[-17,81],[-37,-27],[-134,22],[15,32],[-17,53],[32,-56],[180,11],[-5,61],[-35,56],[120,6],[20,74],[41,42],[16,-17],[-30,-84],[12,-140],[99,-43],[35,39],[-41,-4],[19,115],[50,-46],[29,42],[-4,51],[6,-69],[59,-3],[12,61],[269,-142],[130,68],[176,43],[4,33],[102,15],[31,-73],[79,2],[-97,77],[19,109],[71,14],[-2,122],[76,-50],[66,71],[77,-63],[35,-90],[101,-63],[35,55],[46,-5],[-1,-39],[42,-41],[-11,-39],[-30,-7],[28,-63],[-5,-202],[49,-110],[4,-149],[-18,-56],[16,-25],[253,-58],[56,30],[22,57],[-42,-29],[-39,16],[42,128],[84,83],[7,38],[228,115],[3,49],[-25,52],[89,-11],[20,-34],[38,55],[-14,-114],[133,5],[22,-48],[40,7],[46,62],[248,35],[3,172],[-15,63],[29,92],[23,-145],[87,102],[7,-80],[-32,-68],[9,-39],[171,-57],[80,43],[-70,41],[22,25],[49,479],[-60,12],[88,782],[-38,8],[7,64],[-358,115],[-6,-48],[-163,36],[6,50],[-35,3],[8,37],[-162,38],[17,171],[-149,33],[-12,-102],[-92,20],[-6,-56],[-129,27],[-5,-47],[-205,45],[10,80],[-33,-8],[-24,38],[-121,-29],[-82,63],[-22,75],[-71,30],[-28,-56],[-53,34],[-24,-19],[-17,49],[16,26],[-8,27],[28,30],[-3,57],[-50,12],[-17,40],[38,55],[-67,11],[-14,38],[-38,11],[-49,-10],[-12,31],[-43,-46],[4,28],[-32,59],[-91,-9],[-29,35],[14,28],[-69,30],[9,39],[-89,-17],[-53,54],[-51,2],[24,41],[20,-6],[2,61],[-21,30],[11,24],[-52,53],[8,38],[26,14],[-21,91],[58,21],[19,69],[25,11],[-18,16],[13,52],[62,26],[-8,35],[15,13],[-121,214],[-134,-15],[-76,-107],[-49,22],[-28,-48],[-28,75],[-40,9],[10,65],[-107,-46],[-57,53],[-55,-25],[-21,18],[-43,-56],[-68,4],[-93,59],[-46,64],[-12,53],[-81,-118],[-53,-16],[-21,-95],[-36,-34],[7,-37],[-81,-117],[-37,-23],[-80,18],[5,-45],[-376,97],[26,210],[-134,28],[13,108],[-109,25],[-7,-55],[-96,22],[-14,-107],[-85,19],[-7,-57],[-109,23],[29,208],[96,72],[26,257],[-120,27],[-81,53],[4,39],[-47,10],[12,99],[-65,15],[-19,3],[-16,-138],[-124,28],[-37,-299],[-68,-60],[-48,101],[-206,-182],[13,120],[-129,29],[-6,-52],[-202,37],[-27,-218],[-99,22],[-73,-520],[-247,53],[-19,-180],[-72,15],[-50,-428],[-34,-8],[16,32],[-11,44],[-40,-7],[-24,-308],[-61,10],[-13,-161],[-196,43],[-17,-148],[-357,65],[-56,-476],[38,-8],[-27,-225]],[[58961,7469],[20,-7],[12,23],[-31,10],[-1,-26]],[[47831,15481],[0,-137],[41,-165],[1,-112],[-29,-60],[-39,-19],[55,-50],[6,-118],[-16,-35],[-10,-90],[-32,-61],[-64,-28],[55,-31],[-8,-87],[52,-2],[20,57],[55,33],[-36,149],[-30,34],[81,-46],[49,31],[146,-55],[49,-59],[71,-7],[70,-98],[26,-113],[56,36],[50,-71],[49,54],[38,-10],[60,-40],[70,-105],[41,-3],[20,114],[44,43],[6,66],[29,38],[107,54],[41,-35],[13,-75],[33,-10],[11,55],[66,8],[-17,133],[89,64],[6,40],[-36,96],[7,83],[175,239],[93,52],[133,-31],[186,56],[52,-30],[42,52],[81,30],[191,-7],[68,96],[196,152],[29,11],[8,-28],[0,23],[-124,195],[-24,78],[-53,3],[-141,129],[-69,128],[-14,131],[-61,142],[-80,91],[-297,-27],[-163,73],[-337,-176],[-92,-11],[-224,56],[-50,20],[-101,112],[-89,233],[-120,45],[-59,79],[-33,-7],[-80,73],[-66,11],[-97,-53],[-6,-158],[30,-19],[-47,-45],[-9,-129],[39,0],[-37,-10],[-8,-43],[10,-32],[53,-12],[33,39],[19,3],[3,-41],[11,-7],[0,-22],[-25,-36],[23,40],[-11,23],[-1,38],[-7,4],[-39,-46],[-43,1],[-12,-29],[-49,-213],[-10,-248],[-93,-464]],[[48657,14241],[4,3],[-3,3],[-1,-6]],[[48858,14344],[27,-52],[40,28],[-22,29],[-14,94],[-31,-99]],[[59942,18038],[-40,-98],[13,-63],[-19,-40],[14,10],[32,-70],[-23,-23],[-4,31],[-16,-27],[18,-22],[-11,-24],[21,4],[-20,-12],[6,-36],[-17,4],[10,-44],[667,-341],[-10,84],[62,194],[-25,101],[100,-20],[109,49],[133,173],[37,99],[77,79],[24,196],[17,23],[77,-17],[30,255],[97,261],[62,20],[31,118],[-23,80],[30,6],[5,50],[-21,-5],[-26,54],[-21,-40],[-14,41],[-56,25],[-18,-38],[-21,16],[17,27],[-156,16],[3,-72],[-54,-32],[35,-39],[-62,-5],[-4,-22],[22,-3],[-22,-18],[-21,39],[-5,-47],[-35,32],[23,20],[-6,23],[-46,13],[21,8],[-13,52],[-25,-33],[-51,15],[-72,89],[33,19],[-12,39],[-52,25],[-22,-17],[-11,29],[29,7],[2,64],[-31,-5],[-21,55],[-147,-115],[-26,29],[-75,-136],[-74,66],[-49,-14],[-9,-33],[24,-32],[-22,-32],[-3,27],[-38,12],[-24,-53],[-32,-6],[-17,25],[18,51],[-28,-49],[-40,13],[-64,-123],[19,-100],[-75,-24],[5,-35],[29,-10],[-2,-71],[-13,12],[-7,-48],[-14,2],[-23,-208],[-28,-4],[4,-24],[-26,-4],[8,-32],[-20,-5],[3,-31],[23,13],[-13,-20],[56,-164],[-31,8],[12,-21],[-43,-30],[-2,-60],[-27,-42],[20,-3],[0,-61]],[[62817,21434],[24,274],[292,467],[30,272],[-112,-29],[-80,53],[-158,390],[41,35],[-1,33],[-72,-19],[-37,23],[-31,-115],[-37,-40],[-23,16],[2,46],[38,52],[-24,35],[-46,6],[-13,-63],[-80,16],[15,-71],[-15,-50],[-21,7],[-13,87],[-52,17],[-26,-66],[-76,36],[-27,-66],[-83,-55],[-5,-28],[-40,26],[-41,-29],[-15,102],[-63,64],[-27,75],[-34,3],[19,-63],[-7,-39],[-84,25],[17,23],[-12,29],[18,99],[-37,-5],[-56,54],[-33,-88],[-29,37],[9,38],[-18,33],[-93,4],[-49,-229],[-32,-63],[-34,-13],[14,-79],[-61,-5],[-59,-38],[-17,-51],[-25,34],[-32,-42],[-45,17],[-3,73],[-20,9],[-3,-45],[-92,-44],[-8,-67],[-94,-55],[-1,-28],[51,-49],[14,-59],[-11,-16],[103,-21],[-14,-36],[63,39],[71,-35],[17,-47],[-33,-61],[12,-81],[-18,-121],[-82,-61],[-2,-62],[48,-36],[12,-82],[74,-81],[23,-78],[70,-42],[-3,-95],[39,-39],[-7,-57],[-29,1],[-69,-111],[21,-47],[-36,-138],[42,-20],[32,-69],[-20,-141],[-110,64],[-89,5],[-53,44],[-88,3],[19,-60],[-9,-170],[29,-56],[-20,-164],[28,-20],[-11,-80],[-606,140],[-29,-249],[-33,-26],[7,-72],[-22,-19],[-20,4],[13,44],[-19,27],[17,37],[-30,7],[18,47],[-13,27],[-15,-1],[2,-38],[-62,32],[21,-40],[-33,-2],[-92,108],[-264,46],[24,127],[-194,120],[-167,39],[-25,67],[-11,-34],[-154,-44],[0,-49],[-67,-111],[-26,-209],[113,-24],[-7,-56],[-74,-114],[-94,-37],[98,-46],[-12,-92],[38,-9],[-15,-124],[-21,5],[-19,-151],[-71,18],[-11,-88],[21,-4],[-6,-53],[-71,-223],[53,16],[20,-63],[32,6],[104,-110],[56,-3],[84,60],[-14,-113],[45,-29],[-30,-79],[-45,-40],[21,-20],[202,113],[74,-73],[25,5],[15,63],[27,18],[224,-2],[33,50],[-18,-51],[17,-25],[32,6],[24,53],[38,-12],[0,-28],[25,33],[-24,32],[9,33],[49,14],[74,-66],[75,136],[26,-29],[20,37],[44,7],[10,35],[61,12],[-5,25],[28,-9],[21,-55],[20,13],[-2,-64],[-29,-7],[11,-29],[22,17],[52,-25],[12,-39],[-33,-19],[27,-53],[80,-50],[41,32],[13,-52],[-21,-8],[46,-13],[6,-23],[-23,-20],[40,-32],[0,47],[21,-39],[22,18],[-22,3],[4,22],[62,5],[-35,39],[54,32],[-3,72],[156,-16],[-17,-27],[21,-16],[18,38],[56,-25],[14,-41],[21,40],[35,-58],[28,95],[56,-18],[2,55],[34,-2],[8,35],[24,-23],[8,38],[119,-57],[-27,-27],[26,-18],[36,34],[34,-21],[22,36],[-37,4],[32,14],[-1,36],[36,-46],[16,33],[42,8],[4,29],[32,-44],[-3,72],[66,7],[-20,25],[66,57],[-15,22],[39,47],[55,11],[-1,35],[37,-8],[23,-49],[97,0],[4,77],[18,18],[-19,48],[59,25],[-5,41],[85,-15],[-8,101],[-40,0],[14,11],[-19,22],[-5,63],[24,30],[-18,13],[15,37],[-28,-1],[11,31],[-19,34],[23,5],[-13,32],[11,35],[17,-8],[35,50],[-19,38],[16,4],[-3,38],[74,33],[28,100],[-1,40],[-18,2],[25,101],[250,644],[387,-90],[27,235],[93,57],[13,77],[-429,97]],[[62098,18323],[285,-198],[121,-160],[264,-166],[6,52],[285,-70],[6,49],[101,-24],[-3,51],[18,28],[-32,58],[25,61],[-17,34],[55,66],[52,-14],[45,102],[75,-8],[60,98],[16,44],[-42,64],[14,81],[44,32],[61,177],[65,82],[-10,39],[24,21],[3,44],[68,63],[60,131],[27,135],[-16,63],[33,131],[-29,6],[-15,39],[-45,-2],[6,31],[-30,43],[-16,-28],[4,-72],[-43,-46],[-44,16],[6,30],[-47,68],[-30,-15],[7,39],[-52,-61],[-83,-24],[-26,42],[-47,-5],[-5,-58],[-6,48],[-24,-27],[-20,15],[29,25],[-16,18],[-33,-31],[-52,29],[-65,-37],[-11,34],[-42,-11],[4,28],[-19,-4],[-5,46],[36,9],[-57,35],[-7,-32],[-51,17],[8,-52],[-47,-22],[-15,-46],[-20,22],[-21,-32],[-44,5],[14,-27],[-21,-65],[-57,-25],[-18,27],[0,-37],[-44,9],[-92,-77],[14,31],[-22,12],[6,48],[-23,-45],[-9,30],[-17,-53],[-38,46],[-7,78],[-31,-42],[-53,70],[-133,-29],[-158,29],[-23,49],[-37,8],[1,-35],[-55,-11],[-39,-47],[15,-22],[-66,-57],[20,-25],[-66,-7],[3,-72],[-29,44],[-61,-70],[-43,43],[4,-33],[-32,-18],[37,-1],[-50,-73],[26,-78],[29,17],[-1,-31],[38,-21],[-4,-26],[41,-39],[-5,-36],[24,-48],[-42,-59],[-15,-239],[149,-31],[-15,-181],[18,-140],[73,-8],[-6,-76],[53,-9],[21,246]],[[61291,18737],[-87,-234],[-30,-255],[-77,17],[-17,-23],[-40,-329],[502,-103],[-73,-125],[211,-48],[80,-59],[152,-20],[-9,46],[17,66],[-23,35],[5,27],[-23,11],[14,50],[-51,42],[21,51],[-20,8],[18,13],[-22,26],[25,-9],[-5,37],[22,31],[-17,14],[15,19],[-9,26],[51,34],[-19,11],[37,60],[-13,19],[31,-5],[-18,140],[15,181],[-151,37],[17,233],[42,59],[-24,48],[5,36],[-41,39],[4,26],[-81,69],[-11,44],[16,39],[-22,20],[-30,-34],[-29,8],[24,37],[-41,32],[-64,0],[-9,25],[-13,-38],[-24,23],[-8,-35],[-34,2],[-2,-55],[-52,23],[-25,-141],[-30,-6],[23,-80],[-31,-118],[-72,-47]],[[61960,34574],[-1235,-4814],[87,115],[54,-57],[42,3],[79,-160],[15,-103],[136,-219],[154,-34],[97,-148],[21,-127],[50,-131],[37,-38],[24,-118],[59,-14],[31,-85],[3,-57],[-43,-51],[13,-64],[-116,-103],[0,-59],[22,-39],[1142,1093],[91,-20],[17,-44],[71,-50],[-43,-378],[62,-14],[-10,-95],[109,58],[18,138],[237,-74],[367,-44],[34,65],[26,125],[-48,57],[-50,-10],[-27,113],[33,88],[51,5],[34,43],[0,76],[36,158],[-6,93],[23,38],[3221,-735],[-3,-27],[1209,-288],[-153,-1306],[1225,-276],[-47,-352],[64,-15],[50,35],[35,281],[194,-45],[-1,-102],[109,-28],[48,46],[52,-9],[171,216],[73,34],[-20,19],[1,36],[-30,4],[-19,-31],[-86,144],[-51,-49],[-43,33],[-48,-12],[-11,28],[-50,-51],[-24,5],[-15,70],[-35,-29],[-14,36],[-124,-26],[-32,40],[66,0],[37,44],[-38,42],[-13,148],[-170,102],[-4,41],[27,27],[-15,33],[23,68],[24,0],[207,1635],[-100,149],[-109,-56],[-77,29],[-34,81],[-57,-35],[-140,126],[-67,114],[-11,63],[-34,15],[-91,143],[5,115],[39,71],[-60,209],[12,90],[24,99],[58,19],[61,112],[-65,168],[27,133],[58,94],[-26,126],[8,49],[-33,69],[31,295],[-38,55],[-130,-47],[-44,274],[6,44],[30,-21],[29,36],[10,127],[62,29],[46,399],[-193,44],[6,48],[-144,38],[35,59],[-20,119],[-113,22],[-10,70],[35,46],[-101,23],[17,133],[58,-5],[-45,46],[41,20],[-197,44],[30,230],[16,2],[-9,46],[208,-62],[15,231],[-161,-21],[37,46],[-64,62],[3,177],[-61,13],[30,251],[-85,22],[49,44],[-64,71],[7,27],[39,-20],[-1,45],[-35,52],[-52,-3],[-15,60],[-68,-66],[11,73],[-18,31],[-15,-26],[-41,18],[17,53],[-30,25],[-41,107],[18,67],[88,46],[77,-14],[81,59],[189,15],[28,152],[217,-41],[-24,-208],[203,-54],[12,-60],[45,-71],[-14,-50],[58,-91],[46,21],[132,-95],[36,85],[-1,49],[37,49],[48,-2],[39,53],[63,26],[-11,119],[14,105],[-20,42],[23,72],[-2,83],[28,48],[-8,77],[46,138],[4,74],[-35,78],[36,53],[7,54],[-81,126],[-42,25],[16,122],[-51,121],[-3,248],[80,24],[-59,124],[11,220],[-4144,1039],[-38,-15],[-7,72],[-13,-1],[15,74],[-25,84],[-92,63],[-15,47],[-115,9],[9,24],[-43,59],[-140,74],[-69,144],[8,47],[-21,54],[-35,17],[-16,119],[-35,55],[-20,85],[-85,53],[2,36],[-60,-21],[-30,-56],[-43,50],[-55,-56],[-12,13],[-15,-129],[-118,17],[-176,-64],[-259,163],[-55,93],[-53,8],[-36,43],[1,114],[-103,125],[-35,7],[-45,118],[-109,34],[-39,43],[-26,-72],[-93,-41],[-25,-43],[-2,-85],[33,-78],[-11,-113],[49,-98],[1,-228],[26,-71],[-1110,-3974]],[[68105,19562],[-132,-17],[-76,62],[-70,187],[-70,73],[-14,77],[-20,20],[-39,-25],[14,74],[-11,17],[-36,-82],[-7,57],[-62,-4],[-115,-210],[-51,52],[1,60],[-198,-31],[-38,11],[11,22],[-113,103],[-62,-17],[-8,39],[-115,20],[10,108],[-65,15],[-33,-343],[-32,6],[-9,-91],[22,-151],[-41,-13],[73,9],[-13,19],[26,48],[34,-24],[-27,-21],[-22,-137],[-42,-41],[-33,-359],[-124,7],[-159,110],[-279,63],[-58,53],[-103,-27],[-31,-221],[-50,-119],[-108,-77],[-57,-470],[33,-38],[-37,-300],[-29,-21],[33,-153],[262,-246],[183,-115],[56,44],[134,-48],[-72,-85],[47,-76],[-28,-91],[-34,28],[1,-52],[-25,6],[-26,-47],[-34,-241],[30,-5],[-47,-362],[138,-34],[-47,-301],[630,-133],[-11,-122],[36,-15],[167,38],[25,-18],[16,39],[87,26],[28,60],[45,-35],[3,-55],[37,12],[71,-44],[69,59],[35,-36],[45,50],[124,8],[26,-33],[88,-3],[65,51],[110,12],[23,-38],[43,-3],[12,-40],[43,10],[63,-58],[72,-19],[5,-40],[27,-24],[83,-5],[26,-86],[40,2],[5,-53],[51,40],[52,-50],[16,38],[27,-21],[39,19],[33,-92],[49,11],[19,-92],[84,-58],[-17,-128],[35,-103],[69,-22],[9,-65],[33,12],[23,-62],[45,-16],[29,-48],[-26,-91],[24,-27],[2420,3305],[805,1140],[1180,1463],[732,835],[859,886],[689,609],[977,679],[833,501],[231,78],[-34,46],[-126,-57],[-41,44],[-67,-108],[-137,-15],[-56,-46],[-39,33],[-21,-17],[20,-12],[-6,-39],[-94,-11],[-35,-41],[-147,-5],[-56,36],[-22,-19],[-27,51],[-81,-92],[-121,61],[10,113],[-93,93],[-45,-113],[0,-111],[-24,-93],[-65,48],[-138,21],[-58,56],[-31,-17],[-50,-46],[-83,-172],[-49,-37],[-1,-49],[-24,-36],[13,-50],[87,-29],[35,33],[10,-59],[-21,-41],[-41,-2],[-76,-142],[-79,-53],[-169,-42],[-108,70],[-25,58],[-31,-86],[-105,-55],[-24,-73],[8,-86],[-33,-18],[-82,168],[-314,-134],[-415,-388],[-83,-1],[-24,-64],[-235,-136],[-98,-129],[-10,-237],[-156,-117],[-63,-105],[-95,-96],[-81,29],[-30,-29],[-19,-88],[3,-167],[-255,-233],[-72,-150],[-127,-171],[-41,-22],[-169,35],[-89,-76],[-108,-20],[-95,99],[-167,-146],[-110,-244],[-111,5],[-43,82],[-99,-78],[-91,5],[-151,-123],[-55,30],[-21,60],[134,47],[-1,38],[-26,-14],[26,24],[-40,94],[27,122],[59,65],[47,9],[-16,43],[-66,40],[65,76],[9,65],[-12,133],[-58,77],[3,60],[60,87],[-47,212],[-73,102],[-213,-29],[-158,103],[-162,9],[-33,48],[32,182],[-24,71],[44,40],[-21,85],[-79,54],[-53,-14],[-18,-54],[-29,22],[-47,-47],[-23,49],[-55,16],[-10,46],[18,47],[-53,120],[-47,-27],[23,62],[-25,25],[-17,71],[34,73],[-32,29],[49,54],[-11,63],[21,50],[-35,31],[3,116],[-21,25],[-8,68],[-72,80],[12,74],[-11,23],[19,28],[-13,38],[-35,1],[12,47],[-29,4],[8,54],[-33,10],[-69,-509],[-22,3],[4,37],[-34,30],[-4,70],[-500,122],[39,327],[-252,-139],[-87,-15],[0,-35],[-52,-60],[5,-126],[-31,-46],[64,-110],[-37,-80],[6,-30],[120,-120],[6,-34],[-70,-38],[-29,-101],[-54,-50],[-761,167],[-24,-211],[-173,-172],[18,-4],[-20,-186],[40,-29],[-6,-46],[-79,15],[-5,-47],[54,-12],[-19,-165],[-57,13],[-45,-388],[-56,-5],[-11,-97],[-60,55],[-94,-99],[-140,70],[-9,28],[30,54],[-76,-46],[-63,22],[-2,54],[46,75],[-71,-17],[-108,-957],[-121,25],[17,142],[-48,10],[-16,-142],[-359,108],[58,-223],[45,-9],[5,-57],[63,-54],[3,-22],[-37,0],[27,-24],[-3,-32],[-64,10],[23,-7],[-12,-117],[25,-5],[6,47],[64,-14],[28,247],[64,-14],[-40,-352],[80,-17],[-104,-900],[22,-11],[3,73],[35,-7],[13,-43],[-17,-62],[18,-47],[44,-28],[9,-63]],[[61490,28271],[-349,-5784],[94,55],[8,67],[92,44],[3,45],[20,-9],[3,-73],[45,-17],[32,42],[25,-34],[17,51],[59,38],[61,5],[-15,75],[35,17],[32,63],[43,219],[54,15],[49,-13],[14,-31],[-10,-33],[30,-40],[33,88],[56,-54],[37,5],[-18,-99],[12,-29],[-16,-24],[83,-24],[7,39],[-19,63],[34,-3],[27,-75],[63,-64],[15,-102],[41,29],[40,-26],[5,28],[83,55],[27,66],[76,-36],[26,66],[52,-17],[13,-87],[21,-7],[15,50],[-15,71],[80,-16],[13,63],[46,-6],[24,-35],[-38,-52],[-2,-46],[23,-16],[37,40],[31,115],[49,-23],[55,25],[6,-39],[-41,-35],[56,-129],[2,-48],[100,-213],[64,-50],[183,45],[68,68],[7,27],[-28,4],[19,105],[28,3],[6,-26],[12,56],[74,-19],[3,-23],[50,38],[12,-13],[-12,-47],[32,51],[82,4],[31,-102],[34,48],[5,-49],[-19,-22],[40,5],[46,-45],[19,21],[0,-48],[23,28],[25,-14],[-4,-32],[49,-62],[30,32],[-25,-179],[254,-52],[-33,-297],[199,-47],[134,82],[163,255],[3,126],[46,50],[116,-65],[70,99],[20,-21],[-11,-39],[71,-46],[67,62],[55,8],[13,-12],[-26,-18],[62,-4],[-9,-35],[29,-39],[28,-3],[27,41],[14,-82],[13,18],[12,-46],[41,-31],[39,29],[4,-47],[64,124],[40,-55],[31,37],[-9,-29],[20,-38],[55,-37],[37,8],[19,72],[86,11],[18,-15],[-7,-20],[38,-8],[-16,-47],[56,7],[12,40],[36,0],[-4,26],[26,-23],[12,14],[-13,18],[69,53],[63,-9],[58,-83],[56,37],[10,-28],[28,14],[29,-33],[2,-36],[38,-30],[33,11],[39,-110],[33,-1],[-3,-46],[58,-24],[-10,-30],[11,-19],[94,37],[-24,36],[12,18],[18,-21],[-5,20],[20,2],[22,-35],[0,30],[20,-20],[16,30],[57,-27],[11,-33],[-28,-12],[35,-86],[50,8],[1,-56],[69,8],[-18,-64],[20,0],[3,-40],[28,27],[2,-39],[25,3],[-7,24],[22,21],[18,-22],[-26,-31],[23,6],[4,-23],[14,23],[21,-55],[50,-26],[14,-55],[-17,-12],[53,6],[17,-36],[20,5],[-1,-44],[62,19],[-20,-52],[20,-11],[-23,-91],[38,28],[37,-14],[-28,-92],[-43,-7],[10,-101],[19,-48],[59,29],[11,-41],[-46,-22],[49,-18],[5,-41],[21,45],[15,-24],[32,12],[-11,-33],[19,-6],[-27,-19],[17,-25],[-10,-27],[35,-10],[15,-63],[45,-41],[-88,22],[47,-103],[-28,-42],[29,-25],[-29,-69],[48,8],[-27,-35],[26,-19],[-19,-40],[105,-36],[62,423],[45,-34],[-11,-46],[58,20],[26,225],[99,-31],[-7,-55],[172,-37],[16,141],[106,-23],[-58,223],[359,-108],[16,142],[48,-10],[-17,-142],[121,-25],[108,957],[71,17],[-46,-75],[2,-54],[63,-22],[76,46],[-30,-54],[9,-28],[140,-70],[94,99],[60,-55],[11,97],[56,5],[45,388],[57,-13],[19,165],[-54,12],[5,47],[79,-15],[6,46],[-40,29],[20,186],[-18,4],[173,172],[24,211],[761,-167],[54,50],[29,101],[70,38],[-6,34],[-120,120],[-6,30],[37,80],[-64,118],[31,38],[-3,132],[54,63],[-32,120],[66,52],[6,76],[76,33],[-31,63],[-8,-34],[-45,19],[26,55],[63,-25],[10,37],[-15,12],[-2,81],[-29,-50],[-69,19],[13,74],[60,-4],[25,39],[-1,32],[-31,-3],[-34,66],[38,62],[0,80],[36,76],[-22,5],[13,10],[-11,19],[-24,-11],[-10,-40],[-50,22],[-28,-63],[-11,37],[26,94],[-65,6],[-25,74],[25,80],[-61,65],[64,97],[-22,69],[-25,4],[45,86],[-3,59],[33,58],[-47,105],[12,59],[61,10],[-2,79],[-48,16],[117,1035],[-628,111],[-34,48],[9,68],[-194,45],[-35,-281],[-50,-35],[-64,15],[47,352],[-1225,276],[153,1306],[-1209,288],[3,27],[-3221,735],[-23,-38],[6,-93],[-36,-158],[0,-76],[-34,-43],[-51,-5],[-33,-88],[27,-113],[50,10],[48,-57],[-26,-125],[-34,-65],[-367,44],[-237,74],[-18,-138],[-99,-59],[-1,97],[-61,13],[43,378],[-71,50],[-17,44],[-91,20],[-1142,-1093]],[[62726,21058],[-250,-644],[-25,-101],[18,-2],[1,-40],[-28,-100],[-74,-33],[3,-38],[-16,-4],[19,-38],[-35,-50],[-17,8],[-11,-35],[13,-32],[-23,-5],[19,-34],[-11,-31],[28,1],[-15,-37],[18,-13],[-24,-30],[5,-63],[19,-22],[-14,-11],[40,0],[8,-101],[-85,15],[5,-41],[-59,-25],[19,-48],[-18,-18],[-4,-77],[88,-31],[104,31],[62,-71],[24,43],[7,-78],[38,-46],[17,53],[9,-30],[23,45],[-6,-48],[22,-12],[-14,-31],[92,77],[44,-9],[0,37],[18,-27],[57,25],[21,65],[-14,27],[44,-5],[21,32],[20,-22],[15,46],[47,22],[-8,52],[51,-17],[9,33],[55,-36],[-36,-9],[5,-46],[19,4],[-4,-28],[42,11],[11,-34],[65,37],[52,-29],[33,31],[16,-18],[-29,-25],[20,-15],[24,27],[6,-48],[5,58],[47,5],[26,-42],[83,24],[52,61],[-7,-39],[30,15],[47,-68],[-6,-30],[44,-16],[43,46],[-4,72],[16,28],[30,-43],[-6,-31],[45,2],[15,-39],[29,-7],[-33,-130],[16,-63],[-27,-135],[-60,-131],[-68,-63],[-3,-44],[-24,-21],[10,-39],[-65,-82],[-61,-177],[-44,-32],[-14,-81],[42,-64],[-16,-44],[-60,-98],[-75,8],[-45,-102],[-52,14],[-15,-39],[-35,-13],[12,-48],[-26,-56],[33,-63],[-18,-28],[15,-115],[-59,-15],[-7,-56],[-30,-19],[-23,-67],[-42,7],[2,-31],[-34,-15],[-79,-152],[15,-26],[-17,-85],[-35,-33],[4,-40],[-16,-19],[18,-69],[-36,-33],[-30,-122],[12,-34],[-55,-97],[32,-25],[-9,-83],[-41,-37],[8,-18],[-51,-83],[-63,-18],[-87,-169],[-34,-15],[-12,-96],[36,-101],[-10,-15],[34,-51],[-12,-127],[15,-70],[-25,-33],[-20,-112],[-57,-44],[13,-123],[-42,-77],[14,-2],[-33,-216],[228,-55],[8,64],[64,-14],[23,81],[48,15],[32,46],[43,-28],[55,29],[-2,-73],[31,-44],[56,-12],[10,74],[135,-11],[-14,-25],[78,-32],[27,190],[31,50],[10,-70],[299,-32],[50,323],[-16,98],[66,-15],[19,147],[-48,56],[95,-13],[21,42],[-37,98],[16,99],[127,-36],[18,73],[263,-65],[2,-121],[37,-9],[-4,-34],[116,-28],[12,85],[-15,24],[408,-20],[-6,43],[42,26],[44,85],[37,154],[30,4],[25,47],[3,189],[71,225],[284,-62],[20,153],[194,-102],[133,-35],[-21,-160],[28,-15],[278,5],[126,-77],[221,-44],[44,340],[-30,5],[20,183],[40,105],[25,-6],[-1,52],[34,-28],[28,91],[-47,76],[72,85],[-134,48],[-56,-44],[-116,65],[-329,296],[-33,153],[29,21],[37,300],[-33,38],[57,470],[108,77],[50,119],[31,221],[103,27],[58,-53],[279,-63],[159,-110],[124,-7],[33,359],[42,41],[22,137],[27,21],[-34,24],[-26,-48],[13,-19],[-73,-9],[41,13],[-22,151],[9,91],[32,-6],[33,343],[116,-26],[6,77],[76,-16],[8,75],[63,-13],[30,137],[85,-23],[11,106],[-100,33],[19,40],[-26,19],[27,35],[-48,-8],[29,69],[-29,25],[28,42],[-47,103],[88,-22],[-45,41],[-15,63],[-35,10],[10,27],[-17,25],[27,19],[-19,6],[11,33],[-32,-12],[-15,24],[-21,-45],[-5,41],[-49,18],[46,22],[-11,41],[-59,-29],[-19,48],[-10,101],[43,7],[28,92],[-37,14],[-38,-28],[23,91],[-20,11],[20,52],[-62,-19],[1,44],[-20,-5],[-17,36],[-53,-6],[17,12],[-14,55],[-50,26],[-21,55],[-14,-23],[-4,23],[-23,-6],[26,31],[-18,22],[-22,-21],[7,-24],[-25,-3],[-2,39],[-28,-27],[-3,40],[-20,0],[20,61],[-71,-5],[-1,56],[-50,-8],[-35,86],[25,33],[-41,36],[-40,-27],[-18,22],[-2,-32],[-22,35],[-20,-2],[5,-20],[-18,21],[-12,-18],[24,-36],[-86,-40],[-19,18],[7,37],[-58,25],[6,42],[-35,4],[-37,107],[-13,-18],[-56,34],[-4,39],[-32,36],[-25,-17],[-17,28],[-49,-37],[-48,51],[10,23],[-79,20],[-73,-55],[13,-18],[-12,-14],[-26,23],[4,-26],[-36,0],[-12,-40],[-56,-7],[16,47],[-38,8],[7,20],[-18,15],[-86,-11],[-19,-72],[-37,-8],[-55,37],[-20,38],[9,29],[-31,-37],[-40,55],[-64,-124],[-4,47],[-39,-29],[-41,31],[-12,46],[-13,-18],[-14,82],[-27,-41],[-28,3],[-29,39],[10,34],[-58,1],[21,26],[-36,10],[-99,-72],[-71,46],[11,39],[-23,21],[-67,-99],[-107,65],[-33,-13],[3,-29],[-25,-8],[-3,-126],[-163,-255],[-134,-82],[-199,47],[33,297],[-254,52],[25,179],[-30,-32],[-49,62],[4,32],[-25,14],[-23,-28],[0,48],[-19,-21],[-46,45],[-40,-5],[19,22],[-5,49],[-34,-48],[-31,102],[-82,-4],[-32,-51],[12,47],[-12,13],[-50,-38],[-3,23],[-74,19],[-17,-57],[-1,27],[-26,2],[-21,-110],[28,-4],[-7,-27],[-123,-87],[-30,-272],[-292,-467],[-24,-274],[429,-97],[-13,-77],[-93,-57],[-27,-235],[-387,90]],[[67224,20396],[-86,11],[-30,-137],[-63,13],[-8,-75],[-76,16],[-6,-77],[-51,11],[-10,-108],[115,-20],[8,-39],[62,17],[113,-103],[-11,-22],[38,-11],[198,31],[-1,-60],[51,-52],[115,210],[62,4],[7,-57],[36,82],[11,-17],[-14,-74],[39,25],[20,-20],[14,-77],[70,-73],[70,-187],[76,-62],[132,17],[-9,63],[-44,28],[-18,47],[17,62],[-13,43],[-35,7],[-3,-73],[-22,11],[104,900],[-80,17],[40,352],[-64,14],[-28,-247],[-64,14],[-6,-47],[-26,7],[13,115],[-23,7],[64,-10],[3,32],[-27,24],[37,0],[-66,76],[-5,57],[-151,32],[-16,-141],[-172,37],[7,55],[-99,31],[-26,-225],[-58,-20],[12,44],[-43,39],[-2,-44],[-16,6],[-62,-479]],[[61414,13772],[-91,-7],[-4,43],[29,55],[-31,39],[-31,-57],[-59,-36],[40,-97],[-44,-17],[52,-48],[-29,-66],[-76,-8],[-36,-55],[-150,0],[-21,-21],[-7,-101],[-94,43],[-37,-53],[-151,-66],[-79,-69],[39,-29],[-34,-60],[18,-42],[-25,-53],[-130,-84],[-44,-3],[-15,47],[-36,-13],[-50,-121],[-43,-18],[-22,-48],[-41,12],[-29,-38],[-74,-24],[41,-125],[-38,-9],[-22,-63],[-59,3],[-16,-72],[-54,-41],[22,-44],[-15,-92],[27,-77],[54,-46],[-19,-43],[-38,-8],[14,-36],[-40,-21],[9,-16],[-154,-62],[-58,22],[-53,-19],[-45,43],[-103,31],[-55,64],[14,-31],[-14,-24],[8,-35],[-62,-26],[-13,-52],[18,-16],[-25,-11],[-19,-69],[-58,-21],[21,-91],[-26,-14],[-8,-38],[52,-53],[-11,-24],[21,-30],[-2,-61],[-20,6],[-24,-41],[51,-2],[53,-54],[89,17],[-9,-39],[69,-30],[-14,-28],[29,-35],[91,9],[32,-59],[-4,-28],[43,46],[12,-31],[49,10],[38,-11],[14,-38],[67,-11],[-38,-55],[17,-40],[50,-12],[3,-57],[-28,-30],[8,-27],[-16,-26],[17,-49],[24,19],[53,-34],[28,56],[71,-30],[22,-75],[82,-63],[121,29],[24,-38],[33,8],[-10,-80],[205,-45],[5,47],[129,-27],[6,56],[92,-20],[12,102],[149,-33],[-17,-171],[162,-38],[-8,-37],[35,-3],[-6,-50],[163,-36],[6,48],[358,-115],[-7,-64],[38,-8],[-88,-782],[60,-12],[-49,-479],[15,-22],[4,21],[82,3],[29,47],[16,-55],[29,-2],[44,78],[3,-46],[-27,-25],[14,-26],[-15,-26],[2,-126],[134,-107],[1,17],[19,11],[-25,92],[4,117],[18,43],[29,12],[6,-112],[52,-6],[12,-19],[1,-32],[8,-12],[-1,66],[40,6],[8,62],[-17,60],[-46,39],[23,54],[-94,-67],[-43,20],[-44,-20],[-3,41],[90,17],[74,59],[8,17],[-26,7],[32,21],[74,-29],[32,-68],[1,77],[-18,29],[16,2],[36,-28],[17,-251],[3,188],[37,57],[-4,-37],[42,-1],[-29,-31],[3,-44],[37,-25],[-38,-25],[0,-118],[-18,-43],[32,-43],[51,100],[-57,31],[80,123],[48,10],[-36,20],[27,22],[-76,-10],[-8,29],[19,11],[7,70],[-35,7],[199,9],[-62,-26],[43,-31],[101,34],[-24,49],[371,123],[90,93],[40,103],[-10,78],[-50,3],[-16,74],[15,78],[65,71],[36,-79],[37,6],[74,-125],[47,-187],[-6,-48],[-42,-30],[-10,-62],[-87,-25],[239,19],[155,-102],[51,8],[-37,49],[20,55],[35,14],[54,87],[36,1],[43,-44],[9,73],[48,44],[-44,143],[5,111],[105,-10],[10,-11],[-25,-88],[34,5],[81,-142],[120,-86],[-33,55],[40,28],[38,-39],[34,30],[20,118],[26,47],[50,31],[100,-63],[106,0],[-95,17],[20,68],[-36,-6],[124,101],[21,-28],[70,2],[13,38],[-12,15],[45,54],[-34,84],[-5,73],[93,139],[-53,-6],[-61,56],[50,-1],[24,-31],[49,28],[21,-67],[-14,-20],[34,-22],[-11,74],[17,65],[-21,24],[21,-10],[81,65],[15,45],[65,23],[12,40],[108,39],[26,-8],[8,-56],[31,10],[25,-37],[95,-37],[22,140],[38,8],[-30,40],[-13,30],[5,5],[44,-33],[255,-10],[19,-36],[110,83],[53,-37],[-35,-95],[25,-57],[11,23],[-28,30],[30,33],[22,-33],[101,-11],[20,21],[-9,63],[21,33],[52,4],[122,123],[42,82],[50,22],[-79,-149],[-57,-63],[-66,-59],[-60,6],[14,-114],[-35,-64],[-33,-26],[-72,5],[-38,-37],[-25,-134],[-32,-56],[-1,-88],[18,2],[537,742],[645,1063],[784,1168],[1382,1900],[-21,30],[28,85],[-31,54],[-45,16],[-23,62],[-33,-12],[-9,65],[-69,22],[-35,103],[16,131],[-83,55],[-19,92],[-49,-11],[-22,86],[-77,8],[-16,-38],[-52,50],[-51,-40],[-5,53],[-40,-2],[-26,86],[-83,5],[-27,24],[-5,40],[-72,19],[-63,58],[-43,-10],[-12,40],[-43,3],[-23,38],[-110,-12],[-65,-51],[-88,3],[-26,33],[-124,-8],[-45,-50],[-35,36],[-69,-59],[-71,44],[-37,-12],[-3,55],[-45,35],[-28,-60],[-87,-26],[-16,-39],[-25,18],[-167,-38],[-36,15],[11,122],[-630,133],[47,301],[-379,108],[-87,65],[-294,-1],[-28,15],[21,160],[-133,35],[-194,102],[-20,-153],[-284,62],[-71,-225],[-3,-189],[-25,-47],[-30,-4],[-37,-154],[-44,-85],[-42,-26],[6,-43],[-408,20],[15,-24],[-12,-85],[-116,28],[4,34],[-37,9],[-2,121],[-263,65],[-18,-73],[-127,36],[-16,-99],[37,-98],[-21,-42],[-95,13],[48,-56],[-19,-147],[-66,15],[16,-98],[-50,-323],[-299,32],[-10,70],[-31,-50],[-27,-190],[-78,32],[14,25],[-135,11],[-10,-74],[-56,12],[-31,44],[2,73],[-55,-29],[-43,28],[-32,-46],[-48,-15],[-23,-81],[-64,14],[-8,-64],[-228,55],[-109,-938],[-147,33],[14,-69],[-8,-83],[-36,-36],[62,-47],[-37,-86],[-203,-41],[-162,31],[-70,-44],[21,-55],[-7,-70],[-56,16],[-150,-90],[-99,8],[-21,-78]],[[62789,7897],[67,38],[75,-20],[67,52],[21,-11],[-24,57],[-105,-68],[-83,-3],[-18,-45]],[[62285,8727],[5,1],[-1,6],[-4,-7]],[[62263,8786],[-24,76],[8,-28],[-20,-59],[36,11]],[[61900,7956],[-8,22],[-20,-32],[28,10]],[[61930,8021],[40,-33],[54,42],[5,44],[-73,-36],[-7,25],[31,35],[-34,2],[-21,-41],[5,-38]],[[61043,8189],[-4,-53],[21,21],[-17,32]],[[61729,8065],[16,-7],[8,20],[-16,14],[-8,-27]],[[61889,7995],[-3,-19],[9,20],[-6,-1]],[[61756,8619],[33,-58],[53,-11],[-41,20],[-45,49]],[[61025,8603],[-76,13],[12,26],[-38,23],[-84,-35],[-60,-164],[-22,-136],[105,-16],[141,93],[83,126],[91,-43],[20,34],[60,-2],[106,-141],[95,172],[-18,18],[-44,-43],[-58,77],[-141,33],[-91,-35],[-1,21],[-84,0],[4,-21]],[[61546,8399],[26,0],[52,61],[-80,-12],[2,-49]],[[62189,8050],[-178,-131],[-2,-34],[-109,-100],[71,-17],[-22,-16],[-46,-11],[-37,32],[-170,-74],[-50,7],[-71,-47],[-88,13],[-40,-22],[-15,6],[-7,20],[18,-23],[13,38],[-40,43],[66,-29],[52,15],[168,130],[-39,49],[-12,-58],[-41,7],[-23,-28],[-58,26],[51,126],[111,69],[27,71],[37,27],[52,-23],[92,215],[-82,-30],[-114,18],[31,-39],[-36,11],[-50,-54],[24,-41],[-37,3],[-49,-57],[-58,6],[-24,71],[66,5],[40,50],[-36,102],[-103,-26],[33,31],[11,76],[28,52],[-42,-18],[-119,-186],[-145,-11],[-18,24],[19,35],[-50,-57],[-69,23],[-13,-75],[19,-61],[-81,-71],[76,-209],[259,-481],[313,-132],[71,-44],[88,-105],[89,-29],[85,31],[88,80],[223,316],[184,179],[148,63],[165,-59],[335,76],[130,146],[-19,57],[-31,8],[39,-40],[-21,-54],[-103,-72],[-11,-38],[-355,-62],[-80,49],[68,40],[-142,46],[-16,34],[-32,-51],[-34,0],[-20,85],[34,31],[4,37],[-104,23],[-53,-77],[-50,-17],[85,103],[-47,45],[-20,-52],[-30,-1],[14,79],[-45,74],[-96,-20],[1,-42],[-35,-30],[-10,-49]],[[62876,8401],[8,-24],[246,-35],[171,123],[14,48],[-64,-53],[-35,34],[-102,-68],[-101,-6],[-38,25],[-99,-44]],[[63571,8697],[-5,-21],[16,-9],[73,16],[-57,48],[-25,-12],[36,-37],[-32,-7],[-6,22]],[[62158,8596],[29,-36],[54,17],[-65,36],[-18,-17]],[[63536,8665],[-21,1],[14,29],[-16,-17],[-2,-23],[25,-20],[0,30]],[[62864,8829],[-158,17],[6,39],[40,30],[-154,-41],[-181,-203],[8,-39],[-36,-17],[-5,-51],[194,-216],[23,55],[-50,-8],[-54,82],[29,39],[36,1],[-4,31],[59,-28],[-80,-30],[30,-55],[69,-30],[44,16],[5,24],[28,14],[-27,-29],[56,-23],[45,45],[4,-37],[-41,-15],[88,-8],[29,10],[-28,0],[48,51],[32,9],[-15,-32],[11,-6],[63,58],[155,20],[77,75],[145,0],[52,129],[-34,-24],[16,52],[-81,12],[-20,-37],[-44,-5],[-7,18],[117,86],[-95,29],[-91,-15],[-81,-68],[-5,30],[56,62],[-139,29],[-28,-44],[-15,-91],[-107,36],[8,29],[89,32],[5,58],[-87,-66]],[[63742,8673],[-76,-34],[9,-22],[-43,-25],[-135,-253],[-49,-10],[-15,42],[-6,-27],[35,-30],[31,13],[301,399],[219,213],[-71,1],[-53,-44],[3,-44],[-150,-179]],[[62011,8790],[54,-16],[57,-5],[-10,33],[-39,-14],[-40,33],[-22,-31]],[[62217,8941],[-60,-10],[-20,-10],[44,-33],[45,12],[-9,41]],[[63671,8815],[22,3],[11,7],[-19,13],[-14,-23]],[[63545,8924],[-22,9],[-14,-30],[1,-13],[35,34]],[[62306,8874],[-17,-4],[10,-24],[7,28]],[[63517,8881],[10,-28],[17,-1],[-27,29]],[[62315,8831],[8,-17],[9,13],[-17,4]],[[64286,9671],[150,-57],[32,9],[13,21],[-33,22],[5,42],[-114,60],[-61,-25],[8,-72]],[[64516,9677],[17,-40],[43,39],[-80,31],[-32,-29],[52,-1]],[[63139,9610],[33,19],[18,33],[-28,2],[-23,-54]],[[64989,9547],[48,26],[45,48],[-12,6],[-81,-80]],[[64203,9568],[-28,-6],[33,-4],[-5,10]],[[64916,9318],[-100,-16],[-73,31],[-344,-207],[-157,-59],[71,-32],[199,154],[126,52],[238,-13],[167,-57],[-72,-9],[27,-10],[59,21],[-32,56],[2,-26],[-36,0],[-156,52],[176,25],[-135,22],[40,16]],[[63825,9178],[126,172],[0,53],[27,-13],[1,-39],[26,-35],[89,74],[-60,27],[-71,83],[0,50],[28,-2],[-27,68],[-28,-87],[-51,-22],[16,-125],[-17,-60],[-48,-25],[-45,31],[-25,-8],[33,-36],[26,-106]],[[63629,9184],[-15,-140],[24,-44],[192,115],[-9,25],[-35,-21],[-36,24],[49,22],[-33,24],[-1,28],[21,7],[-17,84],[-23,9],[-117,-133]],[[64936,9658],[-188,34],[63,33],[52,-12],[-56,24],[-108,-36],[-89,-237],[18,-15],[62,45],[-22,11],[-5,41],[75,45],[-2,30],[46,-32],[47,28],[4,35],[103,6]],[[63309,9203],[36,-72],[78,-66],[48,1],[-17,85],[-58,22],[23,43],[-4,57],[79,22],[-107,20],[-78,-112]],[[62835,9020],[10,39],[-57,-91],[93,-59],[43,13],[-52,29],[-37,69]],[[62643,9168],[-29,18],[-84,-42],[94,-14],[19,38]],[[64108,9502],[-30,-34],[59,-24],[53,21],[-82,37]],[[64007,9504],[50,-37],[12,38],[-44,39],[-18,53],[-29,10],[29,-103]],[[64162,9292],[-20,34],[12,31],[-58,-87],[47,-6],[19,28]],[[64300,9352],[-22,45],[-28,-58],[19,-18],[80,66],[-49,-35]],[[64801,9521],[68,1],[118,84],[18,34],[-111,-92],[-93,-27]],[[63114,9391],[49,0],[-8,65],[-30,-21],[-11,-44]],[[62428,9022],[49,77],[-67,-50],[18,-27]],[[63932,9167],[-11,16],[-54,-31],[32,-19],[33,34]],[[63015,9132],[6,-21],[23,-9],[-23,20],[10,40],[48,25],[19,-25],[15,24],[-22,9],[-34,-10],[-30,-19],[-12,-34]],[[63112,9133],[18,-8],[55,14],[-58,10],[-15,-16]],[[63967,9174],[18,-38],[34,19],[-52,19]],[[64287,9401],[11,-11],[34,54],[-22,1],[-23,-44]],[[63440,9386],[29,-31],[15,-2],[-30,38],[-14,-5]],[[63960,9277],[28,6],[-6,30],[-9,0],[-13,-36]],[[64218,9326],[3,37],[-29,-44],[26,7]],[[62848,9266],[22,-15],[21,23],[-43,-8]],[[62634,9221],[-12,27],[-10,-18],[22,-9]],[[64720,9505],[30,13],[13,2],[-22,6],[-21,-21]],[[63533,9151],[7,-22],[4,25],[-11,-3]],[[64693,9520],[12,-18],[6,12],[-18,6]],[[62211,9040],[15,6],[-2,18],[-4,0],[-9,-24]],[[63528,9231],[33,5],[3,4],[-36,-9]],[[64166,9413],[-3,-29],[15,31],[-12,-2]],[[65019,9302],[10,-50],[2,-1],[-12,51]],[[64036,9297],[-10,-13],[17,6],[-7,7]],[[64793,9328],[14,-7],[6,-7],[-4,10],[-16,4]],[[64886,9516],[3,-18],[3,0],[-6,18]],[[63497,9151],[3,-17],[0,21],[-3,-4]],[[63771,9334],[-30,-9],[19,1],[11,8]],[[64018,9212],[12,1],[1,7],[-13,-8]],[[64903,9499],[6,-9],[2,3],[-8,6]],[[65641,10598],[16,-10],[13,8],[-14,13],[-15,-11]],[[64928,9850],[501,359],[107,20],[97,58],[20,211],[-156,-16],[-162,76],[-70,-32],[-17,-66],[-171,30],[-12,-35],[51,-27],[-71,-30],[-15,65],[7,97],[-60,-17],[-34,-53],[-62,-6],[-21,-45],[-60,-34],[-19,-76],[-5,-168],[-31,-9],[-29,59],[-50,-51],[41,-152],[-5,-91],[165,-60],[-9,24],[54,-7],[-22,-23],[96,-31],[34,7],[3,15],[-95,8]],[[65242,9576],[-58,-41],[-45,-225],[-58,-47],[51,0],[390,643],[120,156],[-75,-52],[-93,45],[-101,-162],[-72,-45],[-13,-45],[-6,23],[-50,-60],[-31,3],[15,16],[-57,-33],[13,-31],[163,-3],[25,51],[44,24],[3,-20],[-45,-6],[-25,-54],[15,7],[-38,-25],[-72,-119]],[[65587,10182],[22,35],[-43,-40],[23,-15],[24,12],[15,22],[10,55],[-24,-66],[-27,-3]],[[65351,10105],[4,-2],[1,8],[-5,-6]],[[44508,27044],[-38,-397],[84,-18],[12,129],[85,-17],[-29,70],[14,92],[-45,61],[19,25],[-33,82],[-35,7],[-4,-40],[-30,6]],[[45959,26779],[-17,-188],[-50,1],[40,-131],[19,9],[7,-54],[41,-23],[15,-46],[76,-16],[84,-60],[85,64],[67,-52],[49,20],[32,357],[-62,35],[-45,67],[7,62],[-40,58],[-103,-241],[-109,115],[-96,23]],[[46150,27096],[51,-113],[8,-84],[58,-17],[40,-58],[-9,-59],[47,-70],[62,-35],[12,106],[202,-41],[61,564],[62,-76],[24,219],[-11,63],[-128,21],[-30,-67],[-87,72],[-51,-85],[-18,23],[-61,-33],[-57,13],[-51,-88],[-113,46],[-33,-81],[3,-67],[32,10],[33,-64],[-39,33],[-17,-74],[-29,-16],[5,-35],[34,-7]],[[45832,27050],[88,-90],[-24,-144],[169,-65],[99,-110],[91,238],[-46,20],[-29,146],[-22,6],[-8,45],[-34,7],[-5,35],[30,29],[-131,-59],[-84,56],[-39,67],[-26,-3],[-30,-124],[1,-54]],[[46682,27289],[-61,-564],[-202,41],[-16,-140],[204,-42],[-5,-51],[128,-25],[18,195],[18,14],[-16,3],[4,35],[76,-13],[7,82],[-19,91],[22,0],[-29,68],[14,68],[-27,32],[17,37],[-12,55],[-80,42],[-11,59],[-30,13]],[[46403,26626],[-28,-325],[30,-7],[19,-45],[44,22],[178,-72],[22,3],[23,205],[20,-3],[5,29],[-26,20],[5,62],[-93,18],[5,51],[-204,42]],[[46375,26301],[-66,-642],[322,-68],[27,116],[-17,4],[-4,112],[-22,3],[8,70],[19,-1],[1,166],[35,128],[-210,82],[-44,-22],[-19,45],[-30,7]],[[46309,25659],[-35,-330],[16,-4],[4,33],[199,-40],[17,52],[60,17],[-11,34],[14,183],[-264,55]],[[46082,26003],[-63,-588],[73,-15],[54,50],[-6,-61],[138,-28],[66,588],[-262,54]],[[45960,26185],[-36,-168],[16,21],[404,-89],[31,354],[-49,-20],[-67,52],[-85,-64],[-84,60],[-75,15],[-34,52],[-36,-104],[15,-109]],[[45886,25552],[-34,-336],[403,-81],[23,226],[-138,28],[6,61],[-54,-50],[-73,15],[11,104],[-144,33]],[[46274,25329],[-19,-194],[419,-86],[1,139],[-70,13],[15,142],[-110,27],[-17,-52],[-199,40],[-4,-33],[-16,4]],[[45910,25800],[-17,-25],[12,-35],[-19,-188],[147,-30],[49,481],[-142,35],[-30,-238]],[[45087,22916],[-27,-256],[36,-45],[42,-126],[84,-35],[52,104],[96,81],[30,277],[-350,95],[-14,-75],[51,-20]],[[44618,24309],[-2,-109],[22,-51],[-10,-92],[29,-127],[-21,-121],[82,-119],[13,82],[111,-23],[50,442],[-29,160],[-99,277],[-53,11],[-18,-164],[-63,14],[10,-104],[-22,-76]],[[44892,24191],[-50,-442],[336,-71],[-132,240],[39,356],[-218,45],[25,-128]],[[45051,23489],[-25,-212],[101,-20],[-19,-162],[101,-20],[-12,-115],[203,-44],[10,93],[-177,443],[-182,37]],[[44718,23690],[70,-170],[-78,23],[11,-80],[19,-17],[71,13],[232,-40],[8,70],[182,-37],[-55,226],[-447,94],[-13,-82]],[[44740,23446],[183,-358],[-2,-91],[-20,-25],[53,-97],[42,-139],[64,-76],[27,256],[-51,20],[14,75],[149,-30],[10,94],[-101,20],[19,162],[-101,20],[17,142],[-232,40],[-71,-13]],[[45380,24114],[-35,32],[-268,51],[-31,-279],[132,-240],[155,-32],[47,468]],[[45294,24515],[-1,-210],[111,-23],[-9,-77],[71,-15],[8,77],[33,-8],[38,353],[-155,26],[-42,44],[-54,-167]],[[44913,25073],[-14,-132],[-102,22],[-22,-202],[406,-86],[39,-95],[89,-19],[39,121],[-41,87],[-74,37],[-76,121],[-192,145],[-52,1]],[[44978,24718],[-46,-413],[252,-53],[36,330],[-39,93],[-203,43]],[[44775,24761],[-14,-127],[47,-98],[59,-217],[65,-14],[46,413],[-203,43]],[[45664,24564],[-44,-406],[122,-26],[34,319],[-46,23],[-66,90]],[[45620,24158],[44,406],[-119,48],[-38,-353],[-33,8],[-8,-77],[154,-32]],[[45220,24580],[-36,-328],[-99,22],[-8,-77],[305,-67],[22,152],[-111,23],[15,138],[-14,72],[15,46],[-89,19]],[[45390,24207],[-28,-280],[350,-75],[30,280],[-352,75]],[[45712,23852],[-350,75],[-29,-281],[346,-79],[33,285]],[[45913,22122],[250,-390],[89,112],[83,155],[24,178],[-284,41],[-14,-121],[-124,53],[-24,-28]],[[46036,22920],[-92,-768],[117,-55],[14,121],[284,-41],[43,384],[-286,59],[-31,173],[11,114],[-60,13]],[[46294,21058],[-167,-98],[32,-217],[18,5],[-6,50],[34,9],[53,-41],[51,26],[137,-18],[13,161],[53,-12],[18,160],[-66,2],[-60,305],[-115,-67],[58,-188],[-53,-77]],[[46016,21496],[108,-525],[170,87],[53,77],[-153,493],[-36,-21],[6,-22],[-148,-89]],[[46278,21894],[-116,-165],[127,-406],[115,67],[-106,459],[-20,45]],[[45233,23452],[177,-443],[-12,-113],[356,-53],[9,135],[57,-12],[11,97],[-102,22],[5,45],[-100,22],[21,201],[-422,99]],[[45886,21905],[130,-409],[148,89],[-6,22],[36,21],[-32,106],[-249,388],[31,33],[-63,31],[-72,-13],[-32,34],[-38,-23],[63,-88],[84,-191]],[[45398,22896],[-28,-257],[189,-156],[29,246],[39,-15],[44,-78],[9,77],[174,-29],[-22,5],[2,64],[-58,25],[6,57],[-152,34],[-232,27]],[[45202,23628],[31,-176],[422,-99],[-21,-201],[100,-22],[-5,-45],[102,-22],[-11,-97],[216,-46],[-13,115],[20,171],[-102,22],[-47,193],[-81,104],[-635,153],[24,-50]],[[45776,22778],[58,-25],[-2,-64],[177,-46],[27,277],[-273,58],[-9,-135],[28,-8],[-6,-57]],[[45588,22729],[-29,-246],[128,-192],[43,-122],[47,38],[32,-34],[72,13],[63,-31],[45,433],[20,55],[-329,70],[-9,-77],[-44,78],[-39,15]],[[45159,25525],[-55,-559],[54,-40],[63,-103],[21,190],[199,-42],[15,27],[25,-54],[21,7],[-22,42],[14,98],[-32,31],[-2,68],[-194,143],[-22,32],[-18,132],[-67,28]],[[45242,25013],[-21,-190],[86,-54],[63,-120],[224,-41],[94,-60],[42,-74],[46,-23],[42,409],[-50,7],[-161,-85],[-45,31],[-41,130],[-40,1],[-25,54],[-15,-27],[-199,42]],[[45451,28219],[-17,-89],[-68,-114],[262,-8],[-16,23],[22,-4],[11,117],[34,1],[14,184],[-40,4],[5,76],[16,16],[-120,22],[-103,-228]],[[45824,28276],[-57,-250],[23,-5],[-4,-47],[42,-16],[13,53],[23,-4],[-47,-163],[210,-59],[14,36],[-14,37],[25,2],[-20,56],[39,36],[-45,86],[20,32],[44,-10],[-20,120],[60,-8],[88,-85],[-1,46],[39,38],[98,-18],[37,360],[-277,-92],[-122,-82],[-141,-27],[-27,-36]],[[45472,27604],[-51,-496],[-29,-51],[225,-45],[38,11],[-10,25],[-38,-19],[18,48],[66,-17],[-37,35],[12,41],[22,-2],[12,-44],[21,28],[-18,11],[3,72],[48,102],[-62,99],[-4,99],[-21,-4],[4,35],[-69,-1],[5,55],[-85,17],[-50,1]],[[45152,27448],[35,-116],[-20,-36],[30,-23],[-51,-77],[-2,-93],[248,-46],[30,57],[49,494],[-246,42],[21,-56],[-25,-2],[23,-38],[-30,-52],[-43,-8],[-19,-46]],[[47257,19121],[-70,-767],[123,-198],[38,-31],[276,-48],[47,-52],[13,45],[-14,21],[22,-10],[5,-31],[-1,39],[17,7],[56,-50],[40,34],[23,-122],[56,-100],[-51,-124],[1,-63],[64,-52],[173,-30],[190,5],[-15,31],[121,104],[7,-30],[22,9],[6,25],[-15,7],[27,105],[68,-21],[29,75],[20,-16],[48,68],[19,64],[-38,62],[7,84],[40,43],[-19,12],[9,17],[46,27],[70,-22],[135,-143],[209,22],[59,-28],[-22,72],[23,-38],[24,22],[-13,-28],[13,-61],[210,-75],[58,41],[73,174],[88,10],[-2,41],[-38,59],[-58,30],[-57,112],[18,104],[-256,57],[5,41],[-75,17],[48,397],[-218,50],[-25,-205],[-305,70],[-18,-148],[-1336,290]],[[45129,27014],[-23,-72],[32,-22],[14,-102],[54,-5],[-1,-37],[-30,-1],[21,-47],[-17,-74],[46,-8],[-19,-49],[14,-32],[23,-14],[39,76],[44,8],[1,-23],[41,-16],[11,-43],[27,-18],[9,21],[-26,3],[13,52],[10,-27],[57,50],[31,-26],[-6,79],[-71,-35],[-92,124],[40,68],[-8,70],[29,35],[3,69],[-15,17],[12,22],[-248,46],[11,-22],[-35,-20],[9,-47]],[[45363,26914],[6,-75],[-39,-46],[17,-52],[76,-89],[70,36],[5,-84],[41,-43],[26,219],[22,25],[61,-45],[-15,53],[-37,28],[-4,44],[53,-8],[31,98],[-23,41],[-261,41],[-12,-22],[15,-17],[-3,-69],[-29,-35]],[[46027,27858],[-6,-85],[18,-23],[-30,9],[-28,-33],[33,-48],[-35,-8],[13,-51],[-41,-67],[53,-35],[-22,-35],[9,-40],[-60,-53],[8,-59],[-10,-34],[-13,13],[7,-40],[-33,-2],[-4,-33],[40,-70],[88,-57],[127,60],[16,61],[37,-39],[-31,70],[-32,-10],[16,130],[41,23],[91,-49],[23,35],[-17,51],[6,65],[34,33],[-32,21],[32,273],[-46,89],[-36,143],[-58,61],[-55,48],[-60,8],[20,-120],[-44,10],[-20,-32],[45,-86],[-39,-35],[20,-54],[-25,-5]],[[48170,21582],[-65,-547],[262,-56],[47,101],[20,-5],[22,174],[-96,40],[-6,78],[-28,67],[31,96],[-187,52]],[[45479,27710],[-7,-106],[135,-18],[-5,-55],[80,-18],[10,-111],[62,-99],[-45,-115],[104,-59],[44,97],[29,5],[4,36],[30,-4],[-4,46],[13,-13],[10,34],[-8,59],[60,53],[-9,40],[22,35],[-53,35],[41,67],[-13,51],[35,8],[-33,48],[59,28],[-77,54],[-398,69],[-51,-90],[35,-83],[-70,6]],[[45645,28144],[-11,-117],[-22,-3],[18,-4],[-7,-155],[192,-38],[49,180],[-23,4],[-13,-53],[-42,16],[4,47],[-23,5],[55,242],[-23,55],[-140,90],[-6,-80],[43,-21],[-18,-174],[-33,6]],[[45095,27950],[-54,-74],[35,-7],[72,-116],[33,22],[3,-45],[41,-80],[246,-42],[8,102],[70,-6],[-35,83],[51,90],[59,-11],[9,98],[-5,44],[-29,6],[-86,-19],[-147,21],[77,162],[-225,23],[-36,-65],[15,-22],[-26,-59],[19,-51],[-14,-56],[-81,2]],[[47998,21906],[-97,-822],[103,-21],[97,-65],[64,543],[-59,114],[10,136],[-98,116],[-20,-1]],[[44803,27592],[-62,-414],[404,-77],[1,95],[51,77],[-30,23],[19,40],[-34,112],[22,51],[47,26],[-364,72],[-54,-5]],[[44622,27638],[-58,-286],[33,-53],[-20,-16],[5,-69],[159,-36],[53,266],[9,148],[-181,46]],[[48517,20946],[-30,-289],[516,-105],[6,48],[62,-12],[-33,43],[-21,178],[-28,40],[-472,97]],[[44923,28277],[-42,-422],[154,-32],[7,62],[40,25],[4,35],[88,0],[16,59],[-19,51],[26,59],[-15,23],[34,63],[34,11],[-327,66]],[[44569,28172],[33,-60],[-44,-29],[19,-29],[319,-47],[27,270],[-451,61],[58,-64],[31,13],[-1,-53],[23,-20],[-14,-42]],[[44881,27855],[-24,-258],[364,-72],[23,29],[-23,38],[23,-2],[0,23],[-22,16],[7,29],[-45,72],[-3,45],[-33,-22],[-72,116],[-35,7],[-6,-53],[-154,32]],[[44582,27900],[-28,-45],[15,-58],[-14,-13],[78,-19],[-10,-128],[232,-54],[41,424],[-319,47],[6,-22],[-40,-52],[21,-45],[-22,-18],[40,-17]],[[46383,28433],[-29,-280],[-98,18],[-39,-38],[1,-46],[25,-24],[36,-143],[46,-89],[-32,-273],[32,-21],[-30,-22],[-10,-76],[17,-51],[23,51],[57,-13],[61,33],[18,-23],[60,86],[78,-73],[28,67],[124,-13],[15,-68],[26,21],[-16,68],[32,77],[73,-8],[26,-38],[40,9],[13,86],[-68,-6],[4,32],[17,-3],[12,97],[-25,6],[-75,-62],[-17,0],[-3,41],[-23,-49],[-30,26],[-36,-17],[47,499],[-46,68],[-48,0],[-11,43],[-39,16],[4,38],[-240,54]],[[49003,20552],[-516,105],[-61,-565],[621,-134],[59,99],[148,28],[-31,111],[20,52],[-26,110],[6,62],[-44,78],[-66,75],[-46,14],[-58,13],[-6,-48]],[[48074,20752],[-46,-418],[379,-410],[80,737],[-413,91]],[[46732,29348],[-14,-121],[36,-7],[-10,-94],[128,-25],[5,-21],[-24,-10],[27,-19],[-6,-42],[77,113],[24,-5],[-12,-69],[15,-64],[56,85],[37,-28],[7,61],[28,-22],[-10,-23],[42,-16],[-7,-29],[100,-22],[27,118],[61,45],[-58,4],[-78,96],[28,78],[18,-10],[8,76],[35,9],[23,67],[3,26],[-69,-18],[6,45],[70,32],[-93,29],[-31,-78],[-54,11],[21,17],[-18,17],[-69,-80],[-37,12],[-14,-41],[-87,13],[7,133],[110,-21],[7,70],[-17,4],[4,50],[-43,9],[14,45],[-131,36],[0,21],[-88,-43],[-19,18],[-57,-66],[-11,29],[-54,-112],[26,-99],[-32,-146],[93,-38]],[[47994,20038],[36,-150],[364,-81],[13,117],[-379,410],[-34,-296]],[[48517,20946],[-412,89],[-31,-283],[413,-91],[30,285]],[[47712,20888],[23,-62],[339,-74],[27,246],[-97,65],[-267,51],[-26,-60],[18,-9],[-17,-157]],[[47797,22000],[-90,-726],[43,-163],[150,-32],[98,827],[-28,-11],[8,72],[-181,33]],[[50693,30942],[67,-112],[19,-152],[93,-79],[143,-340],[26,-19],[41,82],[74,51],[3,137],[72,165],[-41,202],[-31,10],[-9,73],[-36,2],[-41,95],[6,33],[-26,25],[-17,1],[-6,9],[91,-30],[55,76],[-45,52],[-51,148],[-66,87],[25,116],[-30,153],[54,968],[36,-1],[20,111],[-632,64],[43,383],[-246,-3],[-37,-202],[-3,-193],[-27,-67],[-740,-24],[-19,38],[-20,-24],[6,-81],[-16,-37],[-227,37],[-19,-38],[-6,32],[-43,-4],[-43,193],[72,21],[23,-39],[88,6],[78,120],[3,85],[26,22],[-6,25],[-136,0],[0,187],[-193,-1],[0,95],[-564,-6],[0,301],[-153,-2],[-1,89],[-229,-42],[-60,-80],[10,-71],[-148,44],[-44,54],[-14,96],[-97,-2],[-1,-184],[-326,-319],[-27,-122],[1,-97],[-69,-140],[18,-81],[-51,10],[-27,-279],[208,-99],[-19,-194],[98,-28],[-4,-34],[99,-19],[-32,-296],[-24,-65],[119,-24],[23,204],[32,25],[90,-18],[9,87],[201,-41],[-17,-160],[57,-28],[-11,-104],[186,-36],[-100,-123],[109,-20],[-24,-32],[95,-11],[-5,-57],[88,-19],[-5,-54],[64,-13],[-13,-135],[68,-12],[29,-63],[66,-13],[6,56],[228,-79],[82,93],[45,-45],[40,17],[35,-27],[32,70],[49,-22],[92,82],[14,184],[156,17],[13,-6],[-2,-96],[83,-67],[74,81],[87,-51],[-30,-240],[332,-76],[24,-152],[39,-9],[8,67],[87,0],[0,-105],[164,-2],[0,-65],[133,-1],[-69,149],[60,0],[119,-103],[50,-2],[24,-45],[30,135],[38,-3]],[[47077,31282],[-284,54],[-52,-128],[-92,-100],[21,-59],[-43,-129],[-172,-141],[-56,-97],[-96,-958],[39,-9],[25,12],[4,44],[40,-7],[-9,-95],[123,-81],[20,43],[55,-12],[11,108],[30,-4],[-10,-83],[14,-9],[54,112],[11,-29],[57,66],[19,-18],[88,43],[0,-21],[131,-36],[-14,-45],[43,-9],[-4,-50],[17,-4],[-7,-70],[-110,21],[-7,-133],[87,-13],[14,41],[37,-12],[69,80],[18,-17],[-21,-17],[54,-11],[31,78],[93,-29],[-70,-32],[-6,-45],[69,18],[-3,-26],[-23,-67],[-35,-9],[-8,-76],[-18,10],[-28,-78],[78,-96],[58,-2],[-61,-47],[-21,-72],[1,-212],[44,-12],[10,72],[52,-11],[11,40],[23,-5],[-4,-53],[47,-10],[75,54],[90,-45],[-32,-119],[83,17],[5,-34],[97,-124],[-7,-101],[21,-53],[-18,-49],[18,-32],[-11,-60],[42,-57],[-26,-22],[20,-20],[-50,-79],[-38,-12],[-2,-39],[39,1],[16,-55],[54,53],[-31,0],[-1,43],[53,-8],[5,-89],[33,-33],[-36,-112],[49,1],[4,45],[21,5],[38,-28],[15,-76],[33,72],[-20,12],[-27,111],[40,98],[67,20],[-12,-92],[-24,-32],[45,-9],[-17,-45],[48,-43],[39,21],[36,-75],[101,15],[10,30],[-15,24],[11,15],[-13,7],[1,55],[29,-17],[3,24],[-20,8],[19,4],[1,29],[88,-10],[-80,146],[45,56],[4,62],[-25,29],[106,59],[49,-62],[4,91],[47,103],[-36,41],[-22,156],[25,26],[32,158],[114,128],[22,137],[68,92],[-8,77],[27,176],[31,64],[-26,95],[19,75],[-58,63],[41,30],[-11,39],[15,123],[-18,92],[104,732],[23,341],[-206,75],[-6,-56],[-66,13],[-29,63],[-68,12],[13,135],[-64,13],[5,54],[-88,19],[5,57],[-95,11],[24,32],[-109,20],[100,123],[-186,36],[11,104],[-57,28],[17,160],[-201,41],[-9,-87],[-90,18],[-32,-25],[-23,-204],[-119,24],[24,65],[32,296],[-99,19],[4,34],[-98,28],[-20,-171],[-26,-43],[4,-91],[-48,12],[-54,-111],[101,-27],[-12,-138],[-85,25],[19,-106],[-185,39],[-11,-113],[-156,30],[1,-64],[-31,-67],[142,-28],[-14,-141]],[[47559,22056],[-26,-184],[3,-186],[92,-211],[112,45],[57,480],[-238,56]],[[45946,28507],[-44,-126],[-230,26],[109,-63],[38,-75],[37,46],[136,24],[101,72],[184,62],[-126,77],[37,55],[8,73],[51,-9],[34,241],[44,-9],[8,88],[46,-8],[7,53],[-49,28],[5,43],[50,-11],[4,34],[19,1],[6,-39],[47,-9],[-10,122],[96,-13],[-14,87],[62,30],[-20,43],[24,22],[-16,31],[24,116],[55,-12],[-38,133],[10,83],[-30,4],[-11,-108],[-55,12],[-20,-43],[-123,81],[9,95],[-40,7],[-4,-44],[-25,-12],[-118,23],[-7,-73],[-61,8],[-1,-80],[-25,8],[-17,-33],[-40,15],[-20,-21],[12,-45],[-62,-11],[30,-31],[-28,-10],[9,-33],[-18,-54],[23,9],[-6,-31],[-20,-22],[-62,33],[-8,-37],[35,-5],[-18,-41],[30,-47],[-15,-34],[37,-36],[-49,-32],[5,-34],[42,-26],[-29,-13],[-27,29],[-6,-39],[65,-68],[-48,23],[2,-81],[-64,-25],[-14,-44],[-18,57],[-21,-47],[-30,19],[-14,-19],[30,-20],[2,-39],[-91,-37],[58,-96],[-37,-1],[9,-64],[-34,16],[20,-83],[70,32],[-15,-39],[54,12],[94,-41]],[[46763,28214],[-47,-499],[36,17],[30,-26],[23,49],[3,-41],[17,0],[75,62],[25,-6],[-12,-97],[-17,3],[-4,-32],[68,6],[-35,-206],[62,-65],[14,20],[-3,128],[31,61],[55,-12],[60,30],[37,-31],[-4,-59],[-146,-87],[45,-57],[120,55],[44,53],[60,0],[47,-50],[-32,108],[21,29],[79,5],[73,-86],[2,43],[-28,39],[22,70],[-62,17],[-20,118],[19,20],[67,-105],[5,120],[60,-32],[16,47],[45,25],[28,91],[-18,44],[100,46],[9,33],[-40,0],[-8,37],[43,22],[50,79],[-20,20],[26,22],[-42,57],[11,60],[-18,32],[18,49],[-21,53],[7,101],[-97,124],[-5,34],[-83,-17],[32,119],[-90,45],[-75,-54],[-47,10],[4,53],[-23,5],[-11,-40],[-52,11],[-10,-72],[-44,12],[1,165],[-108,23],[-21,-100],[-35,15],[-12,-53],[-33,15],[-5,-33],[27,-42],[-36,8],[-25,-145],[50,-44],[-27,6],[-16,-124],[13,6],[-87,-141],[-94,-3],[-40,69],[-11,-98],[-156,31],[-3,-40],[38,-13],[12,-45],[42,6],[51,-73]],[[46325,28901],[-44,9],[-34,-241],[-51,9],[-8,-73],[-37,-55],[126,-77],[114,40],[-8,-80],[91,-29],[305,-56],[11,98],[40,-69],[53,-12],[41,15],[87,141],[-13,-6],[16,124],[28,14],[-51,24],[25,145],[36,-8],[-27,42],[5,33],[33,-15],[12,53],[35,-15],[28,129],[-42,16],[10,23],[-28,22],[-7,-61],[-37,28],[-56,-85],[-15,64],[12,69],[-51,-14],[-8,-57],[-22,3],[-20,-40],[6,42],[-27,19],[24,10],[-5,21],[-128,25],[10,94],[-36,7],[14,121],[-93,38],[30,121],[-55,12],[-24,-116],[16,-31],[-24,-22],[20,-43],[-62,-30],[14,-87],[-96,13],[10,-122],[-47,9],[-6,39],[-19,-1],[-4,-34],[-50,11],[-5,-43],[49,-28],[-7,-53],[-46,8],[-8,-88]],[[45737,28580],[-473,49],[1,-73],[-23,-72],[29,-56],[12,33],[17,-17],[39,38],[31,-38],[103,15],[429,-78],[45,121],[-95,46],[-54,-12],[15,39],[-62,-36],[-14,41]],[[45376,28392],[-97,-29],[-27,-93],[-95,-41],[122,-43],[164,-8],[18,92],[93,177],[-184,-3],[-11,-29],[17,-23]],[[45709,23835],[-30,-268],[159,-62],[62,-97],[41,-180],[114,-25],[32,283],[-102,22],[31,278],[-307,49]],[[45265,29109],[-64,-187],[199,-19],[83,-118],[138,-42],[54,27],[41,-70],[66,-12],[-54,86],[90,34],[-2,39],[-29,22],[18,20],[27,-21],[17,46],[-124,150],[50,55],[-227,43],[-283,-53]],[[45400,28903],[-206,13],[-3,-72],[6,-30],[30,1],[-19,-62],[88,-26],[-3,-71],[-28,-24],[472,-52],[-14,46],[40,-1],[-15,49],[37,-5],[-69,31],[-41,70],[-54,-27],[-136,41],[-85,119]],[[44914,28711],[-384,34],[-21,29],[-1,-45],[27,-9],[-16,-38],[32,-52],[-60,-8],[24,-61],[-22,-17],[-13,-59],[-8,-79],[33,-20],[-18,-35],[670,-122],[96,42],[33,99],[92,30],[-19,15],[13,47],[-19,18],[-86,-49],[-25,53],[26,121],[-18,36],[-112,20],[-10,-29],[-162,32],[-52,47]],[[43817,34326],[-54,-396],[-39,-51],[11,-31],[-64,-23],[32,-19],[5,-77],[21,-17],[-58,-48],[33,-11],[-2,-40],[31,-33],[-20,-69],[-80,-12],[4,-72],[44,10],[23,-51],[-37,-17],[38,-39],[-17,-13],[15,-46],[-46,-51],[4,-35],[26,4],[0,-39],[-11,-42],[-38,-12],[35,-31],[-48,-59],[38,-16],[-12,-137],[14,-21],[-69,-37],[52,-32],[-2,-30],[28,-29],[76,17],[-6,-74],[-21,16],[-37,-38],[5,-105],[-38,2],[20,-15],[-19,-16],[19,-39],[-58,16],[7,-47],[-29,-119],[50,-44],[-52,-34],[37,-13],[5,-48],[-88,4],[5,-70],[-50,-35],[3,-51],[-25,20],[-3,-35],[48,-15],[16,-33],[38,16],[1130,-221],[58,70],[0,63],[55,-24],[25,63],[-7,52],[39,30],[-225,45],[79,361],[74,749],[801,-157],[-56,86],[-1,144],[144,-24],[18,86],[-39,58],[4,117],[70,27],[212,242],[33,79],[-28,54],[62,45],[4,28],[20,-9],[27,-154],[107,-1],[53,-169],[128,-179],[55,0],[8,122],[31,46],[6,90],[47,39],[80,-40],[46,35],[62,-133],[78,-69],[89,28],[24,-282],[-35,-136],[56,-22],[107,17],[103,-296],[77,-98],[65,-157],[27,279],[51,-10],[-18,81],[69,140],[-1,97],[27,122],[326,319],[2,901],[-43,3],[-16,33],[-30,-12],[-70,244],[-33,195],[-77,95],[-21,-28],[-31,12],[10,83],[-24,46],[-14,-28],[0,238],[-85,0],[7,634],[-1132,7],[-49,337],[44,1],[2,142],[-93,41],[16,29],[-5,42],[-682,-5],[-26,-699],[-60,-308],[-31,-75],[-142,-86],[-27,-108],[-132,24],[-57,-44],[-21,37],[-13,-36],[-117,-10],[-89,-124],[-7,-74],[-98,62],[-7,-60],[-234,49],[-4,22],[-309,41],[-6,-51],[-27,32],[-60,-12],[-31,84],[-67,-575],[68,-16],[-21,-34],[-9,-139],[-31,-51],[-17,-112],[-28,-18]],[[44805,33152],[-74,-749],[-79,-361],[225,-45],[-39,-30],[7,-52],[-25,-63],[-55,24],[0,-63],[-58,-70],[-178,24],[-16,-37],[20,-73],[-22,-110],[-16,-7],[37,-31],[2,-50],[-31,-30],[-11,-71],[-42,11],[-61,-96],[-33,4],[-9,-59],[-63,-48],[0,-91],[78,-134],[608,-114],[-5,-47],[192,-36],[0,51],[1032,-198],[10,87],[102,11],[74,-25],[19,-38],[5,46],[56,97],[172,141],[43,129],[-21,59],[92,100],[52,128],[284,-54],[14,141],[-142,28],[31,67],[-1,64],[156,-30],[11,113],[185,-39],[-19,106],[85,-25],[12,138],[-101,27],[54,111],[50,-7],[-6,86],[32,70],[33,338],[-173,66],[-50,51],[-50,139],[-77,98],[-103,296],[-161,2],[33,141],[-24,280],[-89,-28],[-78,69],[-62,133],[-46,-35],[-80,40],[-47,-39],[-6,-90],[-31,-46],[-8,-122],[-55,0],[-128,179],[-53,169],[-107,1],[-27,154],[-20,9],[-4,-28],[-62,-45],[28,-54],[-33,-79],[-212,-242],[-70,-27],[-4,-117],[39,-58],[-18,-86],[-144,24],[1,-144],[56,-86],[-801,157]],[[45116,29664],[-27,-417],[442,-81],[-25,103],[-13,-4],[11,123],[-38,85],[3,29],[35,22],[9,76],[-397,64]],[[45548,29162],[-841,153],[22,243],[-35,181],[-401,74],[17,-39],[-8,-38],[22,-28],[-51,-47],[30,-12],[2,-44],[34,-31],[-14,-81],[12,-48],[71,-22],[22,-53],[20,-3],[17,-39],[-10,-51],[19,-4],[7,-40],[408,-103],[19,-95],[-21,-56],[312,-57],[64,187],[283,53]],[[44727,29592],[-20,-277],[382,-68],[27,417],[-422,75],[33,-147]],[[45513,29600],[-6,-54],[96,-106],[391,-105],[26,50],[-24,-7],[18,54],[-9,33],[28,10],[-30,31],[62,11],[-12,45],[20,21],[40,-15],[17,33],[25,-8],[-9,35],[20,62],[-39,17],[-8,-36],[-19,11],[-20,46],[6,38],[-33,32],[-39,-44],[-13,24],[-705,141],[-29,-280],[246,-39]],[[46016,23786],[-31,-278],[102,-22],[-32,-283],[257,-56],[52,563],[-348,76]],[[45472,29504],[-6,-31],[42,-114],[-15,-94],[13,4],[24,-100],[245,-50],[-50,-55],[134,-156],[7,-51],[17,44],[64,25],[-2,81],[48,-23],[-65,68],[6,39],[29,-30],[28,19],[-43,22],[-4,38],[47,31],[-36,32],[15,34],[-30,47],[18,39],[-33,2],[5,42],[-321,70],[-87,106],[-50,-39]],[[44293,29813],[974,-176],[52,566],[71,-20],[-11,28],[13,55],[62,-43],[24,232],[-32,6],[28,278],[-317,60],[0,-51],[-192,36],[5,47],[-573,102],[18,-59],[-26,-132],[23,-122],[-33,-78],[10,-34],[-74,-62],[21,-50],[-17,-12],[21,-104],[-33,-3],[-12,-80],[-19,-19],[-8,-201],[-65,-14],[45,-72],[21,11],[-6,-48],[30,-41]],[[46189,30601],[-77,16],[-18,-27],[9,-34],[-53,-38],[-10,-32],[19,-8],[12,-84],[-16,-7],[-11,-93],[-53,-7],[28,-71],[-43,-33],[7,-38],[-21,-63],[367,-80],[65,634],[-19,38],[-74,25],[-102,-11],[-10,-87]],[[45936,29985],[26,-115],[51,-24],[-41,-20],[39,-23],[-3,-45],[48,39],[30,-31],[-6,-38],[23,-49],[50,26],[6,-28],[58,-12],[7,73],[79,-14],[26,278],[-364,74],[-29,-91]],[[45023,28954],[-57,-290],[299,-32],[28,23],[7,51],[-53,50],[-41,0],[22,57],[-31,1],[4,108],[-178,32]],[[44516,28756],[451,-73],[29,201],[27,70],[-134,25],[21,56],[-15,90],[-17,13],[-369,72],[25,-68],[-19,-44],[3,-61],[23,-53],[-52,-21],[14,-29],[-14,-51],[40,-45],[-13,-82]],[[45390,30183],[575,-107],[-2,43],[20,26],[-7,38],[43,33],[-28,71],[53,7],[11,93],[16,7],[-12,84],[-19,9],[29,63],[34,6],[-9,34],[18,27],[-638,122],[-28,-278],[32,-6],[-24,-232],[-62,43],[-13,-55],[11,-28]],[[45295,29915],[706,-137],[10,25],[-39,23],[42,18],[-52,26],[-24,97],[27,109],[-646,127],[-24,-288]],[[43369,27778],[-79,-139],[212,-119],[68,-9],[30,355],[-40,103],[-191,-191]],[[43601,27849],[-31,-338],[36,-20],[131,3],[147,61],[-58,77],[5,49],[-86,51],[-22,67],[-52,23],[-26,49],[4,38],[-72,15],[24,-75]],[[42720,27978],[-22,-4],[1,-70],[115,-23],[11,-46],[-12,-61],[42,-66],[61,-5],[-8,-151],[-24,-36],[54,-44],[54,25],[-26,-123],[35,-12],[25,-101],[64,2],[269,503],[201,203],[-30,71],[-32,-29],[-230,47],[-115,85],[-7,-64],[-35,7],[-6,-109],[-104,20],[1,73],[-35,45],[-47,-45],[12,-25],[-51,11],[16,14],[-39,41],[-3,35],[36,17],[-40,49],[-67,-36],[-127,21],[32,-41],[-89,-14],[-3,-50],[55,1],[68,-115]],[[43429,27493],[-4,-31],[47,-30],[20,-90],[-22,-64],[12,-25],[-19,-103],[-30,-53],[91,-1],[-11,-96],[52,-18],[43,509],[-225,97],[21,-21],[-1,-58],[26,-16]],[[43884,27555],[-148,-58],[43,-117],[294,-53],[-51,75],[-21,103],[-44,47],[5,67],[-24,2],[-48,90],[-41,7],[-23,56],[-21,-20],[-14,88],[-41,3],[-11,28],[-26,-18],[8,44],[-53,101],[-108,-31],[17,-45],[72,-15],[-4,-38],[26,-49],[52,-23],[22,-67],[86,-51],[-5,-49],[58,-77]],[[43125,27134],[-10,-113],[60,-48],[5,-37],[-35,-84],[9,-71],[93,-73],[54,73],[71,-8],[27,25],[4,48],[-41,50],[19,77],[108,127],[-55,-4],[28,61],[-355,60],[18,-83]],[[43290,27639],[-200,-376],[17,-46],[355,-60],[20,96],[-12,25],[22,64],[-20,90],[-47,30],[3,36],[-30,21],[4,52],[-112,68]],[[40128,32816],[-29,84],[-96,-102],[-35,25],[4,45],[-27,3],[-49,-159],[-67,74],[-29,-33],[-18,67],[17,45],[-27,52],[-76,-89],[-80,-10],[1,82],[-42,33],[-24,94],[10,97],[-32,15],[10,89],[-51,11],[15,146],[-22,33],[-7,103],[-64,101],[-2,81],[-148,-73],[-44,27],[-23,117],[-83,-36],[-8,-84],[-94,42],[-94,-481],[-115,-1119],[117,-203],[-18,-178],[10,-86],[-26,-95],[-44,-62],[1,-67],[31,-74],[-25,1],[8,-35],[-26,3],[-46,-121],[23,-12],[-6,-23],[274,-59],[-3,-27],[805,-156],[-6,35],[61,91],[727,-147],[-6,-56],[504,-93],[-87,181],[-85,106],[-89,192],[-174,247],[63,591],[217,243],[-130,31],[19,145],[27,-7],[13,97],[34,7],[12,83],[-109,4],[17,122],[-12,37],[-73,38],[-5,77],[-92,221],[90,-13],[27,336],[-89,122],[-58,22],[-98,-35],[-23,-65],[-100,22],[-30,-259],[27,-20],[-33,-111],[-133,63],[-12,-109],[-99,5],[-41,-289]],[[39569,33950],[-76,-33],[-12,-65],[-73,-149],[2,-81],[64,-101],[7,-103],[22,-33],[-15,-146],[51,-11],[-10,-89],[32,-15],[-10,-97],[24,-94],[42,-33],[-1,-82],[80,10],[76,89],[27,-52],[-17,-45],[18,-67],[29,33],[67,-74],[49,159],[27,-3],[-4,-45],[35,-25],[96,102],[29,-84],[41,289],[99,-5],[12,109],[133,-63],[33,111],[-27,20],[30,259],[100,-22],[23,65],[98,35],[58,-22],[15,135],[-34,6],[12,122],[-89,9],[-35,259],[-25,38],[26,378],[-59,-49],[-51,84],[-46,-28],[12,86],[-10,-12],[-10,51],[-35,7],[-5,-48],[-28,16],[15,37],[-25,4],[7,65],[-59,15],[-8,-47],[-10,60],[-59,-19],[-19,47],[-52,10],[-7,-66],[-57,12],[-23,-203],[-53,11],[-11,-101],[-28,5],[-16,-177],[-22,3],[-5,-52],[-85,17],[-39,49],[-55,-12],[-1,-129],[-82,-83],[-19,-120],[-87,23],[3,-45]],[[40802,33498],[19,-71],[-31,-293],[-90,13],[92,-221],[5,-77],[73,-38],[12,-37],[-17,-122],[109,-4],[-12,-83],[-34,-7],[-13,-97],[-27,7],[-19,-145],[130,-31],[-136,-166],[69,-22],[13,-55],[118,15],[25,-46],[24,56],[66,-43],[15,32],[41,-14],[33,29],[-45,32],[11,43],[57,30],[12,-58],[13,49],[35,-5],[-14,57],[41,71],[14,-48],[53,0],[-17,79],[40,4],[11,56],[13,-64],[30,56],[84,-5],[16,-32],[-21,-41],[9,-25],[64,3],[17,82],[30,-9],[68,189],[-185,177],[-121,38],[274,227],[-20,97],[51,402],[73,45],[-28,47],[8,174],[-15,19],[17,108],[-28,51],[-59,-4],[-70,163],[-119,-162],[-37,75],[-46,-127],[-91,65],[-20,74],[-121,-164],[-191,273],[-5,41],[-140,-62],[-35,132],[19,164],[-60,15],[-15,30],[-26,-30],[-101,10],[-4,-67],[-109,20],[-12,-212],[25,-38],[35,-259],[89,-9],[-12,-122],[34,-6],[-15,-135],[74,-94]],[[40740,35200],[-192,41],[-29,41],[-6,-56],[-105,-9],[-52,-530],[25,-4],[-15,-37],[28,-16],[5,48],[35,-7],[10,-51],[10,12],[-12,-86],[46,28],[51,-84],[59,49],[-14,-166],[109,-20],[4,67],[101,-10],[26,30],[15,-30],[60,-15],[-19,-164],[35,-132],[140,62],[5,-41],[191,-273],[121,164],[20,-74],[91,-65],[46,127],[37,-75],[119,162],[70,-163],[59,4],[27,-46],[-16,-113],[15,-19],[-8,-174],[28,-47],[-73,-45],[-51,-402],[20,-97],[-274,-227],[121,-38],[185,-177],[-68,-189],[39,-53],[71,-16],[77,-126],[12,13],[-17,68],[12,8],[112,-142],[81,34],[25,-130],[14,-3],[-7,43],[26,-1],[46,-105],[39,62],[1110,-265],[12,44],[-55,33],[27,38],[-30,52],[52,22],[-37,45],[57,-23],[30,48],[23,-63],[62,7],[2,35],[-29,43],[26,-13],[0,54],[50,35],[-7,66],[90,0],[-5,48],[-37,13],[52,34],[-50,44],[29,119],[-7,47],[58,-16],[-17,27],[17,28],[-17,30],[33,-21],[-3,109],[37,38],[21,-16],[6,74],[-76,-17],[-28,29],[2,30],[-52,32],[69,37],[-14,21],[12,137],[-38,16],[48,59],[-35,31],[38,12],[11,42],[0,39],[-26,-4],[-4,35],[46,51],[-15,46],[17,13],[-38,39],[37,17],[-23,51],[-44,-10],[-4,72],[86,23],[14,58],[-31,33],[2,40],[-33,11],[58,48],[-21,17],[-5,77],[-32,19],[62,19],[-9,35],[39,51],[54,396],[28,18],[17,112],[31,51],[9,139],[21,34],[-68,16],[30,279],[-284,54],[11,42],[-63,33],[0,79],[-26,50],[-22,-1],[3,-35],[-63,-11],[-16,60],[-17,-5],[-7,67],[-42,49],[-14,-35],[-31,18],[-20,94],[-67,-47],[-24,71],[-79,13],[73,711],[-30,-48],[-82,-41],[-227,117],[-33,233],[75,701],[-37,82],[-100,24],[38,212],[-99,35],[13,67],[-98,36],[-10,-52],[-187,32],[-89,-130],[-2,92],[-88,-1],[-8,-109],[-416,4],[-21,47],[-285,100],[22,34],[11,-32],[31,8],[21,45],[51,25],[0,487],[-17,0],[-4,137],[-227,27],[7,-86],[-46,-110],[-121,24],[-49,127],[-60,-74],[-119,9],[-5,-132],[-49,4],[38,-161],[-60,12],[-24,-232],[-158,-89],[-9,-85],[-77,16],[-5,-47],[246,-48],[-6,-21],[-138,-37],[-118,-131],[-26,-129],[-109,-113],[-9,25],[-53,4],[-48,-61],[-42,74],[-31,-4],[-58,-144],[-11,-107],[11,-24],[230,-16],[0,-28],[61,-1],[0,-98],[52,20],[-9,-68],[54,-12],[-17,-91],[-36,-63],[47,-9],[-20,-182],[212,-49],[-13,-117],[196,-22],[-39,-136],[-88,0],[0,-66],[-50,-98],[-59,-54],[-51,-484]],[[44261,27829],[-25,-279],[371,-67],[26,282],[-73,-1],[1,42],[-67,-19],[-233,42]],[[44321,28328],[65,-521],[174,-2],[-6,50],[31,40],[-43,19],[22,22],[-21,44],[41,55],[-25,51],[44,35],[-33,44],[13,49],[-23,20],[1,53],[-30,-13],[-35,48],[-26,-4],[17,33],[-166,-23]],[[43721,28287],[-186,-259],[25,-59],[100,30],[63,96],[17,127],[36,15],[18,56],[-73,-6]],[[44117,28081],[-18,-172],[167,-34],[-5,-46],[125,-22],[-27,283],[-250,52],[-5,-58],[13,-3]],[[43864,28284],[53,-402],[36,6],[-2,58],[39,-29],[-4,-37],[73,-16],[3,29],[29,-6],[26,194],[-13,3],[5,58],[236,-49],[-24,235],[-457,-44]],[[43718,28089],[-58,-86],[41,-63],[179,-26],[-3,33],[26,9],[-40,228],[1,100],[-70,9],[-18,-56],[-36,-15],[-22,-133]],[[43750,27845],[55,-26],[-14,-20],[11,-40],[24,15],[23,-56],[74,-46],[15,-51],[32,-24],[-13,-45],[53,-56],[-8,95],[-60,174],[40,-9],[8,161],[-46,26],[9,-55],[-36,-6],[-14,74],[-26,-9],[3,-33],[-179,26],[20,-41],[-8,-44],[26,18],[11,-28]],[[43986,27880],[-4,-124],[-40,9],[49,-131],[17,-106],[224,-46],[34,393],[-174,38],[-33,-49],[-73,16]],[[42136,30444],[89,-20],[-17,-32],[-25,10],[-2,-28],[65,-23],[4,-58],[31,-23],[20,47],[57,20],[31,-23],[-27,-38],[18,-57],[15,14],[19,-32],[-31,-45],[53,17],[14,-78],[-13,-88],[27,-31],[-1,-37],[41,-7],[-12,-55],[34,44],[57,-39],[10,55],[75,0],[-11,35],[120,123],[-131,49],[80,-3],[-1,50],[32,15],[-51,31],[-2,54],[-45,-3],[32,74],[35,-12],[-48,109],[109,3],[36,56],[-1,28],[-31,25],[-1,75],[71,68],[22,-6],[0,31],[55,64],[-44,54],[24,52],[-38,8],[13,55],[39,-14],[74,50],[-11,-77],[49,84],[19,-20],[-3,-56],[50,2],[-32,53],[46,29],[8,64],[-17,28],[55,-7],[1,53],[35,7],[-23,26],[0,47],[39,2],[-69,64],[-15,44],[19,21],[-6,39],[28,-54],[15,83],[38,-11],[5,54],[-33,-10],[-4,46],[32,41],[29,-60],[6,43],[50,33],[14,125],[29,39],[-1110,265],[-39,-62],[-46,105],[-26,1],[7,-43],[-14,3],[-25,130],[-81,-34],[-112,142],[-12,-8],[17,-68],[-12,-13],[-77,126],[-71,16],[-60,65],[-21,-81],[-69,-7],[-9,25],[21,41],[-16,32],[-84,5],[-30,-56],[-13,64],[-11,-56],[-40,-4],[17,-79],[-53,0],[-14,48],[-41,-71],[14,-57],[-35,5],[-13,-49],[-12,58],[-19,-11],[87,-1038],[140,-188],[132,-97],[119,-237],[169,-182],[144,-120],[73,-2],[1,136]],[[40709,30510],[5,-127],[-15,-20],[24,-63],[21,-4],[-6,-21],[253,-49],[-22,-52],[2,-66],[24,-28],[-35,-211],[43,-72],[9,-125],[19,-16],[6,-65],[-23,-109],[-44,-32],[7,-53],[-17,-17],[27,-44],[311,-315],[686,-129],[-46,57],[-199,643],[-102,114],[-158,298],[-325,728],[-504,93],[-28,-102],[31,-128],[36,-29],[20,-56]],[[41559,30406],[-272,47],[192,-449],[158,-298],[102,-114],[199,-643],[47,-58],[120,-21],[13,24],[49,-37],[-18,113],[38,-27],[45,43],[-56,22],[34,28],[-39,174],[7,25],[24,-8],[-13,162],[42,43],[18,109],[76,94],[18,-10],[-2,29],[-26,7],[47,155],[-228,319],[1,173],[-73,2],[-144,120],[-169,182],[-38,76],[-104,-95],[-48,-187]],[[41287,30453],[272,-47],[48,187],[104,95],[-81,161],[-132,97],[-140,188],[-81,1021],[-50,-11],[-4,-36],[43,-27],[-15,-24],[-58,6],[-15,-32],[-66,43],[-24,-56],[-25,46],[-118,-15],[-13,55],[-40,-4],[-33,35],[-77,-86],[-63,-591],[174,-247],[95,-203],[79,-95],[220,-460]],[[43889,28803],[-48,-153],[-99,-83],[9,-174],[43,-100],[104,-13],[439,49],[-87,312],[-116,0],[-24,-98],[-18,4],[12,75],[-159,34],[15,125],[-29,67],[-42,-45]],[[43959,28772],[-14,-116],[159,-34],[-12,-75],[18,-4],[24,98],[116,0],[87,-312],[150,22],[18,35],[-33,20],[8,79],[13,59],[22,17],[-24,61],[60,8],[-32,52],[15,41],[-26,9],[19,115],[-39,43],[15,44],[-14,29],[52,21],[-23,53],[-3,61],[19,44],[-25,68],[-502,112],[31,-169],[-49,-160],[-53,-94],[-4,-56],[27,-71]],[[43314,28604],[179,-217],[58,-159],[21,-141],[149,200],[73,6],[-43,100],[-9,175],[102,86],[44,103],[-3,36],[48,84],[-571,105],[-16,-152],[-104,-5],[33,-77],[53,-11],[-14,-133]],[[42362,29816],[-47,-155],[26,-7],[2,-29],[-18,10],[-76,-94],[-18,-109],[-42,-43],[13,-162],[-24,8],[-7,-25],[39,-174],[-34,-28],[54,-30],[-43,-35],[-36,31],[-5,-24],[39,-111],[35,34],[50,-2],[-42,-83],[65,-45],[30,-117],[54,34],[112,-7],[65,72],[40,-72],[3,77],[34,36],[-25,65],[71,21],[-50,64],[-49,11],[69,44],[-78,25],[-17,55],[30,25],[37,-41],[23,53],[85,-43],[29,272],[299,-78],[35,-108],[-9,-73],[16,-37],[21,3],[35,-55],[41,-1],[32,-64],[-18,-29],[41,-36],[97,-9],[16,152],[402,-71],[52,593],[40,156],[-29,254],[-133,18],[-3,-49],[-103,22],[12,82],[-255,53],[24,284],[-303,61],[36,358],[48,47],[21,91],[-44,168],[-4,-29],[-44,-19],[32,-54],[-20,-23],[-38,25],[10,42],[-19,24],[-49,-84],[11,77],[-74,-50],[-39,14],[-13,-55],[38,-8],[-24,-52],[44,-54],[-55,-64],[0,-31],[-22,6],[-71,-68],[1,-75],[31,-25],[1,-28],[-36,-56],[-109,-6],[48,-106],[-35,12],[-32,-74],[45,3],[2,-54],[51,-31],[-32,-15],[1,-50],[-80,3],[130,-54],[-119,-118],[11,-35],[-79,-3],[-6,-52],[-56,39],[-34,-44],[11,56],[-41,6],[1,37],[-27,33],[13,86],[-14,78],[-53,-17],[31,45],[-19,32],[-15,-14],[-18,57],[23,44],[-84,-3],[-20,-47],[-31,23],[-4,58],[-65,23],[2,28],[25,-10],[17,32],[-89,20],[-2,-309],[228,-319]],[[43806,29369],[-44,-472],[171,-20],[103,264],[-29,181],[-201,47]],[[43068,29225],[-312,92],[-29,-272],[-85,43],[-23,-53],[-37,41],[-30,-25],[17,-55],[78,-25],[-69,-44],[49,-11],[50,-64],[-72,-23],[28,-66],[-18,-113],[26,-40],[6,-104],[42,29],[114,-40],[-16,-74],[21,-92],[-105,-66],[-17,-49],[98,-38],[68,35],[39,-48],[-36,-17],[3,-35],[39,-41],[-16,-14],[51,-11],[-12,25],[47,45],[35,-45],[-1,-73],[104,-20],[6,109],[35,-7],[7,64],[106,-82],[92,-19],[17,177],[-19,4],[-9,104],[62,-12],[-114,194],[19,26],[21,202],[-53,11],[-30,65],[6,24],[-43,38],[18,29],[-32,64],[-41,1],[-35,55],[-21,-3],[-29,204]],[[43340,28327],[9,-104],[19,-4],[-17,-177],[150,-31],[71,76],[-21,141],[-58,159],[-179,217],[-26,-95],[114,-194],[-62,12]],[[44075,30394],[-78,-30],[-19,33],[-35,-27],[-44,15],[-15,-206],[266,-51],[14,35],[16,-53],[91,-8],[5,64],[-52,129],[19,93],[-52,9],[-2,30],[-53,-12],[5,-43],[-66,22]],[[47001,23524],[-26,-275],[70,-15],[-83,-225],[432,-89],[-19,211],[19,51],[-7,84],[-72,72],[-51,138],[-34,33],[4,30],[-274,47],[41,-62]],[[44137,30694],[-325,67],[35,-96],[-6,-152],[21,-100],[78,-43],[38,27],[47,-39],[49,36],[67,-22],[-5,43],[53,12],[2,-30],[52,-9],[-19,-93],[52,-129],[31,111],[33,3],[-21,104],[17,12],[-20,54],[73,58],[-10,34],[33,78],[-23,122],[26,135],[-138,236],[19,84],[57,39],[-161,29],[-55,-571]],[[43600,29987],[-12,-82],[103,-22],[3,49],[439,-87],[-13,-140],[176,-33],[28,36],[-22,28],[8,38],[-16,55],[-31,25],[8,45],[-23,-8],[-45,74],[64,9],[4,128],[-91,8],[-16,53],[-14,-35],[-266,51],[-98,56],[-326,70],[46,-296],[94,-22]],[[44532,31489],[-37,51],[16,7],[22,110],[-20,73],[31,45],[-967,189],[-38,-16],[-21,37],[-12,-38],[-41,-13],[-28,4],[-21,61],[-30,-48],[-56,24],[36,-46],[-52,-22],[30,-52],[-27,-38],[56,-41],[-42,-75],[-10,-119],[-54,-39],[-10,-44],[-28,59],[-31,-73],[39,-2],[-5,-54],[-38,11],[-15,-83],[-24,59],[1,-45],[-17,-14],[14,-50],[69,-64],[-39,-2],[0,-47],[23,-26],[-35,-7],[-1,-53],[-55,5],[56,-232],[-21,-91],[-48,-47],[-36,-358],[303,-61],[-24,-284],[158,-34],[-43,299],[119,-25],[19,213],[63,-13],[-6,137],[-42,9],[20,173],[504,-105],[55,571],[161,-29],[3,41],[33,-4],[61,96],[43,-11],[39,131]],[[43633,30799],[-20,-173],[140,-34],[106,-117],[-18,38],[6,152],[-35,96],[-179,38]],[[43598,30493],[-19,-213],[207,-45],[98,-56],[15,206],[-37,28],[-5,54],[-99,120],[-103,30],[6,-137],[-63,13]],[[46089,22771],[27,-151],[286,-59],[14,140],[-147,390],[-34,36],[11,34],[-203,45],[-20,-171],[13,-115],[60,-13],[-7,-136]],[[43907,29607],[-91,-103],[-13,-134],[706,-160],[-52,67],[6,64],[-51,78],[-75,25],[-12,49],[16,72],[-37,42],[-1,42],[-30,12],[10,12],[-239,46],[4,-139],[-141,27]],[[43827,29914],[27,-282],[-36,-128],[89,103],[141,-27],[-4,139],[76,-14],[17,139],[-310,70]],[[47442,25381],[112,28],[-54,-181],[260,-149],[16,146],[127,-25],[-26,59],[94,-13],[13,352],[-65,11],[-28,-53],[-130,-25],[-118,24],[-203,-56],[2,-118]],[[47381,24729],[0,-202],[-408,16],[46,-61],[-13,-14],[29,-65],[57,-22],[16,-47],[-11,-49],[-44,-34],[20,-39],[8,-100],[-35,-167],[32,-101],[85,-21],[27,151],[57,0],[18,69],[26,5],[105,151],[-44,-22],[-22,25],[85,51],[113,3],[51,-35],[137,51],[-1,37],[-33,1],[-27,168],[0,287],[16,59],[-29,17],[23,78],[-91,9],[-46,-222],[19,-41],[-89,-19],[0,59],[-77,24]],[[47819,24059],[-26,-195],[-54,-102],[42,-12],[-36,-321],[154,-33],[44,-145],[70,-48],[-14,-30],[4,-73],[46,-37],[75,645],[44,-38],[15,39],[101,-6],[16,133],[73,8],[-3,28],[35,41],[-235,310],[-100,86],[-113,-42],[-138,-208]],[[47396,24199],[-131,-156],[-18,-69],[-57,0],[-27,-151],[264,-58],[87,39],[224,-45],[55,105],[26,195],[-92,-13],[-307,63],[8,116],[-13,28],[-85,-51],[22,-25],[44,22]],[[47826,24311],[-247,-90],[-51,35],[-106,-10],[-2,-137],[307,-63],[92,13],[159,230],[-135,32],[-3,-35],[-14,25]],[[47219,23606],[11,-97],[34,-32],[75,-167],[45,197],[361,-78],[36,321],[-264,54],[-93,-38],[-346,78],[-9,-31],[22,-39],[0,-68],[40,-38],[-11,-8],[20,-34],[79,-20]],[[46871,23542],[-16,-112],[-44,-11],[-9,-88],[-53,9],[212,-329],[84,223],[-70,15],[26,275],[-41,62],[-128,25],[-4,-35],[43,-34]],[[47135,25371],[-12,-116],[-42,-55],[18,-37],[-79,-57],[73,-13],[313,-178],[148,494],[-89,-35],[-23,7],[-2,118],[-70,-26],[-162,38],[-33,-29],[-40,-111]],[[47500,25228],[-94,-313],[-313,178],[-73,13],[7,-59],[-14,10],[-62,-90],[7,-46],[-29,-58],[13,-50],[-17,-4],[9,-25],[-19,-100],[49,-45],[-11,-47],[18,-8],[-11,-22],[13,-19],[408,-16],[0,202],[77,-24],[0,-59],[89,19],[-19,41],[75,319],[-16,54],[25,84],[-112,65]],[[46387,23841],[-75,-694],[287,-61],[14,124],[-11,15],[80,-14],[30,186],[37,-57],[53,-9],[9,88],[48,17],[14,94],[-45,46],[4,35],[-296,64],[-149,166]],[[47984,25603],[-13,-357],[-94,13],[26,-59],[-127,25],[-16,-146],[-148,84],[-25,-84],[16,-54],[-29,-97],[58,-23],[120,42],[39,-24],[38,18],[72,-34],[24,-67],[43,-27],[55,13],[-17,40],[43,66],[60,-36],[0,56],[80,-52],[-40,107],[58,54],[-93,161],[2,18],[87,41],[121,117],[-103,24],[-168,167],[-69,14]],[[47667,24811],[-12,-40],[263,-146],[72,-93],[94,3],[79,-48],[9,21],[-18,25],[21,15],[-4,124],[23,7],[-10,39],[9,60],[19,-3],[7,99],[-110,78],[0,-56],[-60,36],[-43,-66],[17,-40],[-55,-13],[-43,27],[-47,85],[-126,22],[-87,-28],[-23,-78],[25,-30]],[[47655,24524],[27,-214],[33,-1],[1,-37],[110,39],[14,-25],[3,35],[135,-32],[92,20],[111,-104],[47,34],[2,87],[49,-42],[83,27],[-9,20],[41,-5],[-90,88],[0,47],[-50,-6],[3,28],[-71,76],[-32,-16],[18,-35],[-9,-21],[-79,48],[-90,-5],[-76,95],[-263,146],[0,-247]],[[48116,25240],[91,-179],[-14,-42],[82,-18],[-1,23],[33,12],[3,-42],[86,-18],[-2,-24],[99,106],[31,-31],[-20,100],[27,35],[43,-19],[-11,-28],[44,-72],[26,60],[20,-4],[-71,109],[-38,12],[8,16],[-26,25],[-45,0],[8,70],[-141,49],[-232,-140]],[[46748,26703],[-18,-195],[-35,7],[-5,-62],[25,-30],[-24,-16],[-33,-209],[151,-26],[40,51],[59,-84],[168,-1],[0,-30],[20,15],[70,-104],[40,404],[34,-33],[21,5],[7,65],[147,-22],[30,283],[-8,36],[-35,-21],[-55,25],[-1,122],[23,65],[-117,22],[-35,59],[-20,-7],[-6,-46],[-127,27],[-29,-226],[-107,15],[-26,113],[-84,10],[19,-91],[-7,-82],[-76,13],[-4,-35],[16,-3],[-18,-14]],[[47481,27481],[-63,89],[-82,-3],[-21,-29],[32,-108],[-47,50],[-60,0],[-44,-53],[-120,-55],[-43,43],[10,38],[99,34],[38,33],[6,41],[-38,44],[-64,-29],[-50,15],[-36,-64],[3,-128],[-14,-20],[-62,65],[0,60],[23,59],[-41,-8],[-26,38],[-71,9],[-34,-75],[16,-71],[-24,-20],[-24,-223],[54,-29],[15,-41],[-16,-53],[28,-37],[-14,-70],[11,-48],[80,-30],[26,-113],[50,-25],[26,27],[31,-17],[29,226],[127,-27],[6,46],[20,7],[35,-59],[117,-22],[-23,-65],[1,-122],[55,-25],[35,21],[8,-36],[21,206],[147,-30],[42,25],[86,-37],[72,74],[70,24],[202,-31],[6,60],[-58,11],[23,81],[-16,4],[40,118],[-65,47],[-35,223],[43,71],[-25,37],[44,47],[16,85],[-18,70],[14,135],[-24,16],[20,36],[-46,11],[24,34],[12,92],[-67,-20],[-40,-98],[27,-111],[20,-12],[-37,-75],[-26,97],[-42,7],[-6,-47],[-51,0],[38,112],[-33,32],[-5,89],[-49,10],[-3,-45],[31,1],[-24,-37],[-149,-50],[18,-41],[-5,-40],[-24,-55],[-45,-25],[-13,-45],[-60,35],[-8,-125],[-77,99],[12,-131],[62,-20],[-22,-67],[32,-51],[-13,-36]],[[47732,25793],[-6,-139],[-20,-7],[0,-30],[-30,-1],[-11,-76],[224,15],[30,54],[134,-20],[168,-167],[103,-24],[9,236],[-22,262],[-139,-65],[14,128],[-42,10],[-105,-98],[-54,11],[-101,-56],[2,47],[-113,20],[-6,36],[-35,-136]],[[47466,26927],[-31,-279],[402,-84],[41,-42],[153,121],[21,134],[77,99],[-50,19],[6,57],[-202,31],[-70,-24],[-72,-74],[-86,37],[-42,-25],[-147,30]],[[46269,23091],[147,-390],[3,29],[103,-30],[6,54],[28,-6],[1,84],[29,13],[-19,31],[6,40],[-16,3],[21,39],[-5,68],[19,6],[-9,57],[-336,62],[-12,-24],[34,-36]],[[46712,23397],[-30,-186],[-80,14],[328,-425],[3,-88],[44,30],[-1,52],[-36,16],[21,201],[-249,386]],[[47542,26438],[-192,-282],[-182,-116],[-4,-419],[37,0],[-1,-112],[68,6],[84,-36],[-16,132],[-17,0],[0,126],[111,0],[1,67],[45,2],[-2,168],[-69,28],[244,328],[-12,64],[19,73],[69,74],[5,45],[-168,37],[-20,-185]],[[47474,25974],[2,-168],[-45,-2],[-1,-67],[-111,0],[0,-126],[17,0],[16,-132],[290,76],[23,-15],[11,76],[30,1],[0,30],[20,7],[4,158],[29,95],[-61,14],[-1,39],[-34,9],[-1,90],[64,37],[-38,136],[-53,81],[-230,-311],[69,-28]],[[47206,26423],[-37,-383],[181,116],[192,282],[19,184],[-126,26],[-20,-210],[-147,22],[-7,-65],[-55,28]],[[47892,26317],[-130,-198],[-87,-49],[318,-82],[1,26],[196,-24],[36,345],[-23,58],[17,55],[-32,7],[-2,117],[-167,-90],[-44,-81],[-83,-84]],[[46578,22958],[-21,-39],[30,-61],[-30,-26],[-1,-84],[63,-1],[14,24],[36,-57],[20,18],[-2,-33],[140,-14],[15,50],[80,3],[8,62],[-317,410],[-14,-124],[-16,3],[9,-57],[-19,-7],[5,-67]],[[48031,26643],[-153,-121],[-41,42],[-107,22],[-5,-45],[-55,-41],[-31,-93],[10,-77],[-14,-17],[53,-81],[38,-136],[85,85],[43,95],[121,125],[44,81],[144,89],[44,-9],[-16,73],[21,45],[-49,36],[-69,124],[-42,-63],[-21,-134]],[[47697,25960],[1,-39],[77,6],[-2,-34],[113,-20],[-2,-47],[101,56],[54,-11],[105,98],[42,-10],[4,31],[-196,24],[-1,-26],[-331,71],[1,-90],[34,-9]],[[46573,25604],[-3,-217],[-29,5],[-4,-29],[83,-20],[-15,-142],[70,-13],[17,183],[127,-10],[32,185],[-16,97],[-55,6],[0,37],[-21,-37],[-36,6],[2,23],[-67,29],[-27,-116],[-58,13]],[[46843,26063],[30,-178],[-19,-6],[4,-169],[21,-1],[12,-59],[273,-1],[2,370],[-70,104],[-188,16],[-33,57],[-32,-133]],[[46680,26193],[-39,-153],[1,-145],[-19,1],[-8,-70],[22,-3],[4,-112],[106,-62],[33,37],[0,-37],[55,-6],[0,-26],[60,16],[-16,76],[-21,1],[-4,169],[19,16],[-30,168],[32,133],[-26,27],[-40,-51],[-129,21]],[[46851,25546],[-32,-185],[316,-25],[19,98],[46,75],[1,112],[-37,0],[-13,41],[-234,-5],[-76,-32],[10,-79]],[[46961,23011],[-21,-201],[36,-16],[-2,-48],[195,-210],[55,-122],[80,-64],[-5,24],[20,-4],[14,135],[-23,6],[61,155],[-2,87],[34,50],[8,81],[-17,36],[-433,91]],[[46692,25371],[-18,-322],[304,-62],[35,70],[14,-10],[-14,53],[86,63],[-18,37],[11,37],[21,-7],[21,99],[-128,34],[-314,8]],[[48700,24279],[-27,9],[-10,-119],[-56,-61],[-8,-26],[14,-22],[-60,-80],[-11,-54],[-27,-6],[-15,36],[-24,-27],[-42,28],[-43,-12],[14,-34],[-35,-39],[5,-27],[-75,-9],[-16,-133],[-101,6],[-15,-39],[-44,38],[-75,-645],[265,-58],[24,30],[666,-168],[7,24],[40,-17],[9,77],[41,-12],[1,270],[-64,26],[31,60],[-33,225],[15,56],[52,26],[96,-64],[49,16],[58,83],[67,31],[-38,84],[24,29],[53,-12],[11,104],[30,-67],[36,139],[-64,54],[-108,0],[5,153],[-40,50],[-23,-13],[-24,49],[-54,-17],[2,-108],[-47,103],[51,35],[11,40],[-112,-40],[0,-66],[-29,-21],[-149,21],[-49,-38],[-17,1],[5,45],[-32,34],[13,64],[-134,51],[6,-63]],[[48056,27104],[-23,-81],[58,-11],[-12,-117],[50,-19],[-34,-56],[58,-22],[19,-4],[7,66],[38,-7],[7,71],[65,-12],[14,137],[203,-52],[91,863],[-335,49],[-12,-43],[-95,-11],[-36,75],[-39,-21],[-26,32],[-14,-135],[18,-70],[-16,-85],[-44,-47],[25,-37],[-43,-71],[35,-223],[65,-47],[-40,-118],[16,-4]],[[49038,28895],[35,4],[-16,-11],[26,-6],[-6,-23],[45,-3],[-10,-40],[32,15],[69,-45],[35,-83],[-21,-1],[18,-58],[24,33],[40,-32],[29,171],[18,-19],[25,48],[63,36],[16,-9],[-7,-25],[45,41],[-37,20],[37,2],[-38,62],[6,24],[56,-16],[-6,-37],[61,-57],[-14,-23],[19,-33],[-18,-43],[91,-14],[-12,-47],[55,-46],[27,17],[22,-23],[106,60],[7,-32],[13,28],[116,-88],[11,34],[-11,10],[45,23],[-27,17],[25,15],[13,118],[27,13],[36,-57],[12,49],[56,17],[2,-42],[45,7],[-26,-54],[34,-19],[8,-59],[24,-4],[-44,-30],[27,-40],[-25,-35],[50,-90],[-17,-28],[15,-38],[18,-27],[7,41],[15,-21],[-26,-36],[14,-12],[-15,-39],[22,8],[0,-95],[56,-12],[6,-57],[24,4],[-10,-45],[21,-67],[23,26],[22,-23],[-20,-44],[11,-20],[-23,-113],[-53,-113],[7,-26],[-47,-172],[45,-91],[63,-26],[15,-51],[8,28],[34,-3],[30,-57],[60,59],[101,-29],[29,58],[176,-58],[297,-35],[5,41],[17,-3],[12,117],[-56,11],[16,152],[53,-11],[27,248],[-97,20],[27,101],[-39,75],[65,127],[46,-27],[18,183],[33,-4],[13,188],[975,1022],[-27,37],[-67,3],[-54,74],[-35,10],[-18,124],[-36,54],[-4,124],[-80,158],[-69,91],[-89,33],[-59,130],[-72,72],[-31,93],[-35,24],[-28,-59],[-110,-38],[1,142],[-18,42],[-68,15],[-27,-37],[-69,7],[-50,-76],[-40,-16],[-52,-151],[-1,-124],[-74,-51],[-44,-83],[-48,56],[-118,304],[-82,57],[-31,104],[1,70],[-67,112],[-38,3],[-30,-135],[-24,45],[-50,2],[-119,103],[-60,0],[69,-149],[-133,1],[0,65],[-164,2],[0,105],[-87,0],[-8,-67],[-39,9],[-24,152],[-332,76],[30,240],[-87,51],[-74,-81],[-83,67],[2,96],[-152,0],[-25,-28],[-4,-161],[-14,-22],[-80,-66],[-49,22],[-32,-70],[-35,27],[-40,-17],[-45,45],[-82,-93],[-22,4],[-23,-341],[-104,-732],[18,-92],[-15,-123],[11,-39],[-41,-30],[58,-63],[-19,-75],[26,-95],[-31,-64],[-27,-176],[8,-77],[-68,-92],[-22,-137],[-114,-128],[-32,-158],[-25,-26],[22,-156],[49,-56],[14,13],[-7,85],[20,39],[22,-17],[30,61],[30,-10],[-13,-14],[22,-48],[23,9],[-20,-50],[24,7],[30,-66],[3,119],[43,90],[27,12],[47,-65],[-15,65],[35,13],[3,40],[58,13],[-15,54],[27,-29],[-12,42],[90,83],[31,-15],[8,-44]],[[48224,26371],[-52,-540],[139,65],[22,-262],[-11,-256],[92,-32],[85,292],[-42,4],[-43,85],[9,57],[-44,174],[65,76],[-5,22],[30,7],[20,63],[71,23],[7,46],[-9,24],[-113,23],[-66,102],[-95,62],[-9,-81],[-34,7],[4,35],[-21,4]],[[48597,27860],[-122,-1130],[143,-28],[-10,-85],[25,-5],[-8,-70],[93,-34],[-3,-150],[69,-53],[52,328],[-12,124],[73,25],[60,-6],[24,-33],[2,56],[-35,38],[19,35],[-10,68],[366,-66],[41,381],[181,-15],[-11,39],[34,89],[8,121],[-38,39],[19,83],[-25,31],[15,86],[-24,133],[-46,98],[-36,15],[26,262],[622,1],[-1,126],[195,2],[14,32],[-14,12],[26,33],[-15,21],[-7,-41],[-18,27],[-15,38],[17,28],[-50,90],[25,35],[-27,40],[44,22],[-24,12],[-8,59],[-34,19],[28,49],[-47,-2],[-2,42],[-13,-2],[-43,-15],[-14,-49],[-34,57],[-20,-5],[-20,-126],[-25,-15],[27,-17],[-45,-23],[11,-10],[-15,-35],[-112,89],[-13,-28],[-7,32],[-106,-60],[-22,23],[-27,-17],[-55,46],[12,47],[-91,14],[18,43],[-19,33],[14,23],[-61,57],[6,37],[-56,16],[-6,-24],[38,-62],[-37,-2],[37,-20],[-45,-41],[7,25],[-16,9],[-63,-36],[-25,-48],[-18,19],[-29,-171],[-40,32],[-24,-33],[-18,58],[21,1],[-35,83],[-69,45],[-32,-15],[9,43],[-33,-9],[-5,32],[-26,8],[12,22],[-31,-17],[-8,44],[-31,15],[-90,-83],[12,-42],[-30,25],[18,-50],[-58,-13],[-3,-40],[-32,-6],[12,-72],[-50,66],[-44,-40],[-23,-63],[-3,-119],[-30,66],[-24,-7],[21,47],[-28,-1],[-18,43],[11,16],[-33,8],[-29,-63],[-18,19],[-24,-52],[11,-72],[-27,2],[-47,-103],[-4,-91],[-49,62],[-106,-59],[25,-29],[-4,-62],[-45,-56],[79,-152],[-82,19],[-25,-36],[20,-8],[-3,-24],[-29,17],[12,-92],[335,-49]],[[49469,25760],[33,-85],[61,-78],[-80,-248],[9,-100],[-62,-76],[-27,-113],[-32,-14],[-41,-106],[-80,-4],[-91,-54],[13,-103],[-43,-73],[-43,-12],[1,-59],[57,26],[125,-19],[28,36],[25,-37],[-18,-20],[0,-103],[56,11],[108,-162],[32,16],[-7,37],[34,-25],[63,59],[91,-38],[14,39],[48,27],[24,131],[34,50],[0,-73],[39,21],[-10,-69],[23,-84],[-18,-85],[79,-80],[23,-132],[37,-78],[27,36],[15,175],[102,9],[21,43],[91,-19],[2,22],[147,-49],[50,19],[147,193],[16,53],[35,-6],[15,40],[-15,50],[38,142],[-8,87],[-22,46],[6,94],[-25,71],[-111,60],[-5,-53],[-12,2],[-4,46],[-64,37],[-33,-25],[-8,-62],[-244,48],[-63,106],[32,0],[24,57],[-32,217],[42,67],[-3,40],[21,24],[-14,15],[32,26],[-16,21],[29,43],[-44,-1],[-52,-61],[-56,38],[-54,-43],[-15,3],[-8,66],[-162,-110],[15,32],[-78,92],[-166,289],[-31,-30],[-102,200],[-145,-134],[17,-190],[163,-149]],[[48501,26124],[-122,-166],[44,-174],[-9,-57],[43,-85],[42,-4],[6,-55],[48,-10],[-6,77],[33,26],[23,137],[18,4],[-15,25],[50,38],[18,-39],[36,34],[52,-3],[44,21],[7,55],[24,29],[82,6],[10,74],[22,20],[3,74],[-7,60],[-65,17],[8,75],[-112,3],[-63,52],[3,140],[-84,-73],[34,-48],[-30,-25],[-18,-158],[-62,25],[2,-70],[-59,-25]],[[46928,22485],[29,-69],[-113,-625],[-128,-254],[-290,-253],[38,-199],[991,-200],[80,724],[0,286],[56,419],[-292,60],[5,-24],[-80,64],[-55,122],[-192,206],[-28,-21],[-4,-36],[-17,-200]],[[46419,22730],[-17,-169],[128,-25],[28,-66],[41,-29],[111,-22],[31,40],[18,-51],[181,-54],[17,62],[-29,69],[22,224],[-17,3],[-8,55],[-14,-42],[-69,10],[-15,-50],[-140,14],[2,33],[-20,-18],[-42,58],[-36,-31],[-63,13],[-6,-54],[-103,30]],[[48191,26636],[16,-74],[-21,10],[2,-117],[32,-7],[-17,-57],[10,-27],[32,3],[-4,-35],[34,-7],[9,81],[95,-62],[66,-102],[175,-48],[18,158],[30,25],[-34,48],[84,73],[-42,44],[-51,0],[8,70],[-25,5],[10,85],[-143,28],[31,267],[-101,32],[-102,20],[-14,-137],[-65,12],[-7,-71],[-38,7],[-7,-66],[-67,17],[58,-96],[46,-26],[-18,-53]],[[46402,22561],[-60,-539],[-64,-128],[47,-134],[101,-476],[283,244],[91,165],[44,98],[96,563],[-181,54],[-18,51],[-31,-40],[-111,22],[-41,29],[-28,66],[-128,25]],[[45852,25216],[-65,-664],[67,-65],[94,4],[35,-43],[78,727],[-209,41]],[[46674,25049],[-87,-802],[135,-26],[31,283],[264,-52],[-19,70],[-38,38],[4,79],[-50,51],[20,94],[-9,25],[17,4],[-13,50],[39,125],[-294,61]],[[48806,25893],[-96,-18],[-36,-34],[-18,39],[-50,-38],[15,-25],[-18,-4],[-23,-137],[-33,-26],[6,-77],[-48,10],[-6,55],[-85,-292],[75,-15],[-8,-70],[45,0],[26,-25],[-8,-16],[38,-12],[71,-109],[-20,4],[-26,-60],[-44,72],[11,28],[-43,19],[-27,-35],[20,-100],[-31,31],[-99,-106],[2,24],[-86,18],[-3,42],[-33,-12],[1,-23],[-106,32],[-20,-26],[7,-30],[63,-103],[-7,-99],[-19,3],[-9,-60],[10,-39],[-23,-7],[4,-124],[60,-32],[19,-61],[65,17],[120,-37],[-6,84],[49,10],[-6,31],[42,-43],[22,21],[26,-35],[64,10],[17,-84],[40,-37],[7,-50],[134,-51],[-13,-64],[32,-34],[-5,-45],[137,43],[78,-27],[29,21],[0,66],[112,40],[-8,-36],[-53,-52],[46,-90],[-2,108],[31,27],[41,-24],[6,-35],[44,-5],[21,-46],[-7,-139],[108,0],[92,-68],[33,124],[114,-21],[10,88],[26,29],[14,134],[-33,131],[-91,38],[-63,-59],[-34,25],[7,-37],[-32,-16],[-108,162],[-56,-11],[0,103],[18,20],[-25,37],[-28,-36],[-125,19],[-57,-26],[-1,59],[43,12],[43,73],[-13,103],[91,54],[80,4],[41,106],[32,14],[26,111],[63,78],[-9,100],[73,215],[2,60],[-56,51],[-43,104],[-73,36],[-80,94],[-17,190],[-52,-63],[-53,17],[-42,160],[-29,28],[-74,0],[-4,-113],[-106,-71],[-10,-74],[-82,-6],[-24,-29],[-7,-55]],[[48836,26633],[-52,-328],[106,-2],[-8,-75],[65,-17],[4,-134],[84,51],[4,113],[74,0],[29,-28],[41,-159],[54,-18],[204,203],[-90,189],[-24,88],[28,89],[-42,24],[21,60],[-31,14],[13,64],[-34,-2],[-23,48],[34,9],[-22,13],[-11,50],[-303,55],[10,-68],[-19,-35],[29,-24],[9,-57],[-89,26],[-73,-25],[12,-124]],[[48266,24289],[-36,37],[-2,-87],[-47,-34],[210,-260],[43,12],[42,-28],[24,27],[15,-36],[27,6],[11,54],[57,71],[-3,57],[44,32],[23,71],[-1,77],[27,-11],[-13,115],[-40,37],[-17,84],[-64,-10],[-26,35],[-22,-21],[-42,43],[6,-31],[-49,-10],[6,-84],[-120,37],[-19,-18],[4,-40],[89,-97],[-40,14],[9,-20],[-96,-22]],[[49323,26874],[-63,11],[11,-50],[22,-13],[-34,-9],[23,-48],[34,2],[-13,-64],[31,-14],[1,-33],[-22,-27],[42,-24],[-28,-89],[49,-168],[160,-315],[31,30],[166,-289],[78,-92],[-15,-32],[162,110],[8,-66],[69,40],[72,-29],[36,52],[64,17],[18,86],[71,119],[55,39],[49,-34],[26,46],[-5,47],[22,1],[-3,44],[98,29],[-10,79],[-23,-15],[11,50],[37,17],[-26,44],[14,50],[32,17],[-27,87],[18,24],[-87,-37],[-1,33],[-35,16],[9,33],[-25,65],[14,8],[-18,18],[19,2],[-12,13],[19,27],[-19,31],[21,-9],[17,38],[-17,-5],[-1,33],[40,25],[4,-40],[14,32],[-25,36],[16,25],[-4,61],[-18,-12],[7,23],[-24,21],[29,35],[-20,20],[23,27],[9,76],[-52,45],[31,10],[-21,54],[19,13],[-3,44],[-32,20],[82,71],[-24,13],[11,40],[-24,54],[-34,3],[-8,-28],[-15,51],[-61,23],[-24,77],[-23,9],[40,206],[53,113],[30,190],[-43,-16],[-21,67],[10,45],[-24,-4],[-6,57],[-56,12],[-1,97],[-215,-2],[1,-126],[-622,-1],[-26,-262],[36,-15],[47,-101],[23,-130],[-15,-86],[25,-31],[-19,-83],[38,-39],[-8,-121],[-34,-89],[8,-43],[-178,19],[-41,-381]],[[51212,28281],[-68,-129],[39,-75],[-27,-101],[97,-20],[-27,-248],[-53,11],[-16,-152],[56,-11],[-12,-117],[-17,3],[-5,-41],[-297,35],[-176,58],[-29,-58],[-101,29],[-76,-75],[23,-34],[-79,-56],[3,-32],[26,-5],[3,-43],[-19,-14],[21,-51],[-31,-11],[52,-45],[-9,-76],[-23,-27],[20,-20],[-29,-35],[24,-21],[-7,-23],[18,12],[4,-61],[-16,-25],[25,-36],[-14,-32],[-4,40],[-40,-25],[1,-33],[17,5],[-17,-38],[-21,9],[19,-31],[-19,-27],[12,-13],[-19,-2],[18,-18],[-14,-8],[25,-65],[-9,-33],[35,-16],[1,-33],[88,36],[-19,-23],[27,-54],[-4,-51],[-27,3],[-15,-50],[26,-46],[-37,-17],[-11,-50],[23,15],[10,-79],[-98,-28],[3,-45],[-22,-1],[5,-47],[-26,-46],[-51,34],[-112,-130],[-25,-104],[-54,-69],[16,-21],[-32,-24],[14,-17],[-21,-24],[3,-40],[-35,-33],[27,-236],[-26,-72],[-32,0],[63,-106],[244,-48],[8,62],[33,25],[64,-37],[4,-46],[12,-2],[5,53],[54,-37],[-3,19],[38,-3],[78,-97],[12,-68],[71,-10],[48,-92],[108,-8],[24,-28],[23,-101],[77,-60],[2,-67],[70,-152],[-14,-72],[18,-20],[15,41],[52,-66],[12,35],[132,-1],[19,25],[160,-33],[-7,-60],[269,-56],[-23,-261],[180,-16],[117,37],[-23,72],[82,91],[47,-16],[94,33],[5,71],[-23,75],[16,101],[102,15],[73,91],[-15,111],[21,44],[78,-100],[63,17],[84,-40],[65,21],[35,45],[60,-28],[30,-162],[43,-64],[-10,-56],[23,-59],[96,17],[115,-107],[40,67],[146,106],[-24,69],[30,89],[-4,80],[47,103],[99,78],[73,-34],[88,18],[59,85],[35,21],[31,-25],[12,58],[-39,135],[17,55],[53,-20],[29,-53],[9,66],[68,63],[-21,69],[-48,-27],[-76,77],[-3,44],[79,187],[-2,68],[-26,12],[-7,116],[-43,1],[-6,65],[-112,-4],[27,129],[-13,87],[102,21],[60,125],[61,6],[54,-56],[103,-38],[20,65],[82,85],[-6,58],[32,65],[44,6],[137,-61],[95,-130],[21,49],[53,14],[14,47],[54,48],[-360,843],[-105,56],[-43,74],[-25,112],[-106,84],[-107,198],[-88,107],[-39,106],[-51,6],[-67,-98],[-11,16],[9,89],[-27,154],[76,158],[102,64],[94,193],[-31,212],[-13,30],[-41,-14],[-27,105],[-65,92],[-29,103],[27,65],[67,17],[125,-125],[7,96],[-71,185],[-11,146],[80,168],[-1,36],[-40,65],[-75,37],[-215,73],[-96,-6],[-49,75],[-44,-4],[-5,147],[-43,64],[5,58],[-52,171],[-1,44],[39,93],[-67,138],[16,110],[-122,49],[-59,109],[-35,-37],[2,-46],[-34,-49],[-35,-174],[7,-70],[21,-4],[33,-70],[15,-85],[-689,-589],[-969,-1017],[-13,-188],[-33,4],[-18,-183],[-43,29]],[[49264,23571],[-65,-33],[-105,64],[-52,-52],[27,-255],[-31,-60],[64,-26],[0,-264],[-43,5],[-9,-78],[-47,4],[37,-194],[-74,-98],[18,-107],[27,-33],[-22,-84],[9,-30],[33,-31],[98,69],[13,-37],[44,28],[21,-57],[19,13],[37,-64],[-21,-13],[8,-85],[54,18],[-23,-47],[38,-64],[34,-23],[28,61],[56,-1],[0,-95],[29,4],[37,44],[0,78],[30,0],[48,-60],[27,-88],[115,-106],[36,27],[-21,36],[65,42],[6,60],[95,-10],[56,-76],[97,126],[131,-1],[-14,-92],[61,-11],[-16,-119],[64,-41],[40,-134],[75,-60],[-5,-30],[104,-22],[3,26],[26,-6],[20,159],[78,-26],[87,23],[32,-40],[5,36],[-37,33],[22,86],[-45,7],[113,134],[-113,46],[33,158],[45,-18],[-9,-43],[86,-52],[8,35],[24,-59],[19,169],[-58,13],[24,75],[-26,112],[-21,4],[7,76],[-34,26],[17,70],[62,-14],[-7,-68],[72,-16],[34,-111],[-6,-55],[42,67],[73,27],[45,83],[78,-6],[36,-131],[-6,-101],[45,3],[37,392],[110,-23],[90,44],[1,-63],[126,-14],[6,-31],[47,-3],[4,-25],[376,-79],[65,26],[3,229],[65,-13],[2,28],[67,14],[142,-135],[70,-26],[33,24],[61,-56],[6,155],[27,-14],[1,-184],[191,-95],[45,-56],[16,8],[-1,82],[48,0],[1,-171],[75,0],[59,-91],[238,6],[-40,178],[17,119],[-12,79],[-73,80],[10,45],[-70,107],[-113,101],[-94,232],[30,67],[35,20],[-23,98],[70,36],[8,93],[56,101],[-5,71],[-53,97],[-5,48],[63,60],[6,92],[37,40],[53,160],[78,108],[28,90],[-147,-105],[-40,-67],[-115,107],[-39,9],[-12,-35],[-33,-2],[-35,70],[10,56],[-38,52],[-30,101],[-3,69],[-62,32],[-35,-45],[-78,-21],[-71,40],[-63,-17],[-84,97],[-15,-53],[15,-99],[-73,-91],[-102,-15],[-16,-101],[23,-75],[-5,-71],[-94,-33],[-47,16],[-82,-91],[23,-72],[-236,-39],[-69,29],[31,250],[-269,56],[7,60],[-160,33],[-19,-25],[-132,1],[-12,-35],[-50,66],[-25,-35],[-10,14],[14,72],[-70,152],[-2,67],[-77,60],[-23,101],[-24,28],[-112,11],[-44,89],[-71,10],[1,40],[-29,54],[-62,71],[-38,3],[68,-57],[40,-292],[-26,-64],[-9,-156],[-37,3],[-109,-186],[-104,-79],[-147,49],[-2,-22],[-91,19],[-21,-43],[-65,13],[-37,-22],[-15,-175],[-27,-36],[-37,78],[-23,132],[-79,80],[18,85],[-23,84],[10,69],[-39,-21],[8,60],[-13,14],[-29,-51],[-24,-131],[-61,-56],[32,-141],[-14,-134],[-26,-29],[-10,-88],[-114,21],[-33,-124],[-28,14],[-36,-139],[-30,67],[-11,-104],[-53,12],[-24,-29],[38,-84],[-67,-31],[-42,-66]],[[49207,22302],[-21,57],[-44,-28],[-13,37],[-98,-69],[38,-80],[-15,-56],[18,-39],[-66,-54],[5,-56],[-26,-67],[-3,-70],[-126,-242],[13,-41],[-25,-68],[21,-57],[-30,-84],[84,-89],[-12,-20],[14,-33],[39,-8],[10,-103],[52,-40],[-10,-35],[188,-97],[411,-111],[37,319],[-134,-38],[-115,78],[52,344],[61,52],[29,108],[77,63],[9,73],[-40,60],[13,3],[1,112],[-68,105],[-30,0],[0,-78],[-37,-44],[-29,-4],[0,95],[-56,1],[-31,-62],[-69,88],[23,47],[-54,-18],[-8,85],[21,13],[-37,64],[-19,-13]],[[46469,25092],[-87,-801],[205,-44],[87,802],[-205,43]],[[46061,25175],[-36,-348],[122,-40],[287,-14],[35,319],[-408,83]],[[50841,20522],[-59,-495],[-50,-22],[-90,-772],[555,215],[20,-92],[118,-124],[17,29],[1016,-222],[-41,-362],[269,-55],[53,78],[243,711],[208,215],[105,525],[54,130],[-156,125],[-106,37],[89,173],[-22,105],[84,75],[18,59],[-2,116],[-24,53],[13,20],[-6,70],[33,90],[-17,86],[34,49],[-28,81],[10,65],[22,5],[-28,122],[22,32],[-19,130],[31,62],[-10,52],[85,131],[-5,195],[-233,0],[-59,91],[-75,0],[-1,171],[-48,0],[1,-82],[-16,-8],[-45,56],[-191,95],[-1,184],[-27,14],[-6,-155],[-61,56],[-33,-24],[-70,26],[-142,135],[-67,-14],[-2,-28],[-65,13],[-3,-229],[-65,-26],[-376,79],[-4,25],[-47,3],[-6,31],[-126,14],[-1,63],[-90,-44],[-110,23],[-37,-392],[-45,-3],[6,101],[-36,131],[-78,6],[-45,-83],[-73,-27],[-42,-67],[6,55],[-34,111],[-72,16],[7,68],[-62,14],[-17,-70],[34,-26],[-7,-76],[21,-4],[26,-112],[-24,-75],[58,-13],[-19,-169],[-24,59],[-8,-35],[-86,52],[9,43],[-45,18],[-33,-158],[113,-46],[-113,-134],[45,-7],[-22,-86],[39,-38],[-6,-107],[-81,10],[-23,-184],[267,-64],[-15,-130],[-49,10],[-18,-152],[36,-8],[-70,-577],[50,-12]],[[48999,20840],[33,-112],[-11,-32],[22,-34],[-5,-32],[32,-53],[61,-20],[89,-128],[-3,-71],[26,-110],[-20,-52],[33,-95],[-150,-44],[-56,-99],[178,-335],[-117,-956],[75,-17],[-5,-41],[256,-57],[-18,-104],[57,-112],[58,-30],[38,-87],[57,5],[4,-41],[35,24],[-12,26],[1,7],[3,4],[37,-83],[119,-1],[84,-179],[159,-29],[54,-53],[42,6],[29,-42],[37,14],[-5,-95],[28,-26],[0,-54],[20,-27],[-22,-32],[-5,-99],[46,-109],[16,-141],[19,-17],[3,-185],[74,-183],[148,-142],[47,-162],[-17,-142],[234,-53],[44,349],[88,-44],[129,-187],[187,-181],[29,-157],[98,-180],[134,-45],[40,342],[-24,-10],[59,573],[25,-47],[47,-21],[68,58],[62,-8],[88,77],[-5,-45],[467,-92],[14,142],[105,-16],[-15,-136],[101,-19],[11,105],[366,-71],[43,395],[-40,6],[38,379],[-55,-41],[-137,33],[-69,-47],[26,254],[-25,-12],[37,341],[-18,4],[30,284],[-184,15],[23,214],[-267,55],[41,362],[-1016,222],[-17,-29],[-118,124],[-20,92],[-555,-215],[88,774],[-154,-65],[4,34],[-83,21],[-16,35],[-101,-14],[-211,47],[-6,-41],[-42,9],[-13,-98],[-37,8],[5,41],[-18,19],[-109,25],[-119,1],[-8,-34],[-23,157],[54,22],[2,76],[-55,98],[-25,163],[41,205],[-195,128],[-421,116],[-169,91],[-43,-34],[1,-63],[-16,-21],[-1,-83],[27,-10]],[[50907,21391],[-267,64],[23,184],[80,-19],[-3,80],[-19,38],[-97,-16],[-78,26],[-20,-159],[-89,-8],[-44,10],[5,30],[-75,60],[-18,96],[-35,55],[-80,-118],[-49,-130],[-35,-247],[-125,-232],[88,-90],[147,-22],[147,121],[292,32],[170,-27],[18,152],[49,-10],[15,130]],[[49496,21137],[64,-3],[213,87],[155,-65],[53,-51],[125,232],[35,247],[49,130],[80,118],[-51,24],[16,119],[-61,11],[14,92],[-63,12],[-68,-11],[-97,-126],[-56,76],[-95,10],[-6,-60],[-65,-42],[21,-36],[-36,-27],[-119,110],[-4,-73],[-13,-3],[40,-60],[-9,-73],[-77,-63],[-53,-139],[-26,7],[-54,-295],[-9,-82],[97,-66]],[[50246,21004],[-177,11],[110,-192],[76,-58],[-76,-618],[14,-60],[22,-33],[115,-27],[151,5],[16,-35],[83,-21],[-4,-34],[206,85],[59,495],[-50,12],[70,577],[-206,35],[-285,-30],[-124,-112]],[[49647,21175],[-36,-326],[205,-133],[-41,-205],[25,-163],[55,-98],[-2,-76],[-54,-22],[23,-157],[8,34],[119,-1],[109,-25],[18,-19],[-5,-41],[37,-8],[13,98],[42,-9],[6,41],[46,-11],[-36,93],[76,618],[-76,58],[-110,192],[-136,138],[-163,68],[-123,-46]],[[48363,22137],[-94,-172],[66,-119],[47,-9],[94,-204],[109,-97],[-4,-37],[201,-126],[15,68],[46,-29],[18,36],[-17,78],[25,68],[-13,41],[126,242],[3,70],[26,67],[-5,56],[67,58],[-119,25],[-56,42],[8,60],[-101,41],[-4,-33],[-33,-10],[-48,19],[-39,-56],[-68,11],[-1,-59],[-62,73],[-24,5],[-10,-36],[-63,10],[4,53],[-83,18],[-6,-64],[-26,-8],[-9,-67],[30,-15]],[[46025,24827],[-51,-454],[408,-82],[52,482],[-287,14],[-122,40]],[[47411,22884],[-40,-219],[-61,-154],[23,-6],[-14,-135],[272,-56],[28,245],[-156,259],[-47,168],[-32,51],[-4,-80],[31,-73]],[[47613,22513],[-54,-457],[419,-89],[5,39],[-35,6],[-7,150],[18,45],[21,-5],[29,194],[-396,117]],[[47913,23011],[-53,-472],[-87,-73],[189,-61],[77,80],[345,-65],[35,-84],[-4,-39],[50,-38],[-12,-39],[63,-10],[10,36],[24,-5],[62,-73],[1,59],[68,-11],[39,56],[48,-19],[33,10],[4,33],[101,-41],[-8,-60],[56,-42],[119,-25],[-19,35],[15,56],[-80,139],[22,86],[-27,33],[-17,97],[73,108],[-36,185],[-666,168],[-24,-30],[-287,63],[-24,34],[-77,17],[4,-86],[-17,-22]],[[47899,23396],[-515,111],[-45,-197],[48,-44],[-3,-229],[32,-51],[13,-72],[460,-94],[24,191],[17,22],[-4,86],[77,-17],[-4,71],[14,30],[-70,48],[-44,145]],[[47472,22801],[132,-210],[15,-32],[-6,-46],[155,-49],[92,75],[29,281],[-460,94],[43,-113]],[[47974,22404],[78,-20],[45,-56],[74,-196],[105,-155],[51,74],[7,54],[26,3],[1,34],[-28,10],[9,67],[26,8],[6,64],[51,-11],[-41,140],[-345,65],[-65,-81]],[[47959,22207],[-18,-45],[7,-150],[35,-6],[-13,-111],[59,7],[88,-113],[-12,-129],[45,-111],[15,-8],[5,41],[187,-52],[19,109],[100,-6],[-94,204],[-47,9],[-164,286],[-56,160],[-63,92],[-43,9],[-29,-191],[-21,5]],[[48581,21499],[-64,-553],[456,-98],[15,168],[45,20],[-21,22],[10,34],[-47,30],[-15,113],[-39,8],[-14,33],[12,20],[-76,73],[0,43],[-46,29],[-15,-68],[-20,4],[-181,122]],[[48326,21430],[50,-166],[80,-15],[-22,-174],[-20,5],[-47,-101],[150,-33],[68,590],[-109,97],[-100,6],[-5,-86],[-45,-123]],[[47785,20667],[-48,-424],[-140,29],[-35,-283],[466,-99],[-34,148],[80,714],[-339,74],[70,-162],[-20,3]],[[48426,20092],[-32,-285],[-832,182],[-232,-191],[-73,-677],[1336,-290],[18,148],[305,-70],[25,205],[218,-50],[69,559],[-178,335],[-624,134]],[[47455,20885],[-125,-1087],[231,188],[36,286],[140,-29],[48,424],[20,-3],[-70,162],[-280,59]],[[47539,21681],[-84,-796],[280,-59],[-26,59],[20,160],[-18,9],[39,57],[-43,163],[33,246],[-112,-45],[-89,206]],[[46434,23791],[102,-116],[703,-124],[-20,55],[-79,20],[-20,33],[11,9],[-40,38],[0,68],[-22,39],[9,31],[-366,80],[-135,211],[10,112],[-95,18],[-58,-474]],[[46178,24332],[-204,41],[9,75],[-33,42],[-96,-3],[-67,65],[-75,-700],[278,-60],[13,150],[39,25],[11,102],[96,-20],[29,283]],[[46587,24247],[-10,-112],[135,-211],[366,-80],[-32,101],[35,167],[-8,100],[-20,39],[44,34],[11,49],[-16,47],[-57,22],[-14,47],[-268,54],[-31,-283],[-135,26]],[[46178,24332],[-29,-283],[61,-15],[224,-243],[58,474],[-314,67]],[[46053,24069],[-21,-125],[-29,-2],[-13,-150],[378,-82],[19,131],[-177,193],[-157,35]],[[42516,26665],[-24,-65],[389,-71],[7,68],[-133,308],[-47,-37],[-100,19],[-72,-33],[-30,-56],[10,-133]],[[42342,27277],[-38,-383],[12,-22],[130,-33],[25,29],[-4,-56],[43,5],[74,67],[59,-6],[-10,44],[-46,31],[4,50],[-71,50],[29,32],[-54,165],[-153,27]],[[42225,27990],[-46,-306],[321,-46],[-124,321],[-151,31]],[[42376,27959],[124,-321],[247,-33],[154,-317],[-15,-29],[32,-6],[32,-54],[64,78],[-13,85],[-35,12],[26,123],[-54,-25],[-54,44],[24,36],[8,151],[-61,5],[-42,66],[12,61],[-11,46],[-438,78]],[[42179,27684],[-13,-276],[-65,-205],[157,-27],[32,41],[45,-12],[44,440],[-200,39]],[[42379,27645],[-29,-278],[536,-108],[15,29],[-154,317],[-368,40]],[[42918,27253],[-568,114],[-8,-90],[153,-27],[54,-165],[-29,-32],[71,-50],[-4,-50],[68,-81],[53,-4],[44,33],[72,162],[105,156],[-11,34]],[[42888,26597],[-7,-68],[-137,14],[23,-39],[80,11],[14,-39],[7,-103],[-49,-45],[0,-100],[100,77],[21,-32],[-30,-35],[34,-48],[119,1],[-50,115],[37,-7],[-8,18],[33,54],[26,280],[-256,47],[43,-101]],[[42824,27063],[-69,-158],[90,-207],[256,-47],[12,115],[28,-6],[4,92],[35,84],[-5,37],[-60,48],[13,102],[-36,137],[-78,17],[-64,-78],[-25,19],[-101,-155]],[[42446,26437],[0,-103],[18,-8],[-6,-83],[141,-21],[50,-52],[8,-218],[218,-32],[-17,-41],[24,-73],[316,153],[-135,232],[-119,-1],[-29,33],[-6,32],[31,18],[-21,32],[-97,-84],[-13,46],[18,26],[-8,35],[50,57],[-22,130],[-80,-11],[-19,49],[-262,48],[-40,-164]],[[42069,28310],[-23,-241],[99,-21],[-4,-41],[235,-48],[-260,587],[-21,-241],[-26,5]],[[41962,28891],[414,-932],[323,-55],[-1,70],[23,5],[-69,114],[-55,-1],[3,50],[89,14],[-32,41],[49,-7],[-23,35],[12,28],[112,72],[-20,101],[18,54],[-19,37],[-74,15],[-64,-29],[-7,107],[-26,33],[16,123],[-34,-36],[-6,-80],[-37,75],[-65,-72],[-112,7],[-54,-34],[-30,117],[-65,45],[40,85],[-48,0],[-33,-34],[-69,55],[-13,-24],[-143,21]],[[42115,27107],[-38,-501],[202,-31],[7,93],[187,-70],[43,55],[-6,164],[-43,-5],[4,56],[-54,-27],[-113,53],[27,315],[-41,8],[-32,-41],[-157,27],[-6,-74],[20,-22]],[[42077,26606],[-43,-561],[623,-93],[-17,237],[-41,33],[-141,21],[-11,199],[39,159],[-200,67],[-7,-93],[-202,31]],[[42462,25088],[23,-200],[-32,6],[-4,-76],[103,-33],[16,-74],[102,-47],[-6,25],[53,79],[78,78],[78,32],[151,-12],[113,146],[64,10],[61,69],[-6,-17],[74,32],[-165,55],[-12,9],[12,65],[-127,60],[-73,-16],[-508,101],[3,40],[-41,-34],[-41,8],[-58,-366],[142,60]],[[42188,24796],[2,-134],[25,-51],[67,-12],[50,-136],[33,-34],[7,-103],[194,6],[26,81],[36,12],[35,59],[7,180],[-102,47],[-16,74],[-103,33],[4,76],[32,-6],[-23,200],[-142,-60],[-58,-89],[-185,-36],[-13,-124],[102,59],[22,-42]],[[42868,25800],[-163,-181],[-245,-199],[-3,-40],[508,-101],[69,17],[131,-61],[23,78],[90,-3],[48,441],[-109,19],[25,209],[-374,-179]],[[43217,25774],[109,-23],[-48,-442],[129,-11],[164,-170],[-36,125],[16,42],[120,-37],[-36,48],[25,22],[21,-40],[54,-38],[15,-2],[-68,56],[-25,91],[39,-86],[6,-8],[16,-13],[13,-7],[-35,31],[-15,53],[20,-29],[-39,68],[-7,141],[20,144],[74,116],[-107,21],[-11,-101],[-89,86],[-64,-53],[-261,16]],[[42050,24770],[-8,-197],[46,-25],[73,-14],[10,98],[37,-6],[-20,46],[6,103],[-28,63],[-116,-68]],[[43543,25266],[28,-138],[-164,170],[-175,21],[-55,-23],[-24,-126],[227,-82],[70,-156],[31,46],[27,-9],[15,-41],[77,13],[120,-99],[140,139],[-44,67],[-85,6],[-21,144],[-39,60],[-120,37],[-8,-29]],[[43113,26766],[-38,-395],[-29,-68],[221,-48],[20,195],[208,-25],[32,292],[-208,68],[-65,-77],[-28,2],[-64,54],[-14,57],[-7,-61],[-28,6]],[[43505,26510],[-24,-222],[-16,3],[-6,-55],[200,-66],[-4,-33],[35,-25],[-22,-83],[31,-15],[-13,-51],[62,-12],[46,261],[23,40],[42,-2],[7,50],[-139,109],[-8,50],[-214,51]],[[43403,26845],[-30,-93],[154,-35],[-22,-207],[214,-51],[13,85],[-70,82],[-20,137],[69,74],[-8,80],[-85,-9],[-47,70],[-50,9],[-9,36],[16,65],[-37,11],[-110,-126],[-19,-77],[41,-51]],[[43535,26205],[-189,-175],[158,-31],[7,63],[160,-23],[19,73],[-35,25],[4,33],[-124,35]],[[43287,26450],[-20,-195],[-254,51],[185,-347],[158,76],[191,181],[-88,20],[6,55],[16,-3],[14,137],[-208,25]],[[43242,25979],[-23,-205],[259,-16],[64,53],[89,-86],[11,101],[107,-21],[12,36],[-13,110],[-62,12],[13,51],[-124,44],[-64,4],[-7,-63],[-158,31],[-104,-51]],[[38164,29343],[-456,74],[-77,44],[-91,86],[-90,201],[-14,-91],[35,-103],[-16,-102],[-50,-66],[44,-26],[-12,-41],[6,18],[134,-62],[83,-89],[17,-77],[-88,-89],[-18,15],[-13,-31],[-16,27],[-3,-45],[48,-36],[-7,-49],[29,14],[-1,-34],[20,-9],[-5,-39],[36,-65],[100,-94],[54,-13],[-25,-243],[271,-167],[-31,-229],[78,-15],[-17,-162],[104,7],[-22,-211],[50,70],[55,25],[28,-27],[-8,67],[22,49],[100,9],[75,58],[37,-17],[80,106],[41,-27],[13,66],[97,-31],[26,83],[50,-11],[23,272],[215,-20],[35,-71],[-21,-140],[10,-25],[103,16],[36,-69],[35,-11],[189,35],[-20,141],[-30,33],[37,103],[-37,117],[20,29],[-26,5],[-22,135],[24,6],[-24,32],[36,56],[22,-35],[13,33],[-28,20],[30,28],[-37,39],[30,27],[25,-24],[-12,38],[21,4],[-23,27],[-3,38],[21,34],[-25,51],[12,21],[-24,124],[23,45],[-30,25],[12,63],[-11,16],[24,19],[6,59],[17,-18],[-22,80],[9,118],[20,7],[-26,25],[89,186],[-9,28],[16,53],[-44,88],[19,27],[-20,9],[8,37],[-21,23],[34,71],[28,-20],[-8,71],[25,61],[31,18],[18,50],[-9,26],[33,16],[-23,20],[47,91],[-8,140],[14,41],[37,9],[99,245],[54,43],[-805,156],[3,27],[-274,59],[1,-62],[-50,-53],[28,-24],[-46,-25],[33,-65],[-48,-19],[12,-32],[-19,-16],[7,-27],[-25,-10],[9,-63],[-37,-28],[32,-15],[30,-90],[-16,-23],[5,-47],[-27,-26],[27,-13],[-22,-31],[18,-24],[-12,-39],[30,-55],[-40,8],[-9,-99],[-127,26],[-4,-35],[-40,65],[-42,-49],[31,-51],[-126,25],[-7,-64],[92,-17],[-6,-48],[-32,7],[-6,-53],[-29,6],[-7,-70],[30,-6],[-13,-138],[-16,3],[21,-22],[-426,133],[56,-82],[-12,-2],[10,-43],[41,-52],[3,-39],[24,-11],[-11,-64],[15,-15],[-22,-19],[21,-63],[-21,-49],[84,-134],[-16,-16],[20,-46]],[[39464,28834],[11,-41],[-25,24],[-30,-27],[37,-39],[-30,-28],[28,-20],[-13,-33],[-22,35],[-36,-55],[24,-34],[-24,-4],[20,-127],[27,-13],[-16,-18],[24,-30],[165,12],[390,-69],[83,744],[-200,46],[-15,126],[-190,41],[9,41],[-13,21],[-202,42],[17,-90],[-17,19],[-34,-136],[33,-46],[-23,-45],[24,-124],[-7,-52],[20,-20],[-21,-36],[26,-63],[-20,-1]],[[40631,28520],[-135,-1340],[-411,66],[18,-39],[-7,-63],[67,-89],[-34,-64],[8,-63],[-20,-105],[54,-106],[11,-64],[71,-91],[-29,-56],[34,-46],[-23,-81],[1799,-334],[69,907],[-371,245],[5,124],[36,185],[-15,47],[-16,-55],[-114,28],[-107,-17],[-37,49],[-61,4],[-15,138],[-16,19],[-95,-114],[-10,51],[25,96],[-75,114],[4,65],[-64,86],[-41,13],[-66,113],[-41,-12],[-38,56],[-45,16],[-94,-68],[-37,30],[2,37],[-45,26],[-11,34],[27,32],[2,70],[19,7],[4,48],[-37,75],[-145,26]],[[41831,28114],[-8,-353],[356,-77],[46,306],[-84,17],[4,41],[-314,66]],[[41946,27282],[-11,-97],[83,-12],[-12,-143],[97,-78],[12,155],[-20,22],[9,118],[21,10],[41,176],[-18,31],[-72,-32],[-32,-65],[-52,7],[-11,-98],[-35,6]],[[42030,27714],[-31,-342],[45,-5],[32,65],[72,32],[13,-22],[18,242],[-149,30]],[[41773,27506],[-36,-185],[-5,-124],[274,-167],[12,143],[-83,12],[11,97],[35,-6],[18,96],[31,342],[-238,54],[-19,-262]],[[39694,28420],[-235,-5],[-46,37],[36,-127],[-37,-103],[30,-33],[25,-117],[-49,-46],[98,-40],[105,45],[71,-180],[91,22],[48,110],[42,1],[95,136],[26,247],[-300,53]],[[40182,27894],[-39,-28],[29,-43],[-6,-94],[-36,-50],[15,-28],[-20,-3],[6,-32],[-22,-22],[15,-33],[-20,-33],[23,-25],[-1,-51],[25,20],[27,-44],[-51,-63],[14,-31],[-13,-50],[-39,-3],[-2,-32],[409,-69],[96,951],[-69,91],[-57,32],[-301,53],[-18,-91],[-17,0],[15,-48],[-31,-47],[28,-68],[-21,-165],[26,30],[35,-24]],[[39003,26613],[610,-121],[178,-190],[209,-34],[111,-101],[-2,-54],[55,106],[-46,39],[68,90],[44,9],[28,98],[-33,45],[29,46],[-15,56],[-57,51],[-11,64],[-38,47],[-16,61],[20,103],[-8,63],[34,67],[-67,86],[7,63],[-16,36],[-125,162],[32,-6],[-28,64],[2,72],[-59,169],[-38,43],[-50,-10],[-41,43],[-67,-24],[1,36],[-34,-23],[-31,8],[55,31],[-47,102],[-5,75],[-31,46],[-105,-45],[-98,40],[-145,-13],[-87,82],[-40,-27],[-143,-1455]],[[41142,28026],[35,-9],[59,-77],[1,-74],[74,-112],[-24,-98],[10,-51],[96,114],[36,-164],[55,3],[37,-49],[107,17],[110,-28],[16,58],[19,-50],[19,262],[31,-7],[14,117],[-7,179],[-31,-6],[-29,265],[-27,50],[33,285],[297,-56],[4,37],[-115,259],[-664,130],[-325,337],[-74,-179],[-14,22],[-56,-32],[13,-108],[48,-96],[-33,-62],[12,-87],[-18,-24],[29,-59],[-56,-57],[16,-73],[-35,-25],[-22,17],[10,-35],[-46,-61],[29,-5],[37,-75],[-50,-174],[89,-110],[98,68],[79,-72],[41,12],[72,-117]],[[41776,28651],[-33,-285],[27,-50],[29,-265],[31,6],[1,57],[215,-45],[23,241],[26,-5],[21,241],[-39,86],[-4,-37],[-297,56]],[[40077,29111],[-46,-410],[502,-101],[-8,-84],[222,-17],[46,61],[-10,35],[22,-17],[40,36],[-25,45],[16,51],[44,22],[-29,60],[18,24],[-12,87],[33,60],[-48,98],[-13,108],[56,32],[12,-25],[44,75],[-8,30],[25,18],[-16,6],[31,53],[-13,22],[17,17],[-6,55],[43,30],[23,107],[-34,208],[-43,72],[35,211],[-24,28],[-2,66],[22,52],[-253,49],[5,22],[-20,3],[-24,65],[15,19],[-4,124],[-21,58],[-36,29],[-31,128],[27,68],[7,90],[-728,146],[-60,-90],[5,-40],[-53,-38],[-99,-245],[-37,-9],[-14,-41],[8,-140],[-47,-91],[23,-20],[-33,-16],[9,-26],[-18,-50],[-31,-18],[-25,-61],[8,-71],[-28,20],[-27,-44],[-8,-36],[22,-17],[-10,-31],[22,-12],[-19,-27],[44,-89],[-16,-52],[9,-28],[-89,-186],[26,-26],[-20,-6],[-4,-109],[202,-42],[13,-21],[-9,-41],[190,-41],[15,-126],[200,-46]],[[40039,28699],[-45,-332],[254,-92],[218,-21],[57,-32],[69,-91],[39,389],[-106,-4],[8,84],[-494,99]],[[39971,28143],[-98,-159],[-42,-1],[-31,-43],[-17,-67],[-91,-22],[7,-56],[-50,-18],[65,15],[-1,-36],[67,24],[126,-73],[62,-172],[-2,-72],[28,-64],[-25,13],[-7,-7],[123,-159],[4,35],[39,3],[13,50],[-14,31],[51,63],[-27,44],[-25,-20],[1,51],[-23,25],[20,33],[-15,33],[22,22],[-6,32],[20,3],[-15,28],[36,50],[6,94],[-29,43],[39,28],[-35,24],[-26,-30],[21,165],[-28,68],[31,47],[-15,48],[17,0],[18,91],[-171,60],[-23,-224]],[[41130,25351],[-27,-280],[408,-77],[-32,-377],[126,95],[273,116],[-61,197],[-113,-106],[-47,10],[8,64],[39,39],[-43,91],[-28,12],[-33,93],[16,29],[-486,94]],[[41103,25071],[-28,-284],[204,-39],[-26,-269],[220,155],[38,360],[-408,77]],[[42197,25499],[-50,-100],[-330,-374],[61,-196],[418,137],[24,59],[58,369],[41,-8],[381,330],[82,90],[-24,73],[17,41],[-639,95],[-39,-516]],[[40963,24251],[-46,-22],[-13,-38],[29,-21],[6,-88],[58,-152],[-333,-198],[-756,-727],[-121,-125],[23,-29],[-9,-57],[28,-69],[38,-56],[56,12],[35,-37],[29,1],[1,45],[14,-5],[6,-76],[56,-116],[-15,-67],[91,-89],[136,-41],[339,86],[111,-33],[199,0],[415,545],[64,-17],[91,64],[62,118],[152,199],[19,64],[190,196],[25,241],[-160,34],[-164,235],[60,712],[-200,-123],[-6,17],[-517,-362],[7,-21]],[[42088,24548],[-70,-680],[-66,-10],[-34,-340],[39,39],[189,37],[142,158],[211,36],[36,67],[34,13],[-24,107],[6,212],[77,238],[-36,-12],[-16,-75],[-27,-16],[-63,21],[-100,-25],[-25,20],[4,91],[-33,34],[-50,136],[-111,33],[-10,-98],[-73,14]],[[41656,24391],[-37,-363],[164,-235],[157,-31],[18,107],[60,-1],[45,443],[-407,80]],[[40830,24727],[-22,-96],[40,-147],[74,-18],[11,-23],[-14,-29],[19,-46],[76,-63],[239,174],[26,269],[-204,39],[7,73],[-158,28],[11,-135],[-40,-50],[-65,24]],[[40329,24652],[-286,42],[-1306,255],[25,-92],[77,-61],[71,-175],[40,27],[-10,-97],[49,12],[48,-61],[-14,-94],[35,-136],[20,-14],[3,-116],[-72,-30],[3,-84],[-23,-30],[6,-110],[44,14],[19,-31],[-21,-10],[-18,-77],[-46,-12],[23,-77],[-30,-32],[-4,-40],[54,-60],[-24,-17],[-2,-37],[53,-48],[-39,-9],[-5,-32],[121,-208],[6,-72],[85,-65],[-19,-69],[10,-126],[67,-27],[60,37],[16,-18],[1,-69],[33,11],[66,-63],[60,24],[11,123],[28,-11],[58,53],[52,-24],[124,12],[9,-48],[877,852],[333,198],[-58,152],[-6,88],[-29,21],[13,38],[95,81],[-74,58],[-19,46],[14,29],[-11,23],[-72,15],[-18,68],[-100,19],[-27,-121],[0,-133],[-26,-33],[-264,55],[20,237],[-70,25],[-36,54]],[[38729,24951],[1600,-299],[36,-54],[68,-24],[34,337],[-388,454],[-170,91],[-153,131],[-178,261],[-600,537],[-96,-893],[-198,39],[-54,-521],[34,-17],[2,-53],[21,-19],[42,30]],[[41883,24780],[-45,-128],[-8,-142],[-39,-49],[-11,-94],[283,-56],[27,253],[-48,9],[9,80],[-12,2],[38,248],[-199,-75],[5,-48]],[[41679,24740],[-23,-349],[124,-24],[11,94],[39,51],[7,134],[42,103],[-1,79],[-199,-88]],[[40459,25490],[99,-74],[-11,-74],[24,-90],[51,-15],[19,-64],[-3,-35],[-26,-17],[13,-39],[67,-16],[61,-126],[35,40],[91,-13],[-6,-69],[15,-13],[60,57],[-8,60],[30,10],[35,203],[-48,50],[-29,104],[91,859],[-784,151],[-117,-121],[45,-43],[-52,-87],[-10,-107],[16,-81],[-54,-18],[-7,-33],[113,-39],[61,86],[35,-119],[-30,-49],[88,10],[79,-64],[-8,-94],[82,-59],[-17,-71]],[[40959,25671],[-30,-289],[687,-125],[8,70],[-28,55],[-59,4],[9,74],[-25,17],[-19,80],[-543,114]],[[41019,26228],[-60,-557],[543,-114],[23,139],[-21,27],[19,60],[-9,55],[28,36],[-5,58],[67,97],[-41,87],[-39,14],[-505,98]],[[40929,25382],[28,-117],[48,-53],[-35,-200],[-30,-10],[14,-84],[-30,-30],[158,-28],[48,491],[-201,31]],[[41537,25918],[5,-44],[-22,-11],[3,-86],[-20,-48],[22,-33],[-23,-139],[674,-99],[21,41],[39,516],[-673,101],[42,-94],[-38,-29],[-30,-75]],[[41818,25510],[-10,-383],[14,-98],[324,368],[30,61],[-358,52]],[[41517,25491],[29,-31],[-5,-79],[54,1],[25,-35],[-18,-126],[33,-90],[26,-8],[40,-75],[2,-24],[-44,-46],[-2,-49],[47,-10],[118,110],[-14,98],[10,383],[-316,47],[15,-66]],[[40079,25365],[380,-442],[248,-471],[25,116],[100,-19],[-25,87],[22,90],[71,-22],[42,68],[-22,105],[34,41],[-5,24],[-61,-57],[-15,13],[6,69],[-91,13],[-35,-40],[-61,126],[-70,20],[-10,35],[30,47],[-20,69],[-51,15],[-24,90],[11,74],[-95,67],[15,73],[-84,64],[14,73],[-13,30],[-72,55],[-88,-10],[30,49],[-35,119],[-61,-86],[-113,39],[7,33],[56,25],[-18,74],[10,146],[-111,101],[-209,34],[-178,190],[-610,121],[-25,-228],[600,-537],[178,-261],[153,-131],[170,-91]],[[40442,24774],[-27,-438],[264,-55],[26,33],[1,139],[-239,458],[-25,-137]],[[46514,20624],[-13,-100],[94,-243],[-52,-73],[198,-42],[-16,-136],[90,-93],[62,61],[8,137],[64,-13],[66,563],[-82,17],[14,122],[83,-18],[20,165],[-520,112],[-18,-160],[-53,12],[-8,-297],[-34,-97],[97,83]],[[46114,19651],[-72,-204],[-30,-25],[106,-37],[45,-40],[9,-50],[138,-65],[158,-228],[118,-34],[78,408],[-361,176],[10,232],[-23,72],[-100,48],[-5,-45],[-32,28],[-39,-236]],[[46543,20208],[-266,-306],[36,-118],[-10,-232],[361,-176],[47,147],[7,168],[42,-20],[14,170],[41,96],[-90,93],[16,136],[-198,42]],[[45929,19180],[296,-659],[53,85],[68,-31],[93,62],[48,-8],[99,339],[-118,34],[-158,228],[-138,65],[-9,50],[-45,40],[-106,37],[-69,-58],[-60,-116],[28,-81],[18,13]],[[46760,19671],[-42,20],[-7,-168],[-68,-213],[-79,-435],[250,-335],[376,-30],[155,1423],[-95,13],[-15,-139],[-70,15],[12,110],[-303,67],[-46,-33],[-54,-125],[-14,-170]],[[46177,20433],[-24,-546],[32,-28],[5,45],[100,-48],[-13,46],[318,379],[-94,243],[13,100],[-97,-83],[34,97],[-5,136],[-137,18],[-51,-26],[-42,38],[-45,-6],[6,-50],[-18,-5],[18,-310]],[[47050,20971],[-20,-165],[-83,18],[-14,-122],[82,-17],[-66,-563],[-64,13],[-8,-137],[300,-66],[-12,-110],[70,-15],[15,139],[95,-13],[110,952],[-405,86]],[[44702,16341],[-182,-270],[-411,-320],[38,-57],[82,23],[-52,-51],[-18,-488],[163,-7],[13,-112],[195,-8],[28,201],[-32,212],[219,-18],[21,77],[31,19],[-10,64],[90,51],[-5,58],[45,-21],[26,6],[6,31],[131,-29],[27,227],[347,-69],[60,563],[-619,128],[-68,-47],[-93,-4],[-32,-159]],[[43473,14420],[-3,-150],[12,-1],[2,-95],[25,-75],[-76,-28],[-31,-75],[1,-61],[-92,1],[14,-189],[-46,-92],[96,-148],[55,-157],[110,-181],[-28,-128],[12,-90],[-16,-48],[34,-56],[-8,-34],[21,-70],[27,21],[-22,37],[68,93],[131,7],[52,36],[39,-20],[3,-48],[51,-38],[-10,-44],[64,-7],[89,50],[56,-44],[-12,55],[79,-18],[-9,75],[68,52],[45,-13],[69,47],[91,2],[41,-17],[29,-55],[34,2],[85,98],[34,-11],[20,32],[52,-34],[190,121],[40,-10],[35,-58],[99,-1],[51,-74],[20,47],[-87,115],[17,161],[60,109],[8,182],[85,161],[-7,62],[59,86],[-5,34],[26,72],[23,1],[11,72],[78,7],[116,93],[96,-12],[28,42],[-26,31],[32,115],[157,227],[71,40],[44,335],[-77,-51],[0,255],[53,0],[-2,381],[65,12],[-114,285],[-58,285],[595,0],[0,761],[-204,0],[-320,171],[-302,77],[-13,38],[-128,-141],[-58,-132],[-102,-124],[-102,-175],[-96,-89],[427,-89],[-60,-563],[-347,69],[-27,-227],[-131,29],[-6,-31],[-26,-6],[-45,21],[5,-58],[-90,-51],[10,-64],[-31,-19],[-21,-77],[-219,18],[32,-212],[-28,-201],[-195,8],[-13,112],[-163,7],[-2,-60],[-113,-36],[-7,-259],[-38,-5],[-94,60],[-66,133],[-57,-2],[-5,-48],[-36,-5],[-23,-85],[-112,46],[2,84],[-44,2],[-3,-82],[-104,5],[2,80],[-239,30],[-19,-259],[60,-160],[52,-50],[22,-141],[138,-6]],[[43561,12676],[-7,1],[1,-5],[6,4]],[[43566,12734],[5,-21],[2,15],[-7,6]],[[43529,12824],[2,-2],[1,2],[-3,0]],[[43530,12834],[2,-3],[1,3],[-3,0]],[[43530,12780],[4,1],[0,2],[-4,-3]],[[43527,12789],[3,-1],[-1,2],[-2,-1]],[[43525,12813],[3,2],[-2,-1],[-1,-1]],[[43519,12801],[5,5],[-6,2],[1,-7]],[[43516,12813],[3,-3],[0,3],[-3,0]],[[43763,12859],[6,-9],[1,7],[-7,2]],[[43757,12862],[1,-6],[6,9],[-7,-3]],[[43770,12861],[-4,7],[-1,0],[5,-7]],[[43623,12856],[3,3],[-2,0],[-1,-3]],[[46412,16887],[0,-761],[-595,0],[58,-285],[114,-285],[-65,-12],[2,-381],[-53,0],[0,-255],[77,51],[-44,-335],[132,19],[49,112],[198,94],[350,-126],[78,9],[142,-48],[278,-151],[266,-58],[2,69],[-17,-35],[-30,1],[26,15],[-38,52],[-13,110],[-75,12],[1,42],[-42,36],[16,39],[-5,66],[-40,104],[-222,139],[-124,26],[9,55],[88,-24],[11,124],[30,0],[42,-61],[12,-76],[80,-45],[27,-52],[48,-22],[74,39],[-3,51],[20,36],[-51,15],[-60,128],[-2,171],[61,182],[-45,101],[-92,31],[-20,71],[-70,63],[-14,35],[9,54],[-38,27],[-31,139],[41,-61],[30,50],[-33,123],[8,21],[30,-36],[22,75],[-26,36],[17,19],[-6,28],[-22,-3],[-14,114],[-22,37],[20,28],[-31,34],[37,-28],[40,28],[1,67],[16,-68],[52,-64],[1,-75],[187,-51],[5,128],[24,21],[3,100],[24,47],[-69,22],[-9,106],[54,229],[-405,9],[-14,-255],[-472,13]],[[47158,16033],[-16,41],[-23,0],[-15,-28],[6,-91],[48,78]],[[45596,18772],[-120,-277],[23,-265],[161,-82],[175,51],[64,-157],[111,211],[12,69],[203,199],[-342,727],[-49,-35],[-25,31],[-41,-31],[-39,-131],[-64,-55],[1,-32],[-49,-92],[-21,-131]],[[45084,17510],[-117,-238],[-98,-121],[-58,3],[-14,-121],[-127,-222],[-64,-150],[9,-38],[73,-42],[46,-81],[93,4],[68,47],[192,-39],[44,24],[236,332],[78,164],[137,142],[90,293],[-571,229],[9,-76],[-26,-110]],[[41951,15438],[106,-97],[3,-57],[76,-56],[44,-77],[32,12],[5,-50],[45,-34],[111,-180],[76,-42],[-12,-17],[16,-33],[553,-732],[87,-166],[175,-247],[57,85],[-14,189],[92,-1],[-1,61],[31,75],[76,28],[-25,75],[-2,95],[-12,1],[3,150],[-138,6],[-22,141],[-52,50],[-60,160],[21,295],[58,244],[-245,-77],[-140,-3],[-157,33],[-442,174],[-126,114],[-10,48],[13,54],[-197,158],[-16,35],[16,45],[-39,24],[-26,60],[-9,135],[-177,77],[-46,56],[-37,-21],[-92,20],[-27,49],[-257,186],[-66,0],[-98,-48],[-130,57],[-25,69],[-16,-4],[4,-44],[112,-120],[2,-30],[43,-6],[42,-86],[40,-11],[15,-53],[37,3],[74,-98],[38,-14],[24,-64],[383,-343],[30,10],[49,-91],[44,-30],[4,-39],[59,10],[20,-113]],[[42440,14788],[3,-5],[0,5],[-3,0]],[[41915,15463],[2,-1],[-1,2],[-1,-1]],[[41913,15490],[3,-5],[1,3],[-4,2]],[[41847,15581],[1,-3],[2,4],[-3,-1]],[[41920,15514],[3,-4],[2,2],[-5,2]],[[41911,15513],[2,-3],[1,5],[-3,-2]],[[41818,15619],[-2,2],[1,-3],[1,1]],[[41918,15466],[2,2],[-2,-1],[0,-1]],[[41868,15540],[3,1],[-2,2],[-1,-3]],[[43945,15640],[-665,-324],[-60,-280],[239,-30],[-2,-80],[104,-5],[3,82],[44,-2],[-2,-84],[112,-46],[23,85],[36,5],[5,48],[57,2],[66,-133],[94,-60],[38,5],[7,259],[113,36],[20,548],[52,51],[-82,-23],[-47,67],[-155,-121]],[[46010,18253],[-247,-434],[-43,-205],[-131,-405],[-3,-74],[302,-77],[320,-171],[676,-13],[14,255],[409,-3],[152,210],[104,242],[22,0],[-13,32],[128,93],[-26,67],[-67,63],[-6,73],[31,-11],[-15,83],[12,34],[-44,-5],[29,24],[3,35],[-269,59],[-38,31],[-123,198],[3,156],[-376,30],[-253,338],[-74,-249],[-48,8],[-93,-62],[-68,31],[-51,-84],[-122,-98],[-83,-102],[-12,-69]],[[45499,18230],[-303,-414],[15,-156],[461,-193],[91,352],[136,223],[-64,157],[-175,-51],[-161,82]],[[45149,18078],[-31,-66],[-38,-1],[12,-26],[-10,-125],[21,-15],[11,-58],[-13,-91],[110,-36],[-10,167],[305,413],[-26,251],[-94,-90],[-90,-137],[-106,-30],[-16,7],[-1,47],[-16,-10],[12,-84],[-19,-30],[-1,-86]],[[21435,36380],[-11,-82],[47,-10],[131,-182],[11,-73],[-17,-5],[22,-44],[-91,18],[-43,-23],[-9,-256],[226,-46],[4,41],[47,-9],[-40,-194],[-67,-109],[287,-60],[-1,82],[22,52],[-21,69],[29,56],[512,-95],[61,572],[421,-86],[70,-98],[353,-68],[131,1280],[-565,112],[1,20],[-70,-10],[30,283],[-1131,235],[-14,-22],[-45,50],[-26,-272],[36,18],[-14,-147],[-97,38],[-28,-166],[-90,102],[-103,-26],[-58,-112],[-1,-22],[28,-5],[-8,-192],[-79,-104],[-14,-124],[65,15],[-6,-63],[-38,8],[-5,-80],[43,34],[-4,-38],[-21,-8],[86,-14],[54,-240]],[[16251,32844],[2,-181],[-92,-57],[-1,-102],[-45,-55],[-81,-196],[-159,-84],[-16,-57],[-45,-42],[-92,-235],[-42,-252],[-30,-21],[-21,-161],[-72,-229],[31,-243],[-12,-42],[35,-79],[-20,-35],[-6,-101],[-100,-282],[-29,-33],[11,-136],[-29,-73],[1165,-250],[0,-77],[102,1],[-12,57],[187,-14],[16,-31],[1134,-246],[1,-171],[350,-213],[3,-525],[-38,-296],[-154,-197],[-32,-265],[-45,-106],[-9,-173],[28,-113],[-4,-139],[-24,-256],[-43,-214],[35,-208],[46,-93],[121,-89],[48,-122],[23,-361],[20,20],[294,-78],[102,0],[98,-76],[18,39],[116,-25],[-92,-260],[409,-91],[534,296],[87,129],[910,-182],[28,276],[206,-40],[7,67],[200,-38],[-46,-449],[45,-95],[258,385],[230,183],[38,114],[33,11],[53,-41],[43,23],[143,234],[123,45],[249,277],[248,141],[105,-22],[-40,-391],[128,-35],[118,-78],[-43,-420],[149,-30],[39,-140],[153,-31],[21,206],[136,-27],[195,-264],[133,-81],[-11,55],[-44,28],[12,38],[-13,56],[-13,37],[-40,16],[-9,59],[23,70],[38,-1],[-18,109],[30,80],[73,83],[-8,77],[29,73],[-45,22],[-3,52],[26,208],[91,87],[38,-17],[10,-45],[56,-48],[64,12],[52,58],[-22,47],[30,56],[55,15],[8,41],[33,-13],[6,70],[33,62],[128,-1],[53,-68],[17,27],[-22,39],[0,135],[39,18],[-15,85],[38,-18],[-30,122],[70,17],[72,227],[-1205,233],[23,61],[74,24],[20,33],[31,208],[398,-95],[87,687],[226,141],[73,618],[203,-48],[97,793],[-135,154],[-67,23],[-75,87],[-55,135],[41,98],[142,144],[155,534],[103,130],[-152,37],[138,1123],[62,774],[106,-45],[40,44],[31,100],[62,17],[12,90],[22,24],[-100,20],[85,120],[-127,-5],[-2,598],[131,-65],[111,429],[198,-87],[-4,-66],[54,-15],[27,168],[-15,245],[-96,192],[4,113],[-45,109],[-8,177],[-172,-2],[46,81],[24,121],[0,57],[-59,191],[91,105],[102,51],[36,-17],[119,79],[78,-58],[95,-23],[-411,1262],[-52,211],[-172,-198],[-17,-160],[-149,-54],[-17,22],[15,-84],[-436,69],[-21,126],[30,339],[-56,-17],[-136,390],[-388,-164],[-108,-82],[-140,9],[22,208],[-47,10],[44,169],[-166,50],[-17,125],[-115,25],[-42,-387],[-109,23],[-4,-72],[-615,129],[11,110],[-243,50],[9,88],[-33,56],[-102,5],[-8,-84],[-31,6],[17,-74],[-59,-634],[806,-168],[-30,-283],[70,10],[-1,-20],[565,-112],[-131,-1280],[-353,68],[-70,98],[-421,86],[-61,-572],[-512,95],[-29,-56],[21,-69],[-22,-52],[1,-82],[-287,60],[67,109],[40,194],[-47,9],[-4,-41],[-226,46],[9,256],[43,23],[91,-18],[-22,44],[17,5],[-9,68],[-133,187],[-47,10],[11,82],[-54,240],[-86,14],[21,8],[4,38],[-44,-27],[6,73],[38,-8],[6,63],[-65,-15],[14,124],[79,104],[8,192],[-28,5],[1,22],[45,97],[116,41],[90,-102],[28,166],[97,-38],[14,147],[-36,-18],[24,257],[-396,76],[6,27],[-85,17],[4,39],[-430,72],[-70,312],[-92,21],[6,53],[-321,64],[-3,-35],[-122,25],[-21,216],[-54,10],[3,35],[-97,18],[13,115],[-20,4],[11,105],[-25,14],[-19,4],[-13,-52],[-20,28],[-35,-33],[-25,-117],[-66,71],[-44,-35],[-67,13],[-8,60],[-53,48],[-199,-2],[0,-279],[-1933,-2],[200,-364],[54,-152],[131,-256],[104,-318],[93,-72],[33,-132],[10,-147],[23,-40],[-64,-34],[-27,-90],[43,-287],[-7,-33],[-36,-12],[45,-86],[-161,-130],[-19,-72],[49,-83],[-37,-11],[44,-57],[23,-81],[69,-39],[-22,-76],[36,34],[39,-78],[-916,-6],[-27,-104],[3,-138],[-35,-55],[-33,-122],[-33,-27],[-1,-41],[-50,-30],[-4,-197],[-33,-143],[1,-120],[-18,-71],[6,-143],[-30,-116],[17,-79],[-14,-94],[-20,-95],[-53,-78],[0,-46],[-42,-19],[-15,-205],[-45,-157],[-91,-198],[-31,-26],[-13,-73],[-72,-88],[-14,-87],[-64,-155],[-63,-9],[-132,-190],[-9,-29],[22,-79],[-72,-80],[-29,-95]],[[13388,47545],[3,-863],[-229,-61],[-15,-37],[78,-117],[-34,0],[19,-15],[-7,-26],[65,-167],[54,-57],[14,-49],[45,-9],[0,-67],[63,0],[43,-179],[588,0],[1,565],[404,-2],[0,1200],[-12,8],[14,74],[-58,5],[21,236],[-261,-3],[-189,-435],[-607,-1]],[[8471,46514],[-85,-977],[-174,29],[-16,-186],[32,-6],[-14,-166],[27,-441],[-23,-172],[103,-18],[-59,-639],[-252,42],[-6,-66],[-162,27],[-123,-1390],[1349,-222],[-59,-95],[68,-97],[66,-9],[-3,-40],[73,-11],[-14,-170],[-53,9],[-60,-662],[-101,18],[-13,-99],[113,-19],[-28,-330],[30,-5],[-99,-1108],[15,-88],[-36,-152],[-55,-649],[57,-52],[17,-87],[-11,-64],[24,-53],[16,-119],[21,-19],[-13,-35],[13,-118],[50,50],[-46,52],[108,59],[10,-36],[-26,-34],[5,-34],[89,29],[25,-51],[8,40],[46,29],[5,40],[-21,35],[17,22],[19,-18],[4,-52],[38,16],[-3,-89],[45,-64],[50,53],[-5,61],[-34,31],[5,35],[80,-62],[23,-52],[59,98],[74,-60],[38,23],[7,36],[61,51],[-27,38],[0,64],[-48,14],[-12,43],[68,108],[41,5],[97,87],[56,-26],[-3,49],[14,15],[64,-71],[69,49],[120,24],[43,35],[22,74],[61,52],[62,-5],[24,61],[38,-28],[50,20],[6,51],[-35,69],[18,41],[-49,57],[16,87],[68,108],[46,-26],[51,-98],[41,-28],[22,-74],[-12,-37],[18,-50],[-29,-172],[55,-127],[-47,-139],[42,-69],[18,-140],[60,-59],[-64,-20],[-18,-36],[89,-32],[-62,-105],[0,-65],[-119,-62],[5,-65],[-89,-71],[-14,-163],[34,-51],[-8,-28],[86,-16],[8,95],[1,1],[187,-36],[-11,-127],[52,-12],[35,-66],[93,38],[397,-71],[21,-16],[52,-181],[44,-33],[378,27],[62,-22],[62,38],[81,-15],[136,84],[167,-98],[101,212],[0,47],[-46,95],[32,114],[-8,161],[42,165],[19,224],[65,80],[94,35],[28,43],[-21,321],[33,95],[-26,206],[74,356],[86,46],[87,4],[124,-47],[133,94],[115,23],[97,-55],[55,21],[50,-66],[39,18],[24,-52],[21,31],[-17,31],[43,26],[18,89],[95,166],[1,124],[47,25],[60,-59],[49,-200],[-5,-206],[63,-73],[13,-104],[115,-55],[24,-92],[1,405],[400,-4],[53,175],[138,185],[131,-188],[88,0],[2,242],[76,0],[198,270],[129,-186],[332,445],[359,4],[-1,238],[-175,-5],[0,62],[52,1],[2,280],[102,-47],[64,-70],[1,255],[-66,0],[-1,98],[-272,18],[1,121],[-135,2],[0,-103],[-77,-2],[-6,-135],[-287,46],[15,151],[26,-51],[91,2],[-3,204],[-74,0],[0,230],[128,0],[0,212],[187,-3],[79,-46],[56,88],[157,-1],[0,98],[-404,3],[0,144],[195,-1],[1,144],[16,0],[15,203],[-50,2],[10,397],[-189,10],[2,448],[175,-1],[1,254],[-64,-30],[-65,62],[-48,-1],[-1,-157],[-60,1],[1,226],[62,0],[1,77],[59,0],[37,32],[61,9],[24,-41],[84,0],[-15,68],[-42,25],[1,140],[230,2],[53,-85],[233,-138],[85,-164],[0,390],[113,-2],[87,-117],[0,-440],[71,0],[-1,-368],[273,-1],[-2,369],[145,0],[1,-174],[154,-1],[-20,-84],[65,-85],[-8,-31],[-139,8],[-3,-489],[67,50],[89,-9],[1,-180],[302,-1],[224,126],[1,1219],[131,0],[-33,24],[-9,110],[-45,7],[-48,58],[-21,-13],[-13,60],[-91,113],[2,62],[-30,28],[-38,-17],[-77,87],[3,70],[-35,46],[-23,95],[-107,71],[-37,105],[5,46],[-101,150],[-8,75],[25,145],[-75,43],[-24,103],[-25,14],[-37,91],[-69,36],[13,57],[-36,27],[-27,-42],[-20,36],[-21,110],[6,64],[-19,3],[-10,74],[17,28],[3,81],[-19,10],[15,20],[-34,0],[-5,47],[-61,32],[-1,125],[-18,0],[64,55],[-15,50],[15,60],[-22,-4],[-45,85],[-66,173],[-8,95],[-81,56],[-18,51],[-31,-14],[-121,65],[-46,84],[-29,6],[-54,112],[-50,37],[-1,52],[-53,21],[-45,68],[-51,13],[-30,61],[5,45],[-89,28],[15,51],[-28,70],[38,63],[-72,122],[16,46],[-11,52],[-38,42],[-32,-25],[-34,13],[-51,76],[37,138],[-29,53],[-6,113],[-41,98],[-64,37],[-35,76],[22,176],[-20,94],[9,87],[24,47],[4,112],[-17,122],[75,114],[-3,73],[88,92],[11,147],[19,25],[-33,54],[20,51],[2,119],[-66,86],[59,333],[45,131],[-10,59],[66,166],[17,194],[-42,16],[-27,109],[25,47],[26,170],[-22,84],[21,79],[40,28],[-14,37],[44,24],[19,52],[-27,11],[-29,119],[8,87],[27,33],[-45,30],[18,92],[-23,67],[11,68],[33,39],[-62,157],[44,44],[14,75],[36,51],[-602,0],[-80,177],[-176,0],[0,682],[-107,0],[0,-94],[-1023,-26],[-1,289],[-170,2],[0,80],[-196,-2],[0,136],[-300,-1],[6,-1630],[-16,-2],[0,-238],[40,-204],[-552,-4],[-2,-27],[-200,-2],[-5,27],[-272,-3],[-44,-65],[103,-63],[-22,-63],[-123,189],[-551,-29],[-11,-46],[24,4],[-4,-105],[38,-27],[-6,-39],[26,-47],[37,-11],[32,-49],[-30,-36],[32,-44],[3,-41],[-27,-46],[3,-40],[-69,-118],[33,-72],[-58,-34],[0,-51],[-54,21],[6,-65],[-32,-9],[10,-66],[-34,-119],[34,-51],[-43,-16],[11,-68],[20,-6],[-24,-37],[11,-20],[-13,-30],[-56,-38],[9,-58],[-22,-43],[-335,20],[-1509,234],[-127,-1437],[-58,10],[-54,-611],[-835,148],[-112,-1267],[-159,32],[-4,-43],[-200,33],[-25,-283],[47,-46],[-28,-321],[234,-42],[7,90],[69,-51]],[[13391,46682],[-3,863],[607,1],[189,435],[261,3],[-21,-236],[58,-5],[-14,-74],[12,-8],[0,-1200],[-404,2],[-1,-565],[-588,0],[-43,179],[-63,0],[0,67],[-45,9],[-14,49],[-54,57],[-65,167],[7,26],[-19,15],[34,0],[-78,117],[15,37],[229,61]],[[14,65861],[62,-16512],[2799,-508],[13,148],[402,-71],[4,53],[816,-139],[-18,-207],[136,-26],[195,2175],[314,-56],[-10,-99],[250,-44],[-7,-81],[393,-43],[90,977],[281,-51],[-58,-627],[1779,-317],[181,2],[313,-97],[537,-102],[21,256],[2718,-424],[335,-20],[22,43],[-9,58],[56,38],[13,30],[-11,20],[24,37],[-20,6],[-11,68],[43,16],[-34,51],[34,119],[-10,66],[32,9],[-6,65],[54,-21],[0,51],[58,34],[-33,72],[69,118],[-3,40],[27,46],[-3,41],[-32,44],[30,36],[-32,49],[-37,11],[-26,47],[6,39],[-38,27],[4,105],[-24,-4],[11,46],[551,29],[123,-189],[22,63],[-103,63],[44,65],[272,3],[5,-27],[200,2],[2,27],[552,4],[-40,204],[0,238],[16,2],[-7,1993],[36,8],[-7,6284],[6,129],[45,-1],[1,292],[-46,6],[-1,397],[783,-1],[0,2502],[-597,2],[1,844],[-198,2],[-3,280],[-1863,2],[3,230],[99,457],[19,367],[-2,295],[-22,120],[-101,340],[-74,104],[58,0],[-2,1098],[-25,0],[-1,193],[29,83],[0,2726],[-5525,-2],[3,-4829],[-5953,1]],[[25980,52394],[-30,53],[12,56],[-43,8],[23,72],[-95,19],[27,60],[-35,38],[-5,87],[24,68],[-45,16],[-5,31],[40,34],[-19,107],[33,26],[-36,8],[-13,23],[10,16],[-37,6],[-8,30],[-364,-4],[-53,30],[-107,-1],[0,-79],[-1009,-5],[-92,-63],[-66,-703],[-671,125],[-4,-33],[-96,-12],[-208,40],[161,-361],[-41,-41],[19,-81],[-49,2],[-17,-178],[-336,64],[-15,-168],[-2184,390],[-69,57],[0,426],[-201,-1],[1,569],[-406,0],[0,56],[-336,-1],[-1,-2811],[371,-207],[197,-203],[371,-6],[0,-423],[-58,-213],[-36,-21],[-38,-134],[22,-32],[-131,-474],[-342,-332],[-372,-799],[-180,-443],[-24,-285],[218,-494],[599,-3],[0,-45],[35,46],[475,0],[0,-359],[49,22],[73,-46],[5,-65],[27,-24],[70,-9],[5,-67],[-18,-47],[19,-61],[-22,-68],[14,-61],[-19,1],[2,-35],[59,-88],[-10,-105],[64,-81],[42,-240],[37,-29],[1,-257],[710,-2],[-1,-214],[171,1],[85,86],[0,62],[56,0],[0,-70],[66,44],[0,112],[143,0],[2,-178],[-125,-1],[-202,-87],[0,-30],[62,-22],[457,2],[114,118],[2,-105],[-31,0],[-4,-338],[17,0],[2,-198],[293,-64],[6,-782],[332,307],[121,-240],[-89,-106],[-27,-75],[-6,-123],[406,-84],[98,846],[193,-37],[19,148],[604,-120],[13,139],[352,-65],[-10,-113],[309,-33],[16,-24],[16,16],[-44,139],[985,-198],[183,-50],[-3,-23],[24,-5],[4,44],[73,-15],[-19,-176],[248,-49],[-7,-151],[235,0],[167,122],[349,-65],[21,-45],[321,-65],[-23,104],[-35,16],[24,100],[-22,166],[5,103],[76,27],[25,31],[-11,51],[104,105],[-32,104],[48,34],[21,95],[79,-53],[74,77],[38,121],[-9,20],[37,21],[-5,94],[31,100],[-30,122],[38,73],[-9,191],[-106,194],[6,171],[-27,62],[3,98],[56,70],[0,78],[37,19],[-6,95],[-19,54],[-38,24],[-13,132],[-28,43],[-25,-15],[-64,121],[-37,226],[-68,63],[-33,72],[24,60],[-48,34],[-45,92],[-62,20],[-29,94],[-4,122],[-36,45],[77,157],[-65,109],[26,78],[34,14],[8,48],[41,39],[-24,32],[62,79],[-1,64],[19,0],[-7,66],[44,15],[99,119],[-11,86],[35,116],[-14,37],[21,5],[22,63],[45,10],[9,83],[-29,37],[44,110],[27,7],[-24,53],[26,31],[-17,53],[32,60],[2,31],[-26,24],[16,16],[-18,41],[20,25],[-46,2],[-8,62],[17,51],[-29,56],[-28,-9],[-19,67],[13,22],[-21,21],[5,58],[-37,8],[-16,36],[15,11],[-7,46],[20,18],[-26,26],[-1,69],[-24,24],[15,57],[-100,-10],[-74,65],[-7,46],[-57,3],[-9,46],[-132,-73],[7,-35],[-19,-23],[-27,42],[-7,78],[-56,12],[-5,80],[-45,-15],[30,78],[-50,40],[36,44],[-40,10],[-13,36],[23,18],[-11,35],[25,41],[23,4],[-42,56],[4,40],[30,37],[-26,36],[6,31],[-32,87],[-47,39],[-25,81],[25,77],[-22,36],[12,59],[-40,19],[-1,88],[-77,41],[26,44],[-4,30],[-112,24],[-25,65],[-93,18],[-108,184],[-51,5],[2,93],[-80,-29],[-21,84],[-45,19],[-88,122],[-66,38],[-41,83],[-75,57],[42,64],[-209,39],[-28,108],[-36,56],[6,78],[-45,12],[-4,34],[34,67],[-25,2],[7,24],[-37,41],[-8,68],[-58,71],[19,86],[-84,159],[10,114],[-26,180],[-46,10],[19,39],[-31,31],[0,101]],[[16075,41027],[-64,70],[-102,47],[-2,-280],[-52,-1],[0,-62],[175,5],[1,-238],[-359,-4],[-332,-445],[-129,186],[-198,-270],[-76,0],[-2,-242],[-88,0],[-131,188],[-138,-185],[-53,-175],[-400,4],[11,-458],[-15,-140],[64,-77],[-6,-133],[167,-149],[45,-9],[180,-243],[378,-368],[80,-113],[135,-87],[62,-120],[237,-267],[34,-121],[114,-65],[254,-56],[127,-108],[218,-439],[355,-103],[93,-205],[24,-107],[274,-115],[123,-97],[28,19],[95,-44],[959,19],[-39,78],[-36,-34],[22,76],[-69,39],[-23,81],[-44,57],[37,11],[-49,83],[19,72],[161,130],[-45,86],[36,12],[7,33],[-43,287],[27,90],[64,34],[-23,40],[-10,147],[-33,132],[-93,72],[-104,318],[-131,256],[-54,152],[-200,364],[1933,2],[0,279],[199,2],[53,-48],[8,-60],[67,-13],[44,35],[66,-71],[23,114],[37,36],[20,-28],[13,52],[44,-18],[-11,-105],[20,-4],[-13,-115],[97,-18],[-3,-35],[54,-10],[21,-216],[122,-25],[3,35],[321,-64],[-6,-53],[92,-21],[70,-312],[430,-72],[-4,-39],[85,-17],[-6,-27],[398,-61],[45,-50],[14,22],[325,-67],[59,634],[-17,74],[31,-6],[8,84],[102,-5],[33,-56],[-9,-88],[243,-50],[-11,-110],[615,-129],[4,72],[109,-23],[87,769],[144,-32],[-3,-30],[45,37],[74,-127],[57,-6],[24,250],[-128,344],[166,455],[-25,559],[-47,182],[70,190],[-92,127],[-1,146],[57,325],[15,0],[-1,207],[41,16],[0,174],[-41,0],[-131,233],[-1,236],[201,-29],[-13,102],[-31,10],[-32,59],[-78,37],[15,29],[-29,53],[2,24],[61,-13],[27,288],[-407,85],[7,122],[27,75],[89,106],[-121,240],[-332,-307],[-6,782],[-293,64],[-2,198],[-17,0],[4,338],[31,0],[-2,105],[-114,-118],[-457,-2],[-62,22],[0,30],[202,87],[125,1],[-2,178],[-143,0],[0,-112],[-66,-44],[0,70],[-56,0],[0,-62],[-85,-86],[-171,-1],[1,214],[-710,2],[-1,257],[-37,29],[-42,240],[-64,81],[10,105],[-59,88],[-2,35],[19,-1],[-14,61],[22,68],[-19,61],[18,47],[-5,67],[-70,9],[-27,24],[-5,65],[-73,46],[-49,-22],[0,359],[-475,0],[-35,-46],[0,45],[-1710,2],[-4,-403],[-1107,3],[-3,-289],[-203,-1],[0,-143],[-127,-1],[21,-83],[51,-12],[26,-38],[-27,-138],[8,-75],[101,-150],[-5,-46],[37,-105],[83,-38],[82,-173],[-3,-71],[77,-87],[38,17],[30,-28],[-4,-57],[28,-18],[-4,-32],[69,-68],[13,-60],[21,13],[61,-66],[19,21],[22,-130],[33,-20],[-131,-4],[-1,-1219],[-224,-126],[-302,1],[-1,180],[-89,9],[-67,-50],[3,489],[139,-8],[8,31],[-65,85],[20,84],[-154,1],[-1,174],[-145,0],[2,-369],[-273,1],[1,368],[-71,0],[0,440],[-87,117],[-113,2],[0,-390],[-85,164],[-233,138],[-53,85],[-230,-2],[-1,-140],[42,-25],[15,-68],[-84,0],[-24,41],[-61,-9],[-37,-32],[-59,0],[-1,-77],[-62,0],[-1,-226],[60,-1],[1,157],[48,1],[65,-62],[64,30],[-1,-254],[-175,1],[-2,-448],[189,-10],[-10,-397],[50,-2],[-15,-203],[-16,0],[-1,-144],[-195,1],[0,-144],[404,-3],[0,-98],[-157,1],[-56,-88],[-79,46],[-187,3],[0,-212],[-128,0],[0,-230],[74,0],[3,-204],[-91,-2],[-26,51],[-15,-151],[287,-46],[6,135],[77,2],[0,103],[135,-2],[-1,-121],[272,-18],[1,-98],[66,0],[-1,-255]],[[76,49349],[36,-8939],[-11,-3133],[25,-2500],[211,-307],[126,-67],[224,-266],[251,-202],[542,-845],[22,-82],[787,579],[1061,-197],[1,36],[-58,32],[11,107],[47,-40],[28,8],[-2,37],[11,-38],[15,13],[9,95],[24,8],[-13,51],[47,36],[-40,34],[32,68],[-27,76],[52,112],[48,52],[-16,27],[-76,16],[21,135],[-88,54],[-51,107],[-84,16],[-37,38],[-24,95],[-53,-9],[-18,56],[-46,18],[-59,-30],[-131,55],[-5,81],[-21,29],[15,41],[-29,26],[18,44],[-22,12],[13,31],[19,-8],[14,50],[2335,-455],[0,1443],[1109,-2],[-29,98],[11,28],[-56,19],[15,109],[-87,74],[10,35],[41,7],[7,68],[-28,18],[-113,258],[-52,14],[-15,70],[-66,-9],[-103,195],[17,53],[-11,18],[76,91],[-21,73],[-19,-8],[-9,-54],[-31,48],[17,98],[54,69],[-10,52],[-47,8],[4,54],[42,52],[57,4],[84,111],[3,43],[21,1],[12,-35],[53,10],[144,132],[41,-9],[77,71],[55,-21],[141,148],[101,46],[12,46],[98,30],[40,54],[-6,58],[49,74],[29,95],[86,81],[-10,43],[28,17],[-8,69],[25,29],[133,-53],[65,-106],[17,106],[25,3],[42,-56],[103,221],[25,-173],[61,-24],[15,49],[-10,72],[42,-25],[159,81],[103,16],[54,62],[0,-40],[-44,-59],[34,-69],[97,-16],[43,-97],[34,48],[25,-71],[34,58],[68,-180],[47,-10],[-25,-58],[22,-62],[39,8],[-5,-74],[106,20],[25,-49],[18,48],[61,-88],[32,31],[-1,65],[44,21],[-3,30],[-38,-10],[15,43],[27,12],[86,-61],[46,1],[3,50],[-25,17],[-10,48],[71,31],[14,-44],[-14,-36],[43,-22],[26,110],[89,-45],[22,16],[55,-92],[88,-9],[-14,47],[-28,16],[18,82],[26,-88],[11,27],[-21,89],[13,35],[-21,19],[-16,119],[-24,53],[11,64],[-17,87],[-57,52],[55,649],[36,152],[-15,88],[99,1108],[-30,5],[28,330],[-113,19],[13,99],[101,-18],[60,662],[53,-9],[14,170],[-73,11],[3,40],[-66,9],[-68,97],[59,95],[-1349,222],[123,1390],[162,-27],[6,66],[252,-42],[59,639],[-103,18],[23,172],[-27,441],[14,166],[-32,6],[16,186],[174,-29],[85,977],[-69,51],[-7,-90],[-234,42],[28,321],[-47,46],[25,283],[200,-33],[4,43],[159,-32],[112,1267],[835,-148],[54,611],[58,-10],[127,1437],[-1209,190],[-21,-256],[-537,102],[-313,97],[-181,-2],[-1779,317],[58,627],[-281,51],[-90,-977],[-393,43],[7,81],[-250,44],[10,99],[-314,56],[-195,-2175],[-136,26],[18,207],[-816,139],[-4,-53],[-402,71],[-13,-148],[-2799,508]],[[14168,61046],[-783,1],[0,-395],[47,-8],[-1,-292],[-45,1],[-6,-129],[7,-6284],[-36,-8],[1,-363],[300,1],[0,-136],[196,2],[0,-80],[170,-2],[1,-289],[1023,26],[0,94],[107,0],[0,-682],[176,0],[80,-177],[602,0],[-36,-51],[-14,-75],[-44,-44],[62,-157],[-33,-39],[-11,-68],[23,-67],[-18,-92],[45,-30],[-27,-33],[-8,-87],[29,-119],[27,-11],[-19,-52],[-44,-24],[14,-37],[-40,-28],[-21,-79],[22,-84],[-26,-170],[-25,-47],[27,-109],[42,-16],[-17,-194],[-66,-166],[10,-59],[-45,-131],[-59,-333],[66,-86],[-2,-119],[-20,-51],[33,-54],[-19,-25],[-11,-147],[-88,-92],[3,-73],[-75,-114],[17,-122],[-4,-112],[-24,-47],[-9,-87],[20,-94],[-23,-171],[36,-81],[64,-37],[41,-98],[6,-113],[29,-53],[-37,-138],[51,-76],[34,-13],[32,25],[38,-42],[11,-52],[-16,-46],[72,-122],[-38,-63],[28,-70],[-15,-51],[89,-28],[-5,-45],[30,-61],[51,-13],[45,-68],[53,-21],[1,-52],[50,-37],[54,-112],[29,-6],[46,-84],[121,-65],[31,14],[18,-51],[81,-56],[8,-95],[66,-173],[45,-85],[22,4],[-15,-60],[15,-50],[-64,-55],[18,0],[1,-125],[61,-32],[5,-47],[34,0],[-15,-20],[19,-10],[-3,-81],[-17,-28],[10,-74],[19,-3],[0,-118],[30,-87],[32,37],[36,-27],[-13,-57],[69,-36],[65,-125],[127,1],[0,143],[203,1],[3,289],[1107,-3],[4,403],[1111,1],[-218,494],[24,285],[180,443],[372,799],[342,332],[131,474],[-22,32],[38,134],[36,21],[58,213],[0,423],[-371,6],[-197,203],[-371,207],[2,2964],[122,82],[-88,329],[-38,6],[1,1490],[-138,-167],[29,310],[42,-7],[18,196],[143,-27],[33,351],[-233,44],[0,442],[66,0],[0,289],[-30,0],[-2,285],[78,0],[-1,513],[36,-7],[13,349],[58,-11],[5,52],[40,-8],[19,190],[-59,12],[11,105],[-170,0],[12,13],[-2,516],[33,329],[-316,65],[-248,2],[0,69],[-547,-559],[-1,93],[-302,0],[2,2368],[-40,-1],[2,1217],[-38,55],[39,-3],[0,3780],[1338,9],[8,5034],[-1987,-10],[5,1714],[-94,8],[6,1616],[-1377,-18],[-93,18],[0,146],[-274,2],[-50,-33],[-114,93],[-132,-58],[-325,3],[-92,-46],[-42,47],[-104,27],[-110,-37],[-21,89],[-357,-173],[-50,-93],[-87,-54],[-10,-68],[-239,0],[-241,-79],[-62,37],[-68,-182],[-86,6],[28,-140],[-27,-45],[7,-49],[114,-160],[76,-214],[-222,-5],[-15,-119],[-39,-43],[88,-88],[-94,-172],[98,-435],[270,-999],[-425,5],[-16,-124],[-2,-428],[-171,36],[-103,-69],[-120,36],[-74,117],[-267,113],[-49,-58],[-54,0],[-110,92],[-931,21],[0,-3400],[-29,-83],[1,-193],[25,0],[2,-1098],[-58,0],[74,-104],[101,-340],[22,-120],[2,-295],[-19,-367],[-99,-457],[-3,-230],[1863,-2],[3,-280],[198,-2],[-1,-844],[597,-2],[0,-2502]],[[13781,96079],[-765,-1096],[-54,78],[-123,-167],[-25,-70],[-348,-469],[-2,-141],[-38,0],[0,-24],[36,6],[2,-77],[278,4],[97,134],[165,-40],[0,93],[181,64],[541,-17],[9,-21],[26,58],[111,-18],[49,93],[16,-35],[-10,-58],[324,-2],[24,49],[5,80],[-45,99],[-54,53],[-72,8],[-15,34],[27,113],[74,25],[24,45],[15,153],[-10,104],[-97,169],[94,139],[2,115],[-83,132],[-31,-89],[-47,6],[-28,252],[14,98],[-94,165],[-173,-45]],[[11484,96683],[-1,-2333],[37,-7],[485,1117],[147,-156],[372,-9],[-33,43],[143,202],[-55,79],[11,16],[-76,177],[-45,179],[-2,20],[37,-19],[27,255],[-104,39],[-50,302],[-111,72],[-25,58],[14,114],[81,47],[34,61],[9,67],[-19,73],[-149,116],[-147,6],[-137,-82],[-82,71],[-8,138],[59,149],[88,101],[-2,54],[-39,61],[-38,-5],[-93,-123],[-54,1],[-56,43],[-38,-19],[31,-213],[98,-109],[-30,-61],[-103,-2],[-160,131],[-61,-53],[-74,123],[30,-200],[75,-145],[14,-379]],[[14998,91965],[18,-62],[-48,18],[-34,-26],[-147,-1],[-92,27],[-27,37],[-73,-6],[-46,148],[1,-310],[-46,-26],[-40,18],[-154,192],[-28,112],[6,57],[-33,27],[-4,-50],[-22,-20],[-77,167],[-31,-57],[-117,146],[-169,274],[-248,-8],[-12,-43],[-864,-227],[-2,695],[-88,-8],[-71,171],[-32,356],[-57,209],[4,414],[-39,1],[0,24],[38,0],[2,141],[-81,3],[1,126],[-22,33],[-96,2],[0,98],[40,4],[-85,52],[8,160],[117,1],[0,231],[-40,-1],[0,237],[-156,3],[-147,156],[-485,-1117],[-37,7],[-5,2642],[-13,90],[-70,125],[-23,208],[-32,37],[-100,-18],[-46,-73],[-22,-155],[38,-150],[-21,-58],[-90,2],[-93,135],[-66,164],[-34,20],[-64,-77],[-10,-245],[-54,-40],[-86,70],[46,170],[-80,217],[-103,-19],[-57,23],[-52,62],[-43,-4],[-67,-52],[-98,-18],[5,-56],[38,-70],[2,-56],[-88,-120],[-47,-131],[-46,115],[-52,54],[-51,9],[-110,-59],[-20,26],[13,80],[-22,28],[-73,-145],[-30,-12],[-177,92],[-112,123],[-97,20],[-59,92],[-117,6],[-47,68],[-27,-11],[-40,-84],[-40,-6],[-24,59],[51,184],[-15,49],[-77,-57],[-92,-128],[-64,-14],[-40,39],[-8,74],[16,43],[82,66],[5,59],[-40,14],[-63,-108],[-69,-19],[-165,240],[-47,-11],[-20,-48],[49,-223],[-70,-137],[-51,-43],[-41,6],[-28,44],[-24,264],[-26,44],[-37,13],[-113,-54],[-68,-74],[-124,21],[-252,-299],[-245,-93],[-28,-158],[22,-202],[-45,-102],[-74,5],[-34,32],[-33,86],[-39,1],[102,-198],[0,-97],[-27,-39],[-67,-9],[-47,115],[-41,33],[-103,-110],[-88,78],[-38,-23],[5,-67],[38,-41],[95,43],[33,-15],[40,-119],[10,-63],[-14,-63],[-105,-77],[-42,-88],[39,-89],[93,0],[41,-39],[11,-78],[-29,-62],[-83,-11],[-68,94],[-16,-28],[-2,-147],[-46,-55],[-120,54],[-66,87],[-74,12],[-25,-20],[-19,-103],[-98,-69],[-36,12],[-71,145],[-50,25],[-30,-80],[62,-181],[-29,-111],[-263,-112],[-45,51],[1,65],[26,40],[97,31],[15,70],[-44,96],[-77,78],[-11,68],[45,94],[73,37],[16,57],[-88,62],[-68,165],[-47,200],[-61,81],[-84,-5],[-18,-44],[3,-81],[-36,-40],[-129,81],[-25,-97],[-55,-31],[-148,93],[-23,-28],[3,-97],[-47,-10],[-131,156],[-8,105],[30,130],[-9,36],[-42,6],[-144,-100],[-58,15],[-50,69],[-15,86],[47,189],[-23,83],[-54,13],[-122,-138],[-47,-7],[-29,54],[-11,134],[-33,55],[-132,37],[23,-120],[-33,-13],[-48,116],[-20,157],[-41,43],[-116,-30],[-17,-55],[-6,-178],[-55,-71],[-94,-51],[-17,-103],[-37,-49],[-35,-5],[-19,24],[-1,85],[33,64],[-2,57],[-37,27],[-65,-34],[-36,46],[54,165],[-10,76],[-41,14],[-144,-40],[-32,42],[7,89],[-165,59],[-42,93],[-50,18],[-74,116],[-63,210],[-38,61],[-47,11],[-36,-26],[-52,-178],[-54,15],[-10,104],[62,169],[-28,82],[-5,100],[-27,47],[-48,-50],[-15,-130],[-85,-58],[-70,91],[-1,140],[-27,1],[-43,-72],[-54,80],[-56,-10],[-44,-72],[-23,-129],[-75,-40],[-7,-79],[-55,-19],[61,-77],[16,-83],[-28,-65],[-63,-20],[-53,19],[-31,47],[-42,141],[-2,153],[-39,-21],[-24,-120],[-35,-50],[-77,-26],[-58,48],[-6,255],[-22,19],[-56,-33],[-25,35],[11,29],[95,41],[-26,87],[23,100],[-90,-37],[-23,-138],[-59,37],[-4,79],[-100,-114],[-88,-27],[-149,73],[-32,55],[-33,136],[-75,10],[-74,-84],[-4,-42],[55,-19],[37,-48],[23,-181],[-30,-92],[-63,-37],[-43,33],[-28,79],[36,114],[-13,53],[-36,21],[-56,-48],[-52,15],[-38,65],[-32,183],[-43,-95],[-97,-50],[-44,-69],[-73,0],[-19,39],[-14,149],[45,124],[-1,44],[-23,62],[-78,72],[-17,-12],[-19,-95],[13,-110],[-95,-80],[-1,-42],[43,-81],[-6,-32],[-41,-10],[-53,71],[-16,169],[-79,39],[-89,118],[21,222],[95,57],[-83,25],[-75,71],[-38,-62],[-14,-157],[-55,5],[-34,78],[0,120],[-55,87],[70,112],[-127,17],[6,39],[55,52],[-2,89],[-48,54],[-62,-12],[-21,22],[-4,138],[19,100],[-34,63],[-38,9],[-8,-2223],[-12,0],[28,-6621],[20,-18355],[-34,-6940],[5953,-1],[-3,4829],[5525,2],[0,674],[931,-21],[110,-92],[54,0],[49,58],[164,-67],[126,-60],[51,-103],[120,-36],[103,69],[171,-36],[2,428],[16,124],[425,-5],[-270,999],[-98,435],[94,172],[-88,88],[39,43],[15,119],[222,5],[-76,214],[-114,160],[-7,49],[27,45],[-28,140],[86,-6],[68,182],[62,-37],[241,79],[239,0],[10,68],[87,54],[50,93],[357,173],[21,-89],[110,37],[104,-27],[42,-47],[92,46],[325,-3],[132,58],[114,-93],[50,33],[274,-2],[0,-146],[93,-18],[1253,9],[43,22],[554,-29],[32,26],[129,-39],[208,-11],[46,22],[-29,52],[30,71],[-19,212],[-37,61],[-2,748],[-29,59],[41,57],[7,162],[-37,188],[24,238],[-35,61],[34,93],[3,113],[285,29],[77,-30],[478,3],[525,-74],[0,551],[21,484],[25,68],[48,501],[-509,9],[-11,3385],[-30,91],[31,92],[0,106],[12,0],[1,721],[-68,61],[-420,-10],[-28,-46],[-107,52],[33,219],[-23,82],[-66,33],[-9,51],[-1295,3],[-18,2106],[-102,113],[2,50],[53,64],[-5,29],[-122,16],[-20,32],[20,109],[130,200],[-1,70],[-34,112],[100,207],[-15,31],[-58,16],[-87,-70],[-53,19],[-1,78],[115,47],[41,86],[-65,186],[-23,23],[-62,-21],[-32,115],[9,79],[24,43],[43,52],[108,17],[22,57],[-59,115],[-54,15],[-24,-33],[-17,-93],[-26,-26],[-108,44],[-32,-17],[6,-66],[91,-8],[5,-40],[-34,-55],[-146,-28],[-71,50],[-25,104],[4,268],[49,176],[86,83],[-1,33],[-39,24],[-102,-91],[-43,39],[-21,75],[-98,-40],[-46,62],[17,55],[111,63],[-4,61],[-54,82],[-2,38],[40,64],[69,26],[-71,85],[-6,38],[19,52],[69,46],[0,92],[23,78],[-43,65],[-82,-2],[-19,36],[4,34],[84,55],[71,121],[-52,240],[-146,129],[-66,-37],[30,-257],[80,-168],[-27,-50],[-52,-3],[-75,169],[-113,-12],[-50,26],[-17,43],[7,115],[-36,82],[-156,-132],[-48,24],[-15,45],[4,75],[45,160],[-45,108],[-12,123],[-25,-10],[-39,-96],[-99,-45],[-53,86],[-104,75],[-10,52],[26,118],[-50,-52],[-35,7],[-33,89],[24,66],[153,50],[181,14],[-69,135],[-143,-64],[-39,22],[-25,59],[12,60],[96,132],[23,121],[90,105],[-42,31],[-148,12],[-59,-83],[-29,-156],[-109,80],[-10,123],[58,165],[91,79],[24,70],[39,9],[53,-54],[13,24],[-54,220],[-77,-96],[-88,45],[-89,-57],[-36,65],[10,90],[76,97],[47,229],[-48,133],[21,47],[58,44],[-89,75],[44,82],[8,96],[-39,10],[-72,-36],[-33,45],[12,51],[79,105],[6,57],[-83,46],[-21,47],[-7,112],[-72,-36],[-44,46],[15,17],[-6,48],[45,3],[-23,66],[-59,-164],[-66,80],[-92,9],[-59,81],[-44,-86]],[[12461,93775],[85,-393],[4,-172],[71,-171],[88,8],[2,-695],[864,227],[12,43],[248,8],[169,-274],[117,-146],[33,55],[78,-167],[20,68],[19,0],[17,-23],[-6,-57],[28,-112],[154,-192],[40,-18],[46,26],[-1,310],[46,-148],[73,6],[27,-37],[92,-27],[147,1],[34,26],[48,-18],[-18,62],[44,86],[59,-81],[92,-9],[66,-80],[59,164],[23,-66],[-45,-3],[6,-48],[-15,-17],[44,-46],[72,36],[17,-116],[51,109],[-53,24],[4,89],[87,86],[44,86],[113,-40],[-38,86],[-3,167],[-25,77],[102,66],[11,48],[-38,44],[-108,-46],[-19,36],[6,34],[87,65],[90,-49],[44,-59],[57,3],[28,58],[-66,128],[-8,153],[38,52],[86,-22],[18,41],[-10,77],[-41,57],[-82,22],[-71,61],[-67,-13],[-53,89],[-73,-23],[-163,-176],[-180,-42],[-104,47],[-59,132],[-162,20],[-81,108],[-65,-59],[-51,-1],[-43,131],[6,75],[38,99],[47,84],[95,-19],[23,33],[-82,72],[-59,105],[-97,-128],[-41,-16],[-32,46],[-17,106],[-22,16],[-151,-204],[-188,-30],[-50,86],[-1,101],[23,50],[105,62],[50,89],[3,82],[-42,105],[20,109],[-324,2],[10,58],[-14,34],[-51,-92],[-111,18],[-26,-58],[-9,21],[-541,17],[-181,-64],[0,-93],[-165,40],[-97,-134],[-278,-4],[-3,-344]],[[12836,96247],[528,-765],[417,597],[-105,22],[-123,133],[-26,-19],[-32,-137],[-135,16],[-31,126],[35,97],[-56,-19],[-25,23],[82,348],[-203,86],[-53,-47],[-36,-139],[-26,-35],[-58,-9],[-88,74],[-52,-2],[-18,-89],[34,-211],[-29,-50]],[[12590,95635],[-11,-16],[55,-79],[-143,-202],[33,-43],[-216,5],[0,-236],[40,1],[0,-231],[-117,-1],[-13,-60],[6,-102],[84,-50],[-40,-4],[0,-98],[96,-2],[22,-33],[-1,-126],[86,-3],[491,706],[54,-78],[348,499],[-528,765],[-73,-1],[-82,-47],[-91,87],[-65,23],[-65,-38],[71,-24],[-27,-255],[-37,19],[47,-199],[76,-177]],[[17461,74466],[-6,-1616],[94,-8],[-5,-1714],[1987,10],[-8,-5034],[-1338,-9],[0,-3780],[-39,3],[38,-55],[-2,-1217],[40,1],[-2,-2368],[302,0],[1,-93],[547,559],[0,-69],[248,-2],[316,-65],[-33,-329],[2,-516],[-12,-13],[170,0],[-11,-105],[59,-12],[-19,-190],[-40,8],[-5,-52],[-58,11],[-13,-349],[-36,7],[1,-513],[-78,0],[2,-285],[30,0],[0,-289],[-66,0],[0,-442],[233,-44],[-33,-351],[-143,27],[-18,-196],[-42,7],[-29,-310],[138,167],[-1,-1490],[38,-6],[88,-329],[-122,-82],[-1,-153],[336,1],[0,-56],[406,0],[-1,-569],[201,1],[0,-426],[69,-57],[2184,-390],[15,168],[336,-64],[17,178],[49,-2],[-19,81],[41,41],[-161,361],[208,-40],[96,12],[4,33],[671,-125],[66,703],[92,63],[1009,5],[0,79],[107,1],[53,-30],[364,4],[8,-30],[37,-6],[-10,-16],[13,-23],[36,-8],[-33,-26],[19,-107],[-40,-34],[5,-31],[45,-16],[-24,-68],[5,-87],[35,-38],[-27,-60],[95,-19],[-23,-72],[47,-16],[-17,-38],[31,-50],[0,-114],[31,-31],[-21,-28],[48,-21],[26,-180],[-10,-114],[53,-124],[193,-229],[260,-64],[56,30],[301,-55],[-17,-89],[223,-37],[59,624],[204,-35],[13,139],[54,-10],[6,59],[45,-9],[21,191],[-30,92],[52,-10],[17,174],[-55,9],[25,275],[-31,-1],[59,593],[-81,17],[-3,432],[327,-65],[-6,-61],[119,-23],[85,708],[-112,89],[68,643],[-1,126],[354,-1],[-66,581],[173,8],[-1,285],[153,66],[259,410],[89,57],[-240,46],[29,280],[-199,39],[54,566],[-256,14],[0,409],[-27,0],[-82,294],[33,65],[53,4],[1,617],[-326,-7],[-5,2290],[-547,-6],[0,-99],[-23,1],[-30,-50],[8,-35],[-49,-87],[10,-31],[-73,-82],[-12,-91],[-49,-29],[2,-39],[-62,-7],[22,-36],[-29,-13],[14,-49],[-24,-27],[-58,87],[-41,-29],[-202,20],[0,141],[-16,0],[1,288],[-132,1],[-1,1127],[79,0],[41,410],[170,-35],[32,328],[-30,6],[11,109],[125,-25],[8,-34],[102,1029],[-210,45],[40,390],[-484,4],[-16,67],[43,70],[-9,59],[-43,29],[5,187],[-30,85],[27,22],[0,62],[42,56],[-8,41],[19,51],[36,-11],[13,70],[50,72],[-14,84],[38,55],[-19,51],[53,105],[7,89],[-43,152],[-46,36],[-9,53],[-160,157],[-22,78],[24,33],[4,119],[-29,5],[-10,66],[-84,91],[-24,76],[-16,223],[20,114],[77,125],[-25,76],[-131,61],[-130,163],[2,98],[66,153],[-398,186],[-2,-150],[-973,4],[-38,265],[25,99],[-10,74],[-16,71],[-49,71],[-58,331],[42,86],[-1,254],[15,72],[70,99],[1,179],[34,142],[-46,265],[-143,112],[-66,1],[-38,32],[-51,6],[-80,-48],[-129,19],[-135,-41],[-28,21],[-36,112],[21,150],[-43,21],[-30,78],[-49,48],[-13,180],[44,88],[35,169],[7,204],[-921,4],[-1,1403],[-385,-1],[-78,2047],[40,86],[-3,96],[-45,42],[-27,987],[-1630,196],[0,156],[-293,-73],[-98,6],[-35,73],[-36,-30],[-1,-82],[-232,-210],[-507,932],[-675,97],[-478,-3],[-77,30],[-285,-29],[-3,-113],[-34,-93],[35,-61],[-24,-238],[37,-188],[-7,-162],[-41,-57],[29,-59],[2,-748],[37,-63],[2,-143],[17,-67],[-30,-71],[29,-52],[-46,-22],[-208,11],[-127,39],[-34,-26],[-473,16]],[[28701,69257],[-1440,4],[-1,-387],[-1452,9],[-1,-1061],[398,-186],[-66,-153],[-2,-98],[130,-163],[131,-61],[25,-76],[-77,-125],[-20,-114],[16,-223],[24,-76],[84,-91],[10,-66],[29,-5],[-4,-119],[-24,-33],[22,-78],[160,-157],[9,-53],[46,-36],[5,-53],[23,-20],[-9,-36],[21,-23],[-4,-109],[-53,-109],[19,-47],[-38,-55],[14,-84],[-50,-72],[-13,-70],[-36,11],[-19,-51],[8,-41],[-42,-56],[0,-62],[-27,-22],[30,-85],[-5,-187],[43,-29],[9,-59],[-43,-70],[16,-67],[484,-4],[-40,-390],[210,-45],[-102,-1029],[-8,34],[-125,25],[-11,-109],[30,-6],[-32,-328],[-170,35],[-41,-410],[-79,0],[1,-1127],[132,-1],[-1,-288],[16,0],[0,-141],[202,-20],[41,29],[27,-63],[45,-15],[10,33],[-15,32],[30,15],[-22,36],[62,7],[-2,39],[49,29],[9,86],[76,87],[-10,31],[49,87],[-8,35],[30,50],[23,-1],[0,99],[480,6],[0,151],[416,1],[158,105],[1005,8],[-2,667],[711,2],[0,46],[514,-2],[1,514],[798,-2],[17,-36],[246,-52],[-3,-30],[31,29],[527,-106],[-35,-75],[-4,-55],[50,-62],[-64,-26],[-17,-50],[-20,4],[-17,-85],[-30,-14],[333,-49],[297,0],[0,-55],[46,0],[-1,-242],[211,-1],[-5,66],[2414,4],[21,50],[271,-1],[2,101],[23,86],[-25,33],[26,26],[11,59],[-14,31],[14,11],[-33,29],[13,48],[-38,9],[13,50],[-10,86],[43,85],[0,101],[54,-94],[61,-2],[90,-77],[124,-44],[74,42],[70,-110],[51,46],[33,-4],[34,-77],[97,-114],[86,64],[29,-7],[38,-83],[229,150],[54,0],[143,-99],[0,-29],[52,-75],[326,-1],[-52,128],[86,45],[82,-56],[42,74],[6,73],[34,19],[-14,66],[29,72],[1,60],[-37,13],[-27,-44],[-22,78],[-57,5],[24,85],[-6,152],[69,12],[14,55],[159,104],[171,26],[153,-145],[83,-41],[72,-99],[40,42],[47,-28],[8,22],[-28,39],[38,40],[-50,10],[-15,113],[-59,53],[52,52],[-72,-22],[-16,31],[56,106],[-49,-19],[-2,38],[76,58],[-21,24],[-59,-18],[-20,55],[69,45],[-33,104],[61,-4],[7,34],[-116,-31],[-17,-47],[-23,65],[-30,-24],[-52,28],[-12,33],[20,131],[-21,-1],[-5,-71],[-16,-13],[-61,60],[36,105],[-44,60],[42,30],[-83,12],[-42,51],[24,64],[70,-32],[2,61],[22,-10],[14,-65],[16,12],[-7,44],[-48,42],[-33,2],[-37,-40],[-33,46],[20,49],[60,7],[-49,24],[-4,43],[45,79],[55,1],[5,43],[-29,17],[-69,-39],[-27,78],[-19,-30],[12,-86],[-12,-30],[-40,-11],[-27,53],[4,83],[32,80],[53,16],[49,-30],[0,61],[-107,-26],[-12,23],[61,56],[1,54],[37,66],[-30,72],[43,55],[-2,57],[-27,37],[-45,5],[-55,-104],[-32,0],[-5,72],[-73,70],[55,71],[-64,-46],[-33,41],[19,180],[-58,-5],[-13,26],[30,61],[-7,87],[-66,-88],[-26,31],[10,117],[-24,-21],[-33,-105],[-59,105],[-39,-11],[-34,-60],[-65,40],[2,35],[42,25],[-10,108],[70,41],[13,39],[-15,21],[-111,10],[-15,-85],[-20,-9],[-21,48],[12,81],[-24,17],[-20,-17],[-35,-134],[-37,20],[-38,85],[-52,-50],[-8,71],[75,149],[-58,114],[-74,-28],[-43,31],[-36,-58],[-49,-15],[5,-71],[-44,-38],[-39,-144],[-33,2],[-72,89],[6,65],[-88,143],[8,59],[-34,52],[17,54],[-41,-15],[-21,23],[6,161],[-195,108],[-54,100],[-108,73],[-2,103],[44,44],[-39,50],[60,45],[-72,35],[-18,106],[-58,-14],[-18,31],[-31,-38],[-12,65],[-38,-41],[-47,13],[-40,98],[-35,4],[14,73],[-35,30],[38,26],[-35,19],[1,48],[-72,-59],[-39,21],[-27,-42],[-29,52],[-105,6],[3,69],[-47,128],[1,61],[-44,14],[-33,79],[28,64],[33,-20],[-38,95],[-44,3],[34,64],[-68,-35],[17,-20],[-7,-31],[-50,-2],[-25,12],[-30,114],[-72,-1],[0,140],[-41,-20],[-16,57],[-98,110],[26,95],[-56,25],[-14,58],[26,74],[-54,105],[35,40],[-7,62],[-43,0],[-8,37],[24,25],[-14,11],[-72,6],[32,52],[-14,89],[-33,-15],[-16,53],[-47,33],[-47,-9],[-69,62],[-69,0],[-42,64],[-36,9],[-8,43],[-37,-36],[-27,49],[-43,17],[19,120],[-190,143],[12,133],[-20,71],[-23,0],[-9,-54],[-19,-8],[-31,46],[5,80],[-56,-129],[-25,41],[-27,-48],[-117,65],[-41,-33],[-28,11],[-36,-77],[30,-50],[-6,-46],[-91,40],[-74,97],[-45,-6],[-36,59],[77,76],[32,76],[-40,61],[11,126],[-51,31],[-27,-25],[-152,36],[-73,201],[18,59],[-94,117],[25,105],[28,-3],[22,-41],[37,24],[-43,83],[16,100],[-29,-8],[9,-35],[-16,-11],[-65,75],[0,-85],[-23,-21],[-65,13],[-47,58],[-77,-16],[-57,-24],[-10,-58],[-23,-15],[-17,86],[38,24],[-11,35],[-53,-48],[-65,0],[-22,39],[-42,-22],[-20,31],[9,41],[-56,41],[1,-86],[-40,16],[-33,-25],[-20,93],[42,16],[-93,-21],[-132,192],[-76,-38],[-45,22],[-57,161],[-18,-18],[-1,-58],[-65,87],[-30,-55],[-26,2],[-6,52],[24,53],[-73,112],[25,85],[-7,49],[-105,-29],[-67,108],[-140,47],[-61,115],[3,66],[-63,-7],[-12,-14],[12,-37],[-84,45],[-72,-20],[-42,-134],[-27,-10],[26,-83],[43,30],[2,-42],[-56,-43],[-36,9],[-38,-88],[24,-48],[24,27],[11,-50],[78,-7],[-14,-49],[19,-6],[-5,-31],[13,-24],[8,31],[33,-13],[9,-35],[-18,-100],[37,-26],[-12,-33],[24,-134],[-66,-1],[-1,-154],[-498,0],[-122,73],[0,38],[-452,3],[158,-289],[124,-310],[-63,-83],[-998,1],[1,-269],[-998,-2],[2,-563]],[[32686,67549],[60,-17],[20,-49],[332,2],[0,113],[47,0],[46,-8],[61,-128],[0,129],[95,0],[0,-51],[187,13],[-15,-54],[48,-102],[127,-102],[-1,-43],[42,-53],[4,-84],[99,-111],[1,-202],[62,-86],[-5,-205],[-74,0],[0,-194],[-74,0],[0,-166],[30,0],[0,-51],[201,14],[34,-108],[58,25],[-3,-91],[15,-45],[-20,-22],[0,-125],[-54,0],[0,-45],[-46,0],[0,-26],[-161,1],[0,-82],[-107,0],[0,85],[-74,29],[0,-74],[-19,-1],[-1,-179],[-106,11],[-68,85],[-1,-281],[-100,-1],[0,123],[-162,0],[0,-150],[-27,25],[0,-200],[-356,1],[-1,62],[-188,0],[0,49],[-120,-1],[0,90],[-38,-25],[-126,89],[9,208],[173,0],[14,75],[-89,0],[-1,199],[89,0],[1,303],[-181,0],[0,169],[-30,37],[-98,0],[-1,551],[-29,-1],[-2,147],[205,-256],[-4,46],[160,1],[9,-53],[18,-7],[13,128],[205,-41],[-12,58],[-45,7],[11,101],[-86,17],[49,527]],[[32504,66118],[-1,-303],[-89,0],[1,-199],[89,0],[-14,-75],[-173,0],[-9,-208],[126,-89],[38,25],[0,-90],[120,1],[0,-49],[188,0],[1,-62],[356,-1],[0,200],[27,-25],[0,150],[162,0],[0,-123],[100,1],[1,281],[68,-85],[106,-11],[1,179],[19,1],[0,74],[74,-29],[0,-85],[107,0],[0,82],[161,-1],[0,26],[46,0],[0,45],[54,0],[0,125],[20,22],[-15,45],[5,87],[-60,-21],[-25,104],[-210,-10],[0,51],[-30,0],[0,166],[74,0],[0,194],[74,0],[10,54],[-5,151],[-62,86],[-1,202],[-99,111],[-4,84],[-42,53],[1,43],[-127,102],[-48,102],[15,54],[-187,-13],[0,51],[-95,0],[0,-129],[-61,128],[-46,8],[-47,0],[0,-113],[-332,-2],[-20,49],[-60,17],[-49,-527],[86,-17],[-11,-101],[45,-7],[12,-58],[-205,41],[-13,-128],[-18,7],[-9,53],[-160,-1],[4,-46],[-205,256],[2,-147],[29,1],[1,-551],[98,0],[30,-37],[0,-169],[181,0]],[[20195,88430],[-153,31],[-111,-31],[-107,70],[-37,-135],[2,-60],[38,-52],[147,-6],[18,-104],[-25,-74],[-93,-77],[-104,-9],[-132,62],[-77,136],[-27,7],[-34,-33],[-20,-92],[-34,-31],[-116,55],[-39,-14],[-15,-89],[49,-160],[-2,-53],[-35,-35],[-124,-17],[22,-56],[171,14],[21,-30],[-4,-57],[-83,-23],[-20,-131],[-45,-89],[27,-98],[-91,-212],[69,-155],[68,12],[78,-54],[26,-111],[0,-136],[-14,-56],[-33,-34],[-213,164],[-39,3],[-40,-44],[-16,-147],[12,-98],[33,-116],[90,-188],[-6,-60],[-57,-92],[-10,-87],[48,-67],[99,-61],[21,-50],[-14,-44],[-83,-23],[-112,98],[-48,-73],[-6,-43],[18,-46],[100,-70],[-5,-36],[-73,-69],[48,-145],[41,-47],[158,-7],[87,97],[9,108],[189,64],[69,70],[83,11],[86,98],[3,599],[-196,184],[7,25],[201,60],[150,-13],[12,39],[125,43],[-6,34],[610,9],[72,86],[44,-39],[37,-122],[346,-368],[23,-3],[7,117],[86,18],[10,60],[-25,19],[1,35],[24,-5],[46,82],[-1,36],[-36,-7],[-24,31],[14,119],[-122,-48],[-36,86],[-5,122],[-32,1],[-57,-59],[-40,38],[8,53],[92,101],[26,133],[-83,121],[-11,96],[-38,-15],[5,-85],[-18,-14],[-27,38],[-11,83],[143,217],[-83,-8],[-55,138],[-38,29],[-53,-17],[-29,-124],[-48,15],[-27,245],[-150,87],[5,128],[-16,28],[-30,2],[-27,-49],[17,-136],[-21,-48],[-166,103],[-1,119],[72,115],[19,69],[-9,41],[-84,7],[-38,-166],[-19,-2],[-28,10],[-94,150],[-13,64],[15,60],[160,77],[-58,124],[71,150],[81,70],[-47,133],[-128,57],[-27,90],[-18,1],[-24,-90],[10,-101],[-15,-50],[-51,-46],[-39,-107],[-94,7],[-11,-50],[21,-49],[130,-84],[6,-45],[-20,-27]],[[28466,74252],[-347,176],[-1,-117],[-75,107],[-1,-157],[-395,3],[0,-2072],[528,0],[22,33],[147,-197],[562,853],[48,-152],[193,0],[33,57],[-26,129],[32,46],[-10,26],[-15,10],[-49,-59],[-38,28],[6,69],[-48,50],[-28,-19],[-62,147],[-35,17],[-6,49],[48,42],[-61,43],[-15,46],[37,179],[-33,0],[8,32],[-16,24],[19,53],[-44,118],[23,88],[1,89],[-30,55],[26,46],[-10,81],[40,80],[12,102],[56,56],[-40,62],[24,22],[33,-40],[39,0],[-6,96],[55,19],[-28,46],[-152,-1],[-40,-141],[-250,50],[-22,79],[-60,-8],[-13,-132],[-17,3],[-19,-216]],[[19759,78095],[-48,-501],[-25,-68],[-21,-484],[0,-551],[153,-26],[504,-929],[232,210],[1,82],[36,30],[35,-73],[98,-6],[293,73],[0,-156],[1630,-196],[27,-987],[45,-42],[3,-96],[-40,-86],[78,-2047],[385,1],[1,-1403],[921,-4],[-7,-204],[-35,-169],[-44,-88],[13,-180],[49,-48],[30,-78],[43,-21],[-21,-150],[36,-112],[28,-21],[135,41],[129,-19],[80,48],[51,-6],[38,-32],[66,-1],[143,-112],[46,-265],[-34,-142],[-1,-179],[-70,-99],[-15,-72],[1,-254],[-42,-86],[58,-331],[49,-71],[16,-71],[10,-74],[-25,-99],[38,-265],[974,-3],[2,1210],[1452,-9],[1,387],[1440,-4],[-2,563],[998,2],[-1,269],[998,-1],[63,83],[-124,310],[-158,289],[452,-3],[0,-38],[122,-73],[498,0],[1,154],[66,1],[-24,134],[12,33],[-37,26],[16,42],[-7,93],[-33,13],[-8,-31],[-8,55],[-19,6],[14,49],[-78,7],[-11,50],[-24,-27],[-24,42],[38,94],[36,-9],[56,43],[-2,42],[-43,-30],[-26,83],[27,10],[42,134],[72,20],[84,-45],[-44,88],[73,113],[-116,101],[-53,-23],[-40,20],[-37,73],[-36,6],[-39,133],[-149,-31],[-52,2],[-34,42],[-67,-25],[-5,33],[39,106],[-64,-31],[-14,48],[29,91],[81,45],[-21,64],[20,59],[-66,24],[18,150],[-23,11],[-57,-49],[-62,40],[-7,90],[-57,-16],[-4,45],[-15,-83],[-50,-58],[-51,15],[-33,-24],[-18,69],[-41,6],[-130,-52],[-65,7],[1,76],[28,38],[-1,37],[-28,15],[-40,-97],[-24,-9],[-23,46],[29,127],[-18,53],[-59,-117],[-43,-3],[-3,117],[-39,11],[-6,116],[-51,60],[-15,-16],[-2,-98],[-41,12],[-28,54],[-99,-15],[-10,-97],[-27,-23],[29,-29],[-11,-58],[25,-69],[-121,14],[-17,-113],[-36,-11],[17,-66],[-55,-11],[-23,-71],[-72,-38],[-28,94],[-59,-2],[-35,76],[58,112],[-18,60],[-34,-25],[-40,73],[-24,-41],[6,-93],[-47,5],[-19,46],[3,62],[-63,99],[36,94],[-7,63],[-26,22],[-43,-45],[-14,66],[-60,23],[8,63],[-69,134],[10,59],[-25,32],[-65,2],[-10,62],[-55,22],[-34,105],[-80,2],[-8,63],[-18,-12],[-17,-93],[-30,-21],[-19,20],[-19,-47],[16,-30],[-8,-32],[33,0],[1,-34],[-38,-145],[15,-46],[61,-43],[-48,-42],[6,-50],[35,-16],[62,-147],[28,19],[48,-50],[-11,-64],[41,-34],[52,61],[23,-30],[-31,-49],[28,-126],[-35,-64],[-193,0],[-48,152],[-562,-853],[-147,197],[-22,-33],[-528,0],[0,2072],[395,-3],[1,157],[75,-107],[1,117],[347,-176],[19,216],[17,-3],[13,132],[60,8],[22,-79],[250,-50],[40,141],[154,-1],[32,154],[46,14],[-1,35],[46,54],[-6,29],[-65,30],[70,102],[-11,25],[-81,-11],[-18,71],[30,80],[-56,-48],[-37,39],[0,-62],[-32,1],[-14,59],[34,175],[-43,112],[-4,86],[-68,57],[34,59],[-28,43],[3,37],[94,17],[26,52],[31,12],[-21,30],[-3,76],[56,123],[-8,103],[-187,235],[-182,-70],[-6,-28],[36,-79],[-15,-41],[-213,-118],[-71,31],[-49,129],[-149,-44],[-38,-78],[-83,-40],[-110,31],[-140,-17],[-59,88],[-16,234],[-61,-15],[-11,88],[-25,48],[-63,48],[-9,92],[-174,-30],[1,-55],[-25,-29],[-35,25],[-33,84],[-100,-107],[-47,31],[-89,-8],[-41,74],[-56,-58],[-50,81],[24,61],[-55,-6],[-11,66],[50,41],[25,58],[-44,120],[-25,-27],[-33,20],[-5,-51],[-25,14],[6,66],[54,147],[-53,-9],[8,38],[39,20],[-52,66],[27,69],[53,49],[14,100],[-44,37],[4,108],[-116,165],[-30,124],[-57,54],[-31,-9],[-45,65],[2,50],[-36,62],[10,52],[-23,68],[34,36],[-87,66],[-3,-66],[-43,47],[-7,-27],[22,-47],[-22,-19],[-42,121],[2,53],[-41,14],[56,37],[-55,102],[46,28],[-38,38],[22,50],[-69,40],[62,25],[-1,50],[29,48],[-72,71],[0,42],[32,71],[54,-25],[3,-48],[29,-31],[13,100],[-70,60],[-28,58],[-13,-13],[9,-59],[-44,20],[-10,29],[35,92],[-30,124],[-32,-14],[-2,-100],[-41,12],[32,149],[35,57],[-87,-51],[-9,33],[18,53],[-56,-11],[38,78],[-64,24],[62,55],[31,-69],[61,1],[-16,86],[8,69],[-26,28],[23,31],[-34,48],[36,63],[-20,46],[8,59],[45,82],[-25,152],[-69,143],[-37,54],[-34,-26],[-51,23],[-6,132],[55,87],[8,53],[-27,99],[20,64],[-39,33],[-2,252],[-25,45],[58,45],[-31,55],[29,35],[-5,74],[28,-24],[52,72],[29,-26],[13,50],[23,-19],[-8,-33],[27,-74],[21,20],[30,72],[-42,3],[1,64],[38,24],[20,57],[-41,121],[35,144],[-21,104],[-20,19],[-26,-20],[-33,52],[-13,64],[-24,24],[31,32],[-76,132],[30,50],[-68,71],[-12,59],[27,87],[32,-5],[13,35],[69,-68],[-24,-34],[9,-19],[35,51],[-21,24],[22,28],[6,77],[25,-40],[38,9],[13,40],[-28,22],[24,40],[-63,13],[13,96],[56,85],[57,22],[-8,51],[52,75],[-58,42],[-23,51],[38,108],[72,8],[-2,27],[-84,-8],[-45,-35],[-24,38],[115,151],[-10,82],[39,86],[-28,127],[88,122],[-28,93],[-56,27],[-49,65],[-5,51],[49,196],[-68,73],[-138,-48],[-43,132],[-82,-88],[-38,2],[-54,64],[-8,131],[-43,15],[-131,-105],[-30,-105],[-76,112],[-35,-4],[28,-188],[-35,-5],[-77,57],[-35,62],[29,131],[-49,51],[14,62],[-115,55],[-8,-68],[-47,-28],[-62,111],[24,119],[118,51],[74,87],[-43,69],[10,56],[60,7],[-97,79],[-22,-51],[-160,-128],[-52,57],[-9,136],[-30,46],[-31,-36],[-101,-9],[-16,-55],[18,-137],[-51,-19],[-49,68],[-9,49],[24,189],[-83,85],[8,54],[84,76],[-51,47],[-127,-96],[-57,16],[-39,92],[-8,151],[38,74],[-93,82],[-138,-88],[-15,45],[37,65],[-3,42],[-60,-72],[-27,-126],[-87,31],[-18,54],[26,159],[-3,99],[-37,75],[-71,-30],[-24,-105],[-68,-78],[11,-92],[-24,-16],[-129,134],[-16,139],[-86,-11],[-55,-47],[-31,11],[3,92],[102,70],[2,36],[-69,-22],[-131,-151],[-34,11],[54,269],[45,28],[62,-33],[-90,123],[-24,-3],[-51,-217],[-101,-74],[-33,-86],[-41,-11],[-161,110],[-45,121],[-2,190],[-19,24],[-34,-26],[-27,-199],[-67,-138],[-40,-34],[-36,-10],[-42,32],[-41,94],[-8,120],[-46,0],[-21,-55],[7,-64],[72,-117],[-21,-49],[-39,-22],[-107,206],[4,86],[33,84],[-83,17],[-24,-53],[-13,-151],[-72,-40],[-49,14],[-33,64],[0,93],[98,181],[5,57],[-44,49],[-135,28],[-24,-12],[-28,-72],[-21,3],[-41,108],[-2,91],[-14,19],[-38,-113],[-119,-47],[69,-130],[10,-100],[-57,-203],[-51,-37],[-54,64],[-54,313],[-54,88],[13,118],[-76,-84],[-39,-6],[-40,62],[-17,85],[-95,24],[-29,102],[-114,-19],[-12,44],[41,104],[-15,19],[-58,-53],[-91,-9],[-95,-75],[-13,-150],[-79,-57],[12,-33],[56,-28],[9,-51],[-42,-35],[-59,23],[-2,-42],[34,-84],[-33,-23],[-15,-81],[-54,-32],[-1,-35],[25,-19],[-10,-60],[-86,-18],[-10,-122],[-366,376],[-37,122],[-44,39],[-72,-86],[-610,-9],[6,-34],[-125,-43],[-12,-39],[-150,13],[-201,-60],[-7,-25],[196,-184],[-3,-599],[-86,-98],[-83,-11],[-69,-70],[-189,-64],[-9,-108],[-87,-97],[-158,7],[-41,47],[-48,145],[-127,52],[-35,83],[-13,170],[-20,29],[-109,-148],[-106,-42],[-58,-66],[-59,25],[-95,121],[-46,-13],[-26,-46],[-8,-106],[36,-164],[-3,-190],[14,-53],[65,-68],[147,61],[37,-28],[38,-88],[-21,-229],[-64,-104],[-81,-71],[-173,-16],[-114,97],[-118,150],[-101,39],[-103,-21],[-104,89],[-44,-44],[-26,-98],[-45,-21],[-71,125],[-2,120],[-126,-4],[-58,189],[-46,-106],[-35,-24],[-103,96],[18,-2106],[1295,-3],[9,-51],[66,-33],[23,-82],[-33,-219],[107,-52],[28,46],[420,10],[68,-61],[-1,-721],[-12,0],[0,-106],[-31,-92],[30,-91],[11,-3385],[509,-9]],[[41574,58506],[1,-1853],[1077,-4],[279,-446],[204,178],[-6,2483],[77,56],[-26,102],[-23,-21],[10,-49],[-13,-11],[-12,68],[-21,17],[-25,-77],[33,-31],[-35,-27],[-51,79],[-3,70],[-74,-14],[-30,-47],[-27,41],[-65,4],[-47,-103],[-28,57],[-78,53],[69,-144],[-33,-18],[-78,61],[16,-52],[-8,-63],[56,15],[13,-24],[-39,-82],[-15,-99],[-33,-9],[-39,69],[-60,6],[-4,60],[47,32],[-21,36],[-21,-16],[-52,-166],[-43,27],[-31,-20],[31,-52],[-13,-52],[-109,-42],[-40,85],[2,88],[-27,27],[4,67],[-35,3],[-48,-72],[-80,16],[-39,-71],[-62,17],[-33,100],[-15,143],[-31,27],[-104,-84],[43,-68],[-16,-31],[-83,-11],[-9,102],[-38,-42],[-40,18],[-11,51],[25,91],[-6,107],[69,34],[-22,84],[30,76],[-10,26],[-59,-25],[-9,91],[-43,-8],[-35,-94],[-54,-34],[-92,109],[-15,-131],[-51,55],[-43,-83],[-53,0],[6,101],[-27,122],[41,56],[3,110],[58,43],[10,64],[-50,67],[12,95],[-115,-20],[-1,-131],[-49,25],[-47,-70],[-23,58],[-24,-59],[8,-67],[-27,-29],[0,-310],[104,-37],[1,-674],[400,1]],[[42931,56203],[0,-2898],[858,2],[1,502],[251,1],[0,333],[548,0],[-2,-558],[565,-2],[0,229],[795,1],[7,580],[510,-13],[0,142],[79,0],[0,-142],[122,0],[0,284],[201,0],[0,425],[-100,0],[-1,142],[-100,0],[0,284],[-404,-1],[-1,2009],[-44,-54],[-39,123],[-33,-58],[-42,65],[-36,0],[-23,174],[-39,9],[-30,-43],[-51,32],[-17,72],[-56,-21],[-33,65],[-32,-5],[30,38],[-8,39],[-27,-10],[-24,-68],[-41,-15],[-12,-55],[-23,5],[-28,66],[0,-56],[-78,-22],[-31,-67],[-47,34],[7,-62],[-16,-10],[-15,18],[-2,120],[-37,-3],[-10,41],[-19,-43],[-94,56],[-13,26],[21,56],[-22,19],[-27,-26],[-10,51],[-9,-72],[-17,-2],[-12,27],[16,60],[-47,-28],[17,76],[-49,-16],[4,-47],[-31,-10],[12,68],[-28,77],[-20,-31],[5,-90],[-68,2],[25,-97],[-24,4],[-25,73],[-24,7],[-15,-60],[27,-60],[-29,-6],[-49,119],[39,57],[-40,34],[2,61],[-16,-9],[-10,-71],[-22,28],[10,77],[55,1],[-35,95],[26,40],[-88,49],[-2,-57],[-27,0],[7,95],[-32,10],[49,63],[5,41],[-44,-3],[-36,82],[-38,10],[18,86],[-29,35],[35,60],[-67,-5],[-34,-66],[7,-38],[-38,-31],[12,-65],[-56,31],[22,-66],[-52,39],[-50,-10],[30,122],[-65,-22],[-30,67],[-31,12],[35,52],[-42,24],[45,36],[-59,21],[-17,48],[-41,-27],[-41,-104],[-109,77],[-41,-74],[-35,85],[-53,-2],[14,87],[-62,-14],[39,99],[-70,28],[13,124],[-57,-41],[-15,49],[-28,13],[28,58],[-50,4],[0,34],[-30,-1],[-23,56],[-44,-19],[-20,130],[-22,-27],[-8,-88],[-20,25],[-2,58],[-28,0],[-4,-81],[16,-38],[-15,-58],[-26,15],[-13,54],[-23,-16],[6,-56],[41,-42],[-12,-41],[-106,4],[-25,70],[-73,-100],[-14,13],[1,71],[-52,30],[-11,-11],[8,-65],[-21,-5],[-34,92],[-36,0],[0,64],[-11,-99],[-84,-8],[21,-54],[-53,-8],[25,-34],[-28,-82],[73,21],[21,-12],[3,-46],[-7,-36],[-37,9],[26,-102],[-77,-56],[6,-2483],[-204,-178]],[[37136,60278],[-6,-98],[80,-22],[-11,-54],[30,-61],[-94,-65],[0,-39],[-26,-12],[-34,-105],[28,-15],[16,-58],[-18,-54],[2,-80],[74,-67],[7,-197],[51,-120],[4,-180],[-43,18],[-64,-98],[-24,-93],[18,-73],[-38,-30],[10,-58],[-36,-59],[-5,-75],[-75,51],[-5,-58],[-35,11],[-30,-76],[13,-42],[-25,-50],[11,-46],[-24,-39],[-15,-105],[13,-97],[-40,-68],[37,-22],[-16,-96],[16,-92],[34,-9],[-6,-59],[-88,-140],[14,-148],[-63,-126],[23,-123],[-12,-57],[-61,-89],[-22,-155],[18,-27],[-17,-36],[4,-125],[-33,-42],[-10,-54],[69,-88],[-24,-48],[30,-69],[-42,-43],[17,-26],[-4,-94],[46,-67],[-17,-24],[19,-94],[-17,-30],[88,-147],[1,-1257],[556,0],[0,-833],[-22,0],[2,-278],[313,1],[3,-120],[27,-8],[-22,-50],[29,4],[10,-48],[65,20],[11,-235],[337,6],[177,216],[161,-289],[-1,89],[2216,0],[-1,2081],[163,0],[0,538],[654,2],[271,802],[8,78],[-211,0],[-1,1853],[-400,-1],[-1,674],[-104,37],[0,310],[-38,21],[-22,94],[-15,-2],[-15,-88],[-33,31],[14,129],[-21,77],[11,189],[-70,44],[-7,-103],[-37,-1],[-60,173],[-136,-84],[21,-176],[-19,-24],[-64,53],[-16,-21],[16,-52],[60,-3],[34,-46],[-80,-103],[11,-104],[-58,-5],[-70,100],[60,95],[-48,3],[-34,53],[58,243],[43,81],[-6,40],[-44,39],[65,72],[-39,65],[1,79],[-104,-92],[4,-31],[41,-29],[-39,-60],[-40,11],[-44,89],[-78,-116],[-19,11],[-17,87],[-61,-13],[2,116],[-24,59],[50,19],[7,35],[-79,118],[-68,-69],[-23,10],[-7,135],[-45,-22],[-25,24],[12,120],[-21,58],[-24,-3],[-2,-99],[-37,-20],[-45,215],[-65,-41],[-12,20],[9,66],[-86,-12],[-111,132],[-111,-30],[-44,30],[-37,111],[50,55],[-1,138],[54,128],[-42,56],[-44,-101],[-35,10],[-11,35],[12,49],[50,53],[-3,25],[-34,1],[-58,-109],[-71,16],[-13,50],[34,68],[12,99],[-23,18],[-17,-137],[-34,-74],[-34,12],[-23,61],[-24,-9],[-23,33],[14,132],[-58,-55],[-24,27],[26,71],[-19,25],[6,36],[61,11],[-4,32],[-50,1],[-36,-74],[-23,36],[35,78],[-16,41],[-33,-8],[-17,-42],[-35,40],[-56,-2],[9,51],[52,49],[-22,23],[-71,-20],[0,49],[41,50],[-11,36],[-52,-16],[-14,-100],[-23,15],[-10,59],[-48,-27],[-70,31],[-15,85],[-36,-35],[-36,35],[2,125],[-41,-4],[-31,92],[-70,27],[3,101],[-43,36],[6,108],[-34,-4],[5,-89],[-43,7],[-14,35],[14,57],[45,59],[44,6],[-7,42],[-60,0],[-48,-91],[-62,5],[-19,48],[14,63],[-49,75],[-259,210],[-212,-42],[-127,-97],[-5,-46],[-69,-12],[6,-152],[-24,-85],[57,-5],[22,-78],[27,44],[37,-13],[-1,-60],[-29,-72],[14,-66],[-34,-19],[-6,-73],[-42,-74],[-82,56],[-86,-45],[52,-128],[-326,1],[-54,107],[-169,97],[-217,-110],[-44,-55],[-36,-280],[8,-46],[86,-213],[136,-192],[126,-279],[-41,-7],[15,-61],[-42,22],[0,-55],[-43,12],[-11,-82],[-38,-14],[32,-88],[-32,-19],[-8,-77],[34,-54],[7,-134],[73,-105],[50,-4],[27,-109],[121,-150],[26,9],[30,-112]],[[40690,55233],[1,-2081],[425,2],[-32,-82],[42,-36],[7,-105],[28,-21],[22,-121],[-51,26],[-43,-58],[3,-75],[-55,-40],[-25,-146],[28,17],[76,-62],[508,21],[-2,280],[1006,3],[0,545],[304,9],[1,2892],[-281,448],[-866,4],[-8,-78],[-271,-802],[-654,-2],[0,-538],[-163,0]],[[40245,49519],[-38,-66],[-55,27],[-43,-46],[16,-71],[-86,-97],[1,-54],[-49,-69],[-55,17],[-16,-68],[34,-31],[5,-42],[-47,-67],[4,-57],[-123,-104],[-58,-180],[23,-95],[-74,-53],[1,-77],[-19,-38],[-72,-71],[-62,-13],[-2,-64],[39,-52],[-4,-89],[29,-36],[-13,-137],[21,-119],[34,-48],[-26,-74],[-70,50],[-41,-75],[47,-170],[-22,-97],[-56,-88],[-9,-53],[21,-32],[-30,-183],[1654,1],[-11,-719],[144,27],[486,4],[66,54],[63,-7],[71,54],[104,-34],[52,115],[132,84],[55,-38],[-5,-42],[892,13],[889,54],[2,931],[606,-1],[336,597],[-4,-135],[42,-119],[246,-1],[-1,190],[-57,0],[67,416],[487,-479],[492,2],[0,1700],[203,2],[-1,525],[54,7],[-14,38],[6,381],[39,144],[-69,65],[-18,543],[-1306,1],[0,2213],[-565,2],[2,558],[-548,0],[0,-333],[-251,-1],[-1,-502],[-1161,-7],[0,-545],[-1006,-3],[2,-280],[-477,-8],[31,-91],[-41,-12],[-19,-58],[37,-89],[-12,-60],[-39,-5],[6,-32],[-23,-15],[-45,39],[-25,-91],[-29,8],[-38,-44],[17,-136],[-61,-33],[-25,55],[-49,-21],[-41,-38],[-56,-117],[-21,-1],[-23,55],[-67,-14],[-36,-53],[10,-64],[26,-5],[-10,-41],[36,-99],[-56,-49],[-28,35],[-76,-89],[-4,-36],[34,-6],[-21,-41],[26,-50],[16,1],[-1,38],[57,11],[24,-53],[-40,-86],[-72,-38],[-36,-113],[30,-76],[89,3],[61,-82],[-5,-50],[-23,-18],[-42,47],[-133,-67],[13,-55],[40,-12],[9,-46],[28,14],[9,-65],[-27,-102],[-93,-71],[29,-62],[-6,-47],[38,-25],[-21,-57],[-89,43],[-162,-66],[-1,-89],[98,-123],[27,-109],[-102,-182],[-43,19],[-21,-34],[68,-153],[1,-42]],[[51165,62955],[605,-1647],[744,-6],[1,-278],[397,0],[0,36],[713,3],[1,258],[-34,35],[4,165],[-16,11],[-41,-49],[-39,63],[-83,-11],[48,170],[-32,65],[-113,-52],[-24,-69],[-21,14],[-14,87],[-56,65],[-42,-63],[-84,-56],[-33,32],[8,67],[-135,-13],[-16,25],[9,41],[59,30],[-29,67],[-47,5],[-63,-58],[-32,50],[-59,26],[-4,49],[30,63],[78,-39],[19,17],[-71,208],[-71,-52],[-85,104],[-68,-92],[-32,0],[-17,52],[16,84],[-22,72],[23,25],[46,-39],[16,20],[-16,48],[-53,50],[-111,-68],[-9,-31],[16,-64],[-21,-30],[-42,15],[-41,71],[-50,5],[-4,53],[59,72],[3,50],[-110,-53],[-7,130],[-77,9],[-46,226],[-69,19],[-44,128],[-46,-32],[-37,10],[-33,95],[-56,24],[-24,154],[-25,4],[-40,-87],[-32,0],[-1,74],[82,99],[-57,45],[-65,-47],[-25,57],[47,66],[102,27],[3,41],[-35,67],[-119,-65],[-44,-87],[-100,42],[-1,-46],[42,-78],[-20,-23],[-44,41],[-82,17],[-33,-31],[-22,39],[-197,-23],[38,-135],[16,0],[-4,-363]],[[57612,60520],[-97,89],[-7,130],[-130,-116],[-32,9],[21,87],[-13,89],[97,25],[-66,123],[-39,-23],[-27,-104],[-39,-18],[-9,-82],[-57,5],[6,-65],[-13,-11],[-122,70],[-1,45],[52,58],[1,43],[-77,-21],[-52,-100],[-103,69],[-21,-23],[0,-48],[78,-80],[-12,-57],[-26,-17],[-49,44],[-146,13],[-21,163],[-24,-1],[20,-55],[-10,-43],[-55,-8],[-5,-492],[198,-1],[0,-563],[-1705,1],[-2,1441],[66,-63],[188,1],[-26,129],[7,154],[-58,-22],[-23,75],[17,43],[47,9],[3,54],[-76,158],[29,46],[80,2],[12,41],[-25,35],[-74,-6],[-78,-135],[-37,-25],[-12,-59],[-68,-24],[-39,52],[35,92],[-39,41],[-108,-4],[2,-82],[-14,-15],[-86,122],[-25,-118],[-39,87],[5,64],[90,61],[16,55],[-25,38],[-73,21],[-84,-19],[-43,-74],[-52,37],[-53,-46],[-46,47],[-65,-3],[-110,-98],[-73,12],[-16,-30],[15,-79],[-66,-60],[116,-47],[14,-43],[-61,-63],[-66,71],[-38,-17],[2,-42],[44,-75],[-42,-56],[-91,-6],[-10,116],[-95,32],[-34,-75],[50,-21],[-23,-67],[-37,-15],[-63,45],[-74,-38],[61,-76],[-19,-54],[-31,-16],[-58,52],[11,104],[-134,2],[-1,-258],[-713,-3],[0,-36],[-397,0],[0,-522],[-452,0],[-43,116],[-214,1],[-2,-1811],[226,0],[1,-830],[-227,1],[-1,-2749],[4431,1],[2,649],[64,200],[1048,-1],[-4,1319],[1027,-1],[9,26],[-39,1],[0,48],[146,0],[-10,-103],[29,2],[10,-45],[-6,62],[31,114],[62,-12],[-29,46],[51,54],[-42,130],[27,52],[-59,-24],[-10,-57],[-15,44],[-15,-37],[-31,28],[-34,-12],[-17,64],[33,8],[3,32],[15,-34],[31,37],[-5,42],[17,45],[-18,26],[28,26],[-30,11],[19,43],[-25,16],[52,44],[-10,52],[-21,-12],[-4,54],[9,16],[27,-51],[12,11],[-7,88],[-34,24],[17,59],[41,-40],[13,45],[-53,64],[28,48],[-61,92],[-64,-3],[-19,-59],[-107,79],[-157,36],[26,128],[-14,114],[36,25],[19,-33],[-8,-32],[65,8],[0,74],[-25,47],[37,20],[-17,29],[-35,-23],[-10,27],[-20,-19],[-14,35],[-36,-4],[21,45],[43,1],[-14,66],[36,22],[-30,25],[26,10],[32,-39],[14,23],[-18,101],[-19,-38],[-34,42],[58,50],[-26,36],[-56,3],[-40,39],[-76,-20],[-14,32],[61,83],[-10,87],[17,68],[-17,18],[24,18],[-36,70],[9,45],[-45,64],[15,230],[19,30],[-15,63],[-51,-6],[-15,-54],[-74,38],[-43,-72],[1,-37],[-27,-2],[-45,209],[35,225],[-41,97],[-9,79],[-119,-87],[-32,3],[-38,53],[-18,-73]],[[44598,60073],[56,-292],[-61,-177],[-61,-22],[-25,-47],[-96,-60],[-122,1],[-23,-59],[-29,-14],[-145,139],[19,55],[-5,57],[-42,17],[-15,40],[-212,77],[-55,-19],[-52,61],[-25,-53],[-40,24],[-99,-24],[-156,115],[-130,-29],[12,-123],[-9,-58],[-32,-13],[9,-49],[-20,-1],[-23,54],[33,49],[-47,16],[-27,-75],[29,-78],[-43,-8],[-34,53],[-26,-32],[38,-163],[-46,7],[-17,-42],[-33,3],[-5,-77],[26,-102],[-45,-42],[37,-26],[-6,-79],[-37,-12],[-42,39],[-63,-84],[27,-41],[30,47],[74,14],[7,-78],[36,-64],[34,-2],[12,35],[-33,18],[25,77],[40,-84],[-4,59],[60,12],[7,36],[-3,46],[-21,12],[-73,-21],[28,82],[-25,34],[53,8],[-21,54],[84,8],[11,99],[0,-64],[36,0],[34,-92],[21,5],[-8,65],[15,11],[52,-37],[1,-74],[81,97],[20,-66],[64,-25],[61,36],[-43,64],[-6,56],[23,16],[13,-54],[26,-15],[15,58],[-16,38],[4,81],[28,0],[2,-58],[20,-25],[8,88],[22,27],[20,-130],[44,19],[23,-56],[30,1],[0,-34],[50,-4],[-28,-58],[28,-13],[15,-49],[57,41],[-13,-124],[70,-28],[-39,-99],[62,14],[-14,-87],[53,2],[35,-85],[41,74],[109,-77],[41,104],[41,27],[17,-48],[59,-21],[-45,-36],[42,-24],[-35,-52],[31,-12],[30,-67],[65,22],[-30,-122],[50,10],[52,-39],[-22,66],[56,-31],[-12,65],[38,31],[-7,38],[34,66],[67,5],[-35,-60],[29,-35],[-18,-86],[38,-10],[36,-82],[44,3],[-5,-41],[-49,-63],[32,-10],[-7,-95],[27,0],[2,57],[88,-49],[-26,-40],[35,-95],[-55,-1],[-10,-77],[22,-28],[10,71],[16,9],[-2,-61],[40,-34],[-39,-57],[49,-119],[29,6],[-27,60],[15,60],[24,-7],[25,-73],[24,-4],[-25,97],[68,-2],[-5,90],[20,31],[28,-77],[-12,-68],[31,10],[-4,47],[49,16],[-17,-76],[47,28],[-16,-60],[12,-27],[17,2],[9,72],[10,-51],[27,26],[22,-19],[-21,-56],[13,-26],[94,-56],[19,43],[10,-41],[37,3],[2,-120],[15,-18],[16,10],[-7,62],[47,-34],[31,67],[78,22],[0,56],[28,-66],[23,-5],[12,55],[41,15],[24,68],[27,10],[8,-39],[-28,-42],[30,9],[41,-69],[48,25],[17,-72],[51,-32],[30,43],[31,2],[25,-65],[-14,-51],[17,-66],[39,-3],[42,-65],[33,58],[39,-123],[53,81],[-56,48],[51,32],[-23,77],[20,5],[7,-47],[36,-44],[11,17],[-16,34],[32,27],[-33,56],[38,40],[-98,86],[9,21],[39,-19],[-23,89],[25,32],[14,-44],[25,71],[26,-98],[26,64],[21,-1],[24,-61],[-18,-34],[13,-38],[14,39],[41,0],[66,58],[20,-17],[-4,-30],[79,-11],[-15,-59],[22,-12],[-6,-58],[78,38],[-38,-51],[8,-22],[31,31],[24,-12],[-33,-33],[4,-131],[45,-96],[19,25],[26,-23],[22,-65],[19,52],[-36,79],[102,-35],[33,17],[30,87],[-16,18],[-46,-37],[-29,21],[36,61],[-21,117],[89,-16],[16,22],[-15,30],[-51,-1],[20,89],[70,23],[-62,-84],[93,11],[14,-110],[41,-14],[16,30],[-35,27],[59,120],[30,-15],[-22,-39],[40,-80],[27,18],[22,80],[75,38],[27,-18],[0,-33],[-43,10],[-54,-40],[26,-47],[-16,-58],[10,-43],[16,-3],[51,111],[19,-9],[-33,-67],[17,-41],[44,120],[48,2],[1,-31],[-63,-31],[1,-28],[31,-8],[-2,-116],[29,-36],[-10,73],[39,41],[5,-138],[33,-28],[0,74],[23,13],[6,-63],[34,-38],[-4,-127],[41,62],[36,2],[-5,-38],[-36,-30],[17,-47],[-21,-34],[35,-34],[38,19],[-13,-61],[32,-19],[4,-48],[4120,3],[0,820],[227,-1],[-1,830],[-226,0],[2,1811],[214,-1],[43,-116],[452,0],[-1,800],[-744,6],[-605,1647],[4,363],[-16,0],[-38,135],[197,23],[22,-39],[33,31],[81,-36],[-48,119],[31,130],[-103,-22],[-22,26],[15,68],[47,39],[14,117],[-134,27],[-76,202],[-41,12],[-27,64],[-50,-7],[-4,50],[38,56],[-3,43],[-29,12],[-33,-47],[-35,-1],[-9,45],[29,64],[-31,74],[71,64],[-14,49],[-83,-32],[-89,35],[-48,-170],[-54,11],[-7,96],[55,140],[-73,13],[-16,46],[21,74],[-99,-98],[15,-86],[-50,-45],[-2,-38],[21,-23],[-41,-32],[-93,54],[-18,76],[-54,-3],[-47,51],[-25,-17],[-53,26],[-14,-97],[-25,-21],[-48,49],[-61,-18],[-47,51],[-38,-30],[-27,61],[-6,-40],[-41,-45],[14,-87],[-56,-72],[4,-62],[-21,-34],[-64,17],[-37,88],[-31,0],[-30,-102],[2,-72],[-70,-101],[-31,18],[-29,97],[-80,-92],[-25,30],[-16,77],[-62,14],[-25,-55],[-45,-6],[31,-56],[48,-25],[-3,-33],[-55,-9],[-47,44],[-17,-22],[15,-66],[-13,-66],[23,-58],[-15,-42],[-64,-44],[-196,14],[-80,-94],[-29,-73],[-88,9],[-97,-55],[-21,-82],[-40,-32],[-31,25],[-26,103],[-95,-37],[-91,144],[-64,25],[-34,57],[-69,-83],[-67,-14],[-35,-92],[-82,38],[-56,-40],[-43,50],[-1,80],[-95,-51],[-11,33],[22,79],[-71,-52],[-16,81],[-50,77],[-24,-14],[-38,-126],[-56,49],[-41,-14],[-3,50],[68,112],[-51,54],[12,77],[-86,8],[-73,91],[-65,-65],[-40,24],[-18,53],[-68,-70],[-46,22],[-22,-69],[-33,-18],[48,-56],[-18,-55],[-76,20],[14,73],[-22,27],[-32,7],[-55,-41],[-106,62],[-49,-55],[-39,65],[-80,-19],[-3,-107],[-15,-24],[-103,64],[-40,-74],[-161,-10],[-6,37],[49,59],[15,141],[-44,11],[-78,-64],[-92,96],[-9,-88],[-23,-22],[-26,43],[-3,90],[-39,-15],[-21,25],[-7,116],[-20,-16],[14,-130],[-20,-27],[-34,49],[-3,125],[-78,-101],[-16,29],[19,63],[-15,14],[-114,-155],[-50,54],[-77,-194],[-18,4],[-19,86],[46,50],[-17,50],[-47,4],[-38,-44],[-74,12],[6,-61],[-17,-24],[-14,19],[3,69],[-15,10],[-19,-113],[-48,-54],[-84,-37],[-74,41],[6,-49],[-35,-21],[-20,32],[25,59],[-22,8],[-98,-154],[-22,65],[-20,-72],[5,-75],[-83,-71],[-60,47],[-21,-123],[-38,-58],[-68,-22],[-69,27],[-71,134],[-8,-107],[-84,49],[12,-69],[-23,-10],[-17,31],[19,-80],[-72,28],[-33,-47],[-31,30],[-41,-46],[-52,-5],[1,-46],[-29,-39],[16,-47],[-9,-63],[39,-57],[-30,-89],[58,-100],[-25,-86],[-88,-146],[28,-101],[-3,-79],[-23,-8],[-34,-114],[-36,0],[-65,-99],[2,-88],[-45,-202],[29,-67],[-12,-132],[54,-87],[-15,-116],[39,-103],[0,-60],[-27,-31],[-112,-15],[-38,-67],[-54,11],[-62,-44],[-57,-120],[-25,-275],[67,-32],[72,-173],[106,-92],[16,-71],[-19,-81],[96,-80],[5,-48],[34,-19],[45,34],[7,-171],[47,-58],[-12,-146],[26,-89],[45,-58],[113,-62]],[[55896,60836],[-153,-87],[-103,76],[-24,-33],[-11,-79],[-25,-12],[-30,49],[46,93],[-24,53],[-39,-3],[-62,-69],[-43,47],[1,54],[70,127],[-5,26],[-55,10],[-35,56],[-44,21],[19,-131],[-188,-1],[-66,63],[2,-1441],[1705,-1],[0,563],[-198,1],[5,492],[-74,-2],[-34,46],[-12,249],[-35,75],[-24,8],[1,-115],[-34,-27],[-54,67],[-49,-40],[-62,129],[-31,5],[-115,-111],[-47,-123],[-33,0],[-71,69],[-69,-104]],[[48475,53561],[-81,0],[0,-114],[-62,1],[-1,-113],[-26,0],[-1,-69],[-28,-8],[0,-187],[115,0],[0,-117],[-1,-166],[-114,0],[0,-240],[203,0],[-28,-150],[109,1],[12,117],[37,51],[0,45],[272,-12],[0,110],[19,0],[17,122],[43,31],[0,98],[-39,12],[-6,37],[72,0],[0,22],[-14,52],[-35,25],[-80,2],[19,99],[-22,30],[-26,-12],[18,81],[-36,-5],[-6,44],[62,102],[177,98],[-81,100],[-12,243],[-43,26],[-10,55],[17,32],[-43,11],[-100,116],[-32,8],[-28,78],[18,79],[-18,0],[-20,-73],[-37,-39],[-94,-66],[-21,89],[-51,0],[-1,-106],[-72,-1],[3,-184],[57,-1],[-1,-354]],[[48730,54296],[-18,-79],[28,-78],[32,-8],[100,-116],[43,-11],[-17,-32],[10,-55],[43,-26],[12,-243],[81,-100],[124,122],[24,-59],[12,43],[184,-31],[199,-87],[0,178],[228,0],[0,249],[23,20],[-22,19],[-7,436],[-22,3],[0,133],[-33,-1],[3,169],[-348,1],[-1,484],[-381,0],[-22,64],[-161,-102],[-34,91],[-44,20],[-25,-52],[-16,-122],[24,-33],[12,-149],[42,27],[15,-19],[-42,-38],[25,-101],[-45,-78],[18,-55],[-30,-77],[19,-16],[-38,-153],[10,-33],[-23,-105],[18,0]],[[51804,57159],[-4120,-3],[93,-43],[-2,-35],[-44,2],[-21,-28],[62,-106],[-27,-131],[64,10],[36,-30],[-9,-29],[-40,23],[-14,-25],[19,-102],[56,-19],[-28,-87],[2,-65],[64,-100],[-18,-25],[-74,19],[-9,-82],[45,-16],[14,-55],[24,-16],[78,55],[20,60],[105,4],[6,-98],[29,46],[27,-32],[55,11],[-4,-100],[24,-52],[1,95],[58,-77],[9,85],[105,-34],[8,-29],[-26,-19],[-15,-61],[56,-4],[-30,-42],[-7,-54],[45,42],[-12,-47],[14,-62],[38,-22],[11,10],[-20,24],[20,80],[32,-1],[-17,-61],[52,-5],[-39,-42],[23,-52],[44,13],[-24,-36],[8,-45],[59,-24],[4,-45],[-24,-59],[59,-68],[33,-144],[25,-5],[0,75],[34,19],[58,-77],[54,17],[-28,-94],[36,-66],[-24,18],[-27,-33],[34,-91],[161,102],[22,-64],[381,0],[1,-484],[348,1],[-3,-171],[33,1],[0,-133],[22,-3],[7,-436],[22,-39],[485,0],[0,-326],[52,-27],[0,-103],[155,1],[-1,-208],[166,1],[0,-183],[-25,5],[-32,-277],[-32,29],[-31,-28],[-19,57],[-50,-44],[-29,32],[-12,-28],[-56,13],[-9,-55],[-73,12],[-50,-79],[-67,26],[-124,-77],[-29,-43],[11,-27],[-60,16],[-12,-26],[-30,21],[-44,-29],[-1,-1248],[-1032,6],[-14,-98],[-57,-28],[-4,-60],[-62,5],[-28,-33],[-78,26],[-68,69],[-43,-23],[-41,58],[-28,-50],[-14,35],[-110,-45],[-54,69],[-43,-153],[27,-7],[16,29],[30,-75],[49,-23],[-23,-28],[24,-54],[4,41],[78,-8],[-5,-148],[52,-28],[-6,-214],[-38,-35],[-17,-83],[-46,-29],[-27,-121],[64,-28],[-24,-56],[95,-65],[-103,-104],[-71,-24],[-3,-128],[-45,-21],[-5,-38],[-33,-15],[-136,-210],[26,-59],[-11,-43],[34,-69],[31,-1],[12,42],[27,9],[66,-66],[-20,-53],[-25,-6],[-3,-97],[-58,38],[-44,-103],[3,-77],[39,26],[-2,-56],[158,21],[384,1087],[2495,3],[0,27],[22,4],[109,-108],[19,-65],[441,0],[-2,1241],[1113,0],[-6,1089],[-79,158],[2,190],[119,-29],[50,-99],[-21,-54],[41,-19],[61,25],[133,-38],[13,114],[-94,50],[34,285],[-99,22],[19,176],[-197,45],[41,350],[-97,23],[83,697],[368,-86],[23,207],[75,-12],[25,209],[47,-10],[0,568],[-1654,0],[1,1929]],[[46464,54380],[-510,13],[-7,-580],[-795,-1],[0,-2442],[1306,-1],[18,-543],[69,-65],[-39,-144],[-6,-381],[14,-38],[-54,-7],[1,-525],[-203,-2],[0,-1702],[409,3],[1,-285],[101,2],[-63,-142],[70,-63],[58,52],[-26,116],[49,107],[307,12],[92,-29],[17,25],[-33,124],[36,79],[-28,46],[10,57],[-64,7],[-42,122],[-94,38],[31,37],[58,-14],[-76,105],[52,53],[30,79],[46,-15],[13,40],[122,-2],[0,92],[819,1],[-20,68],[-28,-23],[-5,103],[99,29],[-9,30],[33,38],[9,80],[-33,53],[22,79],[-28,21],[59,60],[-72,1],[-1,67],[-39,-26],[-3,77],[51,110],[27,-49],[25,6],[2,95],[25,6],[20,51],[-66,68],[-27,-9],[-12,-42],[-31,1],[-34,69],[4,79],[-20,19],[137,214],[33,15],[5,38],[45,21],[3,128],[71,24],[103,104],[-95,65],[24,56],[-64,15],[22,124],[51,39],[17,83],[38,35],[6,214],[-52,28],[7,145],[-80,11],[-4,-41],[-24,54],[23,28],[-49,23],[-30,75],[-23,-31],[-21,25],[53,142],[45,-74],[110,45],[14,-35],[24,51],[45,-59],[43,23],[92,-79],[129,-1],[22,27],[2,53],[52,21],[14,112],[45,42],[-11,35],[-43,4],[40,85],[-57,145],[34,52],[-27,42],[-7,91],[122,195],[13,142],[-26,27],[-42,-35],[-25,106],[-50,32],[-37,-25],[-10,-52],[-35,0],[-91,203],[5,122],[-20,13],[-58,0],[0,-45],[-37,-51],[-12,-117],[-109,-1],[28,150],[-203,0],[0,240],[114,0],[1,166],[0,117],[-115,0],[0,187],[28,8],[1,69],[26,0],[1,113],[62,-1],[0,114],[81,0],[1,354],[-57,1],[-3,184],[72,1],[1,106],[51,0],[21,-89],[131,105],[71,362],[-20,17],[31,77],[-18,57],[45,76],[-25,103],[42,37],[-15,19],[-42,-27],[-11,147],[-25,39],[20,61],[-4,57],[25,52],[95,-5],[-36,66],[28,94],[-54,-17],[-58,77],[-34,-19],[0,-75],[-25,5],[-33,144],[-59,68],[24,59],[-4,45],[-59,24],[-8,45],[24,36],[-44,-13],[-23,52],[39,42],[-52,5],[17,61],[-32,1],[-20,-80],[20,-24],[-11,-10],[-38,22],[-14,62],[12,47],[-45,-42],[7,54],[30,42],[-56,4],[15,61],[26,19],[-8,29],[-105,34],[-9,-85],[-58,77],[-1,-95],[-24,52],[4,100],[-55,-11],[-27,32],[-29,-46],[-6,98],[-105,-4],[-20,-60],[-78,-55],[-24,16],[-14,55],[-45,16],[9,82],[74,-19],[18,25],[-64,100],[-2,65],[28,87],[-56,19],[-19,102],[14,25],[40,-23],[9,29],[-36,30],[-47,-22],[-18,19],[29,117],[-63,113],[21,28],[44,-2],[2,35],[-88,35],[-9,56],[-32,19],[9,66],[-26,-24],[-39,25],[17,43],[-17,47],[44,58],[-39,8],[-41,-62],[4,127],[-34,38],[-6,63],[-26,-29],[9,-55],[-31,13],[-20,154],[-32,-45],[10,-73],[-20,15],[-13,46],[6,91],[-34,22],[20,37],[45,8],[-1,31],[-48,-2],[-44,-120],[-17,41],[33,67],[-19,9],[-51,-111],[-16,3],[-10,43],[16,58],[-26,47],[54,40],[43,-10],[-11,45],[-91,-32],[-22,-80],[-27,-18],[-40,80],[22,39],[-30,15],[-59,-120],[35,-27],[-16,-30],[-41,14],[-14,110],[-93,-11],[62,84],[-70,-23],[-20,-89],[51,1],[15,-30],[-16,-22],[-89,16],[21,-117],[-36,-61],[29,-21],[46,37],[16,-18],[-30,-87],[-33,-17],[-102,35],[36,-79],[-19,-52],[-22,65],[-26,23],[-19,-25],[-45,96],[-4,131],[33,33],[-24,12],[-31,-31],[-8,22],[38,51],[-78,-38],[6,58],[-22,12],[15,59],[-79,11],[4,30],[-20,17],[-66,-58],[-41,0],[-14,-39],[-13,38],[18,34],[-24,61],[-21,1],[-26,-64],[-26,98],[-25,-71],[-14,44],[-25,-32],[23,-89],[-39,19],[-9,-21],[98,-86],[-37,-33],[32,-49],[-32,-41],[16,-44],[-42,27],[-22,60],[-10,-38],[23,-47],[-51,-32],[56,-48],[-12,-112],[4,-1924],[404,1],[0,-284],[100,0],[1,-142],[100,0],[0,-425],[-201,0],[0,-284],[-122,0],[0,142],[-79,0],[0,-142]],[[48959,52860],[-42,-28],[-17,-122],[-19,0],[0,-110],[-195,-19],[-4,-104],[91,-203],[35,0],[10,52],[37,25],[50,-32],[25,-106],[42,35],[26,-27],[-13,-142],[-122,-195],[7,-91],[27,-42],[-34,-52],[57,-145],[-40,-85],[55,-22],[-46,-73],[1032,-6],[-9,1273],[-47,17],[-29,-28],[-59,63],[-27,-22],[-43,35],[-31,-22],[-49,96],[-19,0],[1,30],[-44,-32],[-24,21],[-5,50],[-33,5],[2,34],[-26,-21],[-9,40],[-30,-32],[-33,53],[-31,-18],[12,38],[-48,25],[1,32],[-42,48],[7,20],[-34,61],[-101,52],[-27,44],[-31,-9],[-9,45],[-24,-35],[-30,54],[8,20],[-30,2],[11,29],[-192,-27],[-18,-81],[26,12],[22,-30],[-19,-99],[115,-27],[14,-74],[-72,0],[6,-37],[39,-12],[-1,-101]],[[49039,53336],[-11,-29],[30,-2],[-8,-20],[30,-54],[24,35],[9,-45],[31,9],[27,-44],[101,-52],[34,-61],[-7,-20],[42,-48],[-1,-32],[48,-25],[-12,-38],[31,18],[33,-53],[30,32],[9,-40],[26,21],[-2,-34],[33,-5],[5,-50],[24,-21],[44,32],[-1,-30],[19,0],[49,-95],[31,21],[42,-35],[28,22],[55,-62],[61,24],[32,-40],[41,30],[30,-21],[12,26],[60,-16],[-11,27],[29,43],[124,77],[67,-26],[50,79],[73,-12],[9,55],[56,-13],[12,28],[29,-32],[50,44],[19,-57],[31,28],[32,-29],[32,277],[25,-5],[0,183],[-166,-1],[1,208],[-155,-1],[0,103],[-52,27],[0,326],[-508,0],[0,-249],[-228,0],[0,-178],[-199,87],[-184,31],[-12,-43],[-24,59],[-193,-173],[-108,-47],[-62,-102],[6,-44],[228,32]],[[126,34777],[-12,-6939],[16,-9],[-17,-245],[-69,-6281],[277,-73],[418,-228],[648,-490],[152,-165],[54,-12],[496,-400],[330,-326],[50,-23],[481,-497],[380,-461],[369,-504],[691,-1045],[244,-502],[139,-367],[62,-363],[-84,-161],[-73,-48],[-132,-150],[-1,-45],[-36,-20],[-31,-93],[10,-42],[-20,-49],[-6,-135],[93,-161],[23,-28],[162,-9],[64,-46],[70,-103],[133,-25],[7,97],[-34,67],[-16,151],[-50,127],[25,83],[130,110],[173,60],[144,12],[151,-47],[424,-316],[222,-223],[103,-286],[-32,-85],[-49,-38],[1,-68],[46,-52],[-6,-72],[14,-37],[51,-69],[56,-20],[37,-65],[29,0],[11,-37],[49,42],[35,-26],[14,83],[48,30],[-2,53],[20,19],[-22,108],[27,220],[85,38],[71,260],[76,43],[50,-5],[20,192],[-9,86],[19,29],[-178,94],[11,119],[-93,17],[7,67],[-39,7],[10,109],[-103,53],[-7,-63],[-70,14],[7,68],[-32,23],[-9,52],[-46,17],[4,46],[-33,7],[10,99],[-41,7],[25,190],[98,-18],[12,120],[-92,82],[45,380],[136,-24],[-93,191],[118,-19],[18,203],[330,-57],[-1,-89],[-55,-252],[16,-132],[95,18],[-17,-44],[161,-66],[-4,-46],[96,136],[282,223],[145,166],[58,34],[89,135],[60,18],[116,131],[280,190],[-12,-25],[414,119],[262,-2],[437,-107],[728,-107],[0,1035],[-207,-8],[-1,710],[1,996],[55,1],[1,186],[149,0],[-199,515],[-2,119],[-50,14],[-8,41],[143,50],[96,488],[38,449],[-161,17],[-41,56],[8,73],[-89,106],[-133,1],[13,60],[-9,495],[104,-15],[39,463],[232,-39],[12,127],[-44,7],[23,268],[47,-18],[39,50],[-44,67],[-49,165],[31,17],[-1,285],[-230,0],[1,143],[-50,-1],[0,118],[-15,17],[-39,-43],[-66,21],[-79,-43],[-9,52],[-61,9],[-10,74],[-135,22],[6,71],[-79,14],[-22,-238],[-41,7],[1,-53],[27,-61],[-125,23],[-11,-106],[-43,-12],[-80,54],[-23,-102],[-147,27],[12,133],[-285,41],[-7,59],[-906,2],[0,192],[61,74],[72,24],[136,152],[-130,126],[-138,1],[-1,285],[220,20],[186,-19],[0,107],[206,-1],[0,174],[103,0],[-1,285],[138,0],[64,384],[-18,258],[-71,409],[4,80],[129,-9],[-5,-48],[241,-30],[-9,-83],[136,-26],[-1,395],[202,2],[112,267],[-139,338],[31,39],[-62,11],[-12,28],[-95,-87],[-47,-5],[-40,63],[-73,-3],[-7,-35],[-14,75],[14,12],[-47,40],[-86,-50],[-48,80],[-38,-13],[-45,159],[-38,-48],[-8,44],[-51,23],[2,-43],[-15,4],[-20,-81],[-70,54],[3,31],[-22,30],[-31,-41],[-1,41],[-20,8],[17,40],[-36,105],[-62,-25],[-41,58],[10,41],[-94,-58],[-18,39],[17,41],[-36,62],[7,44],[28,18],[-20,30],[9,35],[-36,56],[-33,-28],[-24,17],[56,97],[-33,5],[-17,61],[-66,54],[-63,-33],[-10,-41],[-38,22],[-3,116],[-28,117],[-30,38],[-2,-30],[-49,-21],[-11,30],[15,41],[-62,17],[31,71],[-48,35],[3,80],[-26,-37],[-23,29],[-31,-20],[-7,34],[59,20],[-9,39],[-33,3],[20,30],[-49,58],[-46,-34],[-27,29],[-16,-40],[-26,12],[7,-37],[-61,-10],[-44,92],[6,33],[21,-11],[13,27],[-20,28],[-6,-26],[-35,32],[-34,-20],[-28,-59],[-24,25],[-9,62],[-21,-10],[8,-106],[-18,-27],[-16,69],[-51,4],[-24,39],[6,-37],[-25,-33],[19,-27],[-8,-26],[-31,11],[7,39],[-14,22],[-27,-6],[-1,-43],[-52,32],[-22,-26],[-40,70],[17,30],[-11,57],[44,75],[-14,44],[-50,11],[2,29],[-18,11],[54,77],[-53,-18],[20,31],[-12,15],[13,46],[-52,-41],[4,31],[-52,52],[24,54],[-31,8],[0,41],[-43,-8],[5,52],[-50,-20],[-6,-29],[-21,13],[-8,-39],[-19,4],[-37,-65],[-14,10],[14,17],[-74,43],[-28,-33],[-39,51],[-40,-14],[11,64],[-36,-8],[10,36],[-41,74],[-57,-14],[-51,68],[-55,-36],[-7,-64],[-19,12],[1,37],[-35,4],[-62,-61],[13,133],[-66,12],[15,157],[17,0],[27,365],[51,-10],[-41,92],[69,100],[-86,107],[-148,-11],[-53,-59],[-138,-67],[-67,104],[-17,117],[38,56],[102,-20],[19,191],[-33,6],[23,87],[239,318],[45,119],[180,-37],[60,156],[-50,146],[59,20],[162,-29],[27,278],[39,-8],[52,517],[152,-28],[68,694],[-53,12],[-24,-36],[-67,-13],[5,57],[-87,16],[-5,-51],[-5,53],[-70,23],[6,31],[-23,28],[-26,-81],[-68,74],[-31,-316],[-125,22],[-288,-237],[-12,-126],[-146,28],[54,525],[-419,83],[12,70],[-13,96],[32,310],[49,113],[14,131],[-193,38],[15,150],[-2498,488],[-14,-50],[-19,8],[-13,-31],[22,-12],[-18,-44],[29,-26],[-15,-41],[21,-29],[5,-81],[131,-55],[59,30],[46,-18],[18,-56],[53,9],[24,-95],[37,-38],[84,-16],[51,-107],[88,-54],[-21,-135],[76,-16],[16,-27],[-48,-52],[-52,-112],[27,-76],[-32,-68],[40,-34],[-47,-36],[13,-51],[-24,-8],[-9,-95],[-15,-13],[-11,38],[2,-37],[-28,-8],[-47,40],[-11,-107],[58,-32],[-1,-36],[-1061,197],[-787,-579],[-22,82],[-542,845],[-251,202],[-224,266],[-126,67],[-211,307]],[[10888,27990],[-45,-293],[41,19],[25,-73],[108,-68],[33,-49],[1,-35],[33,-22],[-22,-248],[76,-11],[-23,-282],[59,-9],[-9,-105],[-415,-279],[0,-420],[620,2],[3,-286],[-55,0],[2,-198],[186,21],[0,83],[279,1],[1,94],[428,2],[33,-142],[-63,-1],[-1,-139],[226,41],[203,141],[-23,127],[-24,28],[0,60],[-62,39],[19,37],[-2,79],[-202,78],[161,1471],[-9,38],[-90,-50],[4,59],[-75,13],[18,181],[-89,16],[28,274],[88,-17],[16,160],[200,-40],[35,359],[-739,144],[1,180],[-223,44],[-17,-177],[-529,101],[-100,-996],[-110,48]],[[6436,15709],[34,-28],[-7,-68],[70,-14],[7,63],[103,-53],[-10,-109],[39,-7],[-7,-67],[93,-17],[-11,-119],[178,-94],[-19,-29],[9,-86],[-17,-194],[107,-10],[153,-94],[86,12],[26,-140],[92,-119],[24,25],[5,91],[-28,97],[26,38],[142,26],[105,-21],[-97,194],[13,93],[-94,57],[-12,68],[-89,190],[20,3],[-64,148],[39,188],[-28,-69],[17,122],[-174,-11],[23,96],[-13,33],[11,55],[-117,225],[48,231],[-161,66],[17,44],[-95,-18],[-16,132],[55,252],[1,89],[-330,57],[-18,-203],[-118,19],[93,-191],[-136,24],[-45,-380],[92,-82],[-12,-120],[-98,18],[-25,-190],[41,-7],[-10,-99],[33,-7],[-4,-46],[46,-17],[7,-47]],[[6773,32779],[-152,28],[-52,-517],[-39,8],[-27,-278],[-162,29],[-59,-20],[50,-146],[-60,-156],[-180,37],[-45,-119],[-239,-318],[-23,-87],[33,-6],[-19,-191],[-102,20],[-38,-56],[17,-117],[67,-104],[138,67],[53,59],[141,12],[93,-108],[-69,-100],[41,-92],[-51,10],[-27,-365],[-17,0],[-15,-157],[66,-12],[-13,-133],[62,61],[35,-4],[-1,-37],[19,-12],[7,64],[55,36],[51,-68],[57,14],[41,-74],[-10,-36],[36,8],[-11,-64],[40,14],[39,-51],[28,33],[74,-43],[-14,-17],[14,-10],[37,65],[19,-4],[8,39],[21,-13],[6,29],[50,20],[-5,-52],[43,8],[0,-41],[31,-8],[-24,-54],[52,-52],[-4,-31],[52,41],[-13,-46],[12,-15],[-20,-31],[53,18],[-54,-77],[18,-11],[-2,-29],[50,-11],[14,-44],[-44,-75],[11,-57],[-17,-30],[41,-70],[21,26],[52,-32],[1,43],[27,6],[14,-22],[-7,-39],[31,-11],[8,26],[-19,27],[25,33],[-6,37],[24,-39],[51,-4],[16,-69],[18,27],[-8,106],[21,10],[9,-62],[24,-25],[28,59],[34,20],[35,-32],[6,26],[20,-28],[-13,-27],[-21,11],[-6,-33],[44,-92],[61,10],[-7,37],[26,-12],[16,40],[27,-29],[46,34],[49,-58],[-20,-30],[33,-3],[9,-39],[-59,-20],[7,-34],[31,20],[23,-29],[26,37],[-3,-80],[48,-35],[-31,-71],[62,-17],[-15,-41],[11,-30],[49,21],[2,30],[30,-38],[28,-117],[3,-116],[38,-22],[10,41],[63,33],[66,-54],[17,-61],[33,-5],[-56,-97],[24,-17],[33,28],[36,-56],[-9,-35],[20,-30],[-28,-18],[-7,-44],[36,-62],[-17,-41],[18,-39],[94,58],[-10,-41],[41,-58],[62,25],[36,-105],[-17,-40],[20,-8],[0,-38],[32,38],[22,-30],[-3,-31],[67,-53],[18,16],[5,64],[15,-4],[-2,43],[51,-23],[8,-44],[38,48],[45,-159],[38,13],[48,-80],[86,50],[47,-40],[-14,-12],[14,-75],[7,35],[73,3],[40,-63],[47,5],[95,87],[12,-28],[62,-11],[-31,-39],[139,-338],[-112,-267],[-202,-2],[1,-395],[-136,26],[9,83],[-241,30],[5,48],[-129,9],[-4,-80],[71,-409],[19,-241],[-65,-401],[-138,0],[1,-285],[-103,0],[0,-174],[-206,1],[0,-107],[-186,19],[-220,-20],[1,-285],[138,-1],[130,-126],[-136,-152],[-72,-24],[-61,-74],[0,-192],[906,-2],[7,-59],[285,-41],[-12,-133],[147,-27],[23,102],[80,-54],[43,12],[11,106],[125,-23],[-27,61],[-1,53],[41,-7],[22,238],[79,-14],[-6,-71],[135,-22],[10,-74],[61,-9],[9,-52],[79,43],[66,-21],[39,43],[15,-17],[0,-118],[50,1],[-1,-143],[230,0],[1,-285],[-31,-17],[49,-165],[44,-67],[-39,-50],[-47,18],[-23,-268],[44,-7],[-12,-127],[-24,5],[-15,-175],[559,-96],[13,144],[83,-133],[47,-146],[32,63],[-4,49],[219,-31],[-6,-73],[266,-46],[-17,96],[498,15],[-2,137],[84,3],[-1,48],[-15,0],[-2,130],[579,32],[114,286],[332,6],[-21,-188],[234,5],[32,47],[-9,81],[53,3],[49,-39],[35,19],[26,-42],[46,20],[0,101],[78,48],[4,81],[34,-30],[23,-69],[81,-21],[45,31],[-3,70],[112,74],[52,-36],[109,27],[21,31],[101,-25],[0,56],[32,0],[6,-784],[52,-3],[2,-142],[101,0],[3,-289],[206,3],[-1,97],[269,6],[-1,142],[65,0],[-5,140],[-61,0],[-7,843],[1553,29],[-19,12],[-22,356],[18,127],[-28,163],[162,-213],[99,-3],[79,-115],[116,-60],[184,1612],[-202,46],[14,126],[131,-34],[13,126],[72,-16],[53,446],[200,-45],[-15,-123],[69,-4],[315,-254],[49,435],[655,-142],[92,-68],[196,-18],[-23,361],[-48,122],[-121,89],[-46,93],[-35,208],[43,214],[24,256],[4,139],[-28,113],[9,173],[45,106],[32,265],[154,197],[38,296],[-3,525],[-350,213],[-1,171],[-1134,246],[-16,31],[-187,14],[12,-57],[-102,-1],[0,77],[-1165,250],[29,73],[-11,136],[29,33],[100,282],[6,101],[20,35],[-35,79],[12,42],[-31,243],[72,229],[21,161],[30,21],[42,252],[92,235],[45,42],[16,57],[159,84],[81,196],[45,55],[1,102],[92,57],[-2,181],[29,95],[75,89],[-22,87],[138,202],[63,9],[64,155],[14,87],[72,88],[13,73],[31,26],[91,198],[45,157],[15,205],[42,19],[0,46],[53,78],[20,95],[14,94],[-17,79],[30,116],[-6,143],[18,71],[-1,120],[33,143],[4,197],[50,30],[1,41],[33,27],[33,122],[35,55],[-3,138],[27,104],[-43,-13],[-95,44],[-28,-19],[-123,97],[-274,115],[-24,107],[-93,205],[-355,103],[-218,439],[-127,108],[-254,56],[-114,65],[-34,121],[-237,267],[-62,120],[-135,87],[-80,113],[-378,368],[-180,243],[-45,9],[-80,92],[-76,40],[-14,43],[9,107],[-64,77],[14,151],[-24,116],[-132,85],[-7,92],[-64,80],[6,199],[-47,191],[-62,68],[-47,-25],[-1,-124],[-95,-166],[-18,-89],[-43,-26],[17,-31],[-21,-31],[-24,52],[-39,-18],[-50,66],[-55,-21],[-97,55],[-115,-23],[-133,-94],[-124,47],[-87,-4],[-86,-46],[-74,-356],[26,-206],[-33,-95],[21,-321],[-28,-43],[-94,-35],[-65,-80],[-19,-224],[-42,-165],[8,-161],[-32,-114],[46,-95],[0,-47],[-101,-212],[-167,98],[-136,-84],[-81,15],[-62,-38],[-62,22],[-378,-27],[-44,33],[-52,181],[-21,16],[-397,71],[-93,-38],[-35,66],[-52,12],[11,127],[-187,36],[-9,-96],[-86,16],[8,28],[-34,51],[14,163],[89,71],[-5,65],[119,62],[0,65],[62,105],[-89,32],[18,36],[64,20],[-60,59],[-18,140],[-42,69],[47,139],[-55,127],[29,172],[-18,50],[12,37],[-22,74],[-41,28],[-44,90],[-57,34],[-64,-108],[-16,-87],[49,-57],[-18,-41],[35,-69],[-6,-51],[-50,-20],[-38,28],[-24,-61],[-62,5],[-61,-52],[-22,-74],[-43,-35],[-120,-24],[-69,-49],[-64,71],[-14,-15],[3,-49],[-56,26],[-97,-87],[-41,-5],[-68,-108],[12,-43],[48,-14],[0,-64],[27,-35],[-23,-38],[-83,-75],[-78,59],[-50,-97],[-108,114],[-5,-35],[34,-31],[5,-61],[-40,-51],[-55,62],[3,89],[-38,-16],[-4,52],[-19,18],[-17,-22],[21,-35],[-5,-40],[-46,-29],[-12,-42],[-21,53],[-89,-29],[-5,34],[26,34],[-10,36],[-108,-59],[47,-46],[-34,-48],[-20,-6],[-14,84],[-17,1],[-13,-79],[28,-16],[7,-54],[-84,17],[-52,91],[-22,-16],[-93,45],[-19,-111],[-46,23],[14,36],[-11,42],[-61,-19],[-14,-32],[36,-43],[-2,-49],[-157,49],[-18,-45],[38,10],[3,-30],[-44,-21],[1,-65],[-32,-31],[-61,88],[-18,-48],[-25,49],[-106,-20],[5,74],[-39,-8],[-22,62],[25,58],[-47,10],[-68,180],[-34,-58],[-25,71],[-34,-48],[-43,97],[-97,16],[-34,69],[44,59],[0,40],[-54,-62],[-103,-16],[-159,-81],[-42,25],[10,-72],[-15,-49],[-61,24],[-25,173],[-103,-221],[-42,56],[-25,-3],[-17,-106],[-65,106],[-133,53],[-25,-29],[8,-69],[-28,-17],[10,-43],[-86,-81],[-29,-95],[-49,-74],[6,-58],[-40,-54],[-98,-30],[-12,-46],[-101,-46],[-141,-148],[-55,21],[-77,-71],[-41,9],[-144,-132],[-53,-10],[-12,35],[-21,-1],[-3,-43],[-84,-111],[-57,-4],[-42,-52],[-4,-54],[47,-8],[10,-52],[-54,-69],[-17,-98],[31,-48],[9,54],[19,8],[21,-73],[-76,-91],[11,-18],[-17,-53],[103,-195],[66,9],[15,-70],[52,-14],[113,-258],[28,-18],[-7,-68],[-41,-7],[-10,-35],[87,-74],[-15,-109],[56,-19],[-11,-28],[29,-98],[-1109,2],[0,-1443],[163,-33],[-15,-150],[193,-38],[-14,-131],[-49,-113],[-32,-310],[13,-96],[-12,-70],[419,-83],[-54,-525],[146,-28],[12,126],[288,237],[125,-22],[31,316],[68,-74],[0,29],[24,18],[-6,37],[31,-31],[-5,-32],[69,-22],[5,-53],[5,51],[87,-16],[-5,-57],[67,13],[24,36],[53,-12],[-68,-694]],[[10998,27942],[100,996],[529,-101],[17,177],[223,-44],[-1,-180],[739,-144],[-35,-359],[-200,40],[-16,-160],[-88,17],[-28,-274],[89,-16],[-18,-181],[75,-13],[-4,-59],[90,50],[9,-38],[-161,-1471],[202,-78],[2,-79],[-19,-37],[62,-39],[0,-60],[24,-28],[23,-127],[-203,-141],[-226,-41],[1,139],[63,1],[-33,142],[-428,-2],[-1,-94],[-279,-1],[0,-83],[-186,-21],[-2,198],[55,0],[-3,286],[-620,-2],[0,420],[415,280],[9,104],[-59,9],[23,282],[-76,11],[22,248],[-33,22],[-1,35],[-33,49],[-108,68],[-25,73],[-41,-19],[40,293],[115,-48]],[[23716,17961],[-16,-160],[-59,-55],[-14,-46],[52,-115],[-44,-49],[-21,-91],[45,-91],[-24,-212],[1389,-45],[11,11],[-71,164],[68,41],[-27,109],[-117,23],[25,259],[37,69],[-17,32],[40,149],[1,224],[-44,32],[-20,-16],[-28,58],[150,277],[141,171],[1,53],[-31,2],[-14,52],[-135,24],[-19,89],[15,4],[-1,105],[-16,2],[-40,-105],[-54,-4],[-21,50],[32,86],[-6,80],[17,43],[-151,67],[-26,-241],[-37,-75],[-63,-58],[12,-12],[-20,-32],[-28,-1],[-9,34],[22,15],[-42,27],[-48,-55],[-71,-4],[-18,-74],[-56,-64],[-65,-143],[-102,-4],[-40,101],[12,123],[-77,-112],[-22,36],[-54,-37],[-34,91],[-130,23],[-44,-424],[92,-100],[-4,-33],[-15,-75],[-90,130],[-76,-17],[-55,-65],[-37,-128],[26,-79],[65,-34]],[[28476,15909],[-27,-4],[5,-217],[40,-10],[120,60],[-33,-211],[-28,6],[-15,-147],[29,-5],[-19,-174],[99,-26],[4,37],[100,-1],[-31,-432],[699,-137],[106,1023],[-121,24],[10,89],[119,-24],[30,280],[-206,45],[-121,-88],[-26,17],[-7,-32],[-12,24],[-71,-44],[-87,-9],[-39,28],[-22,76],[-94,-13],[-68,35],[-58,114],[-257,53],[36,-263],[-54,-7],[-1,-67]],[[28826,20459],[-161,-87],[-29,-69],[-29,-1],[-83,-259],[-87,-76],[-88,7],[-67,-98],[-132,27],[-108,-73],[-141,38],[-35,52],[11,74],[-11,52],[-51,-3],[-23,-115],[20,-5],[2,-40],[-47,-102],[19,-37],[9,-157],[-32,-82],[78,-85],[34,-83],[13,-108],[-14,-185],[-45,-162],[-112,-159],[-40,-20],[11,-53],[22,24],[1,-33],[-55,-72],[-49,-2],[-56,89],[7,56],[-40,-21],[-50,82],[-11,-25],[-15,15],[-6,-2],[18,-66],[-43,-16],[13,-19],[-15,-31],[-59,-15],[-18,45],[1,-21],[-21,5],[-15,-77],[-52,-45],[-78,7],[-11,-22],[14,-70],[38,-3],[13,-89],[22,-17],[-9,-56],[-29,-4],[-7,-47],[31,-24],[3,-50],[30,-43],[-10,-29],[28,-34],[-31,-28],[6,-43],[-44,-44],[-9,-71],[-64,-1],[-4,-22],[16,19],[16,-27],[-9,-67],[-27,17],[-20,-28],[4,-34],[14,31],[33,-44],[-13,-16],[8,-78],[54,26],[28,-18],[-19,-32],[16,-3],[2,-41],[-34,-4],[8,-15],[78,11],[66,55],[11,78],[-61,50],[-15,52],[13,26],[24,-9],[23,55],[105,17],[12,-24],[-14,-37],[-18,15],[-23,-30],[10,-46],[71,32],[-6,-42],[28,-2],[-21,-45],[69,1],[23,-48],[-23,-7],[23,-57],[-9,-22],[-24,41],[-99,-21],[34,-49],[23,9],[30,-53],[77,49],[55,-7],[36,39],[6,-42],[30,24],[30,-18],[-13,-57],[11,-55],[32,17],[6,34],[28,-1],[8,65],[28,4],[48,-44],[47,-181],[-9,-157],[-72,-64],[22,-21],[-18,-50],[-30,3],[-25,-57],[-34,36],[-16,-95],[-34,2],[-28,45],[-52,-23],[51,-45],[-27,-24],[-18,-92],[-49,-2],[44,-82],[-36,-128],[-66,-62],[-183,-59],[-14,-91],[66,-41],[-10,-264],[-73,-180],[-53,-33],[-15,-159],[-106,28],[-163,-41],[-78,89],[-261,95],[-53,-5],[-241,273],[-188,29],[-303,-137],[-116,0],[-15,-151],[-41,-25],[-53,-125],[5,-72],[25,-49],[32,13],[24,-30],[-24,-152],[8,-112],[-32,-24],[3,-114],[-22,-45],[17,-55],[-35,-77],[-138,-1208],[634,-137],[28,-179],[169,-70],[258,-353],[26,-209],[69,-216],[-15,-91],[48,-66],[103,94],[56,144],[86,58],[38,58],[20,-2],[-6,-61],[84,-18],[7,60],[276,-56],[72,21],[58,54],[10,50],[62,35],[47,-161],[-52,-78],[28,-113],[21,31],[-16,21],[5,52],[50,-116],[80,36],[63,-57],[174,-50],[80,45],[91,807],[610,-126],[58,77],[49,-7],[25,198],[47,-8],[20,91],[98,-33],[-1,88],[612,-109],[22,203],[89,-132],[-60,-561],[454,-93],[-27,28],[1,50],[31,129],[98,-19],[17,166],[502,-102],[27,-58],[-1,-113],[-82,-118],[-48,-147],[-10,-108],[19,-70],[-32,-72],[18,-28],[-15,-49],[17,-15],[-18,-89],[19,-68],[-22,-56],[14,-21],[-6,-49],[12,0],[-6,-64],[14,-61],[68,-71],[-35,-45],[5,-35],[105,-209],[81,-37],[32,-82],[146,-67],[60,-98],[-7,-28],[567,172],[19,179],[141,-18],[46,58],[-5,36],[28,90],[60,35],[15,43],[-11,286],[48,115],[-114,22],[23,212],[-135,24],[487,4526],[-499,-286],[1,166],[82,763],[435,-88],[97,914],[113,89],[102,9],[80,90],[80,282],[8,195],[-20,69],[-107,42],[22,96],[-35,86],[-21,-64],[-39,-10],[-18,28],[-19,48],[3,86],[-34,29],[12,114],[-1008,210],[12,137],[121,314],[28,240],[45,-6],[-43,217],[-66,16],[123,1116],[-696,50],[-342,-147],[-313,7],[-394,-46],[-482,115],[10,-85],[-41,-120],[-41,66],[-14,-32],[9,-74],[-31,-47],[-21,31],[4,71],[-15,17],[-49,-54],[5,-80],[36,-49],[-41,-163],[14,-68],[71,-5],[-33,-63],[-10,-70],[156,-200],[23,-107],[34,-4],[12,-196],[-12,-37],[-54,-22],[-9,-42],[-57,-38],[-234,9],[-10,-31],[25,-141],[-38,25],[-9,-78],[-59,-50],[-193,13],[-43,54],[12,66],[-158,31]],[[28975,16054],[21,-76],[60,-28],[120,52],[27,3],[0,-23],[7,32],[26,-17],[121,88],[206,-45],[-30,-280],[-119,24],[-10,-89],[121,-24],[-106,-1023],[-699,137],[31,432],[-100,1],[-4,-37],[-99,26],[19,174],[-29,5],[15,147],[28,-6],[33,211],[-120,-60],[-41,12],[-4,215],[27,4],[1,67],[54,7],[-36,263],[257,-53],[54,-109],[54,-37],[115,7]],[[23641,24238],[11,-46],[18,17],[24,-37],[-37,-93],[-63,-65],[6,-48],[-25,-55],[-38,-23],[44,-46],[-51,-61],[-56,10],[-43,-39],[41,-69],[-25,-45],[0,-53],[40,-24],[-2,-62],[46,-97],[-81,-64],[12,-75],[-29,-42],[-44,-6],[-9,-66],[-73,-8],[-27,-33],[-46,60],[-9,-55],[-38,-19],[0,-129],[20,-19],[-11,-51],[-10,-28],[-53,-10],[-41,-109],[48,-26],[18,-50],[-60,-22],[-12,-50],[-11,45],[-6,-59],[-29,17],[-25,-52],[16,-99],[63,-36],[3,-32],[39,25],[34,-26],[-31,-66],[32,-18],[-68,-91],[15,-39],[-14,-29],[-46,-1],[-18,-40],[-52,46],[-34,-29],[53,-101],[-24,-77],[-20,1],[26,-54],[-41,5],[3,-68],[37,-1],[-18,-52],[11,-14],[-22,-18],[48,0],[-16,-49],[-25,-22],[-60,33],[-49,-87],[-26,10],[31,-65],[-103,-57],[-2,-85],[19,-48],[128,-72],[-4,-32],[-50,-71],[-73,-32],[-23,-58],[-72,-72],[-77,-20],[-81,-161],[34,-81],[-32,-55],[19,-7],[-15,-23],[38,-41],[-4,-47],[16,-30],[47,-12],[38,-131],[-21,-75],[16,-73],[-22,-38],[41,-78],[-5,-114],[60,-93],[-6,-61],[16,-22],[10,18],[12,-63],[59,-65],[-18,-25],[-851,169],[-40,-374],[26,-6],[-21,-190],[78,-13],[-23,-240],[-510,71],[-11,-218],[-57,-301],[-84,15],[-272,-86],[-321,52],[-16,-148],[-63,11],[-61,-29],[-272,56],[-45,64],[-64,-578],[101,-21],[-29,-277],[85,-194],[90,-88],[303,-65],[-26,-243],[607,-123],[-14,-123],[-38,-71],[-12,-105],[107,-33],[17,79],[59,20],[-19,158],[36,25],[0,60],[39,-35],[-10,86],[77,77],[95,-78],[27,7],[1,55],[26,11],[40,-35],[25,19],[5,-46],[26,35],[35,-50],[60,60],[33,-30],[60,22],[30,-45],[12,31],[-13,36],[43,5],[-11,65],[57,24],[31,-72],[88,41],[9,-55],[-15,-26],[26,-22],[11,40],[104,11],[51,-7],[41,-48],[17,34],[-14,19],[7,36],[24,27],[35,-29],[0,43],[34,-7],[-1,27],[131,-52],[932,-19],[24,212],[-45,91],[21,91],[44,49],[-52,115],[14,46],[59,55],[16,160],[-65,34],[-27,96],[36,108],[81,81],[61,0],[81,-126],[19,108],[-92,100],[44,424],[130,-23],[34,-91],[54,37],[22,-36],[77,112],[-12,-123],[40,-101],[102,4],[65,143],[56,64],[18,74],[71,4],[48,55],[42,-27],[-22,-15],[9,-34],[28,1],[20,32],[-12,12],[63,58],[37,75],[26,241],[151,-67],[-17,-43],[6,-80],[-32,-86],[21,-50],[54,4],[40,105],[16,-2],[1,-105],[-15,-4],[19,-89],[135,-24],[14,-52],[31,-2],[-1,-53],[-141,-171],[-150,-277],[28,-58],[20,16],[44,-32],[-1,-224],[-40,-149],[17,-32],[-37,-69],[-25,-259],[117,-23],[27,-109],[-68,-41],[71,-164],[92,88],[21,-34],[139,-48],[1181,24],[18,14],[-16,82],[10,39],[186,21],[1304,-52],[-3,91],[-26,92],[-24,60],[-42,34],[-31,-8],[-8,-64],[-24,5],[-17,-48],[-24,-4],[-3,125],[-52,-19],[-10,43],[-33,-40],[-55,7],[-77,-49],[-30,53],[-55,26],[97,35],[24,-41],[9,22],[-23,57],[23,7],[-23,48],[-69,-1],[21,45],[-28,2],[6,42],[-71,-32],[-10,46],[23,30],[18,-15],[14,37],[-12,24],[-105,-17],[-23,-55],[-24,9],[-13,-26],[15,-52],[61,-50],[-11,-78],[-66,-55],[-78,-11],[-8,15],[34,4],[-2,41],[-16,3],[19,32],[-28,18],[-54,-26],[-8,78],[13,16],[-33,44],[-14,-31],[-4,34],[20,28],[27,-17],[9,67],[-16,27],[-16,-19],[4,22],[64,1],[9,71],[44,44],[-6,43],[31,28],[-28,34],[10,29],[-30,43],[-3,50],[-31,24],[7,47],[29,4],[9,56],[-22,17],[-13,89],[-38,3],[-14,70],[11,22],[78,-7],[52,45],[15,77],[21,-5],[-1,21],[18,-45],[59,15],[15,31],[-13,19],[43,16],[-18,66],[21,-13],[11,25],[50,-82],[40,21],[-7,-56],[56,-89],[49,2],[55,72],[-1,33],[-22,-24],[-11,53],[40,20],[112,159],[45,162],[14,185],[-13,108],[-34,83],[-78,85],[32,82],[-9,157],[-19,37],[47,102],[-2,40],[-20,5],[23,115],[51,3],[11,-52],[-11,-74],[35,-52],[141,-38],[108,73],[126,-29],[34,18],[39,82],[88,-7],[87,76],[83,259],[29,1],[32,72],[39,4],[33,44],[86,36],[143,-24],[18,-11],[-15,-62],[35,-51],[201,-16],[59,50],[9,78],[38,-25],[-25,141],[10,31],[234,-9],[57,38],[9,42],[54,22],[12,37],[-12,196],[-34,4],[-23,107],[-156,200],[10,70],[34,54],[-76,23],[-4,130],[26,23],[9,69],[-36,49],[-5,80],[49,54],[15,-17],[-4,-71],[21,-31],[31,47],[-9,74],[14,32],[41,-66],[41,120],[-12,119],[21,61],[-28,42],[50,0],[9,71],[123,18],[64,-30],[66,47],[-2,73],[-56,22],[28,64],[1,63],[-31,25],[-12,88],[-33,28],[16,71],[-112,70],[-12,68],[-34,-85],[-22,12],[3,39],[-25,33],[-91,-11],[-10,62],[37,-14],[2,23],[-28,73],[3,45],[-36,17],[20,32],[-16,16],[15,25],[-19,5],[16,34],[-50,17],[-12,21],[13,13],[-19,2],[-39,86],[-149,-77],[-43,145],[-1265,267],[9,20],[-33,41],[32,49],[10,73],[-43,135],[-51,16],[-4,33],[-44,29],[-139,217],[-55,23],[-37,-50],[-2,43],[-49,50],[13,92],[22,-11],[3,87],[19,14],[-45,158],[7,52],[32,66],[41,13],[16,77],[-1,78],[-132,267],[20,81],[17,5],[7,76],[-32,96],[26,49],[-33,35],[49,45],[1,105],[22,58],[-14,154],[18,30],[-13,164],[-67,128],[19,130],[-18,284],[267,2432],[-33,-42],[-63,-2],[-8,28],[-34,-33],[-62,-103],[-2,-53],[-31,17],[-122,-54],[-19,2],[3,36],[-30,-8],[-26,35],[-29,-44],[-99,-8],[-24,-45],[-53,29],[-34,-24],[-16,76],[-52,17],[-37,-34],[-72,19],[-38,-27],[-62,35],[-51,-51],[-23,7],[-3,-32],[-210,38],[-28,-314],[-71,-87],[0,-42],[-53,-35],[-2,-30],[37,-48],[-31,4],[19,-45],[-20,3],[-13,-36],[12,-34],[18,14],[5,-87],[-37,-45],[-68,41],[-26,-74],[-40,47],[-18,-33],[-30,20],[-24,-22],[67,-53],[-53,-46],[44,-11],[17,-37],[-5,-67],[-44,-58],[0,-46],[-51,11],[14,-11],[13,-123],[49,-27],[-101,18],[17,-63],[46,10],[12,-104],[-78,-30],[15,-34],[-16,-29],[-92,-4],[12,-31],[-34,-20],[-14,-107],[-20,56],[-12,-34],[-34,18],[-10,-35],[-73,25],[-66,-47],[-24,64],[-60,-37],[-26,57],[-32,-5],[11,66],[-41,20],[18,63],[-25,6],[-14,89],[-42,39],[39,101],[-71,-21],[-65,45],[14,-49],[-79,-66],[18,-39],[-23,-64],[-29,19],[-20,-43],[8,-19],[-32,-19],[-9,25],[16,14],[-59,56],[-11,-23],[-51,14],[33,-28],[-31,-52],[2,29],[-64,5],[10,24],[-33,67],[12,11],[-7,47],[-66,4],[-15,-25],[-23,69],[-36,-23],[-97,23],[-30,-40],[-59,55],[-68,-19],[-48,73],[-61,-29],[-3,-70],[-54,-142],[-69,-15],[30,-122],[-38,18],[15,-85],[-39,-18],[0,-135],[22,-39],[-17,-27],[-53,68],[-128,1],[-33,-62],[-6,-70],[-33,13],[-8,-41],[-55,-15],[-30,-56],[22,-47],[-52,-58],[-64,-12],[-56,48],[-10,45],[-38,17],[-66,-58],[-41,-94],[9,-76],[-19,-67],[3,-52],[45,-22],[-29,-73],[8,-77],[-73,-83],[-30,-80],[18,-109],[-38,1],[-23,-70],[9,-59],[40,-16],[13,-37],[13,-56],[-12,-38],[46,-32],[7,-139],[-33,-2],[-6,-28],[57,-73],[-86,1],[3,-66],[-17,-35],[13,-40],[-34,-6],[-79,-93],[-55,-9],[-14,-109],[-39,-37],[14,-112],[27,-58],[-31,-69],[10,-44],[63,-17],[22,57],[41,-62],[30,50],[6,-55],[59,-60],[-141,69],[-64,-101],[-97,-21],[24,-47],[-10,-39],[22,0],[30,-67],[-86,-29],[6,-26],[78,-33],[34,-81],[-17,-24],[14,-6],[-5,-38],[21,7],[2,-39],[97,69]],[[20961,13518],[-58,-544],[-81,17],[-10,-86],[-87,18],[-8,-74],[-203,42],[-43,-371],[36,-7],[-7,-65],[65,-14],[-14,-121],[254,-43],[4,-42],[-29,-62],[11,-110],[-35,-40],[0,-30],[160,-226],[69,-17],[-3,-116],[77,-97],[72,-38],[31,-56],[11,-49],[-19,-64],[35,-71],[-23,-47],[12,-72],[66,-188],[8,-79],[77,-76],[-49,-115],[2,-40],[58,-3],[36,-43],[55,24],[94,-20],[52,-59],[-1,-41],[15,19],[21,-59],[38,1],[11,-34],[55,24],[7,35],[5,-33],[11,19],[14,-29],[-13,-26],[30,26],[30,-58],[31,10],[23,-39],[-22,-16],[79,-63],[7,95],[76,-36],[38,87],[299,-108],[83,19],[53,49],[292,-44],[86,-34],[15,-51],[84,-44],[-16,-22],[89,4],[27,-39],[-10,-59],[23,-6],[8,-44],[28,33],[15,-35],[34,7],[85,-50],[4,-51],[10,12],[14,-24],[-35,-55],[44,3],[15,38],[0,-30],[62,4],[-6,-20],[51,29],[-20,-37],[38,20],[-6,-46],[50,23],[-4,-30],[65,-19],[-7,-60],[31,21],[9,-13],[0,-18],[24,6],[10,-44],[84,-30],[94,-105],[11,-58],[19,12],[66,-56],[124,-149],[311,-459],[41,-115],[36,1],[68,-94],[239,-434],[45,-7],[7,-116],[65,-21],[4,-56],[55,-34],[154,-240],[158,-57],[38,-100],[178,-29],[118,-96],[-23,44],[91,30],[-11,57],[28,60],[46,-21],[-1,35],[22,21],[75,-32],[2,76],[75,28],[-75,196],[-173,27],[-32,-34],[-35,7],[-52,104],[-18,1],[-18,119],[35,87],[-12,59],[-25,20],[13,48],[43,29],[-5,62],[35,56],[10,75],[-61,97],[1,40],[32,47],[-87,96],[0,49],[23,23],[-32,36],[-11,93],[30,16],[25,-24],[71,36],[-51,88],[-18,-19],[-5,25],[33,54],[-11,28],[127,43],[-32,67],[1,67],[96,57],[-1,80],[30,-8],[-11,61],[40,17],[4,57],[31,12],[-21,16],[-3,72],[-23,29],[-100,23],[37,66],[-81,97],[26,34],[-4,26],[-18,-14],[3,54],[24,-20],[34,37],[-20,10],[15,24],[-20,0],[-6,43],[79,24],[-14,81],[15,-32],[87,13],[47,97],[87,77],[-9,55],[-113,146],[9,76],[-37,256],[-92,129],[-45,143],[89,-20],[17,14],[19,129],[408,176],[83,9],[295,252],[-7,85],[113,193],[45,173],[-33,-1],[-38,57],[-52,18],[-73,372],[91,86],[128,-42],[-31,212],[-254,345],[-169,70],[-28,179],[-634,137],[138,1208],[35,77],[-17,55],[22,45],[-3,114],[32,24],[-8,112],[24,152],[-24,30],[-32,-13],[-25,49],[-5,72],[53,125],[41,25],[15,151],[116,0],[303,137],[188,-29],[241,-273],[53,5],[261,-95],[78,-89],[163,41],[106,-28],[15,159],[53,33],[73,180],[10,264],[-66,41],[14,91],[183,59],[66,62],[36,128],[-44,82],[49,2],[18,92],[27,24],[-51,45],[52,23],[28,-45],[34,-2],[16,95],[34,-36],[25,57],[28,-5],[20,52],[-22,21],[44,56],[24,-3],[13,116],[-1304,52],[-186,-21],[-10,-39],[16,-82],[-18,-14],[-1181,-24],[-139,48],[-21,34],[-103,-99],[-2321,64],[-131,52],[1,-27],[-34,7],[0,-43],[-35,29],[-24,-27],[-7,-36],[14,-19],[-17,-34],[-41,48],[-51,7],[-104,-11],[-11,-40],[-26,22],[15,26],[-9,55],[-88,-41],[-31,72],[-57,-24],[11,-65],[-43,-5],[13,-36],[-12,-31],[-30,45],[-60,-22],[-33,30],[-60,-60],[-35,50],[-26,-35],[-5,46],[-25,-19],[-40,35],[-26,-11],[-1,-55],[-27,-7],[-102,76],[-70,-75],[10,-86],[-25,2],[-10,38],[-4,-65],[-36,-25],[19,-158],[-59,-20],[-20,-87],[18,-24],[-73,-33],[18,-76],[-158,-49],[-20,-55],[-21,20],[-48,-48],[-17,43],[-72,-48],[42,-240],[-27,5],[-7,-65],[-28,6],[-89,-782],[153,-32],[-26,-251],[-40,17],[-50,-309],[-107,22],[-36,-325],[63,-13],[-73,-560],[35,-10],[-29,-274],[182,-38]],[[25551,7523],[6,-11],[4,7],[-10,4]],[[23130,10005],[11,-10],[4,9],[-15,1]],[[23296,9835],[39,14],[6,9],[-26,3],[-19,-26]],[[23372,9844],[17,4],[7,15],[-24,-19]],[[23410,9831],[6,-3],[6,14],[-12,-11]],[[23433,9815],[4,0],[-4,3],[0,-3]],[[23239,9939],[3,-2],[1,2],[-4,0]],[[23520,9733],[-9,-6],[10,-2],[-1,8]],[[23584,9671],[8,5],[-8,2],[0,-7]],[[23669,9622],[2,-8],[2,8],[-4,0]],[[23459,9807],[1,-6],[2,6],[-3,0]],[[23727,9575],[5,-4],[0,4],[-5,0]],[[23750,9550],[4,1],[-4,2],[0,-3]],[[23446,9792],[3,-4],[2,4],[-5,0]],[[23448,9810],[-4,1],[1,-3],[3,2]],[[23538,9756],[-1,5],[-1,-5],[2,0]],[[23806,9476],[4,1],[0,2],[-4,-3]],[[23798,9475],[2,4],[-4,-3],[2,-1]],[[23714,9592],[3,-1],[-1,3],[-2,-2]],[[22852,10231],[7,-5],[2,11],[-9,-6]],[[32188,9459],[16,152],[67,89],[-7,30],[32,59],[120,87],[43,90],[72,32],[-24,40],[-8,81],[186,180],[50,159],[39,62],[-6,52],[65,198],[-22,87],[28,54],[267,285],[-1349,247],[-567,-172],[7,28],[-60,98],[-146,67],[-32,82],[-81,37],[-105,209],[-5,35],[35,45],[-68,71],[-14,61],[6,64],[-12,0],[6,49],[-14,21],[22,56],[-19,68],[18,89],[-17,15],[15,49],[-18,28],[32,72],[-19,70],[10,108],[48,147],[82,118],[1,113],[-27,58],[-502,102],[-17,-166],[-98,19],[-31,-129],[-1,-50],[27,-28],[-454,93],[60,561],[-89,132],[-22,-203],[-612,109],[1,-88],[-98,33],[-20,-91],[-47,8],[-25,-198],[-49,7],[-58,-77],[-610,126],[-91,-807],[-80,-45],[-174,50],[-63,57],[-80,-36],[-50,116],[-5,-52],[16,-21],[-21,-31],[-28,113],[52,78],[-47,161],[-62,-35],[-10,-50],[-58,-54],[-72,-21],[-276,56],[-7,-60],[-84,18],[6,61],[-20,2],[-38,-58],[-86,-58],[-56,-144],[-103,-94],[-48,66],[15,91],[-64,211],[-127,53],[-91,-74],[-4,-43],[72,-342],[52,-18],[38,-57],[33,1],[-45,-173],[-113,-193],[7,-85],[-295,-252],[-83,-9],[-408,-176],[-19,-129],[-17,-14],[-89,20],[45,-143],[92,-129],[37,-256],[-9,-76],[113,-146],[9,-55],[-87,-77],[-47,-97],[-87,-13],[-15,32],[14,-81],[-78,-23],[5,-44],[21,-2],[-16,-22],[20,-10],[-34,-37],[-25,18],[-2,-52],[18,14],[4,-26],[-25,-39],[80,-92],[-37,-66],[100,-23],[23,-29],[3,-72],[21,-16],[-31,-12],[-4,-57],[-40,-17],[11,-61],[-30,8],[1,-80],[-96,-57],[-1,-67],[32,-67],[-127,-43],[11,-28],[-33,-54],[5,-25],[18,19],[51,-88],[-71,-36],[-25,24],[-30,-16],[11,-93],[32,-36],[-23,-23],[0,-49],[87,-96],[-32,-47],[-1,-40],[61,-97],[-10,-75],[-35,-56],[5,-62],[-53,-62],[34,-94],[-36,-115],[19,-91],[18,-1],[52,-104],[35,-7],[32,34],[173,-27],[75,-196],[104,44],[-3,30],[30,43],[50,27],[103,-25],[150,-109],[42,8],[7,31],[42,-29],[52,33],[94,-19],[-2,30],[47,-23],[53,28],[184,-111],[258,-235],[61,-86],[-3,-74],[18,-16],[25,29],[32,-63],[84,36],[48,-40],[29,23],[71,-37],[47,-107],[341,-379],[42,-111],[267,-418],[20,-86],[-11,-61],[72,-62],[32,-46],[5,-60],[92,-97],[86,47],[98,-18],[179,51],[115,-43],[83,140],[-9,57],[47,5],[163,178],[52,109],[-13,73],[28,92],[106,124],[26,49],[-5,30],[210,305],[68,57],[269,24],[217,230],[-20,40],[28,174],[147,144],[-60,37],[2,34],[-30,-8],[-18,101],[38,139],[86,148],[256,182],[53,9],[18,43],[64,-5],[65,65],[44,9],[0,53],[21,24],[238,90],[75,125],[44,-2],[41,38],[47,-32],[41,34],[27,-14],[21,56],[196,95],[83,-4],[95,93],[50,-14],[46,35],[66,-24],[135,8],[42,48],[-11,146],[23,70],[268,143],[-31,45]],[[27076,7301],[4,-6],[0,6],[-4,0]],[[16113,20588],[-229,-5],[0,-34],[-76,-2],[2,-263],[-206,-1],[8,-1101],[-205,-3],[2,-278],[205,3],[7,-1117],[210,129],[164,4],[-73,-167],[207,3],[-55,-158],[-25,-368],[236,-44],[3,31],[103,-19],[5,53],[100,-19],[-4,-35],[45,-8],[7,76],[61,1],[141,-23],[-6,-61],[149,-26],[-6,61],[67,-11],[-55,-563],[106,-18],[-13,-142],[203,-33],[17,-45],[69,50],[84,-222],[67,50],[25,-64],[135,98],[31,-79],[-92,-64],[25,-67],[-45,-32],[16,-43],[-66,7],[-143,-147],[-14,-153],[278,-48],[-21,-32],[3,-53],[-25,-66],[85,45],[78,-56],[24,22],[55,-80],[444,-103],[-11,44],[11,43],[-75,36],[24,46],[14,-25],[92,84],[28,-8],[-2,28],[424,-89],[-24,-40],[134,-29],[-35,-126],[418,-89],[-20,-184],[-66,14],[-19,-160],[-32,6],[-7,-60],[62,-13],[-44,-92],[82,-16],[-19,-172],[-453,93],[-29,-259],[-105,1],[9,-60],[-128,27],[54,-95],[-31,-311],[-75,16],[-15,-24],[-4,-50],[46,-53],[-30,-296],[270,-266],[205,-246],[57,-103],[28,-25],[27,24],[12,-52],[30,24],[-18,-62],[33,17],[-7,-36],[21,31],[52,-38],[28,-68],[40,-25],[4,-67],[59,9],[-10,-61],[63,-64],[-8,-57],[69,11],[21,-47],[140,-124],[293,-382],[27,-67],[50,-34],[33,-75],[38,0],[94,-128],[45,-24],[36,-78],[33,13],[-13,-42],[22,7],[48,-50],[37,-76],[31,5],[12,-46],[54,30],[-8,-49],[53,-40],[25,4],[17,48],[38,2],[89,-106],[5,-47],[30,56],[46,2],[17,-67],[40,-19],[-32,-74],[35,-45],[46,-22],[82,15],[67,-84],[17,11],[0,-25],[58,8],[7,-49],[64,-78],[-18,-32],[13,-22],[-17,-4],[18,-40],[-12,-30],[31,20],[-2,-28],[57,-1],[33,41],[38,-26],[1,-80],[22,3],[-10,-22],[57,5],[25,29],[-3,38],[50,111],[-78,80],[-8,79],[-66,188],[-12,72],[23,47],[-35,71],[19,64],[-11,49],[-31,56],[-72,38],[-77,97],[3,116],[-69,17],[-160,226],[0,30],[35,40],[-11,110],[29,62],[-4,42],[-254,43],[14,121],[-65,14],[7,65],[-36,7],[43,371],[203,-42],[8,74],[87,-18],[10,86],[81,-17],[58,544],[-182,38],[29,274],[-35,10],[73,560],[-63,13],[36,325],[107,-22],[50,309],[40,-17],[26,251],[-153,32],[89,782],[28,-6],[7,65],[27,-5],[-42,240],[78,48],[11,-43],[48,48],[25,-17],[16,52],[116,18],[-4,33],[46,-2],[-18,76],[78,43],[-127,55],[12,105],[38,71],[14,123],[-607,123],[26,243],[-303,65],[-90,88],[-85,194],[29,277],[-101,21],[64,578],[45,-64],[272,-56],[61,29],[63,-11],[16,148],[321,-52],[272,86],[84,-15],[57,301],[11,218],[510,-71],[23,240],[-78,13],[21,190],[-26,6],[40,374],[851,-169],[18,25],[-59,65],[-12,63],[-10,-18],[-16,22],[6,61],[-60,93],[5,114],[-41,78],[22,38],[-16,73],[21,75],[-38,131],[-47,12],[-16,30],[4,47],[-38,41],[15,23],[-19,7],[32,55],[-35,76],[82,166],[77,20],[72,72],[23,58],[73,32],[50,71],[4,32],[-128,72],[-19,48],[2,85],[103,57],[-31,65],[26,-10],[49,87],[60,-33],[25,22],[16,49],[-48,0],[22,18],[-11,14],[18,52],[-37,1],[-3,68],[41,-5],[-26,54],[20,-1],[24,77],[-53,101],[34,29],[52,-46],[18,40],[46,1],[14,29],[-15,39],[66,82],[-30,27],[31,66],[-34,26],[-39,-25],[-3,32],[-63,36],[-16,99],[25,52],[29,-17],[6,59],[11,-45],[12,50],[60,22],[-18,50],[-48,26],[41,109],[53,10],[10,28],[11,51],[-20,19],[-2,126],[40,22],[9,55],[46,-60],[27,33],[73,8],[9,66],[44,6],[29,42],[-12,75],[81,64],[-46,97],[2,62],[-40,24],[0,53],[25,45],[-40,72],[42,36],[56,-10],[50,58],[-43,49],[38,23],[25,55],[-6,48],[63,65],[37,99],[-24,31],[-18,-17],[-17,56],[-87,-79],[-11,45],[-16,-13],[5,38],[-14,6],[17,24],[-34,81],[-83,45],[31,41],[54,2],[-30,67],[-22,0],[10,39],[-26,40],[99,28],[69,102],[136,-70],[-59,60],[-6,55],[-30,-50],[-41,62],[-22,-57],[-63,17],[-10,44],[31,69],[-27,58],[-14,112],[39,37],[14,109],[55,9],[79,93],[34,6],[-13,40],[17,35],[-3,66],[85,-5],[-56,77],[6,28],[32,-2],[3,92],[-133,81],[-195,264],[-136,27],[-21,-206],[-153,31],[-39,140],[-149,30],[43,420],[-118,78],[-128,35],[40,391],[-105,22],[-248,-141],[-249,-277],[-123,-45],[-143,-234],[-43,-23],[-53,41],[-33,-11],[-38,-114],[-230,-183],[-258,-385],[-45,95],[46,449],[-200,38],[-7,-67],[-206,40],[-28,-276],[-910,182],[-87,-129],[-534,-296],[-409,91],[92,260],[-116,25],[-18,-39],[-98,76],[-102,0],[-294,78],[-46,-37],[-170,35],[-92,68],[-655,142],[-49,-435],[-315,254],[-69,4],[15,123],[-200,45],[-53,-446],[-72,16],[-13,-126],[-131,34],[-14,-126],[202,-46],[-184,-1612],[-116,60],[-79,115],[-99,3],[-162,213],[28,-163],[-18,-127],[22,-356],[19,-12],[-942,-17],[2,-280],[412,8],[1,-189],[219,6],[-6,-34],[41,-28],[-28,-59],[18,-91],[-31,-26],[-41,-145],[31,-63],[72,-15],[117,82],[122,-109],[9,-68],[26,5],[49,-81],[34,2],[49,-56],[-60,-141],[3,-70],[48,-87],[-84,-138],[10,-65],[-13,-17],[2,21],[-48,23],[-51,-15],[-39,-110],[-38,-37],[0,-118],[-26,-20],[-69,20],[-8,-49],[-38,5],[4,-305],[30,0],[2,-148],[69,2],[1,-181],[24,50],[94,1],[1,-181],[36,6],[4,-393]],[[11353,16560],[324,-295],[252,-291],[81,-128],[63,-41],[262,-293],[272,-186],[86,-86],[-2,-30],[80,-1],[74,-52],[49,-72],[30,14],[31,-53],[75,-13],[78,-114],[23,-92],[19,35],[68,-45],[15,31],[91,-32],[117,38],[65,-40],[17,6],[-6,28],[70,-32],[24,-54],[16,33],[82,-41],[96,49],[108,-42],[36,49],[57,-23],[23,34],[79,-15],[10,-39],[39,-24],[56,68],[-17,-46],[39,-36],[111,99],[-18,28],[-38,-8],[12,40],[-67,-17],[-21,61],[13,153],[85,162],[106,97],[145,47],[94,-13],[32,-71],[1,39],[68,79],[86,5],[105,74],[84,-71],[122,56],[72,-26],[19,22],[-8,31],[16,40],[78,44],[314,37],[359,-257],[93,191],[13,-11],[1,147],[53,-79],[-1,51],[74,1],[1,55],[127,15],[26,56],[-16,-3],[1,248],[255,-1],[42,420],[186,-35],[-3,45],[-36,34],[63,-11],[66,703],[-67,11],[6,-61],[-149,26],[6,61],[-141,23],[-61,-1],[-7,-76],[-45,8],[4,35],[-100,19],[-5,-53],[-103,19],[-3,-31],[-236,44],[25,368],[55,158],[-207,-3],[73,167],[-164,-4],[-210,-129],[-7,1117],[-205,-3],[-2,278],[205,3],[-8,1101],[206,1],[-2,263],[76,2],[0,34],[229,5],[-4,393],[-36,-6],[-1,181],[-94,-1],[-24,-50],[-1,181],[-69,-2],[-2,148],[-30,0],[-4,305],[38,-5],[8,49],[69,-20],[26,20],[0,118],[38,37],[39,110],[51,15],[48,-23],[-2,-21],[13,17],[-10,65],[84,138],[-48,87],[-3,70],[60,141],[-49,56],[-34,-2],[-49,81],[-26,-5],[-9,68],[-122,109],[-117,-82],[-72,15],[-31,63],[41,145],[31,26],[-18,91],[28,59],[-41,28],[6,34],[-219,-6],[-1,189],[-412,-8],[-2,280],[-611,-12],[7,-843],[61,0],[5,-140],[-65,0],[1,-142],[-269,-6],[1,-97],[-206,-3],[-3,289],[-101,0],[-2,142],[-52,3],[-6,784],[-32,0],[0,-56],[-101,25],[-21,-31],[-109,-27],[-52,36],[-112,-74],[3,-70],[-45,-31],[-81,21],[-23,69],[-34,30],[-4,-81],[-78,-48],[0,-101],[-46,-20],[-26,42],[-35,-19],[-49,39],[-53,-3],[9,-81],[-32,-47],[-234,-5],[21,188],[-332,-6],[-114,-286],[-579,-32],[2,-130],[15,0],[1,-48],[-84,-3],[2,-137],[-498,-15],[17,-96],[-266,46],[6,73],[-170,27],[-50,4],[5,-49],[-32,-63],[-47,146],[-83,133],[-13,-144],[-559,96],[15,175],[-208,34],[-39,-463],[-104,15],[9,-495],[-13,-60],[133,-1],[89,-106],[-8,-73],[41,-56],[161,-17],[-38,-449],[-96,-488],[-143,-50],[8,-41],[50,-14],[2,-119],[199,-515],[-149,0],[-1,-186],[-55,-1],[-1,-996],[1,-710],[207,8],[0,-1035],[170,-38],[166,-83],[45,-8],[-6,23],[290,-162],[618,-452]],[[11602,14282],[72,141],[-73,11],[-80,-28],[-77,-81],[30,-12],[18,-75],[-18,-33],[25,3],[4,-40],[99,114]],[[16357,15559],[31,-79],[-8,-37],[134,-8],[48,-76],[4,43],[278,-263],[35,-89],[162,-119],[58,-11],[148,64],[95,-13],[-20,25],[18,113],[102,-18],[15,144],[204,-39],[37,333],[-78,56],[-85,-45],[25,66],[-3,53],[21,32],[-278,48],[14,153],[143,147],[66,-7],[-16,43],[45,32],[-25,67],[92,64],[-31,79],[-135,-98],[-25,64],[-67,-50],[-84,222],[-69,-50],[-17,45],[-203,33],[13,142],[-105,17],[-12,-139],[-63,11],[36,-34],[3,-45],[-186,35],[-42,-420],[-255,1],[-1,-248],[16,3],[-38,-81],[35,-77],[-32,-89]],[[16375,14994],[193,-206],[-17,-51],[34,13],[69,-38],[13,-35],[32,6],[50,-106],[12,51],[23,-17],[-2,-34],[66,56],[-50,-12],[1,73],[30,62],[109,31],[120,-60],[105,-131],[163,-32],[118,-71],[322,-258],[236,-283],[31,5],[123,-171],[31,4],[21,-62],[133,-86],[11,-54],[41,-34],[32,297],[-46,53],[4,50],[15,24],[75,-16],[31,311],[-54,95],[128,-27],[-9,60],[105,-1],[29,259],[453,-93],[19,172],[-82,16],[44,92],[-62,13],[7,60],[32,-6],[19,160],[66,-14],[20,184],[-418,89],[35,126],[-134,29],[24,40],[-311,68],[-113,21],[2,-28],[-28,8],[-88,-82],[-24,17],[-17,-44],[74,-32],[-11,-43],[11,-44],[-444,103],[-55,80],[-24,-22],[-37,-333],[-204,39],[-15,-144],[-102,18],[-18,-113],[20,-25],[-95,13],[-152,-64],[-54,11],[-162,119],[-35,89],[-278,263],[-4,-43],[-48,76],[-134,8],[8,37],[-31,79],[33,102],[-35,53],[4,24],[-120,-3],[-1,-55],[-74,-1],[1,-51],[-53,79],[-1,-147],[-13,11],[-93,-191],[321,-301],[49,-85]]]}