Longitude,Latitude,MODE
144.98222,-37.88212,SKYBUS
144.98194,-37.86373,SKYBUS
144.99328,-37.9041,SKYBUS
145.0362,-37.93461,SKYBUS
144.83322,-37.78743,SKYBUS
145.12499,-37.78402,SKYBUS
145.12214,-37.81983,SKYBUS
144.99562,-37.89178,SKYBUS
145.00317,-37.90554,SKYBUS
145.08415,-37.7109,SKYBUS
145.05319,-37.9578,SKYBUS
145.12624,-38.14412,SKYBUS
144.9519,-37.81628,SKYBUS
144.95254,-37.81646,SKYBUS
144.95172,-37.81604,SKYBUS
144.99316,-37.90392,SKYBUS
145.00208,-37.90551,SKYBUS
144.99547,-37.89173,SKYBUS
145.0003,-37.88511,SKYBUS
144.47343,-38.02635,SKYBUS
144.47343,-38.02635,SKYBUS
145.11621,-38.05194,SKYBUS
144.85068,-37.66933,SKYBUS
144.84874,-37.67094,SKYBUS
144.84914,-37.67232,SKYBUS
145.12158,-38.14235,SKYBUS
145.03702,-37.93676,SKYBUS
144.6643,-37.90114,SKYBUS
144.66452,-37.90135,SKYBUS
145.00029,-37.8849,SKYBUS
144.98304,-37.88232,SKYBUS
144.9816,-37.86455,SKYBUS
145.06904,-37.98172,SKYBUS
145.06913,-37.98184,SKYBUS
144.95217,-37.81816,INTERSTATE TRAIN
142.93691,-37.2822,INTERSTATE TRAIN
144.36532,-38.09838,INTERSTATE TRAIN
141.65389,-36.33222,INTERSTATE TRAIN
142.03246,-36.45418,INTERSTATE TRAIN
142.20056,-36.7075,INTERSTATE TRAIN
142.77354,-37.05924,INTERSTATE TRAIN
142.93691,-37.28224,INTERSTATE TRAIN
142.03246,-36.45418,INTERSTATE TRAIN
142.20056,-36.7075,INTERSTATE TRAIN
141.65389,-36.33222,INTERSTATE TRAIN
144.36532,-38.09838,INTERSTATE TRAIN
144.95278,-37.81866,INTERSTATE TRAIN
142.77389,-37.06,INTERSTATE TRAIN
145.45671,-38.06235,REGIONAL BUS
144.73661,-37.27812,REGIONAL BUS
144.73681,-37.27805,REGIONAL BUS
144.74281,-37.35009,REGIONAL BUS
144.74304,-37.35012,REGIONAL BUS
144.71185,-36.92741,REGIONAL BUS
144.7123,-36.92747,REGIONAL BUS
144.75611,-36.11428,REGIONAL BUS
144.1312,-35.64357,REGIONAL BUS
144.30112,-35.90364,REGIONAL BUS
144.3688,-35.95629,REGIONAL BUS
144.3688,-35.95598,REGIONAL BUS
144.51657,-36.02893,REGIONAL BUS
145.04753,-36.31438,REGIONAL BUS
145.36133,-36.39408,REGIONAL BUS
145.40634,-36.38382,REGIONAL BUS
145.39947,-36.37984,REGIONAL BUS
145.39976,-36.3795,REGIONAL BUS
144.95781,-36.01725,REGIONAL BUS
144.98086,-36.39707,REGIONAL BUS
144.98259,-36.44571,REGIONAL BUS
144.98244,-36.44596,REGIONAL BUS
145.01473,-36.58567,REGIONAL BUS
142.80477,-38.08069,REGIONAL BUS
144.2821,-36.76593,REGIONAL BUS
144.13206,-36.7355,REGIONAL BUS
144.13244,-36.73543,REGIONAL BUS
143.94134,-36.60167,REGIONAL BUS
143.94126,-36.60145,REGIONAL BUS
143.8693,-36.57545,REGIONAL BUS
143.86975,-36.57563,REGIONAL BUS
143.6136,-36.41815,REGIONAL BUS
143.35088,-36.26835,REGIONAL BUS
143.22577,-36.07694,REGIONAL BUS
142.84981,-35.50427,REGIONAL BUS
143.26744,-35.46978,REGIONAL BUS
143.37533,-35.67077,REGIONAL BUS
146.53842,-38.19443,REGIONAL BUS
147.06351,-38.10723,REGIONAL BUS
147.05469,-38.10323,REGIONAL BUS
147.08003,-37.96509,REGIONAL BUS
147.96189,-37.87924,REGIONAL BUS
147.98237,-37.88154,REGIONAL BUS
143.72711,-36.11661,REGIONAL BUS
143.75535,-36.22995,REGIONAL BUS
143.72712,-36.11668,REGIONAL BUS
143.92434,-35.73314,REGIONAL BUS
143.63653,-35.46382,REGIONAL BUS
143.63641,-35.46405,REGIONAL BUS
143.3773,-35.17605,REGIONAL BUS
143.37748,-35.17551,REGIONAL BUS
142.77034,-34.58479,REGIONAL BUS
143.31058,-35.05422,REGIONAL BUS
143.3107,-35.05385,REGIONAL BUS
143.89432,-37.42451,REGIONAL BUS
143.89445,-37.42455,REGIONAL BUS
143.7021,-37.17027,REGIONAL BUS
143.70238,-37.17028,REGIONAL BUS
143.81309,-37.04905,REGIONAL BUS
143.81309,-37.04897,REGIONAL BUS
144.26098,-36.99683,REGIONAL BUS
144.26063,-36.99693,REGIONAL BUS
144.14104,-37.34271,REGIONAL BUS
144.04224,-37.36722,REGIONAL BUS
144.04189,-37.36728,REGIONAL BUS
143.9945,-37.40177,REGIONAL BUS
143.99439,-37.40168,REGIONAL BUS
145.56842,-36.7494,REGIONAL BUS
146.39406,-36.01028,REGIONAL BUS
146.39387,-36.01028,REGIONAL BUS
146.31717,-36.35507,REGIONAL BUS
145.82282,-38.43088,REGIONAL BUS
145.94789,-38.47714,REGIONAL BUS
146.67476,-38.56485,REGIONAL BUS
145.53039,-38.40696,REGIONAL BUS
145.53005,-38.40815,REGIONAL BUS
145.43333,-38.41447,REGIONAL BUS
145.35779,-38.5149,REGIONAL BUS
145.23907,-38.45905,REGIONAL BUS
145.23882,-38.45876,REGIONAL BUS
145.47592,-38.54946,REGIONAL BUS
145.47577,-38.54957,REGIONAL BUS
145.54657,-38.56347,REGIONAL BUS
145.54671,-38.56332,REGIONAL BUS
146.92433,-36.08424,REGIONAL BUS
145.22531,-36.44048,REGIONAL BUS
144.36037,-38.14723,REGIONAL BUS
143.71012,-38.725,REGIONAL BUS
143.67539,-38.74172,REGIONAL BUS
143.67533,-38.74168,REGIONAL BUS
143.66906,-38.75454,REGIONAL BUS
142.99378,-38.6192,REGIONAL BUS
142.87757,-38.607,REGIONAL BUS
142.87688,-38.60702,REGIONAL BUS
142.36251,-38.29166,REGIONAL BUS
142.36204,-38.29139,REGIONAL BUS
142.02827,-37.7466,REGIONAL BUS
142.74237,-37.54469,REGIONAL BUS
142.72294,-37.6904,REGIONAL BUS
142.72303,-37.6909,REGIONAL BUS
142.84048,-37.7124,REGIONAL BUS
143.68434,-37.64498,REGIONAL BUS
143.6845,-37.64503,REGIONAL BUS
148.00773,-37.87446,REGIONAL BUS
142.93691,-37.28244,REGIONAL BUS
142.85345,-37.1515,REGIONAL BUS
142.85482,-37.15194,REGIONAL BUS
142.77355,-37.05926,REGIONAL BUS
142.47023,-36.62012,REGIONAL BUS
142.63141,-36.63141,REGIONAL BUS
142.58738,-36.46029,REGIONAL BUS
142.39533,-36.25091,REGIONAL BUS
142.42104,-36.07674,REGIONAL BUS
142.42128,-36.0765,REGIONAL BUS
142.42091,-35.9394,REGIONAL BUS
142.36436,-35.72659,REGIONAL BUS
142.36467,-35.72697,REGIONAL BUS
142.20052,-36.71419,REGIONAL BUS
142.11833,-36.58469,REGIONAL BUS
142.11819,-36.58477,REGIONAL BUS
142.02664,-36.45363,REGIONAL BUS
141.64912,-36.33392,REGIONAL BUS
141.24084,-36.37883,REGIONAL BUS
142.31875,-35.06939,REGIONAL BUS
142.31904,-35.0696,REGIONAL BUS
145.59215,-38.59575,REGIONAL BUS
145.62116,-38.66748,REGIONAL BUS
145.62097,-38.66777,REGIONAL BUS
145.72968,-38.63461,REGIONAL BUS
145.56305,-38.37153,REGIONAL BUS
142.18757,-34.30723,REGIONAL BUS
142.16323,-34.18211,REGIONAL BUS
142.4248,-35.34531,REGIONAL BUS
142.42462,-35.34498,REGIONAL BUS
142.43884,-35.40194,REGIONAL BUS
142.43866,-35.40178,REGIONAL BUS
142.57926,-35.60788,REGIONAL BUS
142.57929,-35.60785,REGIONAL BUS
142.66443,-35.68247,REGIONAL BUS
142.6643,-35.68256,REGIONAL BUS
142.91791,-35.98127,REGIONAL BUS
142.98267,-36.37067,REGIONAL BUS
143.25862,-36.61529,REGIONAL BUS
143.73612,-37.04705,REGIONAL BUS
143.47388,-37.08902,REGIONAL BUS
143.4744,-37.08882,REGIONAL BUS
143.47125,-37.08086,REGIONAL BUS
145.45606,-38.06186,REGIONAL BUS
146.72497,-36.56129,REGIONAL BUS
146.72508,-36.56164,REGIONAL BUS
146.91142,-36.70015,REGIONAL BUS
146.96043,-36.72835,REGIONAL BUS
147.16099,-36.73799,REGIONAL BUS
142.8048,-38.08095,REGIONAL BUS
142.78557,-36.9161,REGIONAL BUS
142.78556,-36.81415,REGIONAL BUS
142.86976,-36.67136,REGIONAL BUS
142.86983,-36.67141,REGIONAL BUS
142.78564,-36.81413,REGIONAL BUS
142.78566,-36.91624,REGIONAL BUS
142.77945,-37.05152,REGIONAL BUS
142.78373,-37.0558,REGIONAL BUS
144.72855,-37.57912,REGIONAL BUS
144.59895,-37.4592,REGIONAL BUS
144.67936,-37.46455,REGIONAL BUS
144.74576,-37.48342,REGIONAL BUS
140.91371,-35.26057,REGIONAL BUS
141.81027,-35.16986,REGIONAL BUS
142.02383,-35.13594,REGIONAL BUS
148.0916,-37.73231,REGIONAL BUS
149.592,-37.47506,REGIONAL BUS
144.068,-36.99597,REGIONAL BUS
145.13203,-36.37185,REGIONAL BUS
144.50506,-36.61523,REGIONAL BUS
147.72506,-37.9191,REGIONAL BUS
146.47031,-38.21891,REGIONAL BUS
144.32291,-37.38957,REGIONAL BUS
142.39542,-36.25334,REGIONAL BUS
142.20078,-36.70779,REGIONAL BUS
148.08919,-37.7339,REGIONAL BUS
145.74714,-37.51088,REGIONAL BUS
145.7088,-37.42315,REGIONAL BUS
145.70898,-37.42213,REGIONAL BUS
145.71211,-37.32356,REGIONAL BUS
145.71236,-37.32387,REGIONAL BUS
145.70908,-37.19096,REGIONAL BUS
145.79768,-37.25465,REGIONAL BUS
145.79753,-37.25474,REGIONAL BUS
145.90966,-37.23263,REGIONAL BUS
142.2551,-36.66114,REGIONAL BUS
147.90481,-36.1958,REGIONAL BUS
143.80128,-37.48104,REGIONAL BUS
143.71347,-37.42084,REGIONAL BUS
143.714,-37.42055,REGIONAL BUS
143.63804,-37.35818,REGIONAL BUS
143.63778,-37.35772,REGIONAL BUS
148.12449,-37.54487,REGIONAL BUS
148.12523,-37.54613,REGIONAL BUS
148.17224,-37.49872,REGIONAL BUS
146.70159,-38.29434,REGIONAL BUS
143.97474,-36.97946,REGIONAL BUS
148.26318,-37.22742,REGIONAL BUS
148.22538,-37.35833,REGIONAL BUS
148.02826,-37.86086,REGIONAL BUS
145.81152,-38.43799,REGIONAL BUS
145.826,-38.43373,REGIONAL BUS
143.55786,-35.35996,REGIONAL BUS
142.92072,-37.29424,REGIONAL BUS
142.92403,-37.29453,REGIONAL BUS
142.91765,-37.28567,REGIONAL BUS
142.91531,-37.28611,REGIONAL BUS
142.91539,-37.2819,REGIONAL BUS
146.83717,-36.48995,REGIONAL BUS
144.13855,-37.31837,REGIONAL BUS
144.13842,-37.3101,REGIONAL BUS
144.10477,-37.62704,REGIONAL BUS
145.63586,-35.91646,REGIONAL BUS
142.62081,-38.27966,REGIONAL BUS
142.65768,-38.22072,REGIONAL BUS
142.68513,-38.14935,REGIONAL BUS
149.75771,-37.55758,REGIONAL BUS
149.67931,-37.48042,REGIONAL BUS
142.03473,-37.74401,REGIONAL BUS
142.05864,-37.74375,REGIONAL BUS
142.02958,-37.7372,REGIONAL BUS
142.0176,-37.74457,REGIONAL BUS
142.00776,-37.73565,REGIONAL BUS
142.00632,-37.72686,REGIONAL BUS
142.0192,-37.72815,REGIONAL BUS
142.02838,-37.73731,REGIONAL BUS
144.74929,-37.41396,REGIONAL BUS
141.99392,-35.89809,REGIONAL BUS
142.05302,-35.76979,REGIONAL BUS
141.98832,-36.14237,REGIONAL BUS
142.03421,-36.20895,REGIONAL BUS
142.02546,-36.29772,REGIONAL BUS
143.51497,-37.27477,REGIONAL BUS
143.5146,-37.27444,REGIONAL BUS
142.85931,-37.4406,REGIONAL BUS
143.38154,-37.42953,REGIONAL BUS
145.39444,-36.38603,REGIONAL BUS
144.45343,-37.24781,REGIONAL BUS
144.34821,-37.13833,REGIONAL BUS
144.33255,-37.10329,REGIONAL BUS
144.26675,-37.08134,REGIONAL BUS
142.22891,-38.38053,REGIONAL BUS
146.37888,-36.57579,REGIONAL BUS
146.42155,-36.64776,REGIONAL BUS
146.41681,-36.701,REGIONAL BUS
146.41453,-36.76442,REGIONAL BUS
146.43049,-36.79927,REGIONAL BUS
144.21241,-37.05459,REGIONAL BUS
144.52838,-37.35623,REGIONAL BUS
144.2037,-37.0936,REGIONAL BUS
142.09441,-37.76607,REGIONAL BUS
143.15067,-38.22887,REGIONAL BUS
143.58641,-38.34257,REGIONAL BUS
143.76895,-37.59661,REGIONAL BUS
142.2054,-36.73736,REGIONAL BUS
142.20248,-36.73052,REGIONAL BUS
142.20286,-36.72112,REGIONAL BUS
142.19421,-36.71181,REGIONAL BUS
142.18997,-36.71185,REGIONAL BUS
142.18999,-36.71169,REGIONAL BUS
142.18652,-36.71124,REGIONAL BUS
142.18541,-36.71185,REGIONAL BUS
142.18554,-36.71172,REGIONAL BUS
142.1803,-36.71649,REGIONAL BUS
142.18284,-36.71996,REGIONAL BUS
142.18463,-36.71872,REGIONAL BUS
142.18415,-36.71618,REGIONAL BUS
142.18284,-36.71344,REGIONAL BUS
142.18017,-36.71231,REGIONAL BUS
142.18623,-36.71869,REGIONAL BUS
142.19366,-36.71656,REGIONAL BUS
142.20074,-36.70283,REGIONAL BUS
142.20096,-36.70319,REGIONAL BUS
142.20172,-36.69925,REGIONAL BUS
142.20361,-36.69689,REGIONAL BUS
142.20345,-36.697,REGIONAL BUS
142.20559,-36.69808,REGIONAL BUS
142.20493,-36.70133,REGIONAL BUS
142.21215,-36.70432,REGIONAL BUS
142.21221,-36.70446,REGIONAL BUS
142.21685,-36.70431,REGIONAL BUS
142.21661,-36.70444,REGIONAL BUS
142.21758,-36.70599,REGIONAL BUS
142.21552,-36.70759,REGIONAL BUS
143.78344,-38.33619,REGIONAL BUS
142.21419,-36.70871,REGIONAL BUS
142.21246,-36.70993,REGIONAL BUS
142.20918,-36.71162,REGIONAL BUS
142.1878,-36.70966,REGIONAL BUS
142.18969,-36.70908,REGIONAL BUS
142.19325,-36.70652,REGIONAL BUS
142.19588,-36.70267,REGIONAL BUS
142.77297,-37.05821,REGIONAL BUS
142.77216,-37.05658,REGIONAL BUS
142.76723,-37.05563,REGIONAL BUS
142.76822,-37.05347,REGIONAL BUS
142.7708,-37.05319,REGIONAL BUS
142.77082,-37.05091,REGIONAL BUS
142.77004,-37.04835,REGIONAL BUS
142.77225,-37.05028,REGIONAL BUS
142.77414,-37.05264,REGIONAL BUS
142.77516,-37.0539,REGIONAL BUS
142.77732,-37.05299,REGIONAL BUS
142.77906,-37.05196,REGIONAL BUS
142.77796,-37.04972,REGIONAL BUS
142.77952,-37.04835,REGIONAL BUS
142.7814,-37.04732,REGIONAL BUS
142.78174,-37.04512,REGIONAL BUS
142.78357,-37.04708,REGIONAL BUS
142.7861,-37.05006,REGIONAL BUS
142.78674,-37.05158,REGIONAL BUS
142.78447,-37.05363,REGIONAL BUS
142.78635,-37.05597,REGIONAL BUS
142.78382,-37.05586,REGIONAL BUS
142.77961,-37.05908,REGIONAL BUS
142.7769,-37.06068,REGIONAL BUS
142.77406,-37.06152,REGIONAL BUS
142.77172,-37.06084,REGIONAL BUS
142.76887,-37.05987,REGIONAL BUS
142.76543,-37.06042,REGIONAL BUS
142.76176,-37.06028,REGIONAL BUS
142.75851,-37.06052,REGIONAL BUS
142.76065,-37.06232,REGIONAL BUS
142.76325,-37.06335,REGIONAL BUS
142.7639,-37.06613,REGIONAL BUS
142.7668,-37.06594,REGIONAL BUS
142.76513,-37.06375,REGIONAL BUS
142.7679,-37.0639,REGIONAL BUS
142.77182,-37.0654,REGIONAL BUS
142.77469,-37.06609,REGIONAL BUS
142.77714,-37.06526,REGIONAL BUS
142.77765,-37.06329,REGIONAL BUS
142.7811,-37.06378,REGIONAL BUS
142.7838,-37.06378,REGIONAL BUS
142.78857,-37.06605,REGIONAL BUS
142.79157,-37.06748,REGIONAL BUS
142.79276,-37.06492,REGIONAL BUS
142.79217,-37.06362,REGIONAL BUS
142.7908,-37.06301,REGIONAL BUS
142.78821,-37.06125,REGIONAL BUS
142.78702,-37.05963,REGIONAL BUS
146.0138,-36.54229,REGIONAL BUS
146.00897,-36.54352,REGIONAL BUS
146.00691,-36.54468,REGIONAL BUS
145.99896,-36.54777,REGIONAL BUS
147.06467,-38.11144,REGIONAL BUS
147.06299,-38.11171,REGIONAL BUS
147.06675,-38.11358,REGIONAL BUS
147.06703,-38.11368,REGIONAL BUS
147.07015,-38.11124,REGIONAL BUS
147.08269,-38.08785,REGIONAL BUS
147.07656,-38.08777,REGIONAL BUS
147.07861,-38.09275,REGIONAL BUS
147.06848,-38.10977,REGIONAL BUS
147.06819,-38.10995,REGIONAL BUS
147.06828,-38.10605,REGIONAL BUS
147.06777,-38.1014,REGIONAL BUS
147.06806,-38.1013,REGIONAL BUS
147.06836,-38.09554,REGIONAL BUS
147.06855,-38.09561,REGIONAL BUS
147.06673,-38.0921,REGIONAL BUS
147.06686,-38.09192,REGIONAL BUS
147.05959,-38.08746,REGIONAL BUS
147.05692,-38.08884,REGIONAL BUS
147.05605,-38.08675,REGIONAL BUS
147.05561,-38.08488,REGIONAL BUS
147.0712,-38.08103,REGIONAL BUS
147.06906,-38.07972,REGIONAL BUS
147.06728,-38.07874,REGIONAL BUS
147.07057,-38.07965,REGIONAL BUS
147.08735,-38.16254,REGIONAL BUS
147.08752,-38.16273,REGIONAL BUS
147.10007,-38.1654,REGIONAL BUS
147.5687,-38.05735,REGIONAL BUS
147.56874,-38.05748,REGIONAL BUS
147.57661,-38.05067,REGIONAL BUS
147.57703,-38.05051,REGIONAL BUS
147.58093,-38.04681,REGIONAL BUS
147.58083,-38.04707,REGIONAL BUS
147.58704,-38.04541,REGIONAL BUS
147.58711,-38.04549,REGIONAL BUS
147.5916,-38.04129,REGIONAL BUS
147.61226,-38.02798,REGIONAL BUS
147.6031,-38.03359,REGIONAL BUS
145.48883,-38.09745,REGIONAL BUS
145.8971,-37.23494,REGIONAL BUS
145.91339,-37.22979,REGIONAL BUS
144.57823,-37.4905,REGIONAL BUS
144.59714,-37.462,REGIONAL BUS
144.59719,-37.46228,REGIONAL BUS
144.5862,-37.4763,REGIONAL BUS
144.5915,-37.47728,REGIONAL BUS
144.5865,-37.4877,REGIONAL BUS
144.58483,-37.49207,REGIONAL BUS
144.58545,-37.4957,REGIONAL BUS
144.58785,-37.4997,REGIONAL BUS
144.58857,-37.5029,REGIONAL BUS
144.59035,-37.49998,REGIONAL BUS
144.59102,-37.49996,REGIONAL BUS
144.5971,-37.50097,REGIONAL BUS
144.59636,-37.50489,REGIONAL BUS
144.59649,-37.50496,REGIONAL BUS
144.60218,-37.51053,REGIONAL BUS
144.60197,-37.51041,REGIONAL BUS
144.60931,-37.51066,REGIONAL BUS
144.60945,-37.51091,REGIONAL BUS
144.60884,-37.50595,REGIONAL BUS
144.60903,-37.50593,REGIONAL BUS
144.60481,-37.50488,REGIONAL BUS
144.60495,-37.50479,REGIONAL BUS
144.6046,-37.50214,REGIONAL BUS
144.60473,-37.50218,REGIONAL BUS
144.60502,-37.49798,REGIONAL BUS
144.60123,-37.49754,REGIONAL BUS
144.59759,-37.49713,REGIONAL BUS
144.59832,-37.49337,REGIONAL BUS
144.59464,-37.49261,REGIONAL BUS
144.59491,-37.49251,REGIONAL BUS
144.59065,-37.49116,REGIONAL BUS
144.59051,-37.4911,REGIONAL BUS
144.59323,-37.48814,REGIONAL BUS
144.60054,-37.48419,REGIONAL BUS
144.60788,-37.47922,REGIONAL BUS
144.60546,-37.47309,REGIONAL BUS
144.5958,-37.46944,REGIONAL BUS
144.59598,-37.46928,REGIONAL BUS
144.59693,-37.46429,REGIONAL BUS
144.59714,-37.46423,REGIONAL BUS
144.59849,-37.45944,REGIONAL BUS
145.48563,-38.08005,REGIONAL BUS
143.76891,-37.59636,REGIONAL BUS
146.4313,-38.23715,REGIONAL BUS
146.39902,-38.23754,REGIONAL BUS
146.157,-38.4008,REGIONAL BUS
146.53837,-38.19474,REGIONAL BUS
146.53738,-38.1989,REGIONAL BUS
146.38439,-38.2337,REGIONAL BUS
146.38379,-38.23365,REGIONAL BUS
145.49342,-38.07678,REGIONAL BUS
145.49409,-38.0737,REGIONAL BUS
145.49362,-38.07151,REGIONAL BUS
145.4807,-38.07168,REGIONAL BUS
145.47738,-38.07143,REGIONAL BUS
145.46477,-38.06494,REGIONAL BUS
145.46174,-38.06363,REGIONAL BUS
145.43638,-38.06324,REGIONAL BUS
145.41891,-38.06264,REGIONAL BUS
145.41434,-38.06118,REGIONAL BUS
145.40819,-38.05999,REGIONAL BUS
145.40567,-38.05954,REGIONAL BUS
145.39047,-38.05676,REGIONAL BUS
143.82323,-37.53459,REGIONAL BUS
143.83019,-37.53998,REGIONAL BUS
143.83452,-37.5405,REGIONAL BUS
143.84824,-37.56063,REGIONAL BUS
143.85447,-37.56137,REGIONAL BUS
143.8651,-37.5621,REGIONAL BUS
143.86205,-37.56318,REGIONAL BUS
143.83376,-37.55927,REGIONAL BUS
143.82307,-37.53412,REGIONAL BUS
143.89433,-37.42455,REGIONAL BUS
143.88913,-37.41005,REGIONAL BUS
143.88938,-37.41008,REGIONAL BUS
143.89443,-37.42457,REGIONAL BUS
143.85849,-37.55866,REGIONAL BUS
143.84768,-37.55902,REGIONAL BUS
144.07472,-37.00984,REGIONAL BUS
144.20046,-37.06991,REGIONAL BUS
144.20793,-37.07219,REGIONAL BUS
144.21722,-37.06579,REGIONAL BUS
144.21409,-37.06294,REGIONAL BUS
144.30437,-36.77456,REGIONAL BUS
144.30085,-36.77702,REGIONAL BUS
144.30427,-36.77432,REGIONAL BUS
142.78222,-37.05514,REGIONAL BUS
142.77972,-37.05673,REGIONAL BUS
142.19851,-36.71419,REGIONAL BUS
142.2005,-36.71417,REGIONAL BUS
142.20627,-36.71338,REGIONAL BUS
142.20889,-36.71176,REGIONAL BUS
142.20213,-36.70897,REGIONAL BUS
142.19887,-36.70461,REGIONAL BUS
142.2016,-36.69907,REGIONAL BUS
142.2053,-36.69959,REGIONAL BUS
142.20506,-36.7011,REGIONAL BUS
142.2051,-36.70316,REGIONAL BUS
142.20744,-36.70434,REGIONAL BUS
142.21087,-36.70262,REGIONAL BUS
142.21018,-36.70169,REGIONAL BUS
142.20819,-36.70208,REGIONAL BUS
142.21021,-36.70394,REGIONAL BUS
142.20241,-36.71215,REGIONAL BUS
142.20243,-36.71475,REGIONAL BUS
142.19702,-36.7151,REGIONAL BUS
142.21207,-36.70997,REGIONAL BUS
142.21408,-36.70859,REGIONAL BUS
142.21532,-36.7075,REGIONAL BUS
142.21748,-36.70583,REGIONAL BUS
142.18878,-36.7027,REGIONAL BUS
142.18715,-36.70452,REGIONAL BUS
142.18805,-36.70614,REGIONAL BUS
142.18919,-36.70664,REGIONAL BUS
143.67234,-37.49003,REGIONAL BUS
142.19296,-36.7176,REGIONAL BUS
142.19297,-36.72162,REGIONAL BUS
142.1908,-36.72203,REGIONAL BUS
142.1864,-36.72048,REGIONAL BUS
142.18518,-36.72207,REGIONAL BUS
142.18332,-36.72275,REGIONAL BUS
142.18073,-36.72372,REGIONAL BUS
142.178,-36.72398,REGIONAL BUS
142.1771,-36.72452,REGIONAL BUS
142.17596,-36.72638,REGIONAL BUS
142.17448,-36.72795,REGIONAL BUS
142.17139,-36.72973,REGIONAL BUS
142.17008,-36.72845,REGIONAL BUS
142.17326,-36.72734,REGIONAL BUS
142.17435,-36.72624,REGIONAL BUS
142.17796,-36.72181,REGIONAL BUS
142.18032,-36.72093,REGIONAL BUS
142.18746,-36.70964,REGIONAL BUS
142.18928,-36.70909,REGIONAL BUS
142.19469,-36.7117,REGIONAL BUS
142.20551,-36.72755,REGIONAL BUS
142.2057,-36.73918,REGIONAL BUS
142.20506,-36.73121,REGIONAL BUS
142.20499,-36.72981,REGIONAL BUS
142.20487,-36.72741,REGIONAL BUS
142.20279,-36.72137,REGIONAL BUS
142.20769,-36.72604,REGIONAL BUS
142.21348,-36.7261,REGIONAL BUS
142.21274,-36.72298,REGIONAL BUS
142.21066,-36.72394,REGIONAL BUS
142.21029,-36.72685,REGIONAL BUS
142.20863,-36.72724,REGIONAL BUS
142.20692,-36.72809,REGIONAL BUS
142.20803,-36.73075,REGIONAL BUS
142.20597,-36.73304,REGIONAL BUS
142.19919,-36.72489,REGIONAL BUS
142.2021,-36.7261,REGIONAL BUS
142.02513,-37.74251,REGIONAL BUS
143.74199,-37.048,REGIONAL BUS
141.6029,-38.34622,REGIONAL BUS
141.60574,-38.34629,REGIONAL BUS
141.6066,-38.33933,REGIONAL BUS
141.60589,-38.33108,REGIONAL BUS
141.60375,-38.33108,REGIONAL BUS
141.60222,-38.32767,REGIONAL BUS
141.60046,-38.32731,REGIONAL BUS
141.59747,-38.32857,REGIONAL BUS
141.59748,-38.33027,REGIONAL BUS
141.59677,-38.33204,REGIONAL BUS
141.5936,-38.33202,REGIONAL BUS
141.59254,-38.33264,REGIONAL BUS
141.59239,-38.33577,REGIONAL BUS
141.59615,-38.34183,REGIONAL BUS
141.60058,-38.34195,REGIONAL BUS
141.60646,-38.34821,REGIONAL BUS
141.60602,-38.35128,REGIONAL BUS
141.60606,-38.35481,REGIONAL BUS
141.60438,-38.3598,REGIONAL BUS
141.60067,-38.35944,REGIONAL BUS
141.59683,-38.35925,REGIONAL BUS
141.59348,-38.36086,REGIONAL BUS
141.59346,-38.36458,REGIONAL BUS
141.59529,-38.36518,REGIONAL BUS
141.59663,-38.36674,REGIONAL BUS
141.60097,-38.36418,REGIONAL BUS
141.60431,-38.3639,REGIONAL BUS
141.6072,-38.3642,REGIONAL BUS
141.61157,-38.36465,REGIONAL BUS
141.61345,-38.36483,REGIONAL BUS
141.61736,-38.36149,REGIONAL BUS
141.6174,-38.36007,REGIONAL BUS
141.61812,-38.35929,REGIONAL BUS
141.61515,-38.35721,REGIONAL BUS
141.6009,-38.34746,REGIONAL BUS
142.4859,-38.38238,REGIONAL BUS
142.47424,-38.37951,REGIONAL BUS
142.47246,-38.37803,REGIONAL BUS
142.47396,-38.3747,REGIONAL BUS
142.47138,-38.37343,REGIONAL BUS
142.47395,-38.3744,REGIONAL BUS
142.47353,-38.37902,REGIONAL BUS
142.48602,-38.38228,REGIONAL BUS
142.48241,-38.38101,REGIONAL BUS
142.48516,-38.37636,REGIONAL BUS
142.48701,-38.37507,REGIONAL BUS
142.489,-38.3694,REGIONAL BUS
142.49569,-38.36403,REGIONAL BUS
142.50295,-38.37387,REGIONAL BUS
142.47414,-38.36463,REGIONAL BUS
142.48471,-38.36608,REGIONAL BUS
142.49707,-38.3623,REGIONAL BUS
142.50029,-38.36168,REGIONAL BUS
142.50322,-38.36198,REGIONAL BUS
142.5048,-38.36371,REGIONAL BUS
142.51176,-38.36803,REGIONAL BUS
142.51207,-38.38399,REGIONAL BUS
142.51519,-38.38224,REGIONAL BUS
142.49059,-38.37989,REGIONAL BUS
142.49666,-38.3766,REGIONAL BUS
142.49406,-38.37788,REGIONAL BUS
142.51463,-38.38365,REGIONAL BUS
142.52489,-38.3838,REGIONAL BUS
142.53188,-38.38479,REGIONAL BUS
142.52211,-38.3839,REGIONAL BUS
142.48021,-38.37678,REGIONAL BUS
142.46467,-38.36706,REGIONAL BUS
142.46817,-38.36913,REGIONAL BUS
142.47471,-38.37207,REGIONAL BUS
142.48378,-38.37641,REGIONAL BUS
142.47665,-38.36815,REGIONAL BUS
142.47485,-38.36755,REGIONAL BUS
142.46488,-38.36237,REGIONAL BUS
142.4607,-38.36471,REGIONAL BUS
142.47569,-38.38511,REGIONAL BUS
142.46129,-38.37316,REGIONAL BUS
142.44645,-38.35646,REGIONAL BUS
142.45628,-38.36212,REGIONAL BUS
142.45986,-38.37399,REGIONAL BUS
142.48414,-38.38616,REGIONAL BUS
142.4837,-38.38799,REGIONAL BUS
142.48149,-38.39284,REGIONAL BUS
142.47327,-38.39599,REGIONAL BUS
142.46998,-38.39481,REGIONAL BUS
142.46929,-38.3919,REGIONAL BUS
142.47038,-38.38881,REGIONAL BUS
142.46762,-38.38341,REGIONAL BUS
142.45695,-38.37867,REGIONAL BUS
142.45411,-38.37706,REGIONAL BUS
142.45572,-38.37469,REGIONAL BUS
142.48653,-38.38723,REGIONAL BUS
142.49093,-38.38926,REGIONAL BUS
142.49877,-38.38869,REGIONAL BUS
142.5051,-38.39275,REGIONAL BUS
142.50542,-38.39577,REGIONAL BUS
142.50816,-38.39643,REGIONAL BUS
142.50496,-38.39279,REGIONAL BUS
142.51092,-38.38956,REGIONAL BUS
142.51133,-38.38699,REGIONAL BUS
142.51146,-38.38708,REGIONAL BUS
142.49941,-38.38879,REGIONAL BUS
142.45879,-38.36407,REGIONAL BUS
142.46038,-38.35921,REGIONAL BUS
142.4421,-38.35816,REGIONAL BUS
142.37373,-38.30283,REGIONAL BUS
142.23889,-38.38352,REGIONAL BUS
142.32318,-38.33779,REGIONAL BUS
142.32906,-38.31349,REGIONAL BUS
142.44207,-38.35818,REGIONAL BUS
142.53828,-38.39121,REGIONAL BUS
143.71032,-38.7246,REGIONAL BUS
143.59783,-38.34184,REGIONAL BUS
143.59538,-38.33833,REGIONAL BUS
143.5962,-38.3358,REGIONAL BUS
143.59891,-38.3347,REGIONAL BUS
143.60314,-38.33527,REGIONAL BUS
143.60142,-38.33683,REGIONAL BUS
143.60028,-38.33822,REGIONAL BUS
143.59234,-38.34337,REGIONAL BUS
143.5915,-38.34787,REGIONAL BUS
143.58946,-38.34725,REGIONAL BUS
143.58314,-38.34192,REGIONAL BUS
143.56918,-38.33891,REGIONAL BUS
143.57225,-38.33492,REGIONAL BUS
143.57291,-38.33136,REGIONAL BUS
143.57196,-38.33044,REGIONAL BUS
143.56852,-38.3327,REGIONAL BUS
143.57326,-38.33342,REGIONAL BUS
143.57588,-38.33489,REGIONAL BUS
143.57833,-38.33584,REGIONAL BUS
143.58714,-38.33935,REGIONAL BUS
143.55736,-38.24935,REGIONAL BUS
143.73607,-37.05257,REGIONAL BUS
143.72678,-37.09373,REGIONAL BUS
143.70383,-37.19698,REGIONAL BUS
143.78709,-37.2941,REGIONAL BUS
143.78715,-37.29435,REGIONAL BUS
144.74913,-36.12585,REGIONAL BUS
144.74814,-36.12788,REGIONAL BUS
144.74825,-36.1283,REGIONAL BUS
144.74867,-36.13011,REGIONAL BUS
144.7489,-36.13093,REGIONAL BUS
144.74845,-36.13724,REGIONAL BUS
144.7463,-36.1376,REGIONAL BUS
144.74813,-36.14009,REGIONAL BUS
144.75175,-36.14211,REGIONAL BUS
144.74574,-36.14507,REGIONAL BUS
144.74297,-36.14166,REGIONAL BUS
144.73958,-36.13981,REGIONAL BUS
144.72988,-36.14564,REGIONAL BUS
144.73064,-36.14419,REGIONAL BUS
144.73381,-36.1412,REGIONAL BUS
144.7316,-36.1369,REGIONAL BUS
144.73452,-36.13692,REGIONAL BUS
144.73751,-36.1369,REGIONAL BUS
144.74299,-36.1413,REGIONAL BUS
144.74367,-36.14395,REGIONAL BUS
144.74777,-36.1441,REGIONAL BUS
144.75087,-36.14358,REGIONAL BUS
144.7513,-36.14133,REGIONAL BUS
144.74618,-36.139,REGIONAL BUS
144.74623,-36.13747,REGIONAL BUS
144.74848,-36.13711,REGIONAL BUS
144.7479,-36.12815,REGIONAL BUS
144.75329,-36.12782,REGIONAL BUS
144.75599,-36.12756,REGIONAL BUS
144.76211,-36.12802,REGIONAL BUS
144.76459,-36.1287,REGIONAL BUS
144.76427,-36.12915,REGIONAL BUS
144.76021,-36.12949,REGIONAL BUS
144.75867,-36.13131,REGIONAL BUS
144.76195,-36.13129,REGIONAL BUS
144.76328,-36.13291,REGIONAL BUS
144.76071,-36.13362,REGIONAL BUS
144.76102,-36.13757,REGIONAL BUS
144.76508,-36.13901,REGIONAL BUS
144.76504,-36.13708,REGIONAL BUS
144.76498,-36.13562,REGIONAL BUS
144.76331,-36.13452,REGIONAL BUS
144.75905,-36.13433,REGIONAL BUS
144.75937,-36.13696,REGIONAL BUS
144.75651,-36.13607,REGIONAL BUS
144.75597,-36.13436,REGIONAL BUS
144.75559,-36.13141,REGIONAL BUS
144.75518,-36.12827,REGIONAL BUS
144.75817,-36.11495,REGIONAL BUS
144.7621,-36.1145,REGIONAL BUS
144.76483,-36.11482,REGIONAL BUS
144.76624,-36.11427,REGIONAL BUS
144.77379,-36.11533,REGIONAL BUS
144.76525,-36.1143,REGIONAL BUS
144.76301,-36.11406,REGIONAL BUS
144.75919,-36.11158,REGIONAL BUS
144.76008,-36.11042,REGIONAL BUS
144.76118,-36.10876,REGIONAL BUS
144.76019,-36.10913,REGIONAL BUS
144.75795,-36.10982,REGIONAL BUS
144.75676,-36.10816,REGIONAL BUS
144.75938,-36.10652,REGIONAL BUS
144.75926,-36.10386,REGIONAL BUS
144.7562,-36.10077,REGIONAL BUS
144.76394,-36.09992,REGIONAL BUS
144.76314,-36.10127,REGIONAL BUS
144.75521,-36.09846,REGIONAL BUS
144.75459,-36.09639,REGIONAL BUS
144.75696,-36.1026,REGIONAL BUS
144.75516,-36.10326,REGIONAL BUS
144.75515,-36.10463,REGIONAL BUS
144.75544,-36.10669,REGIONAL BUS
144.75422,-36.10792,REGIONAL BUS
144.75507,-36.1118,REGIONAL BUS
144.75668,-36.11407,REGIONAL BUS
145.36133,-36.39411,REGIONAL BUS
145.36112,-36.39457,REGIONAL BUS
145.35123,-36.38942,REGIONAL BUS
145.35017,-36.38844,REGIONAL BUS
145.35036,-36.38736,REGIONAL BUS
145.35467,-36.38764,REGIONAL BUS
145.3562,-36.38645,REGIONAL BUS
145.35792,-36.38881,REGIONAL BUS
145.35779,-36.38957,REGIONAL BUS
145.35698,-36.39057,REGIONAL BUS
145.35743,-36.39251,REGIONAL BUS
145.35442,-36.39803,REGIONAL BUS
145.34791,-36.39887,REGIONAL BUS
145.34549,-36.39922,REGIONAL BUS
145.34395,-36.39856,REGIONAL BUS
145.35081,-36.39674,REGIONAL BUS
145.3529,-36.39643,REGIONAL BUS
145.35503,-36.395,REGIONAL BUS
145.35865,-36.38755,REGIONAL BUS
145.34769,-36.37707,REGIONAL BUS
145.34564,-36.37697,REGIONAL BUS
145.3439,-36.37699,REGIONAL BUS
145.34256,-36.37884,REGIONAL BUS
145.34879,-36.37903,REGIONAL BUS
145.35295,-36.38085,REGIONAL BUS
145.35462,-36.38035,REGIONAL BUS
145.35474,-36.38135,REGIONAL BUS
145.35725,-36.38492,REGIONAL BUS
145.36017,-36.38903,REGIONAL BUS
145.36036,-36.39087,REGIONAL BUS
145.35678,-36.39475,REGIONAL BUS
145.36564,-36.39195,REGIONAL BUS
145.40028,-36.38387,REGIONAL BUS
145.40027,-36.38401,REGIONAL BUS
145.40025,-36.38415,REGIONAL BUS
145.40006,-36.38423,REGIONAL BUS
145.41158,-36.38867,REGIONAL BUS
145.40385,-36.38861,REGIONAL BUS
145.38456,-36.41863,REGIONAL BUS
145.41055,-36.40504,REGIONAL BUS
145.40636,-36.40576,REGIONAL BUS
145.40073,-36.3994,REGIONAL BUS
145.4009,-36.39709,REGIONAL BUS
145.40152,-36.39425,REGIONAL BUS
145.39255,-36.39967,REGIONAL BUS
145.39715,-36.39776,REGIONAL BUS
145.39913,-36.40003,REGIONAL BUS
145.40579,-36.39294,REGIONAL BUS
145.4061,-36.39138,REGIONAL BUS
145.3915,-36.39752,REGIONAL BUS
145.40653,-36.38932,REGIONAL BUS
145.41482,-36.39384,REGIONAL BUS
145.41236,-36.40079,REGIONAL BUS
145.41147,-36.40188,REGIONAL BUS
145.40984,-36.39721,REGIONAL BUS
145.41038,-36.39456,REGIONAL BUS
145.39776,-36.35846,REGIONAL BUS
145.39833,-36.36198,REGIONAL BUS
145.41141,-36.37347,REGIONAL BUS
145.40472,-36.36255,REGIONAL BUS
145.40138,-36.36321,REGIONAL BUS
145.39855,-36.35932,REGIONAL BUS
145.39973,-36.37966,REGIONAL BUS
145.38585,-36.35945,REGIONAL BUS
145.39219,-36.36048,REGIONAL BUS
145.39522,-36.36914,REGIONAL BUS
145.39354,-36.36942,REGIONAL BUS
145.3964,-36.37337,REGIONAL BUS
145.1319,-36.37183,REGIONAL BUS
145.30986,-38.02663,REGIONAL BUS
144.98065,-36.39694,REGIONAL BUS
144.79617,-36.59038,REGIONAL BUS
144.7961,-36.59022,REGIONAL BUS
142.94161,-37.2753,REGIONAL BUS
142.94308,-37.27453,REGIONAL BUS
142.94601,-37.277,REGIONAL BUS
142.94727,-37.27908,REGIONAL BUS
142.94012,-37.28836,REGIONAL BUS
142.92829,-37.28407,REGIONAL BUS
142.93278,-37.27945,REGIONAL BUS
145.31519,-38.02729,REGIONAL BUS
142.92179,-37.29072,REGIONAL BUS
142.92239,-37.29359,REGIONAL BUS
142.92711,-37.29397,REGIONAL BUS
142.93276,-37.29323,REGIONAL BUS
142.93459,-37.29337,REGIONAL BUS
142.93778,-37.29284,REGIONAL BUS
142.9204,-37.28548,REGIONAL BUS
142.92223,-37.27478,REGIONAL BUS
142.91849,-37.26581,REGIONAL BUS
142.9566,-37.27608,REGIONAL BUS
144.28296,-36.76525,REGIONAL BUS
143.54625,-35.33221,REGIONAL BUS
143.54344,-35.34491,REGIONAL BUS
143.54479,-35.34766,REGIONAL BUS
143.54439,-35.35008,REGIONAL BUS
143.55391,-35.33529,REGIONAL BUS
143.55979,-35.35654,REGIONAL BUS
143.5444,-35.3472,REGIONAL BUS
143.55557,-35.34028,REGIONAL BUS
143.56101,-35.33933,REGIONAL BUS
143.55851,-35.33582,REGIONAL BUS
143.56056,-35.3342,REGIONAL BUS
143.55956,-35.33253,REGIONAL BUS
143.55872,-35.32988,REGIONAL BUS
143.55178,-35.33296,REGIONAL BUS
143.55088,-35.33061,REGIONAL BUS
143.5493,-35.32998,REGIONAL BUS
143.54732,-35.33245,REGIONAL BUS
143.54226,-35.33266,REGIONAL BUS
143.54229,-35.33663,REGIONAL BUS
143.544,-35.33931,REGIONAL BUS
143.54512,-35.33715,REGIONAL BUS
143.54715,-35.3353,REGIONAL BUS
143.55104,-35.33535,REGIONAL BUS
143.55753,-35.34117,REGIONAL BUS
143.56026,-35.34281,REGIONAL BUS
143.56004,-35.33873,REGIONAL BUS
143.55981,-35.33945,REGIONAL BUS
143.5563,-35.33945,REGIONAL BUS
143.55118,-35.3408,REGIONAL BUS
143.55068,-35.34368,REGIONAL BUS
143.54607,-35.34375,REGIONAL BUS
143.5477,-35.34671,REGIONAL BUS
143.55137,-35.34881,REGIONAL BUS
143.5542,-35.35084,REGIONAL BUS
143.55288,-35.3542,REGIONAL BUS
143.5646,-35.35281,REGIONAL BUS
143.56436,-35.34966,REGIONAL BUS
143.55946,-35.34816,REGIONAL BUS
143.55576,-35.34774,REGIONAL BUS
143.55254,-35.34669,REGIONAL BUS
143.55601,-35.3436,REGIONAL BUS
143.56226,-35.34149,REGIONAL BUS
143.53058,-35.33437,REGIONAL BUS
143.45429,-35.29335,REGIONAL BUS
143.3458,-35.18524,REGIONAL BUS
143.34572,-35.10465,REGIONAL BUS
143.33631,-35.02999,REGIONAL BUS
142.15055,-34.19538,REGIONAL BUS
142.14862,-34.19698,REGIONAL BUS
142.14685,-34.19843,REGIONAL BUS
142.14503,-34.19996,REGIONAL BUS
142.1416,-34.20278,REGIONAL BUS
142.13999,-34.20411,REGIONAL BUS
142.13802,-34.20576,REGIONAL BUS
142.13804,-34.20701,REGIONAL BUS
142.13816,-34.2069,REGIONAL BUS
142.14069,-34.21012,REGIONAL BUS
142.14358,-34.21257,REGIONAL BUS
142.14705,-34.21553,REGIONAL BUS
142.15192,-34.21956,REGIONAL BUS
142.15397,-34.22126,REGIONAL BUS
142.16071,-34.22692,REGIONAL BUS
142.16687,-34.23208,REGIONAL BUS
142.17188,-34.23626,REGIONAL BUS
142.17515,-34.23899,REGIONAL BUS
142.18038,-34.24338,REGIONAL BUS
142.1812,-34.25143,REGIONAL BUS
142.18012,-34.25988,REGIONAL BUS
142.1824,-34.26545,REGIONAL BUS
142.18534,-34.27307,REGIONAL BUS
142.1865,-34.28048,REGIONAL BUS
142.1865,-34.28502,REGIONAL BUS
142.1865,-34.29789,REGIONAL BUS
142.18661,-34.30364,REGIONAL BUS
142.18739,-34.30487,REGIONAL BUS
142.18755,-34.30721,REGIONAL BUS
142.18646,-34.30439,REGIONAL BUS
142.18632,-34.29884,REGIONAL BUS
142.1863,-34.28685,REGIONAL BUS
142.18626,-34.28004,REGIONAL BUS
142.18415,-34.27042,REGIONAL BUS
142.18163,-34.26431,REGIONAL BUS
142.1799,-34.25993,REGIONAL BUS
142.18128,-34.25112,REGIONAL BUS
142.17996,-34.24332,REGIONAL BUS
142.17531,-34.23942,REGIONAL BUS
142.17085,-34.23572,REGIONAL BUS
142.16853,-34.23378,REGIONAL BUS
142.1663,-34.23193,REGIONAL BUS
142.16003,-34.2267,REGIONAL BUS
142.15537,-34.22279,REGIONAL BUS
142.15291,-34.22074,REGIONAL BUS
142.14357,-34.21294,REGIONAL BUS
142.14069,-34.21055,REGIONAL BUS
142.1381,-34.20505,REGIONAL BUS
142.13952,-34.20389,REGIONAL BUS
142.14152,-34.20225,REGIONAL BUS
142.14311,-34.20092,REGIONAL BUS
142.14599,-34.19854,REGIONAL BUS
142.14905,-34.19605,REGIONAL BUS
142.15121,-34.19426,REGIONAL BUS
142.15443,-34.19159,REGIONAL BUS
142.15672,-34.18968,REGIONAL BUS
142.15988,-34.18712,REGIONAL BUS
142.16277,-34.18469,REGIONAL BUS
142.16312,-34.18503,REGIONAL BUS
142.16036,-34.18305,REGIONAL BUS
142.16035,-34.18723,REGIONAL BUS
142.1583,-34.18894,REGIONAL BUS
142.15626,-34.19067,REGIONAL BUS
142.15368,-34.19279,REGIONAL BUS
142.15204,-34.19411,REGIONAL BUS
142.15895,-34.19071,REGIONAL BUS
142.16078,-34.19224,REGIONAL BUS
142.16339,-34.19445,REGIONAL BUS
142.16477,-34.19559,REGIONAL BUS
142.16954,-34.19958,REGIONAL BUS
142.17153,-34.20123,REGIONAL BUS
142.17407,-34.20013,REGIONAL BUS
142.17779,-34.19958,REGIONAL BUS
142.18622,-34.19674,REGIONAL BUS
142.18363,-34.19505,REGIONAL BUS
142.18099,-34.19547,REGIONAL BUS
142.17467,-34.19988,REGIONAL BUS
142.17292,-34.20132,REGIONAL BUS
142.17144,-34.20144,REGIONAL BUS
142.16969,-34.19998,REGIONAL BUS
142.16663,-34.19842,REGIONAL BUS
142.161,-34.19861,REGIONAL BUS
142.16129,-34.20276,REGIONAL BUS
142.16002,-34.2038,REGIONAL BUS
142.15852,-34.20506,REGIONAL BUS
142.15743,-34.20594,REGIONAL BUS
142.15447,-34.20457,REGIONAL BUS
142.15233,-34.20279,REGIONAL BUS
145.38989,-38.05627,REGIONAL BUS
142.15088,-34.20324,REGIONAL BUS
142.14865,-34.20509,REGIONAL BUS
142.14549,-34.2077,REGIONAL BUS
142.14469,-34.20912,REGIONAL BUS
142.14568,-34.21143,REGIONAL BUS
142.1477,-34.21312,REGIONAL BUS
142.14747,-34.21424,REGIONAL BUS
145.40567,-38.05921,REGIONAL BUS
145.40921,-38.05988,REGIONAL BUS
142.1345,-34.20528,REGIONAL BUS
142.13339,-34.20434,REGIONAL BUS
142.13179,-34.20302,REGIONAL BUS
142.13001,-34.20382,REGIONAL BUS
142.12718,-34.20372,REGIONAL BUS
142.12683,-34.20099,REGIONAL BUS
142.127,-34.1993,REGIONAL BUS
142.12692,-34.19804,REGIONAL BUS
142.12853,-34.19674,REGIONAL BUS
142.13011,-34.19543,REGIONAL BUS
145.41564,-38.06112,REGIONAL BUS
142.131,-34.1954,REGIONAL BUS
142.13391,-34.19677,REGIONAL BUS
142.13536,-34.19919,REGIONAL BUS
142.13726,-34.19762,REGIONAL BUS
142.14078,-34.19473,REGIONAL BUS
142.13898,-34.19166,REGIONAL BUS
142.13578,-34.19178,REGIONAL BUS
142.13753,-34.19216,REGIONAL BUS
142.1427,-34.19315,REGIONAL BUS
142.14524,-34.19104,REGIONAL BUS
145.41926,-38.06226,REGIONAL BUS
142.14778,-34.18892,REGIONAL BUS
142.14811,-34.18782,REGIONAL BUS
142.14459,-34.18345,REGIONAL BUS
142.14597,-34.1823,REGIONAL BUS
142.14704,-34.18142,REGIONAL BUS
142.14851,-34.1802,REGIONAL BUS
142.15017,-34.17884,REGIONAL BUS
142.14997,-34.17752,REGIONAL BUS
142.14876,-34.1765,REGIONAL BUS
142.14676,-34.17482,REGIONAL BUS
142.1484,-34.17304,REGIONAL BUS
142.15067,-34.17493,REGIONAL BUS
142.15231,-34.17631,REGIONAL BUS
142.15378,-34.17756,REGIONAL BUS
142.15705,-34.18027,REGIONAL BUS
142.15603,-34.17965,REGIONAL BUS
142.15373,-34.17771,REGIONAL BUS
142.15221,-34.17644,REGIONAL BUS
142.1505,-34.17504,REGIONAL BUS
142.14816,-34.17306,REGIONAL BUS
142.14871,-34.18025,REGIONAL BUS
145.46332,-38.06382,REGIONAL BUS
142.14716,-34.18153,REGIONAL BUS
142.14593,-34.18256,REGIONAL BUS
142.14439,-34.18384,REGIONAL BUS
142.12848,-34.19695,REGIONAL BUS
142.12708,-34.19812,REGIONAL BUS
142.12756,-34.19931,REGIONAL BUS
142.13186,-34.20287,REGIONAL BUS
142.13348,-34.20424,REGIONAL BUS
142.13492,-34.20544,REGIONAL BUS
142.13052,-34.20196,REGIONAL BUS
142.13098,-34.20215,REGIONAL BUS
142.147,-34.17238,REGIONAL BUS
142.14457,-34.17033,REGIONAL BUS
142.13887,-34.1653,REGIONAL BUS
142.13615,-34.16623,REGIONAL BUS
142.13424,-34.16781,REGIONAL BUS
145.47714,-38.07115,REGIONAL BUS
142.13335,-34.16933,REGIONAL BUS
142.13601,-34.17162,REGIONAL BUS
142.13809,-34.17338,REGIONAL BUS
142.14174,-34.17644,REGIONAL BUS
142.14495,-34.17903,REGIONAL BUS
142.14676,-34.18057,REGIONAL BUS
142.13491,-34.19164,REGIONAL BUS
142.13279,-34.19341,REGIONAL BUS
142.13146,-34.1945,REGIONAL BUS
142.13779,-34.21385,REGIONAL BUS
145.4816,-38.07147,REGIONAL BUS
142.13972,-34.21226,REGIONAL BUS
142.13984,-34.21234,REGIONAL BUS
142.13799,-34.21386,REGIONAL BUS
142.13448,-34.2168,REGIONAL BUS
142.13362,-34.21748,REGIONAL BUS
142.13174,-34.21899,REGIONAL BUS
142.12975,-34.21864,REGIONAL BUS
142.12638,-34.21583,REGIONAL BUS
142.12504,-34.21472,REGIONAL BUS
142.12134,-34.21163,REGIONAL BUS
142.12326,-34.20917,REGIONAL BUS
142.12724,-34.20589,REGIONAL BUS
142.12646,-34.2049,REGIONAL BUS
142.12603,-34.20339,REGIONAL BUS
142.12418,-34.20244,REGIONAL BUS
142.12363,-34.20077,REGIONAL BUS
142.12301,-34.19805,REGIONAL BUS
142.12477,-34.19695,REGIONAL BUS
145.49372,-38.07136,REGIONAL BUS
142.12609,-34.19808,REGIONAL BUS
142.13134,-34.19441,REGIONAL BUS
142.13497,-34.19141,REGIONAL BUS
142.14646,-34.18051,REGIONAL BUS
142.14484,-34.17914,REGIONAL BUS
142.14162,-34.17653,REGIONAL BUS
142.13757,-34.1732,REGIONAL BUS
142.13589,-34.17173,REGIONAL BUS
142.13324,-34.16943,REGIONAL BUS
145.49354,-38.07707,REGIONAL BUS
142.13428,-34.16758,REGIONAL BUS
142.1361,-34.1661,REGIONAL BUS
142.13894,-34.16523,REGIONAL BUS
142.14292,-34.1688,REGIONAL BUS
142.14465,-34.17025,REGIONAL BUS
142.1471,-34.17231,REGIONAL BUS
142.14858,-34.17932,REGIONAL BUS
142.14711,-34.17808,REGIONAL BUS
142.14505,-34.17638,REGIONAL BUS
142.14345,-34.17647,REGIONAL BUS
142.14326,-34.17643,REGIONAL BUS
142.14513,-34.17624,REGIONAL BUS
142.14722,-34.17797,REGIONAL BUS
142.14866,-34.17919,REGIONAL BUS
142.13143,-34.17014,REGIONAL BUS
142.12953,-34.17169,REGIONAL BUS
142.12558,-34.17497,REGIONAL BUS
142.11317,-34.17648,REGIONAL BUS
142.10905,-34.17756,REGIONAL BUS
142.10308,-34.1773,REGIONAL BUS
142.07652,-34.17099,REGIONAL BUS
142.07435,-34.1694,REGIONAL BUS
142.07119,-34.16919,REGIONAL BUS
142.06843,-34.16847,REGIONAL BUS
142.06599,-34.16799,REGIONAL BUS
142.06359,-34.168,REGIONAL BUS
142.06076,-34.16838,REGIONAL BUS
142.06375,-34.16786,REGIONAL BUS
142.06614,-34.16786,REGIONAL BUS
142.06852,-34.16834,REGIONAL BUS
142.07127,-34.16903,REGIONAL BUS
142.07281,-34.16867,REGIONAL BUS
142.07552,-34.1699,REGIONAL BUS
142.0765,-34.17077,REGIONAL BUS
142.10274,-34.17691,REGIONAL BUS
142.10892,-34.17742,REGIONAL BUS
142.11307,-34.17634,REGIONAL BUS
142.1253,-34.17496,REGIONAL BUS
142.12687,-34.17368,REGIONAL BUS
142.12939,-34.1716,REGIONAL BUS
142.13129,-34.17004,REGIONAL BUS
142.12547,-34.21571,REGIONAL BUS
142.12069,-34.21965,REGIONAL BUS
142.1162,-34.22341,REGIONAL BUS
142.11008,-34.21959,REGIONAL BUS
142.10516,-34.21547,REGIONAL BUS
142.103,-34.21367,REGIONAL BUS
142.1,-34.21117,REGIONAL BUS
142.09297,-34.20528,REGIONAL BUS
142.09056,-34.20324,REGIONAL BUS
142.08564,-34.19913,REGIONAL BUS
142.07675,-34.19574,REGIONAL BUS
142.06834,-34.1967,REGIONAL BUS
142.05964,-34.19669,REGIONAL BUS
142.05847,-34.1923,REGIONAL BUS
142.05848,-34.18734,REGIONAL BUS
142.05848,-34.18099,REGIONAL BUS
142.0585,-34.17529,REGIONAL BUS
142.05866,-34.1761,REGIONAL BUS
142.05865,-34.18204,REGIONAL BUS
142.05865,-34.19315,REGIONAL BUS
142.06143,-34.19654,REGIONAL BUS
142.06848,-34.19654,REGIONAL BUS
142.07665,-34.19561,REGIONAL BUS
142.08654,-34.19966,REGIONAL BUS
142.09326,-34.2053,REGIONAL BUS
142.10114,-34.21192,REGIONAL BUS
142.10322,-34.21365,REGIONAL BUS
142.10621,-34.21614,REGIONAL BUS
142.11106,-34.22019,REGIONAL BUS
142.11627,-34.22302,REGIONAL BUS
142.12076,-34.21936,REGIONAL BUS
145.64916,-35.9203,REGIONAL BUS
145.65992,-35.91967,REGIONAL BUS
146.86123,-36.11212,REGIONAL BUS
146.85542,-36.10956,REGIONAL BUS
146.85132,-36.10983,REGIONAL BUS
146.85714,-36.11494,REGIONAL BUS
146.86189,-36.11722,REGIONAL BUS
146.86382,-36.121,REGIONAL BUS
146.867,-36.12373,REGIONAL BUS
146.86426,-36.12721,REGIONAL BUS
146.87038,-36.12197,REGIONAL BUS
146.87847,-36.12313,REGIONAL BUS
146.8837,-36.12386,REGIONAL BUS
146.88369,-36.12015,REGIONAL BUS
146.88823,-36.12337,REGIONAL BUS
146.88857,-36.12386,REGIONAL BUS
146.88793,-36.12768,REGIONAL BUS
146.8873,-36.13079,REGIONAL BUS
146.88223,-36.13078,REGIONAL BUS
146.87904,-36.13032,REGIONAL BUS
146.87297,-36.12659,REGIONAL BUS
146.86654,-36.1307,REGIONAL BUS
146.86845,-36.13145,REGIONAL BUS
146.87082,-36.1335,REGIONAL BUS
146.86517,-36.13138,REGIONAL BUS
146.86172,-36.12518,REGIONAL BUS
146.85841,-36.1253,REGIONAL BUS
146.8553,-36.12613,REGIONAL BUS
146.85179,-36.12504,REGIONAL BUS
146.85451,-36.12298,REGIONAL BUS
146.85642,-36.12045,REGIONAL BUS
146.86787,-36.11959,REGIONAL BUS
146.861,-36.1355,REGIONAL BUS
146.88664,-36.13395,REGIONAL BUS
146.88623,-36.13601,REGIONAL BUS
146.88445,-36.138,REGIONAL BUS
146.88142,-36.1376,REGIONAL BUS
146.87993,-36.1374,REGIONAL BUS
146.87616,-36.13888,REGIONAL BUS
146.8673,-36.13805,REGIONAL BUS
146.8562,-36.13421,REGIONAL BUS
146.8556,-36.13093,REGIONAL BUS
146.8572,-36.12891,REGIONAL BUS
146.86011,-36.12911,REGIONAL BUS
146.86192,-36.13058,REGIONAL BUS
146.86302,-36.13178,REGIONAL BUS
146.86728,-36.13788,REGIONAL BUS
146.88084,-36.13731,REGIONAL BUS
146.88451,-36.1378,REGIONAL BUS
146.88563,-36.13616,REGIONAL BUS
146.88606,-36.13407,REGIONAL BUS
146.88655,-36.13162,REGIONAL BUS
146.88715,-36.12872,REGIONAL BUS
146.88778,-36.1258,REGIONAL BUS
146.90006,-36.12598,REGIONAL BUS
146.90126,-36.12849,REGIONAL BUS
146.90524,-36.12854,REGIONAL BUS
146.90532,-36.12997,REGIONAL BUS
146.90469,-36.13309,REGIONAL BUS
146.902,-36.13302,REGIONAL BUS
146.89806,-36.13068,REGIONAL BUS
146.89318,-36.1279,REGIONAL BUS
146.88431,-36.12886,REGIONAL BUS
146.884,-36.1304,REGIONAL BUS
146.88355,-36.13256,REGIONAL BUS
146.8829,-36.13574,REGIONAL BUS
146.86501,-36.12138,REGIONAL BUS
146.85973,-36.12067,REGIONAL BUS
146.95434,-36.18872,REGIONAL BUS
146.94919,-36.18551,REGIONAL BUS
146.94644,-36.18256,REGIONAL BUS
146.89272,-36.11358,REGIONAL BUS
146.9019,-36.09518,REGIONAL BUS
146.9088,-36.08883,REGIONAL BUS
146.91255,-36.08024,REGIONAL BUS
146.91601,-36.0808,REGIONAL BUS
146.91701,-36.08078,REGIONAL BUS
146.91267,-36.08044,REGIONAL BUS
146.91315,-36.08242,REGIONAL BUS
146.9206,-36.08258,REGIONAL BUS
146.92059,-36.08158,REGIONAL BUS
146.91292,-36.08206,REGIONAL BUS
146.89491,-36.07279,REGIONAL BUS
146.89646,-36.07144,REGIONAL BUS
146.89714,-36.06953,REGIONAL BUS
146.89515,-36.06973,REGIONAL BUS
146.89071,-36.06985,REGIONAL BUS
146.8908,-36.07236,REGIONAL BUS
146.88984,-36.07341,REGIONAL BUS
146.88497,-36.07347,REGIONAL BUS
146.88279,-36.075,REGIONAL BUS
146.8835,-36.07675,REGIONAL BUS
146.89017,-36.07942,REGIONAL BUS
146.89516,-36.08012,REGIONAL BUS
146.89645,-36.07713,REGIONAL BUS
146.89681,-36.07528,REGIONAL BUS
146.90327,-36.07325,REGIONAL BUS
146.90627,-36.07506,REGIONAL BUS
146.90859,-36.07686,REGIONAL BUS
146.92098,-36.08804,REGIONAL BUS
146.92045,-36.09082,REGIONAL BUS
146.91935,-36.09371,REGIONAL BUS
146.91616,-36.09332,REGIONAL BUS
146.91556,-36.09551,REGIONAL BUS
146.91399,-36.09691,REGIONAL BUS
146.91297,-36.09457,REGIONAL BUS
146.91391,-36.08956,REGIONAL BUS
146.92076,-36.08067,REGIONAL BUS
146.93167,-36.08179,REGIONAL BUS
146.93234,-36.07811,REGIONAL BUS
146.93416,-36.07767,REGIONAL BUS
146.93625,-36.07722,REGIONAL BUS
146.93674,-36.07456,REGIONAL BUS
146.93873,-36.07158,REGIONAL BUS
146.94094,-36.07314,REGIONAL BUS
146.94057,-36.07506,REGIONAL BUS
146.94009,-36.07792,REGIONAL BUS
146.94363,-36.08018,REGIONAL BUS
146.94359,-36.08227,REGIONAL BUS
146.94281,-36.08398,REGIONAL BUS
146.89166,-36.11549,REGIONAL BUS
146.89037,-36.11728,REGIONAL BUS
146.88852,-36.1199,REGIONAL BUS
146.88941,-36.11823,REGIONAL BUS
146.89158,-36.11518,REGIONAL BUS
146.90923,-36.08793,REGIONAL BUS
146.89349,-36.11244,REGIONAL BUS
147.17765,-36.21679,REGIONAL BUS
147.03048,-36.25242,REGIONAL BUS
146.39155,-35.99877,REGIONAL BUS
146.84524,-36.30989,REGIONAL BUS
146.83798,-36.31277,REGIONAL BUS
146.68679,-36.35915,REGIONAL BUS
146.31673,-36.35616,REGIONAL BUS
146.32166,-36.35273,REGIONAL BUS
146.31696,-36.35173,REGIONAL BUS
146.3144,-36.35523,REGIONAL BUS
146.31492,-36.35291,REGIONAL BUS
146.3153,-36.35158,REGIONAL BUS
146.31578,-36.34991,REGIONAL BUS
146.31604,-36.34841,REGIONAL BUS
146.31433,-36.34786,REGIONAL BUS
146.31092,-36.35009,REGIONAL BUS
146.31043,-36.35219,REGIONAL BUS
146.31167,-36.34669,REGIONAL BUS
146.30967,-36.35571,REGIONAL BUS
146.30933,-36.35727,REGIONAL BUS
146.30734,-36.35786,REGIONAL BUS
146.3056,-36.35761,REGIONAL BUS
146.3052,-36.35883,REGIONAL BUS
146.3039,-36.35862,REGIONAL BUS
146.30431,-36.35694,REGIONAL BUS
146.30462,-36.35538,REGIONAL BUS
146.30508,-36.35333,REGIONAL BUS
146.30555,-36.35139,REGIONAL BUS
146.30604,-36.349,REGIONAL BUS
146.30478,-36.34699,REGIONAL BUS
146.30068,-36.3465,REGIONAL BUS
146.28948,-36.34504,REGIONAL BUS
146.29155,-36.34527,REGIONAL BUS
146.29462,-36.34564,REGIONAL BUS
146.2993,-36.34876,REGIONAL BUS
146.29713,-36.34852,REGIONAL BUS
146.29633,-36.35039,REGIONAL BUS
146.29862,-36.35098,REGIONAL BUS
146.2993,-36.35194,REGIONAL BUS
146.29905,-36.35333,REGIONAL BUS
146.29881,-36.35475,REGIONAL BUS
146.29856,-36.35613,REGIONAL BUS
146.29823,-36.358,REGIONAL BUS
146.30102,-36.35918,REGIONAL BUS
146.30347,-36.35959,REGIONAL BUS
146.30569,-36.35993,REGIONAL BUS
146.30872,-36.35928,REGIONAL BUS
146.3091,-36.35741,REGIONAL BUS
146.31386,-36.35617,REGIONAL BUS
146.31435,-36.35463,REGIONAL BUS
146.32476,-36.35334,REGIONAL BUS
146.30718,-36.34469,REGIONAL BUS
146.30807,-36.34079,REGIONAL BUS
146.31386,-36.36815,REGIONAL BUS
146.31456,-36.36582,REGIONAL BUS
146.32405,-36.36483,REGIONAL BUS
146.3238,-36.36601,REGIONAL BUS
146.31932,-36.36591,REGIONAL BUS
146.31724,-36.36811,REGIONAL BUS
146.31728,-36.37108,REGIONAL BUS
146.31679,-36.37302,REGIONAL BUS
146.31524,-36.37514,REGIONAL BUS
146.31535,-36.37753,REGIONAL BUS
146.31767,-36.37796,REGIONAL BUS
146.31885,-36.37731,REGIONAL BUS
146.31961,-36.37503,REGIONAL BUS
146.32159,-36.37429,REGIONAL BUS
146.32625,-36.37866,REGIONAL BUS
146.32312,-36.37923,REGIONAL BUS
146.32033,-36.3789,REGIONAL BUS
146.31232,-36.37731,REGIONAL BUS
146.31114,-36.3753,REGIONAL BUS
146.31158,-36.37362,REGIONAL BUS
146.31288,-36.37206,REGIONAL BUS
146.31301,-36.37097,REGIONAL BUS
146.317,-36.36514,REGIONAL BUS
146.31809,-36.36023,REGIONAL BUS
146.31835,-36.36029,REGIONAL BUS
146.3246,-36.3535,REGIONAL BUS
146.32628,-36.35483,REGIONAL BUS
146.26568,-36.29494,REGIONAL BUS
146.23186,-36.19111,REGIONAL BUS
146.1616,-36.03274,REGIONAL BUS
146.0051,-35.98923,REGIONAL BUS
146.00486,-36.01307,REGIONAL BUS
146.3857,-36.18507,REGIONAL BUS
146.22126,-36.4639,REGIONAL BUS
145.98335,-36.55196,REGIONAL BUS
145.98553,-36.5506,REGIONAL BUS
147.08938,-38.1071,REGIONAL BUS
147.08882,-38.10387,REGIONAL BUS
147.08491,-38.10452,REGIONAL BUS
147.08318,-38.10133,REGIONAL BUS
147.08454,-38.09515,REGIONAL BUS
147.07857,-38.09537,REGIONAL BUS
147.0755,-38.09947,REGIONAL BUS
147.07368,-38.09484,REGIONAL BUS
147.06602,-38.09828,REGIONAL BUS
147.06555,-38.10458,REGIONAL BUS
147.0684,-38.095,REGIONAL BUS
147.08162,-38.10921,REGIONAL BUS
147.07035,-38.10498,REGIONAL BUS
147.09987,-38.16546,REGIONAL BUS
147.39952,-38.21051,REGIONAL BUS
147.61409,-38.02703,REGIONAL BUS
147.59041,-38.04254,REGIONAL BUS
147.0837,-38.15681,REGIONAL BUS
147.08349,-37.96234,REGIONAL BUS
147.08317,-37.96397,REGIONAL BUS
147.08084,-37.96629,REGIONAL BUS
147.62961,-37.82609,REGIONAL BUS
147.63228,-37.82551,REGIONAL BUS
147.63171,-37.82612,REGIONAL BUS
147.61453,-37.82987,REGIONAL BUS
147.60872,-37.83188,REGIONAL BUS
147.61382,-37.82898,REGIONAL BUS
147.615,-37.82788,REGIONAL BUS
147.6155,-37.82611,REGIONAL BUS
147.62335,-37.82429,REGIONAL BUS
147.62427,-37.82692,REGIONAL BUS
147.62405,-37.82701,REGIONAL BUS
147.62267,-37.82307,REGIONAL BUS
147.6153,-37.82329,REGIONAL BUS
147.61136,-37.82046,REGIONAL BUS
147.60833,-37.82036,REGIONAL BUS
147.60332,-37.82184,REGIONAL BUS
147.59817,-37.82118,REGIONAL BUS
147.59216,-37.82069,REGIONAL BUS
147.59449,-37.82292,REGIONAL BUS
147.59915,-37.83017,REGIONAL BUS
147.59947,-37.83584,REGIONAL BUS
147.60809,-37.82029,REGIONAL BUS
147.61674,-37.80436,REGIONAL BUS
147.61471,-37.80179,REGIONAL BUS
147.61189,-37.80051,REGIONAL BUS
147.61374,-37.80323,REGIONAL BUS
147.61627,-37.8052,REGIONAL BUS
147.60763,-37.8239,REGIONAL BUS
147.64976,-37.81599,REGIONAL BUS
147.6509,-37.81845,REGIONAL BUS
147.65174,-37.82479,REGIONAL BUS
147.65398,-37.82811,REGIONAL BUS
147.65417,-37.82669,REGIONAL BUS
147.71907,-37.9147,REGIONAL BUS
147.73905,-37.81629,REGIONAL BUS
147.73888,-37.81655,REGIONAL BUS
147.83109,-37.82008,REGIONAL BUS
147.83016,-37.82015,REGIONAL BUS
147.85689,-37.82198,REGIONAL BUS
147.85672,-37.82218,REGIONAL BUS
147.95733,-37.86888,REGIONAL BUS
147.95785,-37.87001,REGIONAL BUS
147.96091,-37.8779,REGIONAL BUS
148.00771,-37.87478,REGIONAL BUS
147.6274,-37.82841,REGIONAL BUS
147.82629,-37.70868,REGIONAL BUS
147.83276,-37.70765,REGIONAL BUS
147.83529,-37.37597,REGIONAL BUS
147.72131,-37.263,REGIONAL BUS
147.59296,-37.10018,REGIONAL BUS
145.95594,-38.47963,REGIONAL BUS
145.95602,-38.47946,REGIONAL BUS
145.95399,-38.47918,REGIONAL BUS
145.94164,-38.47951,REGIONAL BUS
145.94166,-38.47925,REGIONAL BUS
145.92961,-38.49153,REGIONAL BUS
145.84446,-38.55395,REGIONAL BUS
145.82902,-38.57824,REGIONAL BUS
145.71569,-38.6366,REGIONAL BUS
145.71578,-38.63667,REGIONAL BUS
145.5905,-38.60744,REGIONAL BUS
145.58306,-38.60695,REGIONAL BUS
145.5884,-38.60485,REGIONAL BUS
145.59153,-38.61533,REGIONAL BUS
145.60853,-38.66963,REGIONAL BUS
145.61583,-38.67168,REGIONAL BUS
145.6042,-38.62649,REGIONAL BUS
145.58294,-38.58988,REGIONAL BUS
145.58281,-38.58968,REGIONAL BUS
145.58041,-38.59287,REGIONAL BUS
145.37116,-38.52066,REGIONAL BUS
145.33487,-38.52104,REGIONAL BUS
145.29113,-38.50788,REGIONAL BUS
145.28118,-38.50274,REGIONAL BUS
145.26896,-38.4979,REGIONAL BUS
145.25947,-38.49694,REGIONAL BUS
145.23945,-38.48162,REGIONAL BUS
145.23929,-38.48152,REGIONAL BUS
145.25956,-38.49682,REGIONAL BUS
145.2689,-38.49776,REGIONAL BUS
145.23905,-38.46432,REGIONAL BUS
145.26821,-38.49275,REGIONAL BUS
145.28122,-38.50261,REGIONAL BUS
145.29143,-38.50778,REGIONAL BUS
145.33493,-38.52083,REGIONAL BUS
145.35921,-38.51537,REGIONAL BUS
145.4475,-38.52634,REGIONAL BUS
145.44037,-38.43804,REGIONAL BUS
145.96257,-38.47883,REGIONAL BUS
145.83866,-38.43361,REGIONAL BUS
145.49651,-38.433,REGIONAL BUS
145.49653,-38.43366,REGIONAL BUS
145.52192,-38.41825,REGIONAL BUS
145.53049,-38.40692,REGIONAL BUS
145.53005,-38.40815,REGIONAL BUS
145.53741,-38.39843,REGIONAL BUS
145.553,-38.3815,REGIONAL BUS
145.55563,-38.3797,REGIONAL BUS
145.49026,-38.19998,REGIONAL BUS
145.49175,-38.07152,REGIONAL BUS
145.48715,-38.07214,REGIONAL BUS
145.47377,-38.07055,REGIONAL BUS
145.45045,-38.06088,REGIONAL BUS
145.43821,-38.06229,REGIONAL BUS
145.44778,-38.0602,REGIONAL BUS
145.46816,-38.06672,REGIONAL BUS
145.47168,-38.06891,REGIONAL BUS
145.48661,-38.07183,REGIONAL BUS
145.30307,-38.01969,REGIONAL BUS
145.56317,-38.37213,REGIONAL BUS
142.29008,-37.87621,REGIONAL BUS
142.91649,-37.26984,REGIONAL BUS
142.92462,-37.29381,REGIONAL BUS
142.93039,-37.29349,REGIONAL BUS
146.88124,-36.14682,REGIONAL BUS
146.83364,-36.13075,REGIONAL BUS
146.8407,-36.11747,REGIONAL BUS
146.85425,-36.11341,REGIONAL BUS
146.86589,-36.14774,REGIONAL BUS
143.57596,-38.34578,REGIONAL BUS
147.59539,-38.04024,REGIONAL BUS
146.46,-36.05425,REGIONAL BUS
146.46006,-36.05416,REGIONAL BUS
145.1747,-36.42073,REGIONAL BUS
145.17478,-36.42104,REGIONAL BUS
145.13194,-36.31478,REGIONAL BUS
145.13212,-36.31521,REGIONAL BUS
146.47051,-36.18071,REGIONAL BUS
146.47051,-36.18051,REGIONAL BUS
146.60918,-36.1521,REGIONAL BUS
146.60976,-36.15201,REGIONAL BUS
144.73468,-36.13691,REGIONAL BUS
145.34541,-36.36984,REGIONAL BUS
143.69271,-38.56924,REGIONAL BUS
143.7148,-38.51853,REGIONAL BUS
143.53474,-38.33432,REGIONAL BUS
143.52537,-38.26453,REGIONAL BUS
143.53556,-38.24022,REGIONAL BUS
143.51527,-38.24452,REGIONAL BUS
145.59428,-38.6164,REGIONAL BUS
145.73001,-38.63083,REGIONAL BUS
145.73017,-38.63079,REGIONAL BUS
145.75594,-38.60957,REGIONAL BUS
145.75521,-38.61005,REGIONAL BUS
142.93214,-37.28254,REGIONAL BUS
143.32706,-35.05199,REGIONAL BUS
142.02559,-37.74736,REGIONAL BUS
142.02358,-37.74842,REGIONAL BUS
142.01925,-37.74657,REGIONAL BUS
142.01761,-37.7419,REGIONAL BUS
142.01663,-37.73966,REGIONAL BUS
142.01532,-37.73716,REGIONAL BUS
142.01121,-37.73602,REGIONAL BUS
142.00742,-37.73212,REGIONAL BUS
142.01431,-37.72804,REGIONAL BUS
142.01379,-37.7317,REGIONAL BUS
142.01335,-37.73503,REGIONAL BUS
142.0166,-37.7377,REGIONAL BUS
143.60132,-38.34064,REGIONAL BUS
143.58986,-38.35008,REGIONAL BUS
143.58881,-38.34519,REGIONAL BUS
143.58246,-38.34646,REGIONAL BUS
143.58135,-38.34911,REGIONAL BUS
143.57825,-38.34675,REGIONAL BUS
143.57595,-38.34165,REGIONAL BUS
143.57374,-38.33999,REGIONAL BUS
143.57113,-38.33716,REGIONAL BUS
143.56911,-38.33135,REGIONAL BUS
143.58489,-38.3476,REGIONAL BUS
143.58415,-38.3512,REGIONAL BUS
143.58193,-38.35305,REGIONAL BUS
143.57862,-38.35384,REGIONAL BUS
143.5779,-38.35816,REGIONAL BUS
143.57743,-38.36031,REGIONAL BUS
143.57715,-38.36355,REGIONAL BUS
143.5745,-38.36585,REGIONAL BUS
143.57528,-38.36691,REGIONAL BUS
143.58148,-38.36758,REGIONAL BUS
143.58563,-38.36802,REGIONAL BUS
143.59071,-38.36946,REGIONAL BUS
143.59166,-38.36878,REGIONAL BUS
143.5875,-38.36594,REGIONAL BUS
143.5839,-38.36549,REGIONAL BUS
143.58307,-38.36089,REGIONAL BUS
143.58288,-38.35705,REGIONAL BUS
143.58347,-38.35411,REGIONAL BUS
143.58873,-38.35373,REGIONAL BUS
143.58481,-38.34704,REGIONAL BUS
141.59848,-38.36646,REGIONAL BUS
141.61409,-38.36655,REGIONAL BUS
141.61679,-38.3657,REGIONAL BUS
141.61888,-38.36488,REGIONAL BUS
141.61871,-38.36363,REGIONAL BUS
141.61633,-38.35997,REGIONAL BUS
141.61686,-38.35756,REGIONAL BUS
141.61485,-38.36115,REGIONAL BUS
141.61341,-38.36124,REGIONAL BUS
141.61329,-38.35818,REGIONAL BUS
141.60813,-38.35278,REGIONAL BUS
141.60563,-38.35921,REGIONAL BUS
141.60621,-38.35166,REGIONAL BUS
141.60645,-38.3429,REGIONAL BUS
141.60636,-38.33808,REGIONAL BUS
141.60545,-38.3367,REGIONAL BUS
141.60558,-38.33459,REGIONAL BUS
141.59427,-38.3375,REGIONAL BUS
141.59535,-38.33866,REGIONAL BUS
141.59711,-38.34006,REGIONAL BUS
141.60127,-38.34375,REGIONAL BUS
144.30097,-36.77694,REGIONAL BUS
144.29453,-36.76922,REGIONAL BUS
143.72081,-37.58976,REGIONAL BUS
144.28296,-36.76455,REGIONAL BUS
142.9137,-37.28301,REGIONAL BUS
142.91822,-37.28185,REGIONAL BUS
142.92151,-37.27912,REGIONAL BUS
142.91955,-37.27692,REGIONAL BUS
142.9202,-37.27522,REGIONAL BUS
142.91933,-37.26657,REGIONAL BUS
142.9264,-37.27729,REGIONAL BUS
142.9311,-37.2773,REGIONAL BUS
142.93167,-37.27932,REGIONAL BUS
142.93304,-37.28254,REGIONAL BUS
142.92939,-37.2829,REGIONAL BUS
142.92445,-37.28753,REGIONAL BUS
142.92304,-37.2915,REGIONAL BUS
142.92278,-37.30511,REGIONAL BUS
142.9279,-37.30491,REGIONAL BUS
142.92325,-37.29915,REGIONAL BUS
142.94101,-37.28945,REGIONAL BUS
142.93351,-37.28882,REGIONAL BUS
142.9335,-37.28701,REGIONAL BUS
142.93151,-37.28582,REGIONAL BUS
142.93329,-37.28504,REGIONAL BUS
142.93155,-37.28334,REGIONAL BUS
142.93589,-37.27983,REGIONAL BUS
142.94007,-37.28086,REGIONAL BUS
142.9446,-37.28033,REGIONAL BUS
142.94163,-37.27898,REGIONAL BUS
142.93883,-37.27723,REGIONAL BUS
142.93564,-37.27529,REGIONAL BUS
142.93909,-37.27439,REGIONAL BUS
142.95,-37.27011,REGIONAL BUS
142.94517,-37.28656,REGIONAL BUS
144.28252,-36.76563,REGIONAL BUS
144.28258,-36.76414,REGIONAL BUS
142.96102,-37.27454,REGIONAL BUS
147.06805,-38.10654,REGIONAL BUS
147.07392,-38.10486,REGIONAL BUS
147.07692,-38.10681,REGIONAL BUS
147.07703,-38.10935,REGIONAL BUS
147.07911,-38.11129,REGIONAL BUS
147.08107,-38.11295,REGIONAL BUS
147.08304,-38.11579,REGIONAL BUS
147.08659,-38.11621,REGIONAL BUS
147.08785,-38.11466,REGIONAL BUS
147.08821,-38.11295,REGIONAL BUS
147.08893,-38.10945,REGIONAL BUS
147.08257,-38.10552,REGIONAL BUS
147.08183,-38.10916,REGIONAL BUS
147.07681,-38.109,REGIONAL BUS
147.07667,-38.10579,REGIONAL BUS
147.0746,-38.10506,REGIONAL BUS
147.07075,-38.10517,REGIONAL BUS
147.06103,-38.10869,REGIONAL BUS
147.08281,-38.10331,REGIONAL BUS
147.08378,-38.09895,REGIONAL BUS
147.08532,-38.09121,REGIONAL BUS
147.07299,-38.09812,REGIONAL BUS
147.0699,-38.09376,REGIONAL BUS
147.06535,-38.10135,REGIONAL BUS
147.03681,-38.10768,REGIONAL BUS
147.03364,-38.10403,REGIONAL BUS
147.03692,-38.10402,REGIONAL BUS
147.03626,-38.10159,REGIONAL BUS
147.03288,-38.10205,REGIONAL BUS
147.03699,-38.10728,REGIONAL BUS
147.05918,-38.10548,REGIONAL BUS
147.05944,-38.10529,REGIONAL BUS
147.99096,-37.8786,REGIONAL BUS
147.98739,-37.87937,REGIONAL BUS
147.98315,-37.87897,REGIONAL BUS
147.9795,-37.88031,REGIONAL BUS
147.97479,-37.88124,REGIONAL BUS
147.96327,-37.87856,REGIONAL BUS
147.96775,-37.87835,REGIONAL BUS
147.9701,-37.8753,REGIONAL BUS
147.97246,-37.8741,REGIONAL BUS
147.97567,-37.87444,REGIONAL BUS
147.97313,-37.87664,REGIONAL BUS
147.96912,-37.8769,REGIONAL BUS
147.96314,-37.87856,REGIONAL BUS
147.9773,-37.88199,REGIONAL BUS
147.98269,-37.8814,REGIONAL BUS
147.98941,-37.88012,REGIONAL BUS
147.99456,-37.86977,REGIONAL BUS
147.99202,-37.87015,REGIONAL BUS
147.99249,-37.86833,REGIONAL BUS
147.99155,-37.86641,REGIONAL BUS
147.98839,-37.86565,REGIONAL BUS
147.98791,-37.86466,REGIONAL BUS
147.99119,-37.86486,REGIONAL BUS
147.99404,-37.86477,REGIONAL BUS
147.99799,-37.87475,REGIONAL BUS
147.99813,-37.87287,REGIONAL BUS
147.99847,-37.87615,REGIONAL BUS
148.00142,-37.87545,REGIONAL BUS
148.00703,-37.87318,REGIONAL BUS
148.00701,-37.87132,REGIONAL BUS
148.01181,-37.87343,REGIONAL BUS
148.01253,-37.87088,REGIONAL BUS
148.01641,-37.86744,REGIONAL BUS
148.02015,-37.86573,REGIONAL BUS
148.02094,-37.8627,REGIONAL BUS
148.01826,-37.85996,REGIONAL BUS
148.01746,-37.86236,REGIONAL BUS
148.01607,-37.86548,REGIONAL BUS
148.01483,-37.86492,REGIONAL BUS
148.02258,-37.86091,REGIONAL BUS
148.00301,-37.87546,REGIONAL BUS
147.07785,-38.09897,REGIONAL BUS
147.9952,-37.87759,REGIONAL BUS
147.99457,-37.87762,REGIONAL BUS
148.01654,-37.87065,REGIONAL BUS
148.02261,-37.87058,REGIONAL BUS
148.0251,-37.86965,REGIONAL BUS
148.01839,-37.87049,REGIONAL BUS
148.02169,-37.86452,REGIONAL BUS
142.20447,-36.71419,REGIONAL BUS
144.70157,-36.91544,REGIONAL BUS
142.20651,-36.70257,REGIONAL BUS
142.20155,-36.71166,REGIONAL BUS
142.20142,-36.71843,REGIONAL BUS
142.19922,-36.71794,REGIONAL BUS
142.17361,-36.72443,REGIONAL BUS
142.20905,-36.76054,REGIONAL BUS
142.20579,-36.76452,REGIONAL BUS
142.20514,-36.76073,REGIONAL BUS
142.20527,-36.75522,REGIONAL BUS
142.20446,-36.75306,REGIONAL BUS
142.19763,-36.753,REGIONAL BUS
142.18755,-36.72201,REGIONAL BUS
142.02602,-37.74464,REGIONAL BUS
142.03429,-37.74635,REGIONAL BUS
142.03383,-37.74905,REGIONAL BUS
142.03749,-37.74983,REGIONAL BUS
142.0384,-37.74946,REGIONAL BUS
142.03877,-37.74745,REGIONAL BUS
142.0394,-37.74383,REGIONAL BUS
142.03988,-37.74107,REGIONAL BUS
142.04061,-37.73731,REGIONAL BUS
142.0415,-37.73856,REGIONAL BUS
142.04365,-37.7398,REGIONAL BUS
142.04519,-37.7403,REGIONAL BUS
142.04479,-37.74259,REGIONAL BUS
142.05012,-37.74364,REGIONAL BUS
142.04973,-37.74383,REGIONAL BUS
142.04204,-37.74297,REGIONAL BUS
142.04016,-37.74274,REGIONAL BUS
142.03569,-37.7422,REGIONAL BUS
142.02856,-37.74211,REGIONAL BUS
142.02528,-37.73555,REGIONAL BUS
142.02261,-37.73634,REGIONAL BUS
142.01901,-37.73185,REGIONAL BUS
142.02214,-37.72825,REGIONAL BUS
142.02815,-37.72653,REGIONAL BUS
142.02849,-37.72846,REGIONAL BUS
142.03045,-37.72919,REGIONAL BUS
142.03223,-37.73278,REGIONAL BUS
142.03086,-37.73439,REGIONAL BUS
143.07789,-38.32872,REGIONAL BUS
143.71998,-37.90086,REGIONAL BUS
143.75449,-37.82018,REGIONAL BUS
143.78076,-37.75952,REGIONAL BUS
143.80133,-37.72075,REGIONAL BUS
143.82796,-37.67795,REGIONAL BUS
143.75629,-37.63398,REGIONAL BUS
143.37713,-35.18548,REGIONAL BUS
144.13341,-37.30993,REGIONAL BUS
144.1281,-37.30201,REGIONAL BUS
145.46874,-38.42042,REGIONAL BUS
144.04742,-36.97771,REGIONAL BUS
147.40309,-37.09581,REGIONAL BUS
144.23871,-37.08029,REGIONAL BUS
142.31538,-35.07106,REGIONAL BUS
147.59247,-37.10057,REGIONAL BUS
147.40286,-37.09597,REGIONAL BUS
147.23907,-37.0219,REGIONAL BUS
147.14195,-36.9825,REGIONAL BUS
147.06474,-36.89012,REGIONAL BUS
147.02913,-36.77174,REGIONAL BUS
142.83893,-37.71443,REGIONAL BUS
142.8377,-37.71989,REGIONAL BUS
140.85398,-36.93911,REGIONAL BUS
141.0835,-36.96853,REGIONAL BUS
141.29654,-37.03665,REGIONAL BUS
141.47365,-36.71843,REGIONAL BUS
141.59378,-36.73226,REGIONAL BUS
141.78251,-36.72814,REGIONAL BUS
141.85169,-36.74755,REGIONAL BUS
141.94367,-36.74083,REGIONAL BUS
142.01923,-36.73775,REGIONAL BUS
147.77152,-36.1904,REGIONAL BUS
147.93134,-36.04671,REGIONAL BUS
147.73682,-35.96383,REGIONAL BUS
147.69861,-35.92598,REGIONAL BUS
143.78314,-38.33625,REGIONAL BUS
144.59138,-37.48514,REGIONAL BUS
144.5919,-37.47812,REGIONAL BUS
143.73813,-37.04886,REGIONAL BUS
143.73869,-37.04509,REGIONAL BUS
143.74019,-37.04306,REGIONAL BUS
143.74048,-37.03929,REGIONAL BUS
143.74347,-37.03941,REGIONAL BUS
143.74532,-37.03345,REGIONAL BUS
143.74492,-37.03815,REGIONAL BUS
143.74882,-37.02696,REGIONAL BUS
143.74723,-37.02943,REGIONAL BUS
143.74572,-37.03195,REGIONAL BUS
143.74352,-37.03533,REGIONAL BUS
143.74155,-37.03826,REGIONAL BUS
143.73791,-37.03695,REGIONAL BUS
143.73653,-37.03681,REGIONAL BUS
143.73463,-37.03794,REGIONAL BUS
143.73601,-37.03943,REGIONAL BUS
143.73785,-37.04122,REGIONAL BUS
143.73708,-37.044,REGIONAL BUS
143.73516,-37.04523,REGIONAL BUS
143.73397,-37.04682,REGIONAL BUS
143.74032,-37.05079,REGIONAL BUS
143.73964,-37.05245,REGIONAL BUS
143.74195,-37.05455,REGIONAL BUS
143.74296,-37.0562,REGIONAL BUS
143.74346,-37.05741,REGIONAL BUS
143.74674,-37.05689,REGIONAL BUS
143.74973,-37.0546,REGIONAL BUS
143.75004,-37.05288,REGIONAL BUS
143.75044,-37.05089,REGIONAL BUS
143.75088,-37.04841,REGIONAL BUS
143.75169,-37.0459,REGIONAL BUS
143.75198,-37.04397,REGIONAL BUS
143.7495,-37.04392,REGIONAL BUS
143.74914,-37.0458,REGIONAL BUS
143.74864,-37.04808,REGIONAL BUS
143.74689,-37.04909,REGIONAL BUS
143.74041,-37.04898,REGIONAL BUS
143.73597,-37.04725,REGIONAL BUS
143.7342,-37.04738,REGIONAL BUS
143.732,-37.04532,REGIONAL BUS
143.73022,-37.04348,REGIONAL BUS
143.72859,-37.04176,REGIONAL BUS
143.72598,-37.04321,REGIONAL BUS
143.72397,-37.04266,REGIONAL BUS
143.72841,-37.04089,REGIONAL BUS
143.72831,-37.03791,REGIONAL BUS
143.73017,-37.03716,REGIONAL BUS
143.73257,-37.03658,REGIONAL BUS
143.73389,-37.03802,REGIONAL BUS
143.73322,-37.03877,REGIONAL BUS
143.73362,-37.04022,REGIONAL BUS
143.73475,-37.04138,REGIONAL BUS
143.73764,-37.04379,REGIONAL BUS
143.7388,-37.04551,REGIONAL BUS
143.7403,-37.04661,REGIONAL BUS
143.74136,-37.04743,REGIONAL BUS
143.73412,-37.05022,REGIONAL BUS
143.73258,-37.05127,REGIONAL BUS
143.73016,-37.05263,REGIONAL BUS
143.72982,-37.05406,REGIONAL BUS
143.72923,-37.05756,REGIONAL BUS
143.72919,-37.0605,REGIONAL BUS
143.73028,-37.06249,REGIONAL BUS
143.73463,-37.05989,REGIONAL BUS
143.73474,-37.05732,REGIONAL BUS
143.73478,-37.05538,REGIONAL BUS
143.73501,-37.05163,REGIONAL BUS
143.7359,-37.0502,REGIONAL BUS
143.58988,-38.34135,REGIONAL BUS
143.59032,-38.35105,REGIONAL BUS
143.58172,-38.34043,REGIONAL BUS
143.5705,-38.33309,REGIONAL BUS
143.57889,-38.33488,REGIONAL BUS
143.58133,-38.33392,REGIONAL BUS
143.58714,-38.33372,REGIONAL BUS
143.58953,-38.33365,REGIONAL BUS
143.59218,-38.33385,REGIONAL BUS
143.58881,-38.33618,REGIONAL BUS
143.58764,-38.33621,REGIONAL BUS
143.60202,-38.34227,REGIONAL BUS
143.6032,-38.34497,REGIONAL BUS
143.60151,-38.34423,REGIONAL BUS
143.59967,-38.34382,REGIONAL BUS
143.58514,-38.34956,REGIONAL BUS
142.02403,-37.72702,REGIONAL BUS
142.03689,-37.73215,REGIONAL BUS
142.03336,-37.73678,REGIONAL BUS
141.99984,-37.73434,REGIONAL BUS
142.00254,-37.73425,REGIONAL BUS
142.00392,-37.73451,REGIONAL BUS
142.00723,-37.73391,REGIONAL BUS
142.00343,-37.72756,REGIONAL BUS
142.00655,-37.72482,REGIONAL BUS
142.00589,-37.72937,REGIONAL BUS
142.00829,-37.73019,REGIONAL BUS
142.01278,-37.73064,REGIONAL BUS
142.03138,-37.73832,REGIONAL BUS
142.01723,-37.73049,REGIONAL BUS
142.01692,-37.72773,REGIONAL BUS
142.01943,-37.73696,REGIONAL BUS
142.0213,-37.73831,REGIONAL BUS
144.59964,-37.46459,REGIONAL BUS
144.60259,-37.46325,REGIONAL BUS
144.60282,-37.46323,REGIONAL BUS
144.59964,-37.46478,REGIONAL BUS
146.45977,-36.05502,REGIONAL BUS
146.67383,-36.10604,REGIONAL BUS
145.49421,-38.07392,REGIONAL BUS
145.31618,-38.02775,REGIONAL BUS
145.31215,-38.02727,REGIONAL BUS
145.30926,-38.02697,REGIONAL BUS
144.2947,-36.76944,REGIONAL BUS
143.10845,-37.15081,REGIONAL BUS
143.11354,-36.89985,REGIONAL BUS
143.13396,-37.00875,REGIONAL BUS
142.8074,-38.07746,REGIONAL BUS
142.80303,-38.07456,REGIONAL BUS
143.75083,-36.29183,REGIONAL BUS
143.70638,-36.35554,REGIONAL BUS
143.61066,-36.41747,REGIONAL BUS
143.70613,-36.35555,REGIONAL BUS
143.7508,-36.29171,REGIONAL BUS
145.4003,-36.38377,REGIONAL BUS
145.40345,-36.38032,REGIONAL BUS
145.40393,-36.37797,REGIONAL BUS
145.40308,-36.37745,REGIONAL BUS
145.40189,-36.37627,REGIONAL BUS
145.40235,-36.37378,REGIONAL BUS
145.40278,-36.37172,REGIONAL BUS
145.40598,-36.36854,REGIONAL BUS
145.40494,-36.3706,REGIONAL BUS
145.40653,-36.36642,REGIONAL BUS
145.40706,-36.36419,REGIONAL BUS
145.40473,-36.36241,REGIONAL BUS
145.40127,-36.36404,REGIONAL BUS
145.39864,-36.36404,REGIONAL BUS
145.39822,-36.36194,REGIONAL BUS
145.39492,-36.35765,REGIONAL BUS
145.38679,-36.35637,REGIONAL BUS
145.38115,-36.35661,REGIONAL BUS
145.38073,-36.3596,REGIONAL BUS
145.38296,-36.36197,REGIONAL BUS
145.38153,-36.36301,REGIONAL BUS
145.37798,-36.36363,REGIONAL BUS
145.37012,-36.34751,REGIONAL BUS
145.37034,-36.36146,REGIONAL BUS
145.37382,-36.35972,REGIONAL BUS
145.37481,-36.36241,REGIONAL BUS
145.37791,-36.36341,REGIONAL BUS
145.38176,-36.36276,REGIONAL BUS
145.38279,-36.36199,REGIONAL BUS
145.38064,-36.3597,REGIONAL BUS
145.38125,-36.3564,REGIONAL BUS
145.38957,-36.35758,REGIONAL BUS
145.39493,-36.35749,REGIONAL BUS
145.39888,-36.36397,REGIONAL BUS
145.40149,-36.36396,REGIONAL BUS
145.40692,-36.3642,REGIONAL BUS
145.40647,-36.36619,REGIONAL BUS
145.40586,-36.36842,REGIONAL BUS
145.40501,-36.37049,REGIONAL BUS
145.40264,-36.3717,REGIONAL BUS
145.40223,-36.37374,REGIONAL BUS
145.40177,-36.3758,REGIONAL BUS
145.40385,-36.37736,REGIONAL BUS
145.40414,-36.37816,REGIONAL BUS
145.40375,-36.38005,REGIONAL BUS
145.39948,-36.37973,REGIONAL BUS
145.40046,-36.37474,REGIONAL BUS
145.39843,-36.37383,REGIONAL BUS
145.39637,-36.37356,REGIONAL BUS
145.39401,-36.37244,REGIONAL BUS
145.39534,-36.36912,REGIONAL BUS
145.39601,-36.36734,REGIONAL BUS
145.39565,-36.36586,REGIONAL BUS
145.39269,-36.36546,REGIONAL BUS
145.39119,-36.36455,REGIONAL BUS
145.38761,-36.36187,REGIONAL BUS
145.38774,-36.36083,REGIONAL BUS
145.38559,-36.35929,REGIONAL BUS
145.38594,-36.35702,REGIONAL BUS
145.39143,-36.35858,REGIONAL BUS
145.39468,-36.36093,REGIONAL BUS
145.39749,-36.36009,REGIONAL BUS
145.39886,-36.35923,REGIONAL BUS
145.40071,-36.35998,REGIONAL BUS
145.4005,-36.36114,REGIONAL BUS
145.40056,-36.35999,REGIONAL BUS
145.39754,-36.36017,REGIONAL BUS
145.39449,-36.36101,REGIONAL BUS
145.39243,-36.36051,REGIONAL BUS
145.39134,-36.35828,REGIONAL BUS
145.38607,-36.35709,REGIONAL BUS
145.3878,-36.36072,REGIONAL BUS
145.38795,-36.36198,REGIONAL BUS
145.39037,-36.36399,REGIONAL BUS
145.39272,-36.36535,REGIONAL BUS
145.39556,-36.36572,REGIONAL BUS
145.39609,-36.36746,REGIONAL BUS
145.39368,-36.36885,REGIONAL BUS
145.39851,-36.37365,REGIONAL BUS
145.40076,-36.37466,REGIONAL BUS
145.39992,-36.37747,REGIONAL BUS
145.40107,-36.37698,REGIONAL BUS
145.40771,-36.37786,REGIONAL BUS
145.40935,-36.37547,REGIONAL BUS
145.41274,-36.37152,REGIONAL BUS
145.41527,-36.3707,REGIONAL BUS
145.41567,-36.36692,REGIONAL BUS
145.41568,-36.36353,REGIONAL BUS
145.41488,-36.36026,REGIONAL BUS
145.41169,-36.36067,REGIONAL BUS
145.41084,-36.36253,REGIONAL BUS
145.40766,-36.36253,REGIONAL BUS
145.40177,-36.35862,REGIONAL BUS
145.40407,-36.35416,REGIONAL BUS
145.40408,-36.357,REGIONAL BUS
145.40686,-36.3574,REGIONAL BUS
145.40913,-36.35739,REGIONAL BUS
145.41371,-36.35536,REGIONAL BUS
145.41304,-36.35427,REGIONAL BUS
145.41247,-36.35146,REGIONAL BUS
145.41242,-36.34784,REGIONAL BUS
145.40946,-36.3462,REGIONAL BUS
145.40946,-36.34434,REGIONAL BUS
145.40956,-36.34435,REGIONAL BUS
145.40957,-36.34644,REGIONAL BUS
145.41257,-36.34793,REGIONAL BUS
145.40311,-36.35428,REGIONAL BUS
145.41259,-36.35153,REGIONAL BUS
145.41303,-36.3542,REGIONAL BUS
145.41397,-36.35623,REGIONAL BUS
145.40931,-36.3575,REGIONAL BUS
145.40698,-36.35752,REGIONAL BUS
145.40395,-36.35701,REGIONAL BUS
145.40248,-36.35939,REGIONAL BUS
145.40788,-36.36241,REGIONAL BUS
145.41118,-36.36241,REGIONAL BUS
145.41162,-36.36065,REGIONAL BUS
145.41498,-36.36017,REGIONAL BUS
145.41587,-36.36325,REGIONAL BUS
145.41587,-36.36692,REGIONAL BUS
145.41544,-36.37074,REGIONAL BUS
145.41261,-36.37162,REGIONAL BUS
145.41153,-36.37358,REGIONAL BUS
145.40956,-36.3756,REGIONAL BUS
145.40767,-36.37807,REGIONAL BUS
145.40077,-36.37713,REGIONAL BUS
145.40002,-36.37816,REGIONAL BUS
145.39949,-36.38766,REGIONAL BUS
145.40292,-36.3868,REGIONAL BUS
145.40662,-36.3841,REGIONAL BUS
145.41269,-36.38411,REGIONAL BUS
145.41176,-36.38861,REGIONAL BUS
145.41135,-36.39072,REGIONAL BUS
145.41089,-36.39295,REGIONAL BUS
145.41008,-36.39693,REGIONAL BUS
145.41055,-36.39455,REGIONAL BUS
145.40968,-36.39925,REGIONAL BUS
145.40867,-36.40414,REGIONAL BUS
145.40901,-36.40242,REGIONAL BUS
145.40945,-36.40027,REGIONAL BUS
145.40954,-36.40848,REGIONAL BUS
145.41137,-36.4073,REGIONAL BUS
145.4167,-36.4063,REGIONAL BUS
145.40834,-36.40461,REGIONAL BUS
145.4088,-36.40228,REGIONAL BUS
145.40919,-36.40031,REGIONAL BUS
145.41075,-36.39269,REGIONAL BUS
145.41114,-36.39089,REGIONAL BUS
145.41251,-36.38415,REGIONAL BUS
145.40642,-36.3845,REGIONAL BUS
145.40158,-36.38724,REGIONAL BUS
145.40264,-36.38424,REGIONAL BUS
145.40344,-36.38654,REGIONAL BUS
145.40529,-36.37968,REGIONAL BUS
145.41367,-36.38082,REGIONAL BUS
145.41535,-36.38083,REGIONAL BUS
145.41417,-36.40272,REGIONAL BUS
145.41629,-36.38295,REGIONAL BUS
145.41981,-36.38476,REGIONAL BUS
145.42308,-36.3876,REGIONAL BUS
145.41531,-36.38484,REGIONAL BUS
145.41525,-36.38763,REGIONAL BUS
145.4157,-36.39044,REGIONAL BUS
145.41938,-36.39528,REGIONAL BUS
145.42022,-36.38533,REGIONAL BUS
145.41624,-36.38288,REGIONAL BUS
145.41536,-36.38089,REGIONAL BUS
145.41945,-36.39812,REGIONAL BUS
145.41257,-36.38084,REGIONAL BUS
145.4162,-36.39904,REGIONAL BUS
145.41416,-36.39934,REGIONAL BUS
145.41248,-36.40312,REGIONAL BUS
145.41153,-36.40172,REGIONAL BUS
145.41234,-36.40081,REGIONAL BUS
145.41105,-36.39943,REGIONAL BUS
145.40377,-36.40425,REGIONAL BUS
145.40172,-36.40391,REGIONAL BUS
145.40121,-36.40124,REGIONAL BUS
145.3934,-36.36951,REGIONAL BUS
145.39368,-36.36876,REGIONAL BUS
145.39036,-36.36299,REGIONAL BUS
145.39421,-36.37248,REGIONAL BUS
145.36807,-36.35554,REGIONAL BUS
145.3658,-36.3543,REGIONAL BUS
145.37058,-36.36132,REGIONAL BUS
145.39768,-36.35839,REGIONAL BUS
145.40817,-36.40687,REGIONAL BUS
145.40273,-36.39312,REGIONAL BUS
145.40411,-36.38848,REGIONAL BUS
145.40663,-36.38986,REGIONAL BUS
145.40638,-36.39126,REGIONAL BUS
145.406,-36.3931,REGIONAL BUS
145.40224,-36.39313,REGIONAL BUS
145.4016,-36.39438,REGIONAL BUS
145.40105,-36.39709,REGIONAL BUS
145.40088,-36.39935,REGIONAL BUS
145.40127,-36.40122,REGIONAL BUS
145.40167,-36.40386,REGIONAL BUS
145.40414,-36.40454,REGIONAL BUS
145.40642,-36.40567,REGIONAL BUS
145.41117,-36.39919,REGIONAL BUS
145.41231,-36.40291,REGIONAL BUS
145.41408,-36.40269,REGIONAL BUS
145.41411,-36.39949,REGIONAL BUS
145.4167,-36.39898,REGIONAL BUS
145.41935,-36.39806,REGIONAL BUS
145.41935,-36.39533,REGIONAL BUS
145.41473,-36.39385,REGIONAL BUS
145.41562,-36.39047,REGIONAL BUS
145.41519,-36.38768,REGIONAL BUS
145.4152,-36.38479,REGIONAL BUS
145.40535,-36.37989,REGIONAL BUS
145.39749,-36.38233,REGIONAL BUS
145.39913,-36.3997,REGIONAL BUS
145.39858,-36.3985,REGIONAL BUS
145.39702,-36.39787,REGIONAL BUS
145.3966,-36.39702,REGIONAL BUS
145.39485,-36.39682,REGIONAL BUS
145.39246,-36.39697,REGIONAL BUS
145.39349,-36.39884,REGIONAL BUS
145.39586,-36.3991,REGIONAL BUS
145.39407,-36.40717,REGIONAL BUS
145.39305,-36.41205,REGIONAL BUS
145.39229,-36.41574,REGIONAL BUS
145.38856,-36.41735,REGIONAL BUS
145.387,-36.41657,REGIONAL BUS
145.38426,-36.41777,REGIONAL BUS
145.38661,-36.41865,REGIONAL BUS
145.39037,-36.41865,REGIONAL BUS
145.39853,-36.41426,REGIONAL BUS
145.40015,-36.41658,REGIONAL BUS
145.3975,-36.42076,REGIONAL BUS
145.39728,-36.42585,REGIONAL BUS
145.39939,-36.42671,REGIONAL BUS
145.40181,-36.424,REGIONAL BUS
145.40122,-36.41998,REGIONAL BUS
145.4029,-36.41843,REGIONAL BUS
145.40648,-36.41642,REGIONAL BUS
145.40533,-36.41414,REGIONAL BUS
145.4033,-36.41157,REGIONAL BUS
145.39979,-36.41005,REGIONAL BUS
145.39828,-36.4126,REGIONAL BUS
145.39223,-36.41278,REGIONAL BUS
145.3934,-36.40877,REGIONAL BUS
145.39403,-36.40072,REGIONAL BUS
145.39256,-36.39983,REGIONAL BUS
145.39068,-36.39788,REGIONAL BUS
145.3925,-36.39689,REGIONAL BUS
145.39473,-36.3967,REGIONAL BUS
145.39672,-36.39692,REGIONAL BUS
145.39866,-36.39847,REGIONAL BUS
145.3536,-36.4047,REGIONAL BUS
145.35126,-36.40004,REGIONAL BUS
145.34959,-36.40005,REGIONAL BUS
145.34747,-36.39728,REGIONAL BUS
145.35903,-36.39328,REGIONAL BUS
145.35803,-36.39505,REGIONAL BUS
145.35679,-36.39164,REGIONAL BUS
145.35911,-36.39126,REGIONAL BUS
145.36107,-36.39018,REGIONAL BUS
145.35996,-36.38901,REGIONAL BUS
145.35713,-36.38499,REGIONAL BUS
145.35676,-36.38353,REGIONAL BUS
145.35579,-36.38238,REGIONAL BUS
145.3547,-36.38143,REGIONAL BUS
145.35465,-36.38046,REGIONAL BUS
145.35285,-36.38101,REGIONAL BUS
145.34861,-36.37825,REGIONAL BUS
145.34713,-36.37553,REGIONAL BUS
145.34491,-36.37605,REGIONAL BUS
145.34125,-36.37615,REGIONAL BUS
145.34116,-36.37241,REGIONAL BUS
145.34443,-36.37214,REGIONAL BUS
145.34545,-36.37103,REGIONAL BUS
145.34386,-36.36894,REGIONAL BUS
145.3452,-36.37904,REGIONAL BUS
145.35601,-36.38246,REGIONAL BUS
145.35674,-36.38368,REGIONAL BUS
145.36528,-36.39254,REGIONAL BUS
145.35872,-36.38733,REGIONAL BUS
144.3595,-36.77588,REGIONAL BUS
144.36726,-36.77306,REGIONAL BUS
144.37618,-36.77235,REGIONAL BUS
144.42098,-36.77279,REGIONAL BUS
144.5013,-36.78654,REGIONAL BUS
144.58739,-36.82606,REGIONAL BUS
144.6366,-36.875,REGIONAL BUS
144.70929,-36.92226,REGIONAL BUS
144.70923,-36.92273,REGIONAL BUS
144.70108,-36.91524,REGIONAL BUS
144.63649,-36.87509,REGIONAL BUS
144.50115,-36.78663,REGIONAL BUS
144.42101,-36.77297,REGIONAL BUS
144.37609,-36.77246,REGIONAL BUS
144.36726,-36.77312,REGIONAL BUS
144.3596,-36.77596,REGIONAL BUS
144.58725,-36.82614,REGIONAL BUS
144.51867,-37.48466,REGIONAL BUS
145.39624,-36.35809,REGIONAL BUS
145.39612,-36.35801,REGIONAL BUS
145.43288,-38.41454,REGIONAL BUS
145.43607,-38.43758,REGIONAL BUS
145.43505,-38.4344,REGIONAL BUS
145.44043,-38.43821,REGIONAL BUS
145.44109,-38.43438,REGIONAL BUS
145.44124,-38.43432,REGIONAL BUS
145.44168,-38.4315,REGIONAL BUS
145.44178,-38.43165,REGIONAL BUS
145.44605,-38.43163,REGIONAL BUS
145.44601,-38.43174,REGIONAL BUS
145.42809,-38.41361,REGIONAL BUS
145.42588,-38.40997,REGIONAL BUS
145.48917,-38.43129,REGIONAL BUS
145.20133,-38.46236,REGIONAL BUS
145.20153,-38.46233,REGIONAL BUS
145.20134,-38.45654,REGIONAL BUS
145.20151,-38.45653,REGIONAL BUS
145.21065,-38.45581,REGIONAL BUS
145.21068,-38.45576,REGIONAL BUS
145.21116,-38.45227,REGIONAL BUS
145.21118,-38.45238,REGIONAL BUS
145.22077,-38.45225,REGIONAL BUS
145.2204,-38.4524,REGIONAL BUS
145.22814,-38.45228,REGIONAL BUS
145.22763,-38.45241,REGIONAL BUS
145.19616,-38.46288,REGIONAL BUS
145.19235,-38.46025,REGIONAL BUS
145.18735,-38.46386,REGIONAL BUS
145.18279,-38.46787,REGIONAL BUS
143.10866,-36.83181,REGIONAL BUS
142.9815,-37.2746,REGIONAL BUS
145.17693,-38.46529,REGIONAL BUS
145.17209,-38.47002,REGIONAL BUS
145.29902,-38.46437,REGIONAL BUS
145.29814,-38.46763,REGIONAL BUS
145.30942,-38.46422,REGIONAL BUS
143.24788,-37.17734,REGIONAL BUS
143.25239,-37.18206,REGIONAL BUS
143.24762,-37.17803,REGIONAL BUS
145.30476,-38.46342,REGIONAL BUS
145.30328,-38.46131,REGIONAL BUS
143.17337,-37.1889,REGIONAL BUS
145.33452,-38.52382,REGIONAL BUS
145.33435,-38.52395,REGIONAL BUS
145.33517,-38.5287,REGIONAL BUS
145.33492,-38.52856,REGIONAL BUS
145.33678,-38.53336,REGIONAL BUS
145.35823,-38.51345,REGIONAL BUS
145.36557,-38.52192,REGIONAL BUS
145.36552,-38.52152,REGIONAL BUS
145.36725,-38.52285,REGIONAL BUS
145.36737,-38.52292,REGIONAL BUS
145.37067,-38.52062,REGIONAL BUS
145.3718,-38.52698,REGIONAL BUS
145.3718,-38.5263,REGIONAL BUS
145.3737,-38.52746,REGIONAL BUS
145.3747,-38.52772,REGIONAL BUS
145.37663,-38.52588,REGIONAL BUS
145.37674,-38.52609,REGIONAL BUS
145.37752,-38.52351,REGIONAL BUS
145.37768,-38.52343,REGIONAL BUS
143.72878,-37.05268,REGIONAL BUS
143.72643,-37.05299,REGIONAL BUS
143.72867,-37.0515,REGIONAL BUS
143.74981,-37.02467,REGIONAL BUS
145.71712,-38.62853,REGIONAL BUS
145.71698,-38.62849,REGIONAL BUS
145.72434,-38.63742,REGIONAL BUS
145.72458,-38.63708,REGIONAL BUS
145.73083,-38.62803,REGIONAL BUS
145.73093,-38.62737,REGIONAL BUS
145.59316,-38.60298,REGIONAL BUS
145.59502,-38.60237,REGIONAL BUS
145.60021,-38.59976,REGIONAL BUS
145.5965,-38.59461,REGIONAL BUS
145.59886,-38.59125,REGIONAL BUS
145.60188,-38.59485,REGIONAL BUS
145.60629,-38.59565,REGIONAL BUS
145.60252,-38.60318,REGIONAL BUS
145.59929,-38.60532,REGIONAL BUS
145.59498,-38.60576,REGIONAL BUS
145.59184,-38.59274,REGIONAL BUS
145.58932,-38.59155,REGIONAL BUS
145.57815,-38.59958,REGIONAL BUS
145.57462,-38.5994,REGIONAL BUS
145.58517,-38.60659,REGIONAL BUS
145.58503,-38.60743,REGIONAL BUS
145.58237,-38.60934,REGIONAL BUS
145.58563,-38.61113,REGIONAL BUS
145.58216,-38.6125,REGIONAL BUS
145.58269,-38.61507,REGIONAL BUS
145.5866,-38.61384,REGIONAL BUS
145.59644,-38.61511,REGIONAL BUS
145.59746,-38.61575,REGIONAL BUS
145.59105,-38.61067,REGIONAL BUS
145.59109,-38.61054,REGIONAL BUS
145.59441,-38.61255,REGIONAL BUS
145.59513,-38.60895,REGIONAL BUS
145.6174,-38.66806,REGIONAL BUS
145.60916,-38.66733,REGIONAL BUS
145.61115,-38.67015,REGIONAL BUS
145.60936,-38.6722,REGIONAL BUS
145.61225,-38.6728,REGIONAL BUS
145.62092,-38.67141,REGIONAL BUS
144.33162,-36.76305,REGIONAL BUS
144.33321,-36.7636,REGIONAL BUS
145.52211,-38.41736,REGIONAL BUS
146.15674,-38.4009,REGIONAL BUS
145.59198,-38.59585,REGIONAL BUS
145.42829,-38.41362,REGIONAL BUS
145.53794,-38.39811,REGIONAL BUS
144.05283,-38.1019,REGIONAL BUS
145.46864,-38.42036,REGIONAL BUS
146.32368,-36.35571,REGIONAL BUS
146.32022,-36.35453,REGIONAL BUS
146.32227,-36.36231,REGIONAL BUS
146.32636,-36.38062,REGIONAL BUS
146.32524,-36.38201,REGIONAL BUS
146.32791,-36.38272,REGIONAL BUS
146.32287,-36.3685,REGIONAL BUS
146.31386,-36.37787,REGIONAL BUS
146.30435,-36.37524,REGIONAL BUS
146.29352,-36.37393,REGIONAL BUS
146.31464,-36.34359,REGIONAL BUS
146.31341,-36.34861,REGIONAL BUS
146.30206,-36.34652,REGIONAL BUS
146.29011,-36.33593,REGIONAL BUS
146.29392,-36.33639,REGIONAL BUS
146.30618,-36.34001,REGIONAL BUS
146.30913,-36.33822,REGIONAL BUS
146.31307,-36.33997,REGIONAL BUS
142.74974,-38.46995,REGIONAL BUS
142.62808,-38.39561,REGIONAL BUS
146.62548,-35.97876,REGIONAL BUS
146.63684,-35.98088,REGIONAL BUS
146.91084,-36.08232,REGIONAL BUS
146.9034,-36.09372,REGIONAL BUS
146.636,-35.981,REGIONAL BUS
146.62527,-35.97877,REGIONAL BUS
142.1265,-34.2157,REGIONAL BUS
142.1287,-34.2175,REGIONAL BUS
142.1303,-34.2188,REGIONAL BUS
142.1318,-34.2188,REGIONAL BUS
142.13343,-34.21743,REGIONAL BUS
142.1351,-34.21604,REGIONAL BUS
142.1695,-34.20358,REGIONAL BUS
142.7824,-34.5845,REGIONAL BUS
142.7744,-34.5845,REGIONAL BUS
142.74505,-34.57622,REGIONAL BUS
143.76084,-38.4688,REGIONAL BUS
142.14321,-34.18507,REGIONAL BUS
143.70992,-38.65492,REGIONAL BUS
143.66775,-38.75618,REGIONAL BUS
143.66882,-38.76378,REGIONAL BUS
145.24238,-38.45495,REGIONAL BUS
145.25257,-38.45616,REGIONAL BUS
145.44589,-38.43883,REGIONAL BUS
145.60432,-38.62699,REGIONAL BUS
145.61454,-38.66775,REGIONAL BUS
145.71096,-38.63667,REGIONAL BUS
145.71488,-38.63708,REGIONAL BUS
145.7149,-38.63709,REGIONAL BUS
145.70954,-38.63658,REGIONAL BUS
142.15225,-34.20258,REGIONAL BUS
142.1634,-34.2003,REGIONAL BUS
142.1694,-34.2043,REGIONAL BUS
142.7828,-34.5845,REGIONAL BUS
142.1529,-34.1891,REGIONAL BUS
142.16199,-34.1817,REGIONAL BUS
142.1596,-34.1796,REGIONAL BUS
145.72038,-38.6374,REGIONAL BUS
142.14732,-34.21407,REGIONAL BUS
142.14568,-34.21155,REGIONAL BUS
142.14446,-34.2091,REGIONAL BUS
142.1446,-34.2081,REGIONAL BUS
142.1476,-34.2057,REGIONAL BUS
142.1583,-34.2051,REGIONAL BUS
145.72026,-38.63751,REGIONAL BUS
142.16003,-34.20354,REGIONAL BUS
142.1613,-34.2025,REGIONAL BUS
142.16509,-34.19913,REGIONAL BUS
142.16113,-34.19849,REGIONAL BUS
142.1655,-34.199,REGIONAL BUS
142.161,-34.19265,REGIONAL BUS
142.1585,-34.1907,REGIONAL BUS
142.14687,-34.17471,REGIONAL BUS
142.14892,-34.17641,REGIONAL BUS
142.15046,-34.17772,REGIONAL BUS
142.1475,-34.1871,REGIONAL BUS
142.14777,-34.1891,REGIONAL BUS
142.14531,-34.1912,REGIONAL BUS
142.14089,-34.1948,REGIONAL BUS
142.1375,-34.19761,REGIONAL BUS
142.1355,-34.1993,REGIONAL BUS
142.1337,-34.19677,REGIONAL BUS
142.13085,-34.19551,REGIONAL BUS
142.1269,-34.2009,REGIONAL BUS
142.1275,-34.2037,REGIONAL BUS
142.13,-34.2036,REGIONAL BUS
145.48896,-38.4313,REGIONAL BUS
142.05875,-34.18737,REGIONAL BUS
145.70971,-37.19361,REGIONAL BUS
144.45325,-37.24799,REGIONAL BUS
144.45613,-37.24884,REGIONAL BUS
144.4615,-37.25189,REGIONAL BUS
144.46431,-37.25221,REGIONAL BUS
144.4673,-37.25229,REGIONAL BUS
144.4692,-37.25524,REGIONAL BUS
144.46042,-37.2531,REGIONAL BUS
144.46211,-37.25404,REGIONAL BUS
144.45695,-37.25175,REGIONAL BUS
144.45286,-37.2529,REGIONAL BUS
144.44692,-37.2472,REGIONAL BUS
144.45081,-37.25813,REGIONAL BUS
144.3847,-37.18848,REGIONAL BUS
144.45274,-37.25146,REGIONAL BUS
144.37639,-37.18768,REGIONAL BUS
144.45269,-37.25248,REGIONAL BUS
144.44653,-37.24173,REGIONAL BUS
144.44751,-37.24394,REGIONAL BUS
144.44897,-37.24509,REGIONAL BUS
144.44854,-37.24722,REGIONAL BUS
144.45937,-37.24641,REGIONAL BUS
144.4632,-37.24647,REGIONAL BUS
144.46353,-37.24472,REGIONAL BUS
144.45434,-37.25652,REGIONAL BUS
144.45152,-37.25339,REGIONAL BUS
144.44978,-37.25209,REGIONAL BUS
144.44673,-37.25063,REGIONAL BUS
144.4456,-37.24847,REGIONAL BUS
144.45302,-37.24984,REGIONAL BUS
144.45156,-37.24232,REGIONAL BUS
142.94787,-37.27908,REGIONAL BUS
142.94798,-37.27918,REGIONAL BUS
143.5844,-37.61229,REGIONAL BUS
143.40031,-37.18219,REGIONAL BUS
147.08391,-38.15639,REGIONAL BUS
147.18911,-38.37089,REGIONAL BUS
147.18956,-38.37542,REGIONAL BUS
147.18719,-38.37783,REGIONAL BUS
147.18901,-38.37079,REGIONAL BUS
147.08794,-38.16943,REGIONAL BUS
145.97897,-36.56186,REGIONAL BUS
146.13166,-37.14793,REGIONAL BUS
146.1425,-37.20944,REGIONAL BUS
146.1375,-37.30195,REGIONAL BUS
146.16194,-37.35805,REGIONAL BUS
146.19028,-37.47543,REGIONAL BUS
146.20028,-37.49543,REGIONAL BUS
146.25333,-37.56917,REGIONAL BUS
143.5895,-38.34077,REGIONAL BUS
145.4319,-36.45346,REGIONAL BUS
143.74249,-37.05079,REGIONAL BUS
144.05888,-37.59003,REGIONAL BUS
144.05147,-37.55555,REGIONAL BUS
143.99679,-37.55904,REGIONAL BUS
143.96618,-37.59076,REGIONAL BUS
147.14109,-36.68752,REGIONAL BUS
147.1168,-36.64074,REGIONAL BUS
147.09002,-36.58528,REGIONAL BUS
147.05441,-36.53981,REGIONAL BUS
147.03054,-36.48155,REGIONAL BUS
147.03775,-36.42888,REGIONAL BUS
147.02788,-36.32709,REGIONAL BUS
147.01531,-36.27012,REGIONAL BUS
147.00608,-36.25684,REGIONAL BUS
146.97112,-36.19552,REGIONAL BUS
146.88415,-36.14283,REGIONAL BUS
146.88044,-36.12557,REGIONAL BUS
146.92797,-36.07204,REGIONAL BUS
146.86607,-36.12824,REGIONAL BUS
144.5954,-37.31204,REGIONAL BUS
144.59508,-37.31189,REGIONAL BUS
142.49335,-38.36887,REGIONAL BUS
145.38913,-36.36121,REGIONAL BUS
145.3893,-36.36104,REGIONAL BUS
145.39943,-36.40115,REGIONAL BUS
145.39953,-36.40117,REGIONAL BUS
145.65072,-35.92472,REGIONAL BUS
147.60568,-37.82645,REGIONAL BUS
142.09442,-37.76588,REGIONAL BUS
145.96794,-36.5545,REGIONAL BUS
145.97094,-36.55197,REGIONAL BUS
145.972,-36.55005,REGIONAL BUS
145.97369,-36.54915,REGIONAL BUS
145.97211,-36.5475,REGIONAL BUS
145.96941,-36.54785,REGIONAL BUS
145.96984,-36.54597,REGIONAL BUS
145.95745,-36.55693,REGIONAL BUS
145.96431,-36.55007,REGIONAL BUS
145.96353,-36.55361,REGIONAL BUS
145.96272,-36.55628,REGIONAL BUS
145.96022,-36.55726,REGIONAL BUS
145.95898,-36.55637,REGIONAL BUS
145.95727,-36.55809,REGIONAL BUS
145.95873,-36.55895,REGIONAL BUS
145.96147,-36.55876,REGIONAL BUS
145.96276,-36.55955,REGIONAL BUS
145.9666,-36.5601,REGIONAL BUS
145.97272,-36.56098,REGIONAL BUS
145.97591,-36.56144,REGIONAL BUS
145.98261,-36.55911,REGIONAL BUS
145.97789,-36.55562,REGIONAL BUS
145.98814,-36.54972,REGIONAL BUS
145.98292,-36.54533,REGIONAL BUS
145.98186,-36.542,REGIONAL BUS
145.98364,-36.54106,REGIONAL BUS
145.9859,-36.5416,REGIONAL BUS
145.98333,-36.54536,REGIONAL BUS
145.9967,-36.55663,REGIONAL BUS
145.99002,-36.54473,REGIONAL BUS
145.99286,-36.54513,REGIONAL BUS
145.99747,-36.54579,REGIONAL BUS
145.99672,-36.55167,REGIONAL BUS
145.99598,-36.55493,REGIONAL BUS
145.99372,-36.55575,REGIONAL BUS
145.99082,-36.55408,REGIONAL BUS
147.62571,-37.81342,REGIONAL BUS
147.62871,-37.81585,REGIONAL BUS
147.6301,-37.81425,REGIONAL BUS
147.6257,-37.81106,REGIONAL BUS
146.54821,-38.20871,REGIONAL BUS
146.55075,-38.20485,REGIONAL BUS
145.97569,-36.5554,REGIONAL BUS
145.96932,-36.55607,REGIONAL BUS
144.21893,-37.06932,REGIONAL BUS
144.21729,-37.07326,REGIONAL BUS
144.21454,-37.07297,REGIONAL BUS
144.20967,-37.0748,REGIONAL BUS
144.20718,-37.07551,REGIONAL BUS
144.21,-37.07711,REGIONAL BUS
144.21089,-37.08225,REGIONAL BUS
144.20659,-37.08591,REGIONAL BUS
144.20586,-37.09084,REGIONAL BUS
144.20364,-37.0944,REGIONAL BUS
144.2033,-37.09606,REGIONAL BUS
144.20408,-37.0915,REGIONAL BUS
144.20441,-37.08855,REGIONAL BUS
144.20424,-37.08699,REGIONAL BUS
144.20418,-37.08188,REGIONAL BUS
144.20394,-37.07956,REGIONAL BUS
144.20441,-37.07494,REGIONAL BUS
144.20572,-37.07368,REGIONAL BUS
144.21106,-37.0707,REGIONAL BUS
144.21307,-37.06989,REGIONAL BUS
144.21524,-37.0598,REGIONAL BUS
144.21367,-37.05571,REGIONAL BUS
144.20943,-37.05521,REGIONAL BUS
144.20827,-37.05079,REGIONAL BUS
144.21113,-37.05253,REGIONAL BUS
144.21297,-37.0556,REGIONAL BUS
144.21854,-37.05546,REGIONAL BUS
144.22187,-37.05221,REGIONAL BUS
144.22105,-37.05629,REGIONAL BUS
144.22045,-37.06041,REGIONAL BUS
144.21964,-37.06436,REGIONAL BUS
144.21766,-37.06059,REGIONAL BUS
144.21926,-37.05093,REGIONAL BUS
144.21946,-37.0513,REGIONAL BUS
144.24603,-37.00962,REGIONAL BUS
144.24577,-37.01063,REGIONAL BUS
144.25869,-36.99967,REGIONAL BUS
144.25709,-37.00028,REGIONAL BUS
144.19145,-37.06888,REGIONAL BUS
144.14803,-37.04997,REGIONAL BUS
144.14769,-37.05003,REGIONAL BUS
144.07458,-37.00994,REGIONAL BUS
144.22313,-37.06789,REGIONAL BUS
144.22708,-37.0705,REGIONAL BUS
144.2274,-37.07073,REGIONAL BUS
144.23381,-37.07034,REGIONAL BUS
144.23377,-37.07045,REGIONAL BUS
144.23645,-37.07231,REGIONAL BUS
144.23986,-37.07466,REGIONAL BUS
144.23983,-37.07469,REGIONAL BUS
144.25379,-37.08056,REGIONAL BUS
144.25436,-37.081,REGIONAL BUS
144.25674,-37.08098,REGIONAL BUS
144.25667,-37.08114,REGIONAL BUS
144.26238,-37.08021,REGIONAL BUS
144.26228,-37.08031,REGIONAL BUS
144.26611,-37.0809,REGIONAL BUS
144.33283,-37.10321,REGIONAL BUS
144.35019,-37.13995,REGIONAL BUS
144.34777,-37.13819,REGIONAL BUS
144.06394,-36.99201,REGIONAL BUS
144.06431,-36.98988,REGIONAL BUS
144.07595,-36.99297,REGIONAL BUS
144.06734,-36.99696,REGIONAL BUS
146.94695,-36.1801,REGIONAL BUS
146.9551,-36.19674,REGIONAL BUS
146.8842,-36.15571,REGIONAL BUS
146.94787,-36.18101,REGIONAL BUS
146.90928,-36.12748,REGIONAL BUS
147.6562,-37.81944,REGIONAL BUS
147.87005,-37.82292,REGIONAL BUS
147.86987,-37.82293,REGIONAL BUS
147.65613,-37.81962,REGIONAL BUS
147.98737,-37.87929,REGIONAL BUS
147.99098,-37.8785,REGIONAL BUS
147.9273,-37.84025,REGIONAL BUS
148.06695,-37.75457,REGIONAL BUS
148.05874,-37.76689,REGIONAL BUS
147.92731,-37.84035,REGIONAL BUS
146.75872,-38.3809,REGIONAL BUS
146.75901,-38.38161,REGIONAL BUS
144.72278,-36.12938,REGIONAL BUS
142.96646,-38.48132,REGIONAL BUS
142.9795,-38.48366,REGIONAL BUS
142.97727,-38.47898,REGIONAL BUS
143.04364,-38.45329,REGIONAL BUS
143.14679,-38.2328,REGIONAL BUS
142.18549,-34.17101,REGIONAL BUS
144.75184,-36.10853,REGIONAL BUS
144.75183,-36.09981,REGIONAL BUS
144.73291,-36.09512,REGIONAL BUS
144.72044,-36.07434,REGIONAL BUS
144.73061,-36.14427,REGIONAL BUS
146.09001,-37.0525,REGIONAL BUS
146.30736,-36.34291,REGIONAL BUS
143.95594,-35.527,REGIONAL BUS
142.16351,-34.19757,REGIONAL BUS
141.59794,-38.34812,REGIONAL BUS
144.45967,-37.24319,REGIONAL BUS
144.45414,-37.24254,REGIONAL BUS
144.44411,-37.2414,REGIONAL BUS
143.53423,-35.3406,REGIONAL BUS
146.13249,-37.225,REGIONAL BUS
147.32074,-36.0841,REGIONAL BUS
147.61741,-35.97622,REGIONAL BUS
147.98693,-36.1264,REGIONAL BUS
146.28757,-36.33844,REGIONAL BUS
146.28784,-36.37594,REGIONAL BUS
142.02473,-37.74057,REGIONAL BUS
142.19925,-36.72787,REGIONAL BUS
142.19635,-36.72913,REGIONAL BUS
142.19655,-36.72595,REGIONAL BUS
142.20246,-36.71881,REGIONAL BUS
145.63182,-35.92405,REGIONAL BUS
145.63174,-35.91635,REGIONAL BUS
145.6484,-35.92103,REGIONAL BUS
145.6483,-35.91265,REGIONAL BUS
145.65454,-35.91416,REGIONAL BUS
144.58658,-37.48772,REGIONAL BUS
144.58496,-37.49202,REGIONAL BUS
144.58785,-37.49959,REGIONAL BUS
144.59821,-37.49332,REGIONAL BUS
144.59168,-37.48804,REGIONAL BUS
144.59429,-37.46932,REGIONAL BUS
144.5954,-37.46764,REGIONAL BUS
144.58958,-37.48572,REGIONAL BUS
144.58558,-37.49578,REGIONAL BUS
144.60539,-37.47293,REGIONAL BUS
144.60781,-37.47929,REGIONAL BUS
144.60046,-37.48394,REGIONAL BUS
144.58606,-37.47618,REGIONAL BUS
144.57758,-37.49039,REGIONAL BUS
144.60473,-37.49808,REGIONAL BUS
144.58815,-37.5057,REGIONAL BUS
146.88844,-36.14132,REGIONAL BUS
146.88818,-36.14182,REGIONAL BUS
146.89094,-36.13953,REGIONAL BUS
146.89244,-36.13877,REGIONAL BUS
146.89696,-36.13785,REGIONAL BUS
146.89675,-36.13815,REGIONAL BUS
146.88403,-36.14718,REGIONAL BUS
145.65081,-35.91671,REGIONAL BUS
145.65085,-35.91154,REGIONAL BUS
145.65995,-35.93095,REGIONAL BUS
143.58772,-38.36735,REGIONAL BUS
142.1864,-36.71138,REGIONAL BUS
142.46869,-38.3711,REGIONAL BUS
142.51165,-38.36808,REGIONAL BUS
142.5165,-38.37181,REGIONAL BUS
142.51645,-38.37185,REGIONAL BUS
142.4854,-38.37286,REGIONAL BUS
143.14223,-38.23903,REGIONAL BUS
143.14264,-38.23935,REGIONAL BUS
143.06752,-38.32748,REGIONAL BUS
143.06749,-38.32755,REGIONAL BUS
143.08,-38.32043,REGIONAL BUS
143.07992,-38.32058,REGIONAL BUS
144.59189,-37.48211,REGIONAL BUS
144.592,-37.48202,REGIONAL BUS
144.58173,-37.50543,REGIONAL BUS
142.44989,-38.3586,REGIONAL BUS
142.45007,-38.35857,REGIONAL BUS
142.23416,-38.36716,REGIONAL BUS
142.23418,-38.36693,REGIONAL BUS
142.60004,-38.38646,REGIONAL BUS
142.22415,-38.3873,REGIONAL BUS
142.25532,-38.35281,REGIONAL BUS
142.02779,-37.74148,REGIONAL BUS
142.37295,-38.32706,REGIONAL BUS
142.48323,-38.38585,REGIONAL BUS
142.48634,-38.3731,REGIONAL BUS
142.22785,-38.38184,REGIONAL BUS
142.22695,-38.38568,REGIONAL BUS
142.22119,-38.38693,REGIONAL BUS
142.32916,-38.31343,REGIONAL BUS
142.22072,-38.39008,REGIONAL BUS
142.51044,-38.39183,REGIONAL BUS
142.34036,-38.31495,REGIONAL BUS
142.22355,-38.3912,REGIONAL BUS
142.51029,-38.39188,REGIONAL BUS
142.53197,-38.38449,REGIONAL BUS
142.22986,-38.37822,REGIONAL BUS
142.47977,-38.38493,REGIONAL BUS
142.59098,-38.38503,REGIONAL BUS
142.34096,-38.31479,REGIONAL BUS
142.59141,-38.3856,REGIONAL BUS
142.3581,-38.29099,REGIONAL BUS
142.60012,-38.38628,REGIONAL BUS
142.35796,-38.29107,REGIONAL BUS
142.47961,-38.38492,REGIONAL BUS
142.49358,-38.38926,REGIONAL BUS
142.47874,-38.37227,REGIONAL BUS
142.22772,-38.38202,REGIONAL BUS
142.60532,-38.38696,REGIONAL BUS
142.37303,-38.30198,REGIONAL BUS
142.52598,-38.38425,REGIONAL BUS
142.37331,-38.32733,REGIONAL BUS
142.51534,-38.3823,REGIONAL BUS
142.22965,-38.37823,REGIONAL BUS
142.39099,-38.32792,REGIONAL BUS
142.49036,-38.38915,REGIONAL BUS
142.39765,-38.32808,REGIONAL BUS
142.48737,-38.38775,REGIONAL BUS
142.52134,-38.38345,REGIONAL BUS
142.48175,-38.37754,REGIONAL BUS
142.51217,-38.38388,REGIONAL BUS
142.46879,-38.36992,REGIONAL BUS
142.5153,-38.3794,REGIONAL BUS
142.51576,-38.37965,REGIONAL BUS
142.49539,-38.38918,REGIONAL BUS
142.47808,-38.3702,REGIONAL BUS
142.23115,-38.38284,REGIONAL BUS
142.51572,-38.37814,REGIONAL BUS
142.51609,-38.37802,REGIONAL BUS
142.52147,-38.38392,REGIONAL BUS
142.52151,-38.38517,REGIONAL BUS
142.51913,-38.38592,REGIONAL BUS
142.47627,-38.38505,REGIONAL BUS
142.46786,-38.38343,REGIONAL BUS
142.46265,-38.38107,REGIONAL BUS
142.45678,-38.3785,REGIONAL BUS
142.51948,-38.38047,REGIONAL BUS
142.47804,-38.37157,REGIONAL BUS
142.23116,-38.38296,REGIONAL BUS
142.4544,-38.3772,REGIONAL BUS
142.45413,-38.37303,REGIONAL BUS
142.45678,-38.36994,REGIONAL BUS
142.46473,-38.38228,REGIONAL BUS
142.49132,-38.37932,REGIONAL BUS
142.51956,-38.38074,REGIONAL BUS
142.49449,-38.3775,REGIONAL BUS
142.49709,-38.37634,REGIONAL BUS
142.50064,-38.37527,REGIONAL BUS
142.50348,-38.37038,REGIONAL BUS
142.50355,-38.37075,REGIONAL BUS
142.32367,-38.33849,REGIONAL BUS
142.23895,-38.38366,REGIONAL BUS
142.50509,-38.36748,REGIONAL BUS
142.50463,-38.36738,REGIONAL BUS
142.50716,-38.39547,REGIONAL BUS
142.51712,-38.37604,REGIONAL BUS
142.51666,-38.37614,REGIONAL BUS
142.50289,-38.3736,REGIONAL BUS
142.50434,-38.36557,REGIONAL BUS
142.50525,-38.39569,REGIONAL BUS
142.24035,-38.38761,REGIONAL BUS
142.50443,-38.36559,REGIONAL BUS
142.50485,-38.36271,REGIONAL BUS
142.50309,-38.36207,REGIONAL BUS
142.50016,-38.36178,REGIONAL BUS
142.4974,-38.36231,REGIONAL BUS
142.49491,-38.36553,REGIONAL BUS
142.4931,-38.36877,REGIONAL BUS
142.4888,-38.36945,REGIONAL BUS
142.48836,-38.36761,REGIONAL BUS
142.48847,-38.3676,REGIONAL BUS
142.50751,-38.39275,REGIONAL BUS
142.2402,-38.38762,REGIONAL BUS
142.48553,-38.36628,REGIONAL BUS
142.47579,-38.36343,REGIONAL BUS
142.47582,-38.36333,REGIONAL BUS
142.47424,-38.36464,REGIONAL BUS
142.47468,-38.36746,REGIONAL BUS
142.47735,-38.36826,REGIONAL BUS
142.47373,-38.36698,REGIONAL BUS
142.50697,-38.39547,REGIONAL BUS
142.4727,-38.37778,REGIONAL BUS
142.47137,-38.37352,REGIONAL BUS
142.50763,-38.39275,REGIONAL BUS
142.23682,-38.38759,REGIONAL BUS
142.46932,-38.37126,REGIONAL BUS
142.46357,-38.36941,REGIONAL BUS
142.4638,-38.36907,REGIONAL BUS
142.46699,-38.36617,REGIONAL BUS
142.46431,-38.36496,REGIONAL BUS
142.46475,-38.36238,REGIONAL BUS
142.46458,-38.35988,REGIONAL BUS
142.4645,-38.35977,REGIONAL BUS
142.46053,-38.3595,REGIONAL BUS
142.46006,-38.36203,REGIONAL BUS
142.22737,-38.3858,REGIONAL BUS
142.45991,-38.36202,REGIONAL BUS
142.45527,-38.36043,REGIONAL BUS
142.4554,-38.36042,REGIONAL BUS
142.45308,-38.35804,REGIONAL BUS
142.45343,-38.35799,REGIONAL BUS
142.44689,-38.3568,REGIONAL BUS
142.44107,-38.3563,REGIONAL BUS
146.89808,-36.12381,REGIONAL BUS
146.32488,-36.37628,REGIONAL BUS
146.32333,-36.37371,REGIONAL BUS
143.76078,-38.46883,REGIONAL BUS
143.7145,-38.51826,REGIONAL BUS
146.31251,-36.36273,REGIONAL BUS
146.31328,-36.36098,REGIONAL BUS
145.96385,-36.5463,REGIONAL BUS
145.97537,-36.5531,REGIONAL BUS
145.97397,-36.55362,REGIONAL BUS
145.97922,-36.55324,REGIONAL BUS
145.97928,-36.55368,REGIONAL BUS
145.99434,-36.54536,REGIONAL BUS
144.3072,-36.77445,REGIONAL BUS
146.99135,-37.9574,REGIONAL BUS
146.98863,-37.96165,REGIONAL BUS
146.98544,-37.96457,REGIONAL BUS
146.98685,-37.96881,REGIONAL BUS
146.98856,-37.96799,REGIONAL BUS
146.98351,-37.95886,REGIONAL BUS
146.97868,-37.96787,REGIONAL BUS
142.319,-35.0696,REGIONAL BUS
142.02385,-35.13616,REGIONAL BUS
141.9369,-35.15401,REGIONAL BUS
141.81161,-35.16997,REGIONAL BUS
141.6015,-35.2023,REGIONAL BUS
141.48604,-35.21993,REGIONAL BUS
141.38146,-35.23444,REGIONAL BUS
141.18278,-35.26332,REGIONAL BUS
140.91383,-35.26043,REGIONAL BUS
146.89833,-36.12037,REGIONAL BUS
146.90228,-36.12996,REGIONAL BUS
146.9068,-36.12718,REGIONAL BUS
142.18629,-34.30252,REGIONAL BUS
142.15044,-34.21882,REGIONAL BUS
142.15668,-34.22354,REGIONAL BUS
142.05862,-34.16848,REGIONAL BUS
142.09087,-34.20314,REGIONAL BUS
142.12799,-34.21717,REGIONAL BUS
142.0584,-34.16952,REGIONAL BUS
142.16317,-34.19751,REGIONAL BUS
142.16088,-34.19559,REGIONAL BUS
142.15906,-34.19684,REGIONAL BUS
142.14758,-34.21325,REGIONAL BUS
142.15014,-34.20367,REGIONAL BUS
142.1554,-34.20517,REGIONAL BUS
142.16304,-34.20035,REGIONAL BUS
142.1592,-34.19714,REGIONAL BUS
142.16473,-34.19569,REGIONAL BUS
142.16374,-34.19484,REGIONAL BUS
142.14682,-34.17367,REGIONAL BUS
142.14984,-34.17923,REGIONAL BUS
142.1425,-34.19349,REGIONAL BUS
142.14684,-34.17348,REGIONAL BUS
143.10843,-37.15076,REGIONAL BUS
142.74081,-37.54674,REGIONAL BUS
143.40022,-37.1824,REGIONAL BUS
143.58466,-37.61248,REGIONAL BUS
143.96613,-37.59057,REGIONAL BUS
143.99682,-37.55875,REGIONAL BUS
144.0513,-37.55564,REGIONAL BUS
144.05873,-37.5901,REGIONAL BUS
146.97527,-37.96654,REGIONAL BUS
146.98347,-37.95845,REGIONAL BUS
146.9915,-37.95754,REGIONAL BUS
146.98857,-37.96164,REGIONAL BUS
146.98521,-37.96475,REGIONAL BUS
146.98866,-37.96794,REGIONAL BUS
146.98683,-37.96889,REGIONAL BUS
146.13194,-37.225,REGIONAL BUS
143.17273,-37.18895,REGIONAL BUS
145.51339,-36.69912,REGIONAL BUS
147.02904,-36.77143,REGIONAL BUS
147.59234,-37.10047,REGIONAL BUS
146.94929,-36.18537,REGIONAL BUS
144.30112,-35.90394,REGIONAL BUS
142.43891,-35.40208,REGIONAL BUS
143.10883,-36.8316,REGIONAL BUS
143.11339,-36.8999,REGIONAL BUS
143.13403,-37.00869,REGIONAL BUS
144.50507,-36.61505,REGIONAL BUS
144.47011,-37.25488,REGIONAL BUS
142.56907,-38.38876,REGIONAL BUS
144.70053,-36.36066,REGIONAL BUS
144.69314,-36.36125,REGIONAL BUS
144.69059,-36.36126,REGIONAL BUS
144.68966,-36.35953,REGIONAL BUS
144.68993,-36.35757,REGIONAL BUS
144.69333,-36.35774,REGIONAL BUS
144.69546,-36.35987,REGIONAL BUS
144.69564,-36.35691,REGIONAL BUS
144.70065,-36.35338,REGIONAL BUS
144.69986,-36.35577,REGIONAL BUS
144.69918,-36.35716,REGIONAL BUS
144.70162,-36.35763,REGIONAL BUS
144.71038,-36.35837,REGIONAL BUS
144.71286,-36.36056,REGIONAL BUS
144.71039,-36.36062,REGIONAL BUS
144.7003,-36.36318,REGIONAL BUS
144.70116,-36.36369,REGIONAL BUS
144.70123,-36.36434,REGIONAL BUS
144.69754,-36.36571,REGIONAL BUS
144.69665,-36.36668,REGIONAL BUS
144.69555,-36.36824,REGIONAL BUS
146.89226,-36.13202,REGIONAL BUS
146.84534,-36.31007,REGIONAL BUS
145.32115,-36.39982,REGIONAL BUS
145.32131,-36.39998,REGIONAL BUS
142.18542,-34.30294,REGIONAL BUS
142.1831,-34.30633,REGIONAL BUS
142.18308,-34.30871,REGIONAL BUS
142.18306,-34.31112,REGIONAL BUS
142.18671,-34.3147,REGIONAL BUS
142.19011,-34.31046,REGIONAL BUS
145.95763,-38.47517,REGIONAL BUS
145.96056,-38.4702,REGIONAL BUS
144.7448,-36.12014,REGIONAL BUS
144.74528,-36.11972,REGIONAL BUS
146.31443,-36.08195,REGIONAL BUS
146.31454,-36.08212,REGIONAL BUS
146.16148,-36.03297,REGIONAL BUS
146.38541,-36.18524,REGIONAL BUS
146.2317,-36.19115,REGIONAL BUS
146.26542,-36.2951,REGIONAL BUS
144.30584,-36.77334,REGIONAL BUS
144.75307,-36.14971,REGIONAL BUS
144.73236,-36.14306,REGIONAL BUS
142.20558,-36.73186,REGIONAL BUS
143.54177,-35.34007,REGIONAL BUS
145.73606,-37.4667,REGIONAL BUS
146.31658,-36.35614,REGIONAL BUS
147.60518,-37.82206,REGIONAL BUS
143.80469,-37.59324,REGIONAL BUS
144.13885,-37.31859,REGIONAL BUS
146.31629,-36.35779,REGIONAL BUS
146.32295,-36.37022,REGIONAL BUS
146.28695,-36.34211,REGIONAL BUS
146.29711,-36.34594,REGIONAL BUS
146.30991,-36.34368,REGIONAL BUS
146.32155,-36.35465,REGIONAL BUS
146.31314,-36.34925,REGIONAL BUS
146.31197,-36.34493,REGIONAL BUS
146.30497,-36.33872,REGIONAL BUS
146.29991,-36.37465,REGIONAL BUS
146.3126,-36.37578,REGIONAL BUS
146.31723,-36.3652,REGIONAL BUS
146.319,-36.36882,REGIONAL BUS
146.31591,-36.37427,REGIONAL BUS
146.30847,-36.37704,REGIONAL BUS
144.72221,-36.13162,REGIONAL BUS
142.1822,-34.19915,REGIONAL BUS
147.08233,-38.10559,REGIONAL BUS
144.10381,-37.58097,REGIONAL BUS
144.10396,-37.58098,REGIONAL BUS
144.96193,-36.02854,REGIONAL BUS
144.20821,-37.0724,REGIONAL BUS
146.95223,-36.22281,REGIONAL BUS
146.73004,-36.29065,REGIONAL BUS
146.82997,-36.49314,REGIONAL BUS
144.22147,-35.81093,REGIONAL BUS
144.75229,-36.12807,REGIONAL BUS
144.75356,-36.15166,REGIONAL BUS
145.4001,-36.38402,REGIONAL BUS
145.40012,-36.38389,REGIONAL BUS
145.40015,-36.38369,REGIONAL BUS
145.53227,-36.71495,REGIONAL BUS
145.47145,-36.61035,REGIONAL BUS
145.43172,-36.45221,REGIONAL BUS
145.47175,-36.60913,REGIONAL BUS
145.53345,-36.7156,REGIONAL BUS
141.60371,-38.3502,REGIONAL BUS
145.3589,-36.3914,REGIONAL BUS
144.13311,-37.30953,REGIONAL BUS
144.13868,-37.31091,REGIONAL BUS
145.35901,-36.3925,REGIONAL BUS
143.74843,-37.02707,REGIONAL BUS
144.237,-37.07273,REGIONAL BUS
142.51617,-38.36858,REGIONAL BUS
142.51571,-38.36842,REGIONAL BUS
142.19663,-36.70533,REGIONAL BUS
146.71442,-38.35152,REGIONAL BUS
146.71462,-38.34952,REGIONAL BUS
145.23886,-38.4643,REGIONAL BUS
146.98927,-36.03865,REGIONAL BUS
146.98213,-36.04663,REGIONAL BUS
146.98919,-36.04292,REGIONAL BUS
146.9911,-36.04942,REGIONAL BUS
146.98968,-36.04399,REGIONAL BUS
142.23721,-38.38774,REGIONAL BUS
143.67268,-37.49037,REGIONAL BUS
146.91036,-36.08073,REGIONAL BUS
146.87074,-36.14718,REGIONAL BUS
146.94146,-36.05725,REGIONAL BUS
146.94121,-36.05758,REGIONAL BUS
146.9129,-36.06902,REGIONAL BUS
146.91447,-36.06123,REGIONAL BUS
146.90965,-36.04701,REGIONAL BUS
146.91447,-36.06143,REGIONAL BUS
146.91308,-36.0694,REGIONAL BUS
146.93468,-36.04957,REGIONAL BUS
146.93814,-36.04299,REGIONAL BUS
146.94141,-36.03294,REGIONAL BUS
146.92719,-36.03872,REGIONAL BUS
146.94649,-36.04908,REGIONAL BUS
146.94555,-36.0335,REGIONAL BUS
146.87501,-36.14718,REGIONAL BUS
146.86708,-36.14513,REGIONAL BUS
146.8622,-36.1394,REGIONAL BUS
146.87601,-36.13887,REGIONAL BUS
142.18517,-36.70955,REGIONAL BUS
142.02107,-37.73458,REGIONAL BUS
142.02766,-37.74375,REGIONAL BUS
142.74493,-34.57586,REGIONAL BUS
143.56421,-38.23314,REGIONAL BUS
143.57217,-38.22209,REGIONAL BUS
146.94317,-36.04526,REGIONAL BUS
146.95381,-36.04471,REGIONAL BUS
146.95384,-36.04488,REGIONAL BUS
146.96013,-36.04018,REGIONAL BUS
146.95988,-36.04021,REGIONAL BUS
147.01427,-36.04587,REGIONAL BUS
147.01429,-36.04519,REGIONAL BUS
146.95421,-36.06989,REGIONAL BUS
146.99137,-36.05517,REGIONAL BUS
146.94345,-36.04534,REGIONAL BUS
146.93476,-36.04974,REGIONAL BUS
146.93977,-36.07855,REGIONAL BUS
146.90855,-36.07943,REGIONAL BUS
146.90797,-36.07664,REGIONAL BUS
146.90567,-36.07484,REGIONAL BUS
146.90253,-36.07353,REGIONAL BUS
146.8852,-36.07135,REGIONAL BUS
146.88547,-36.0686,REGIONAL BUS
146.88383,-36.06908,REGIONAL BUS
146.91086,-36.08214,REGIONAL BUS
146.92282,-36.08359,REGIONAL BUS
146.91207,-36.08877,REGIONAL BUS
146.91173,-36.0871,REGIONAL BUS
146.92148,-36.07668,REGIONAL BUS
146.92465,-36.07498,REGIONAL BUS
146.93018,-36.07612,REGIONAL BUS
146.92985,-36.0779,REGIONAL BUS
146.92935,-36.08046,REGIONAL BUS
146.92925,-36.08282,REGIONAL BUS
144.73392,-36.14109,REGIONAL BUS
142.3551,-38.3019,REGIONAL BUS
142.3552,-38.3013,REGIONAL BUS
144.13145,-35.6433,REGIONAL BUS
146.71669,-38.47411,REGIONAL BUS
146.71716,-38.47287,REGIONAL BUS
145.48776,-38.10215,REGIONAL BUS
145.4879,-38.10321,REGIONAL BUS
145.4889,-38.09872,REGIONAL BUS
146.93145,-36.0829,REGIONAL BUS
146.94399,-36.07703,REGIONAL BUS
146.94022,-36.08165,REGIONAL BUS
146.94,-36.08014,REGIONAL BUS
146.93511,-36.0866,REGIONAL BUS
146.93388,-36.08712,REGIONAL BUS
146.93154,-36.08705,REGIONAL BUS
146.92881,-36.08753,REGIONAL BUS
146.92751,-36.09008,REGIONAL BUS
146.92264,-36.08374,REGIONAL BUS
146.92183,-36.07274,REGIONAL BUS
146.92405,-36.0713,REGIONAL BUS
146.92432,-36.06996,REGIONAL BUS
146.9246,-36.06852,REGIONAL BUS
146.9275,-36.06697,REGIONAL BUS
146.92795,-36.06461,REGIONAL BUS
146.92884,-36.06257,REGIONAL BUS
146.93107,-36.06285,REGIONAL BUS
146.93196,-36.06033,REGIONAL BUS
146.93317,-36.05652,REGIONAL BUS
146.93792,-36.05705,REGIONAL BUS
146.94201,-36.05439,REGIONAL BUS
146.93836,-36.0532,REGIONAL BUS
146.93508,-36.05281,REGIONAL BUS
146.93747,-36.04642,REGIONAL BUS
146.93874,-36.03993,REGIONAL BUS
146.94225,-36.0394,REGIONAL BUS
146.94416,-36.03964,REGIONAL BUS
146.94869,-36.0402,REGIONAL BUS
146.95051,-36.03888,REGIONAL BUS
146.95134,-36.03478,REGIONAL BUS
146.93898,-36.03263,REGIONAL BUS
146.93706,-36.03239,REGIONAL BUS
146.93378,-36.03342,REGIONAL BUS
146.9324,-36.03517,REGIONAL BUS
146.93032,-36.03709,REGIONAL BUS
146.92816,-36.04095,REGIONAL BUS
146.92893,-36.04311,REGIONAL BUS
146.93009,-36.04625,REGIONAL BUS
146.93512,-36.05261,REGIONAL BUS
146.93916,-36.05313,REGIONAL BUS
146.94224,-36.05401,REGIONAL BUS
146.93804,-36.05719,REGIONAL BUS
146.93331,-36.05663,REGIONAL BUS
146.93245,-36.05883,REGIONAL BUS
146.93202,-36.06092,REGIONAL BUS
146.93099,-36.06297,REGIONAL BUS
146.92883,-36.0627,REGIONAL BUS
146.92807,-36.06468,REGIONAL BUS
146.9276,-36.06692,REGIONAL BUS
146.92475,-36.06843,REGIONAL BUS
146.92441,-36.07015,REGIONAL BUS
146.92425,-36.07088,REGIONAL BUS
146.9215,-36.07757,REGIONAL BUS
146.91714,-36.07225,REGIONAL BUS
146.91652,-36.07042,REGIONAL BUS
146.90973,-36.06205,REGIONAL BUS
146.91099,-36.06157,REGIONAL BUS
146.91271,-36.06179,REGIONAL BUS
146.91571,-36.05876,REGIONAL BUS
146.91608,-36.05684,REGIONAL BUS
146.91644,-36.05483,REGIONAL BUS
146.91672,-36.05052,REGIONAL BUS
146.91041,-36.04582,REGIONAL BUS
146.91347,-36.04598,REGIONAL BUS
146.91804,-36.0457,REGIONAL BUS
146.92097,-36.05091,REGIONAL BUS
146.92515,-36.05144,REGIONAL BUS
146.92805,-36.0518,REGIONAL BUS
146.94482,-36.04576,REGIONAL BUS
146.94428,-36.04863,REGIONAL BUS
146.94348,-36.0529,REGIONAL BUS
146.94614,-36.05376,REGIONAL BUS
146.94731,-36.05156,REGIONAL BUS
146.94843,-36.04934,REGIONAL BUS
146.94216,-36.04997,REGIONAL BUS
146.93849,-36.04897,REGIONAL BUS
146.92807,-36.05192,REGIONAL BUS
146.92509,-36.05154,REGIONAL BUS
146.92105,-36.05104,REGIONAL BUS
146.91741,-36.05088,REGIONAL BUS
146.91652,-36.05532,REGIONAL BUS
146.9162,-36.05708,REGIONAL BUS
146.91579,-36.05895,REGIONAL BUS
146.91658,-36.07034,REGIONAL BUS
146.91683,-36.07497,REGIONAL BUS
146.92225,-36.07064,REGIONAL BUS
146.92414,-36.06591,REGIONAL BUS
146.92688,-36.05814,REGIONAL BUS
146.92916,-36.05527,REGIONAL BUS
146.95116,-36.04333,REGIONAL BUS
146.9568,-36.04626,REGIONAL BUS
146.96216,-36.04274,REGIONAL BUS
146.97924,-36.04662,REGIONAL BUS
146.97734,-36.04936,REGIONAL BUS
146.98559,-36.03655,REGIONAL BUS
146.98421,-36.0406,REGIONAL BUS
146.98395,-36.04057,REGIONAL BUS
146.96237,-36.0426,REGIONAL BUS
146.95705,-36.04652,REGIONAL BUS
146.95213,-36.04397,REGIONAL BUS
146.94034,-36.04742,REGIONAL BUS
146.92994,-36.05495,REGIONAL BUS
146.92713,-36.05795,REGIONAL BUS
146.92439,-36.06577,REGIONAL BUS
146.92238,-36.07106,REGIONAL BUS
146.92221,-36.07225,REGIONAL BUS
146.9441,-36.07957,REGIONAL BUS
146.94849,-36.07559,REGIONAL BUS
147.0108,-36.06329,REGIONAL BUS
147.01175,-36.05828,REGIONAL BUS
147.01269,-36.05343,REGIONAL BUS
147.01351,-36.04928,REGIONAL BUS
147.00446,-36.04288,REGIONAL BUS
146.99498,-36.04491,REGIONAL BUS
146.99258,-36.04922,REGIONAL BUS
146.99244,-36.04911,REGIONAL BUS
146.9873,-36.05425,REGIONAL BUS
146.98701,-36.0526,REGIONAL BUS
146.9875,-36.05087,REGIONAL BUS
146.99565,-36.04486,REGIONAL BUS
147.00193,-36.04377,REGIONAL BUS
147.00627,-36.04231,REGIONAL BUS
147.01338,-36.05069,REGIONAL BUS
147.01269,-36.05402,REGIONAL BUS
147.01189,-36.05827,REGIONAL BUS
147.01072,-36.06425,REGIONAL BUS
146.94853,-36.07576,REGIONAL BUS
146.94388,-36.07969,REGIONAL BUS
146.92449,-36.07517,REGIONAL BUS
146.92239,-36.07489,REGIONAL BUS
142.92013,-37.28127,REGIONAL BUS
146.53761,-38.19885,REGIONAL BUS
144.75289,-36.14663,REGIONAL BUS
144.59939,-37.45587,REGIONAL BUS
142.50035,-38.37524,REGIONAL BUS
143.55125,-38.24744,REGIONAL BUS
143.55489,-38.24859,REGIONAL BUS
143.52597,-38.26437,REGIONAL BUS
143.51808,-38.27084,REGIONAL BUS
143.52206,-38.28414,REGIONAL BUS
143.52188,-38.28426,REGIONAL BUS
143.57748,-38.35236,REGIONAL BUS
143.59872,-38.33746,REGIONAL BUS
142.74962,-38.46979,REGIONAL BUS
142.62797,-38.39554,REGIONAL BUS
142.60519,-38.38681,REGIONAL BUS
147.1492,-36.9922,REGIONAL BUS
144.22357,-37.06868,REGIONAL BUS
147.03141,-38.10513,REGIONAL BUS
147.03155,-38.1055,REGIONAL BUS
144.59701,-37.50069,REGIONAL BUS
144.60108,-37.49762,REGIONAL BUS
144.59759,-37.49723,REGIONAL BUS
144.34688,-36.77555,REGIONAL BUS
144.34705,-36.77562,REGIONAL BUS
144.34422,-36.78177,REGIONAL BUS
144.34434,-36.78168,REGIONAL BUS
144.34188,-36.77506,REGIONAL BUS
144.34208,-36.77519,REGIONAL BUS
144.40667,-37.32537,REGIONAL BUS
144.40659,-37.32519,REGIONAL BUS
144.49985,-37.28439,REGIONAL BUS
144.72736,-37.27553,REGIONAL BUS
144.73243,-37.27639,REGIONAL BUS
144.7424,-37.34509,REGIONAL BUS
144.74382,-37.3568,REGIONAL BUS
144.68376,-37.45731,REGIONAL BUS
144.68381,-37.45703,REGIONAL BUS
144.74378,-37.3578,REGIONAL BUS
144.74219,-37.34484,REGIONAL BUS
144.73235,-37.27687,REGIONAL BUS
144.72657,-37.27552,REGIONAL BUS
145.24016,-38.4521,REGIONAL BUS
145.24026,-38.45205,REGIONAL BUS
143.72065,-37.5897,REGIONAL BUS
143.85582,-37.56151,REGIONAL BUS
143.66323,-38.77712,REGIONAL BUS
143.85876,-37.55866,REGIONAL BUS
144.83197,-37.78774,REGIONAL COACH
145.29476,-37.77136,REGIONAL COACH
145.29546,-37.77045,REGIONAL COACH
143.97231,-37.6366,REGIONAL COACH
143.97235,-37.63649,REGIONAL COACH
144.95171,-37.29495,REGIONAL COACH
144.95209,-37.29571,REGIONAL COACH
144.73661,-37.27812,REGIONAL COACH
144.73681,-37.27805,REGIONAL COACH
144.74281,-37.35009,REGIONAL COACH
144.74304,-37.35012,REGIONAL COACH
144.85813,-37.12183,REGIONAL COACH
144.85828,-37.12174,REGIONAL COACH
144.7986,-37.04396,REGIONAL COACH
144.79894,-37.04444,REGIONAL COACH
143.88431,-37.64888,REGIONAL COACH
144.71185,-36.92741,REGIONAL COACH
144.7123,-36.92747,REGIONAL COACH
144.68276,-36.72089,REGIONAL COACH
144.68288,-36.72082,REGIONAL COACH
144.65297,-36.5991,REGIONAL COACH
144.65306,-36.59911,REGIONAL COACH
144.60789,-36.49531,REGIONAL COACH
144.60812,-36.49535,REGIONAL COACH
144.69872,-36.36227,REGIONAL COACH
144.75611,-36.11428,REGIONAL COACH
144.90272,-35.81289,REGIONAL COACH
144.96151,-35.52873,REGIONAL COACH
144.12592,-35.6299,REGIONAL COACH
144.1312,-35.64357,REGIONAL COACH
144.30112,-35.90364,REGIONAL COACH
144.3688,-35.95629,REGIONAL COACH
144.3688,-35.95598,REGIONAL COACH
144.51657,-36.02893,REGIONAL COACH
144.53579,-36.27174,REGIONAL COACH
144.53582,-36.27168,REGIONAL COACH
144.94828,-36.24995,REGIONAL COACH
144.94808,-36.24981,REGIONAL COACH
145.04753,-36.31438,REGIONAL COACH
145.36133,-36.39408,REGIONAL COACH
145.36114,-36.39457,REGIONAL COACH
145.40634,-36.38382,REGIONAL COACH
145.39947,-36.37984,REGIONAL COACH
145.39976,-36.3795,REGIONAL COACH
144.95781,-36.01725,REGIONAL COACH
145.11097,-35.99893,REGIONAL COACH
144.98086,-36.39707,REGIONAL COACH
144.98259,-36.44571,REGIONAL COACH
144.98244,-36.44596,REGIONAL COACH
145.01473,-36.58567,REGIONAL COACH
145.01489,-36.58546,REGIONAL COACH
145.21818,-36.61687,REGIONAL COACH
143.88458,-37.64864,REGIONAL COACH
146.00202,-38.18627,REGIONAL COACH
146.06287,-38.20335,REGIONAL COACH
142.80477,-38.08069,REGIONAL COACH
144.21416,-37.06285,REGIONAL COACH
144.24451,-36.79507,REGIONAL COACH
144.24422,-36.79508,REGIONAL COACH
144.2821,-36.76593,REGIONAL COACH
144.25459,-36.71932,REGIONAL COACH
144.20904,-36.74277,REGIONAL COACH
144.13206,-36.7355,REGIONAL COACH
144.13244,-36.73543,REGIONAL COACH
143.94134,-36.60167,REGIONAL COACH
143.94126,-36.60145,REGIONAL COACH
143.8693,-36.57545,REGIONAL COACH
143.86975,-36.57563,REGIONAL COACH
143.6136,-36.41815,REGIONAL COACH
143.35088,-36.26835,REGIONAL COACH
143.34179,-36.19738,REGIONAL COACH
143.34179,-36.19738,REGIONAL COACH
143.28706,-36.13901,REGIONAL COACH
143.22577,-36.07694,REGIONAL COACH
143.17712,-35.85312,REGIONAL COACH
143.17719,-35.85297,REGIONAL COACH
143.1081,-35.71798,REGIONAL COACH
142.99616,-35.63711,REGIONAL COACH
142.99616,-35.63711,REGIONAL COACH
142.84981,-35.50427,REGIONAL COACH
143.37533,-35.67077,REGIONAL COACH
143.87996,-37.62812,REGIONAL COACH
143.88013,-37.62801,REGIONAL COACH
143.93543,-37.60837,REGIONAL COACH
143.93548,-37.60829,REGIONAL COACH
143.91743,-37.58486,REGIONAL COACH
143.91738,-37.58467,REGIONAL COACH
144.94151,-37.80631,REGIONAL COACH
146.39773,-38.23685,REGIONAL COACH
146.42943,-38.23509,REGIONAL COACH
146.43131,-38.23685,REGIONAL COACH
146.5387,-38.19832,REGIONAL COACH
146.53842,-38.19443,REGIONAL COACH
146.78469,-38.15099,REGIONAL COACH
146.78618,-38.15138,REGIONAL COACH
147.06351,-38.10723,REGIONAL COACH
147.05469,-38.10323,REGIONAL COACH
147.08003,-37.96509,REGIONAL COACH
147.08092,-37.96629,REGIONAL COACH
147.42178,-37.88101,REGIONAL COACH
147.42186,-37.88127,REGIONAL COACH
147.62741,-37.82846,REGIONAL COACH
147.63228,-37.82551,REGIONAL COACH
147.63172,-37.82612,REGIONAL COACH
147.73906,-37.81664,REGIONAL COACH
145.28416,-38.10964,REGIONAL COACH
147.8312,-37.8201,REGIONAL COACH
147.85677,-37.82199,REGIONAL COACH
147.95722,-37.86885,REGIONAL COACH
147.95778,-37.87,REGIONAL COACH
147.96189,-37.87924,REGIONAL COACH
147.98237,-37.88154,REGIONAL COACH
147.99523,-37.87759,REGIONAL COACH
143.52084,-35.85081,REGIONAL COACH
145.28271,-38.10164,REGIONAL COACH
145.06899,-37.68071,REGIONAL COACH
143.66919,-36.00901,REGIONAL COACH
143.66934,-36.00917,REGIONAL COACH
143.72711,-36.11661,REGIONAL COACH
143.75535,-36.22995,REGIONAL COACH
143.72712,-36.11668,REGIONAL COACH
143.61884,-35.96952,REGIONAL COACH
143.15052,-34.71592,REGIONAL COACH
143.97426,-36.41041,REGIONAL COACH
143.97458,-36.41023,REGIONAL COACH
144.20632,-36.53589,REGIONAL COACH
144.20654,-36.53592,REGIONAL COACH
144.23197,-36.36898,REGIONAL COACH
144.23199,-36.36873,REGIONAL COACH
144.23186,-36.21157,REGIONAL COACH
144.23194,-36.21128,REGIONAL COACH
143.92079,-36.12572,REGIONAL COACH
144.21978,-35.80907,REGIONAL COACH
143.92434,-35.73314,REGIONAL COACH
143.80177,-35.60802,REGIONAL COACH
143.63653,-35.46382,REGIONAL COACH
143.63641,-35.46405,REGIONAL COACH
143.56232,-35.34166,REGIONAL COACH
143.3773,-35.17605,REGIONAL COACH
143.37748,-35.17551,REGIONAL COACH
143.34593,-35.10443,REGIONAL COACH
143.34563,-35.10461,REGIONAL COACH
143.15046,-34.71606,REGIONAL COACH
142.79378,-34.7011,REGIONAL COACH
142.83329,-34.85399,REGIONAL COACH
142.77034,-34.58479,REGIONAL COACH
143.31058,-35.05422,REGIONAL COACH
143.3107,-35.05385,REGIONAL COACH
142.88233,-35.05507,REGIONAL COACH
142.88197,-35.05467,REGIONAL COACH
143.55089,-36.78821,REGIONAL COACH
143.55105,-36.78817,REGIONAL COACH
143.8333,-36.77225,REGIONAL COACH
143.83322,-36.77157,REGIONAL COACH
143.81309,-37.04905,REGIONAL COACH
143.81309,-37.04897,REGIONAL COACH
143.93113,-37.07958,REGIONAL COACH
143.93107,-37.07944,REGIONAL COACH
144.06149,-37.10668,REGIONAL COACH
144.0617,-37.1068,REGIONAL COACH
144.26098,-36.99683,REGIONAL COACH
144.16644,-37.14899,REGIONAL COACH
144.16621,-37.14883,REGIONAL COACH
144.14104,-37.34271,REGIONAL COACH
144.04224,-37.36722,REGIONAL COACH
144.04189,-37.36728,REGIONAL COACH
143.9945,-37.40177,REGIONAL COACH
143.99439,-37.40168,REGIONAL COACH
144.97921,-37.41416,REGIONAL COACH
144.97947,-37.41435,REGIONAL COACH
145.21709,-36.61657,REGIONAL COACH
145.24038,-36.61305,REGIONAL COACH
145.13745,-37.02529,REGIONAL COACH
145.04286,-37.20727,REGIONAL COACH
145.56842,-36.7494,REGIONAL COACH
145.984,-36.54482,REGIONAL COACH
145.92276,-36.41123,REGIONAL COACH
145.9229,-36.41111,REGIONAL COACH
145.89448,-36.33107,REGIONAL COACH
145.89459,-36.33093,REGIONAL COACH
145.89439,-36.26995,REGIONAL COACH
145.89448,-36.26997,REGIONAL COACH
145.87754,-36.16403,REGIONAL COACH
145.87756,-36.16384,REGIONAL COACH
146.0051,-35.98923,REGIONAL COACH
146.39142,-35.99878,REGIONAL COACH
146.39406,-36.01028,REGIONAL COACH
146.39387,-36.01028,REGIONAL COACH
146.31717,-36.35507,REGIONAL COACH
146.87119,-36.10515,REGIONAL COACH
145.2824,-38.10144,REGIONAL COACH
145.28319,-38.1089,REGIONAL COACH
145.31812,-38.15947,REGIONAL COACH
145.3184,-38.15898,REGIONAL COACH
145.38154,-38.21366,REGIONAL COACH
145.38105,-38.21375,REGIONAL COACH
145.49026,-38.19998,REGIONAL COACH
145.56287,-38.26558,REGIONAL COACH
145.67217,-38.33492,REGIONAL COACH
145.67247,-38.33376,REGIONAL COACH
145.70644,-38.36869,REGIONAL COACH
145.70632,-38.36881,REGIONAL COACH
145.82282,-38.43088,REGIONAL COACH
145.82193,-38.43037,REGIONAL COACH
145.82993,-38.44158,REGIONAL COACH
145.82881,-38.44032,REGIONAL COACH
145.94789,-38.47714,REGIONAL COACH
146.01414,-38.57775,REGIONAL COACH
146.01198,-38.57894,REGIONAL COACH
146.01819,-38.64981,REGIONAL COACH
146.01812,-38.64985,REGIONAL COACH
146.08269,-38.69408,REGIONAL COACH
146.08256,-38.69415,REGIONAL COACH
146.20017,-38.65221,REGIONAL COACH
146.32388,-38.6648,REGIONAL COACH
146.43679,-38.66545,REGIONAL COACH
146.43697,-38.66561,REGIONAL COACH
146.66675,-38.61461,REGIONAL COACH
146.66692,-38.6144,REGIONAL COACH
146.67476,-38.56485,REGIONAL COACH
145.53039,-38.40696,REGIONAL COACH
145.53005,-38.40815,REGIONAL COACH
145.49652,-38.43365,REGIONAL COACH
145.4965,-38.43297,REGIONAL COACH
145.46636,-38.48398,REGIONAL COACH
145.46692,-38.48327,REGIONAL COACH
145.44752,-38.52635,REGIONAL COACH
145.37117,-38.52066,REGIONAL COACH
145.35779,-38.5149,REGIONAL COACH
145.35912,-38.51535,REGIONAL COACH
145.23907,-38.45905,REGIONAL COACH
145.23882,-38.45876,REGIONAL COACH
145.47592,-38.54946,REGIONAL COACH
145.47577,-38.54957,REGIONAL COACH
145.54657,-38.56347,REGIONAL COACH
145.54671,-38.56332,REGIONAL COACH
146.92433,-36.08424,REGIONAL COACH
146.05059,-34.28906,REGIONAL COACH
146.00027,-34.56765,REGIONAL COACH
145.88124,-34.80521,REGIONAL COACH
145.73968,-35.35886,REGIONAL COACH
145.73935,-35.3586,REGIONAL COACH
145.57944,-35.63998,REGIONAL COACH
145.56746,-35.8118,REGIONAL COACH
145.69054,-35.91194,REGIONAL COACH
145.6901,-35.91208,REGIONAL COACH
145.64477,-35.92048,REGIONAL COACH
145.56017,-35.92556,REGIONAL COACH
145.55989,-35.92539,REGIONAL COACH
145.47926,-35.92535,REGIONAL COACH
145.47845,-35.92574,REGIONAL COACH
145.46043,-35.99937,REGIONAL COACH
145.46033,-35.99935,REGIONAL COACH
145.44102,-36.08995,REGIONAL COACH
145.43179,-36.15373,REGIONAL COACH
145.43173,-36.15389,REGIONAL COACH
145.43186,-36.23912,REGIONAL COACH
145.43149,-36.23894,REGIONAL COACH
145.22531,-36.44048,REGIONAL COACH
145.23679,-37.47563,REGIONAL COACH
145.28025,-37.37398,REGIONAL COACH
145.28007,-37.37444,REGIONAL COACH
145.28881,-37.34416,REGIONAL COACH
145.28902,-37.34419,REGIONAL COACH
145.28833,-37.3207,REGIONAL COACH
145.28791,-37.32034,REGIONAL COACH
144.36037,-38.14723,REGIONAL COACH
144.31841,-38.32306,REGIONAL COACH
144.3059,-38.33881,REGIONAL COACH
144.2861,-38.33852,REGIONAL COACH
144.2878,-38.33884,REGIONAL COACH
144.25779,-38.34956,REGIONAL COACH
144.25764,-38.3494,REGIONAL COACH
144.18851,-38.40451,REGIONAL COACH
144.18657,-38.40899,REGIONAL COACH
144.18638,-38.40911,REGIONAL COACH
144.17491,-38.42039,REGIONAL COACH
144.17386,-38.42088,REGIONAL COACH
144.10697,-38.45874,REGIONAL COACH
144.10685,-38.45843,REGIONAL COACH
144.10025,-38.46474,REGIONAL COACH
144.10023,-38.46459,REGIONAL COACH
144.08501,-38.46811,REGIONAL COACH
144.08554,-38.46798,REGIONAL COACH
144.04391,-38.47223,REGIONAL COACH
144.04444,-38.47182,REGIONAL COACH
143.97452,-38.53724,REGIONAL COACH
143.97432,-38.53725,REGIONAL COACH
143.89098,-38.635,REGIONAL COACH
143.89083,-38.63517,REGIONAL COACH
143.86216,-38.66856,REGIONAL COACH
143.71012,-38.725,REGIONAL COACH
143.67539,-38.74172,REGIONAL COACH
143.67533,-38.74168,REGIONAL COACH
143.66906,-38.75454,REGIONAL COACH
143.39122,-38.68066,REGIONAL COACH
143.15549,-38.69113,REGIONAL COACH
143.15577,-38.69127,REGIONAL COACH
142.99378,-38.6192,REGIONAL COACH
142.9346,-38.62173,REGIONAL COACH
142.87757,-38.607,REGIONAL COACH
142.82743,-38.58487,REGIONAL COACH
142.47566,-38.38511,REGIONAL COACH
142.36251,-38.29166,REGIONAL COACH
142.36204,-38.29139,REGIONAL COACH
142.06725,-38.31634,REGIONAL COACH
141.77934,-38.21888,REGIONAL COACH
141.70429,-38.25415,REGIONAL COACH
141.60274,-38.34604,REGIONAL COACH
141.62979,-38.13295,REGIONAL COACH
141.27689,-37.92224,REGIONAL COACH
141.40254,-37.58582,REGIONAL COACH
141.40285,-37.5859,REGIONAL COACH
141.69356,-37.59836,REGIONAL COACH
142.02827,-37.7466,REGIONAL COACH
142.34256,-37.64946,REGIONAL COACH
142.34255,-37.64948,REGIONAL COACH
142.54678,-37.63661,REGIONAL COACH
142.54704,-37.6369,REGIONAL COACH
142.72294,-37.6904,REGIONAL COACH
142.72303,-37.6909,REGIONAL COACH
142.84062,-37.71213,REGIONAL COACH
142.84048,-37.7124,REGIONAL COACH
142.96709,-37.68915,REGIONAL COACH
142.96726,-37.68927,REGIONAL COACH
143.06267,-37.67944,REGIONAL COACH
143.06242,-37.67964,REGIONAL COACH
143.36143,-37.68524,REGIONAL COACH
143.56169,-37.68786,REGIONAL COACH
143.56195,-37.68801,REGIONAL COACH
143.6557,-37.66668,REGIONAL COACH
143.65507,-37.66818,REGIONAL COACH
143.68434,-37.64498,REGIONAL COACH
143.6845,-37.64503,REGIONAL COACH
148.00773,-37.87446,REGIONAL COACH
148.07068,-37.86187,REGIONAL COACH
146.98236,-37.9704,REGIONAL COACH
146.97531,-37.96638,REGIONAL COACH
146.89166,-37.96271,REGIONAL COACH
146.79124,-37.97932,REGIONAL COACH
146.78486,-37.98259,REGIONAL COACH
146.69549,-38.01404,REGIONAL COACH
146.62416,-38.05993,REGIONAL COACH
146.57354,-38.12548,REGIONAL COACH
143.46985,-37.43685,REGIONAL COACH
143.38239,-37.42777,REGIONAL COACH
143.17213,-37.36621,REGIONAL COACH
142.93691,-37.28244,REGIONAL COACH
142.85345,-37.1515,REGIONAL COACH
142.85482,-37.15194,REGIONAL COACH
142.77355,-37.05926,REGIONAL COACH
142.76345,-37.06364,REGIONAL COACH
142.51898,-37.14062,REGIONAL COACH
142.66395,-36.90667,REGIONAL COACH
142.66328,-36.90679,REGIONAL COACH
142.47023,-36.62012,REGIONAL COACH
142.63141,-36.63141,REGIONAL COACH
142.63086,-36.63128,REGIONAL COACH
142.58738,-36.46029,REGIONAL COACH
142.58749,-36.46002,REGIONAL COACH
142.53121,-36.38772,REGIONAL COACH
142.53133,-36.38758,REGIONAL COACH
142.39533,-36.25091,REGIONAL COACH
142.42104,-36.07674,REGIONAL COACH
142.42128,-36.0765,REGIONAL COACH
142.40769,-35.99533,REGIONAL COACH
142.40787,-35.99502,REGIONAL COACH
142.42091,-35.9394,REGIONAL COACH
142.42254,-35.83506,REGIONAL COACH
142.42275,-35.83499,REGIONAL COACH
142.36436,-35.72659,REGIONAL COACH
142.36467,-35.72697,REGIONAL COACH
142.20052,-36.71419,REGIONAL COACH
142.11833,-36.58469,REGIONAL COACH
142.11819,-36.58477,REGIONAL COACH
142.02664,-36.45363,REGIONAL COACH
141.7943,-36.36301,REGIONAL COACH
141.7943,-36.36282,REGIONAL COACH
141.64903,-36.33434,REGIONAL COACH
141.64912,-36.33392,REGIONAL COACH
141.24071,-36.37905,REGIONAL COACH
141.24084,-36.37883,REGIONAL COACH
142.31875,-35.06939,REGIONAL COACH
142.31904,-35.0696,REGIONAL COACH
145.59215,-38.59575,REGIONAL COACH
145.62116,-38.66748,REGIONAL COACH
145.62097,-38.66777,REGIONAL COACH
145.72968,-38.63461,REGIONAL COACH
145.56305,-38.37153,REGIONAL COACH
142.27931,-34.76153,REGIONAL COACH
142.18757,-34.30723,REGIONAL COACH
142.1719,-34.23628,REGIONAL COACH
142.17082,-34.23567,REGIONAL COACH
142.16323,-34.18211,REGIONAL COACH
142.4248,-35.34531,REGIONAL COACH
142.42462,-35.34498,REGIONAL COACH
142.43884,-35.40194,REGIONAL COACH
142.43866,-35.40178,REGIONAL COACH
142.47112,-35.45704,REGIONAL COACH
142.47092,-35.45697,REGIONAL COACH
142.57926,-35.60788,REGIONAL COACH
142.57929,-35.60785,REGIONAL COACH
142.66443,-35.68247,REGIONAL COACH
142.6643,-35.68256,REGIONAL COACH
142.91791,-35.98127,REGIONAL COACH
142.85909,-36.14759,REGIONAL COACH
142.98267,-36.37067,REGIONAL COACH
142.9824,-36.37067,REGIONAL COACH
143.25862,-36.61529,REGIONAL COACH
143.25856,-36.61533,REGIONAL COACH
143.73079,-36.85835,REGIONAL COACH
143.73057,-36.85839,REGIONAL COACH
143.74129,-37.03843,REGIONAL COACH
143.74133,-37.03824,REGIONAL COACH
143.72954,-37.05401,REGIONAL COACH
143.72977,-37.05392,REGIONAL COACH
144.57195,-37.70338,REGIONAL COACH
143.78694,-37.29433,REGIONAL COACH
143.78714,-37.29429,REGIONAL COACH
145.42398,-37.21116,REGIONAL COACH
145.53905,-37.16731,REGIONAL COACH
145.53916,-37.16735,REGIONAL COACH
145.61708,-37.10119,REGIONAL COACH
145.61731,-37.10129,REGIONAL COACH
145.71083,-36.97732,REGIONAL COACH
145.71067,-36.9776,REGIONAL COACH
145.80683,-37.02225,REGIONAL COACH
145.8067,-37.02255,REGIONAL COACH
145.85371,-37.02655,REGIONAL COACH
145.94021,-37.0287,REGIONAL COACH
145.9405,-37.02882,REGIONAL COACH
146.08616,-37.05163,REGIONAL COACH
146.68679,-36.35915,REGIONAL COACH
146.72497,-36.56129,REGIONAL COACH
146.72508,-36.56164,REGIONAL COACH
146.91142,-36.70015,REGIONAL COACH
146.96043,-36.72835,REGIONAL COACH
147.16099,-36.73799,REGIONAL COACH
145.42705,-37.41899,REGIONAL COACH
142.8048,-38.08095,REGIONAL COACH
142.91141,-38.23643,REGIONAL COACH
145.20961,-37.98976,REGIONAL COACH
143.84087,-37.58226,REGIONAL COACH
144.72855,-37.57912,REGIONAL COACH
144.52613,-37.35906,REGIONAL COACH
144.45081,-37.25813,REGIONAL COACH
144.37624,-37.18965,REGIONAL COACH
147.24791,-35.83299,REGIONAL COACH
147.314,-35.72343,REGIONAL COACH
147.7361,-35.27748,REGIONAL COACH
148.10169,-35.0629,REGIONAL COACH
149.03043,-34.96854,REGIONAL COACH
149.12856,-35.27741,REGIONAL COACH
142.87314,-36.66862,REGIONAL COACH
144.56164,-37.42309,REGIONAL COACH
144.67936,-37.46455,REGIONAL COACH
144.74576,-37.48342,REGIONAL COACH
143.26528,-36.62194,REGIONAL COACH
144.95222,-37.81522,REGIONAL COACH
140.91371,-35.26057,REGIONAL COACH
141.18359,-35.26243,REGIONAL COACH
141.81027,-35.16986,REGIONAL COACH
142.02383,-35.13594,REGIONAL COACH
149.15196,-37.5653,REGIONAL COACH
149.24032,-36.91121,REGIONAL COACH
149.28364,-36.5133,REGIONAL COACH
149.12651,-36.23403,REGIONAL COACH
149.14864,-35.31953,REGIONAL COACH
148.0916,-37.73231,REGIONAL COACH
148.4553,-37.70588,REGIONAL COACH
148.72058,-37.69782,REGIONAL COACH
148.43192,-37.73541,REGIONAL COACH
149.592,-37.47506,REGIONAL COACH
149.83094,-37.22874,REGIONAL COACH
149.90426,-37.06301,REGIONAL COACH
149.87521,-36.93051,REGIONAL COACH
149.90945,-36.88897,REGIONAL COACH
149.88914,-36.38691,REGIONAL COACH
149.84212,-36.67384,REGIONAL COACH
150.13258,-36.21946,REGIONAL COACH
150.12783,-36.21665,REGIONAL COACH
150.10288,-36.02227,REGIONAL COACH
150.05182,-36.09387,REGIONAL COACH
150.08033,-35.91162,REGIONAL COACH
150.14221,-35.78276,REGIONAL COACH
150.17815,-35.70594,REGIONAL COACH
144.75361,-36.13111,REGIONAL COACH
142.74285,-34.57481,REGIONAL COACH
143.91223,-37.38666,REGIONAL COACH
143.92142,-37.37182,REGIONAL COACH
143.94888,-37.33173,REGIONAL COACH
143.94644,-37.20347,REGIONAL COACH
144.068,-36.99597,REGIONAL COACH
144.115,-36.0542,REGIONAL COACH
145.13203,-36.37185,REGIONAL COACH
144.50506,-36.61523,REGIONAL COACH
143.61882,-35.96959,REGIONAL COACH
143.44108,-36.73106,REGIONAL COACH
145.18504,-37.81733,REGIONAL COACH
145.03939,-37.00133,REGIONAL COACH
147.72506,-37.9191,REGIONAL COACH
146.47031,-38.21891,REGIONAL COACH
144.7971,-36.45783,REGIONAL COACH
144.28877,-36.78286,REGIONAL COACH
143.10499,-38.66335,REGIONAL COACH
143.07137,-38.6432,REGIONAL COACH
144.13203,-37.9669,REGIONAL COACH
144.43698,-37.68747,REGIONAL COACH
144.19305,-37.37199,REGIONAL COACH
144.22159,-37.39438,REGIONAL COACH
144.26154,-37.38664,REGIONAL COACH
144.32291,-37.38957,REGIONAL COACH
144.40746,-37.32619,REGIONAL COACH
144.73024,-36.14475,REGIONAL COACH
144.72988,-36.14564,REGIONAL COACH
146.26103,-38.1769,REGIONAL COACH
146.15484,-38.20755,REGIONAL COACH
145.76718,-38.11139,REGIONAL COACH
145.67544,-38.09167,REGIONAL COACH
142.54016,-38.38641,REGIONAL COACH
145.85506,-38.13583,REGIONAL COACH
148.08919,-37.7339,REGIONAL COACH
144.65053,-37.72925,REGIONAL COACH
148.79421,-37.67241,REGIONAL COACH
145.37444,-37.6576,REGIONAL COACH
145.3747,-37.6582,REGIONAL COACH
142.43204,-38.18443,REGIONAL COACH
145.57065,-38.082,REGIONAL COACH
145.62958,-38.0854,REGIONAL COACH
145.02838,-37.37153,REGIONAL COACH
145.10258,-37.09238,REGIONAL COACH
145.22983,-36.89366,REGIONAL COACH
145.71941,-36.63793,REGIONAL COACH
146.47043,-36.18627,REGIONAL COACH
146.61161,-36.15575,REGIONAL COACH
142.51381,-36.91782,REGIONAL COACH
142.51385,-36.91784,REGIONAL COACH
146.54093,-36.43281,REGIONAL COACH
145.36757,-36.27586,REGIONAL COACH
145.36823,-36.2757,REGIONAL COACH
145.29502,-36.15013,REGIONAL COACH
145.29587,-36.15016,REGIONAL COACH
144.22057,-37.60021,REGIONAL COACH
141.99974,-38.03302,REGIONAL COACH
141.95237,-37.94686,REGIONAL COACH
141.95444,-37.89427,REGIONAL COACH
142.60904,-37.19168,REGIONAL COACH
142.76555,-37.30081,REGIONAL COACH
149.75771,-37.55758,REGIONAL COACH
149.67931,-37.48042,REGIONAL COACH
142.322,-38.10664,REGIONAL COACH
145.03555,-36.98663,REGIONAL COACH
142.32267,-38.10676,REGIONAL COACH
144.96737,-37.74127,REGIONAL COACH
144.22547,-37.60407,REGIONAL COACH
142.09441,-37.76607,REGIONAL COACH
142.29062,-37.87484,REGIONAL COACH
142.28993,-37.87482,REGIONAL COACH
142.51883,-37.9582,REGIONAL COACH
142.68639,-37.99587,REGIONAL COACH
142.92759,-38.1923,REGIONAL COACH
143.15067,-38.22887,REGIONAL COACH
143.58641,-38.34257,REGIONAL COACH
143.76895,-37.59661,REGIONAL COACH
145.06922,-37.68299,REGIONAL COACH
144.77109,-37.77731,REGIONAL COACH
144.73691,-37.76623,REGIONAL COACH
143.78344,-38.33619,REGIONAL COACH
145.3469,-37.75677,REGIONAL COACH
144.32348,-38.33812,REGIONAL COACH
143.76891,-37.59636,REGIONAL COACH
144.35525,-38.14462,REGIONAL COACH
144.33363,-38.12014,REGIONAL COACH
144.33428,-38.12057,REGIONAL COACH
144.30015,-38.19853,REGIONAL COACH
144.34271,-38.17517,REGIONAL COACH
144.32005,-38.19791,REGIONAL COACH
144.32071,-38.19892,REGIONAL COACH
144.34365,-38.17408,REGIONAL COACH
144.35508,-38.19888,REGIONAL COACH
144.34083,-38.20441,REGIONAL COACH
144.31727,-38.32877,REGIONAL COACH
144.30649,-38.33873,REGIONAL COACH
144.32166,-38.33774,REGIONAL COACH
144.31691,-38.329,REGIONAL COACH
144.31807,-38.3228,REGIONAL COACH
142.51919,-37.14039,REGIONAL COACH
146.28357,-38.18671,REGIONAL COACH
144.35512,-38.14499,REGIONAL COACH
144.28034,-38.08951,REGIONAL COACH
144.27988,-38.08929,REGIONAL COACH
144.23421,-38.07693,REGIONAL COACH
145.48598,-38.08021,REGIONAL COACH
143.84824,-37.56063,REGIONAL COACH
143.84804,-37.56105,REGIONAL COACH
143.88847,-37.44427,REGIONAL COACH
143.88865,-37.44441,REGIONAL COACH
143.86884,-37.57554,REGIONAL COACH
143.8687,-37.57522,REGIONAL COACH
144.20793,-37.07219,REGIONAL COACH
144.70104,-36.91517,REGIONAL COACH
144.29935,-36.77762,REGIONAL COACH
142.77972,-37.05673,REGIONAL COACH
143.67234,-37.49003,REGIONAL COACH
143.70545,-37.51471,REGIONAL COACH
142.02513,-37.74251,REGIONAL COACH
141.8813,-37.82794,REGIONAL COACH
141.71669,-37.99703,REGIONAL COACH
141.69749,-38.04517,REGIONAL COACH
141.62978,-38.13374,REGIONAL COACH
141.6029,-38.34622,REGIONAL COACH
142.4859,-38.38238,REGIONAL COACH
142.47569,-38.38511,REGIONAL COACH
142.23889,-38.38352,REGIONAL COACH
143.71032,-38.7246,REGIONAL COACH
145.20395,-36.05853,REGIONAL COACH
145.20376,-36.05853,REGIONAL COACH
145.3443,-36.22017,REGIONAL COACH
145.40472,-36.36255,REGIONAL COACH
144.79617,-36.59038,REGIONAL COACH
144.7961,-36.59022,REGIONAL COACH
142.92829,-37.28407,REGIONAL COACH
146.85542,-36.10956,REGIONAL COACH
144.23428,-38.07694,REGIONAL COACH
146.32476,-36.35334,REGIONAL COACH
146.3246,-36.3535,REGIONAL COACH
146.00486,-36.01307,REGIONAL COACH
146.54093,-36.43307,REGIONAL COACH
144.43537,-37.67501,REGIONAL COACH
145.93134,-38.16388,REGIONAL COACH
148.00771,-37.87478,REGIONAL COACH
147.6274,-37.82841,REGIONAL COACH
145.5884,-38.60485,REGIONAL COACH
145.58294,-38.58988,REGIONAL COACH
145.58281,-38.58968,REGIONAL COACH
145.33487,-38.52104,REGIONAL COACH
145.29113,-38.50788,REGIONAL COACH
145.28118,-38.50274,REGIONAL COACH
145.26896,-38.4979,REGIONAL COACH
145.25947,-38.49694,REGIONAL COACH
145.23945,-38.48162,REGIONAL COACH
145.23929,-38.48152,REGIONAL COACH
145.25956,-38.49682,REGIONAL COACH
145.2689,-38.49776,REGIONAL COACH
145.28122,-38.50261,REGIONAL COACH
145.29143,-38.50778,REGIONAL COACH
145.33493,-38.52083,REGIONAL COACH
145.53741,-38.39843,REGIONAL COACH
145.553,-38.3815,REGIONAL COACH
145.55563,-38.3797,REGIONAL COACH
145.56317,-38.37213,REGIONAL COACH
145.13194,-36.31478,REGIONAL COACH
145.13212,-36.31521,REGIONAL COACH
141.74686,-37.95416,REGIONAL COACH
146.38372,-36.44326,REGIONAL COACH
146.38327,-36.44375,REGIONAL COACH
146.43172,-36.44948,REGIONAL COACH
146.43165,-36.4498,REGIONAL COACH
145.12626,-37.8186,REGIONAL COACH
144.07668,-37.13346,REGIONAL COACH
144.59139,-37.48513,REGIONAL COACH
143.72081,-37.58976,REGIONAL COACH
144.28268,-36.76547,REGIONAL COACH
144.15571,-36.83884,REGIONAL COACH
144.14666,-36.87761,REGIONAL COACH
144.04542,-37.06866,REGIONAL COACH
144.05504,-37.11252,REGIONAL COACH
147.98269,-37.8814,REGIONAL COACH
147.99457,-37.87762,REGIONAL COACH
144.19947,-36.59459,REGIONAL COACH
144.70157,-36.91544,REGIONAL COACH
145.57422,-35.88773,REGIONAL COACH
144.26358,-38.33831,REGIONAL COACH
144.33264,-38.24797,REGIONAL COACH
143.37713,-35.18548,REGIONAL COACH
145.87864,-35.99539,REGIONAL COACH
142.31538,-35.07106,REGIONAL COACH
145.20463,-37.09339,REGIONAL COACH
143.98416,-38.24011,REGIONAL COACH
148.91362,-34.84362,REGIONAL COACH
143.78314,-38.33625,REGIONAL COACH
143.94883,-37.33218,REGIONAL COACH
143.92156,-37.37138,REGIONAL COACH
143.91197,-37.3867,REGIONAL COACH
146.45977,-36.05502,REGIONAL COACH
143.75083,-36.29183,REGIONAL COACH
143.70638,-36.35554,REGIONAL COACH
143.70613,-36.35555,REGIONAL COACH
143.7508,-36.29171,REGIONAL COACH
143.75175,-37.04843,REGIONAL COACH
143.89955,-36.74005,REGIONAL COACH
143.89952,-36.74014,REGIONAL COACH
144.24442,-38.36794,REGIONAL COACH
150.10794,-36.16993,REGIONAL COACH
143.97457,-36.33188,REGIONAL COACH
144.24407,-38.36829,REGIONAL COACH
145.72746,-38.63119,REGIONAL COACH
145.72745,-38.63128,REGIONAL COACH
145.52211,-38.41736,REGIONAL COACH
145.54354,-38.32522,REGIONAL COACH
145.54463,-38.32548,REGIONAL COACH
145.52161,-38.41837,REGIONAL COACH
145.59198,-38.59585,REGIONAL COACH
145.53794,-38.39811,REGIONAL COACH
145.70971,-37.19361,REGIONAL COACH
142.06686,-38.31586,REGIONAL COACH
143.88821,-37.40858,REGIONAL COACH
144.45325,-37.24799,REGIONAL COACH
143.7424,-37.05091,REGIONAL COACH
143.88812,-37.42461,REGIONAL COACH
145.72156,-38.09959,REGIONAL COACH
144.32006,-38.30838,REGIONAL COACH
144.32008,-38.30729,REGIONAL COACH
143.97604,-38.54273,REGIONAL COACH
143.97647,-38.54329,REGIONAL COACH
144.26448,-38.33821,REGIONAL COACH
143.862,-38.66862,REGIONAL COACH
141.70456,-38.25435,REGIONAL COACH
142.36254,-38.29122,REGIONAL COACH
142.36263,-38.29136,REGIONAL COACH
142.68899,-37.99544,REGIONAL COACH
141.77935,-38.21899,REGIONAL COACH
142.09442,-37.76588,REGIONAL COACH
144.13194,-37.967,REGIONAL COACH
143.4411,-36.73118,REGIONAL COACH
143.75227,-37.0486,REGIONAL COACH
142.52158,-37.13434,REGIONAL COACH
142.52171,-37.13437,REGIONAL COACH
143.78158,-37.30314,REGIONAL COACH
143.97473,-36.33189,REGIONAL COACH
142.85911,-36.14756,REGIONAL COACH
144.04561,-37.0687,REGIONAL COACH
144.05501,-37.11243,REGIONAL COACH
144.19283,-37.37204,REGIONAL COACH
144.22234,-37.39432,REGIONAL COACH
148.15811,-37.74257,REGIONAL COACH
148.32268,-37.75406,REGIONAL COACH
148.43224,-37.73542,REGIONAL COACH
148.53923,-37.79597,REGIONAL COACH
147.9273,-37.84025,REGIONAL COACH
147.62743,-37.82851,REGIONAL COACH
147.92731,-37.84035,REGIONAL COACH
145.2369,-37.47577,REGIONAL COACH
145.85368,-37.02657,REGIONAL COACH
145.18506,-37.81731,REGIONAL COACH
150.06447,-36.42227,REGIONAL COACH
150.07679,-36.42711,REGIONAL COACH
144.33356,-38.24094,REGIONAL COACH
144.33379,-38.24187,REGIONAL COACH
145.94684,-38.54669,REGIONAL COACH
143.70559,-37.17224,REGIONAL COACH
145.93267,-38.1652,REGIONAL COACH
144.50507,-36.61505,REGIONAL COACH
144.15553,-36.83893,REGIONAL COACH
144.14944,-36.86945,REGIONAL COACH
146.69596,-38.01404,REGIONAL COACH
145.43407,-36.30064,REGIONAL COACH
142.46998,-36.62033,REGIONAL COACH
143.82025,-37.53959,REGIONAL COACH
144.17217,-38.04542,REGIONAL COACH
144.07687,-37.84613,REGIONAL COACH
144.07667,-37.84607,REGIONAL COACH
141.13199,-36.36262,REGIONAL COACH
145.15583,-36.78361,REGIONAL COACH
147.31417,-35.72359,REGIONAL COACH
147.73755,-35.2767,REGIONAL COACH
149.03061,-34.96918,REGIONAL COACH
149.28373,-36.51358,REGIONAL COACH
150.05148,-36.09161,REGIONAL COACH
144.90294,-35.81286,REGIONAL COACH
146.00027,-34.56782,REGIONAL COACH
144.20821,-37.0724,REGIONAL COACH
144.06817,-36.99589,REGIONAL COACH
144.60363,-37.71282,REGIONAL COACH
145.00542,-37.41635,REGIONAL COACH
143.04637,-37.9967,REGIONAL COACH
143.04686,-37.99666,REGIONAL COACH
145.20581,-37.09527,REGIONAL COACH
148.79487,-37.67181,REGIONAL COACH
144.72785,-36.13251,REGIONAL COACH
145.02702,-37.3554,REGIONAL COACH
143.67268,-37.49037,REGIONAL COACH
143.84794,-37.55903,REGIONAL COACH
143.84724,-37.55856,REGIONAL COACH
142.79378,-34.70109,REGIONAL COACH
142.74284,-34.5749,REGIONAL COACH
144.6086,-37.87413,REGIONAL COACH
147.03141,-38.10513,REGIONAL COACH
147.03155,-38.1055,REGIONAL COACH
145.1257,-37.81808,REGIONAL COACH
142.53894,-37.12863,REGIONAL COACH
142.53859,-37.12867,REGIONAL COACH
142.52887,-37.15672,REGIONAL COACH
142.52872,-37.15672,REGIONAL COACH
142.54167,-37.17296,REGIONAL COACH
142.54041,-37.1773,REGIONAL COACH
144.3393,-38.20296,REGIONAL COACH
145.24018,-38.45197,REGIONAL COACH
144.30599,-38.21548,REGIONAL COACH
144.37993,-38.07274,REGIONAL COACH
144.49912,-37.96286,REGIONAL COACH
144.69518,-37.83245,REGIONAL COACH
144.35319,-38.12245,REGIONAL COACH
143.88938,-37.41007,REGIONAL COACH
141.39336,-37.58988,REGIONAL COACH
141.39346,-37.58989,REGIONAL COACH
145.31017,-36.50948,REGIONAL COACH
145.15523,-36.78341,REGIONAL COACH
144.84988,-37.67417,REGIONAL COACH
143.39095,-38.68132,REGIONAL COACH
145.57509,-35.8888,REGIONAL COACH
146.47062,-36.1862,REGIONAL COACH
143.89019,-37.62586,REGIONAL COACH
143.78361,-38.3288,REGIONAL COACH
142.93691,-37.28244,REGIONAL COACH
144.80205,-37.78279,REGIONAL COACH
144.9188,-37.68342,REGIONAL COACH
144.94363,-37.60243,REGIONAL COACH
144.23112,-36.36923,REGIONAL COACH
144.96955,-37.54258,REGIONAL COACH
144.24838,-36.71853,REGIONAL COACH
144.32062,-36.70661,REGIONAL COACH
144.90119,-37.80139,REGIONAL COACH
144.36826,-36.66639,REGIONAL COACH
144.24864,-36.79509,REGIONAL COACH
144.98306,-37.2933,REGIONAL COACH
144.4144,-38.02243,REGIONAL COACH
145.35821,-36.39913,REGIONAL COACH
145.16036,-36.78546,REGIONAL COACH
144.36466,-38.09863,REGIONAL COACH
144.11313,-36.05311,REGIONAL COACH
144.20141,-36.53421,REGIONAL COACH
144.35852,-38.15852,REGIONAL COACH
147.08147,-37.96705,REGIONAL COACH
144.77372,-37.70021,REGIONAL COACH
144.59895,-37.4592,REGIONAL COACH
143.72065,-37.5897,REGIONAL COACH
143.34373,-37.95385,REGIONAL COACH
145.96732,-38.16978,REGIONAL COACH
144.02885,-37.77724,REGIONAL COACH
143.9733,-37.69434,REGIONAL COACH
143.97345,-37.69431,REGIONAL COACH
144.95947,-37.68699,REGIONAL COACH
143.66323,-38.77712,REGIONAL COACH
143.22357,-37.94785,REGIONAL COACH
145.11771,-37.512,REGIONAL COACH
145.11808,-37.51246,REGIONAL COACH
145.23065,-37.81246,REGIONAL COACH
143.85876,-37.55866,REGIONAL COACH
144.01251,-37.67541,REGIONAL COACH
144.01225,-37.67556,REGIONAL COACH
145.01895,-37.70077,METRO BUS
144.77615,-37.72698,METRO BUS
144.59579,-37.67616,METRO BUS
144.7759,-37.7415,METRO BUS
145.01969,-37.69918,METRO BUS
144.78008,-37.74195,METRO BUS
144.78347,-37.74232,METRO BUS
144.78791,-37.7428,METRO BUS
144.79457,-37.74357,METRO BUS
144.58878,-37.6753,METRO BUS
144.57825,-37.67498,METRO BUS
144.57751,-37.67876,METRO BUS
145.00978,-37.71712,METRO BUS
144.93404,-37.71629,METRO BUS
145.021,-37.69745,METRO BUS
144.93639,-37.71655,METRO BUS
144.94008,-37.71691,METRO BUS
144.9402,-37.72071,METRO BUS
144.93997,-37.7222,METRO BUS
144.93947,-37.72501,METRO BUS
144.93912,-37.72712,METRO BUS
144.93877,-37.72923,METRO BUS
144.93816,-37.73217,METRO BUS
144.93798,-37.73393,METRO BUS
145.02316,-37.69504,METRO BUS
144.93767,-37.7355,METRO BUS
144.9373,-37.73761,METRO BUS
144.94195,-37.73879,METRO BUS
144.94705,-37.7394,METRO BUS
144.95078,-37.73979,METRO BUS
144.95363,-37.74009,METRO BUS
144.95602,-37.74033,METRO BUS
144.95992,-37.74072,METRO BUS
144.98237,-37.74311,METRO BUS
144.9856,-37.74355,METRO BUS
145.02549,-37.69201,METRO BUS
144.98953,-37.74398,METRO BUS
144.99293,-37.74428,METRO BUS
144.99594,-37.74455,METRO BUS
145.00204,-37.74516,METRO BUS
145.00504,-37.74548,METRO BUS
145.00849,-37.74582,METRO BUS
145.01459,-37.7465,METRO BUS
145.03714,-37.74942,METRO BUS
145.03953,-37.74973,METRO BUS
145.02806,-37.68827,METRO BUS
145.04267,-37.75031,METRO BUS
145.04519,-37.75103,METRO BUS
145.0478,-37.75189,METRO BUS
145.04982,-37.75268,METRO BUS
145.05268,-37.75384,METRO BUS
145.06733,-37.7556,METRO BUS
145.06947,-37.75456,METRO BUS
145.07036,-37.7521,METRO BUS
145.07077,-37.75001,METRO BUS
145.07104,-37.74857,METRO BUS
145.02913,-37.684,METRO BUS
145.07151,-37.7457,METRO BUS
145.06938,-37.74049,METRO BUS
145.07077,-37.73967,METRO BUS
145.07361,-37.73804,METRO BUS
144.89955,-37.8088,METRO BUS
144.8984,-37.81115,METRO BUS
144.89727,-37.81427,METRO BUS
144.89686,-37.8167,METRO BUS
144.89651,-37.81822,METRO BUS
144.89621,-37.81988,METRO BUS
145.02971,-37.68055,METRO BUS
144.89531,-37.82179,METRO BUS
144.89243,-37.82146,METRO BUS
144.89067,-37.82125,METRO BUS
144.94059,-37.83418,METRO BUS
144.94242,-37.83588,METRO BUS
144.9426,-37.83851,METRO BUS
144.94503,-37.84002,METRO BUS
144.94903,-37.84235,METRO BUS
144.95115,-37.84358,METRO BUS
144.95451,-37.84558,METRO BUS
145.03003,-37.67856,METRO BUS
144.95749,-37.84719,METRO BUS
144.95905,-37.84801,METRO BUS
144.96237,-37.84975,METRO BUS
144.96285,-37.85308,METRO BUS
144.96697,-37.85536,METRO BUS
144.97043,-37.8572,METRO BUS
144.97274,-37.85906,METRO BUS
145.03061,-37.67502,METRO BUS
145.03372,-37.93607,METRO BUS
145.03381,-37.93995,METRO BUS
145.03316,-37.94259,METRO BUS
145.02328,-37.94289,METRO BUS
145.12638,-37.77438,METRO BUS
145.03116,-37.67174,METRO BUS
145.02243,-37.9455,METRO BUS
145.02194,-37.94806,METRO BUS
145.02138,-37.95078,METRO BUS
145.02065,-37.95432,METRO BUS
145.01989,-37.9577,METRO BUS
145.01887,-37.97568,METRO BUS
145.0211,-37.97603,METRO BUS
145.02392,-37.97639,METRO BUS
145.02654,-37.97668,METRO BUS
145.03003,-37.9771,METRO BUS
145.03147,-37.66988,METRO BUS
145.03528,-37.97805,METRO BUS
145.03939,-37.97814,METRO BUS
144.91427,-37.75085,METRO BUS
145.26612,-37.79009,METRO BUS
145.27064,-37.7885,METRO BUS
145.28808,-37.78108,METRO BUS
145.29216,-37.77829,METRO BUS
145.03177,-37.66805,METRO BUS
145.29293,-37.77464,METRO BUS
145.29476,-37.77136,METRO BUS
145.29562,-37.77048,METRO BUS
145.30119,-37.76702,METRO BUS
145.30349,-37.76597,METRO BUS
145.30678,-37.76421,METRO BUS
145.3103,-37.76191,METRO BUS
145.03221,-37.66551,METRO BUS
145.0012,-37.72664,METRO BUS
145.0015,-37.72495,METRO BUS
145.00172,-37.7237,METRO BUS
145.00282,-37.72162,METRO BUS
145.00419,-37.72032,METRO BUS
145.00552,-37.71859,METRO BUS
145.00207,-37.71587,METRO BUS
144.9979,-37.71541,METRO BUS
145.03106,-37.66194,METRO BUS
144.99285,-37.71605,METRO BUS
144.98782,-37.71433,METRO BUS
144.98468,-37.71401,METRO BUS
144.98269,-37.71752,METRO BUS
144.98451,-37.71771,METRO BUS
144.9897,-37.71792,METRO BUS
144.99151,-37.7182,METRO BUS
144.99332,-37.71861,METRO BUS
144.99308,-37.72003,METRO BUS
145.03034,-37.6594,METRO BUS
144.99245,-37.72378,METRO BUS
144.99216,-37.72542,METRO BUS
144.99196,-37.72641,METRO BUS
144.99168,-37.72945,METRO BUS
144.99823,-37.71514,METRO BUS
144.99868,-37.71251,METRO BUS
144.99087,-37.71128,METRO BUS
144.9893,-37.7126,METRO BUS
144.98905,-37.71405,METRO BUS
145.03068,-37.65687,METRO BUS
145.27132,-37.78317,METRO BUS
145.27339,-37.78345,METRO BUS
145.27443,-37.78366,METRO BUS
145.28381,-37.78453,METRO BUS
145.28346,-37.78661,METRO BUS
145.28259,-37.79,METRO BUS
145.28197,-37.79256,METRO BUS
145.23575,-37.8121,METRO BUS
145.23921,-37.80945,METRO BUS
145.03113,-37.65454,METRO BUS
145.24021,-37.8085,METRO BUS
145.24214,-37.80707,METRO BUS
145.2448,-37.80505,METRO BUS
145.24745,-37.80268,METRO BUS
145.24873,-37.80176,METRO BUS
145.25055,-37.80032,METRO BUS
145.25352,-37.79805,METRO BUS
145.25935,-37.79399,METRO BUS
145.26218,-37.79197,METRO BUS
145.26707,-37.78961,METRO BUS
145.02978,-37.64972,METRO BUS
145.27088,-37.78825,METRO BUS
145.28475,-37.78237,METRO BUS
145.28814,-37.78092,METRO BUS
145.29284,-37.77463,METRO BUS
145.29546,-37.77045,METRO BUS
145.30177,-37.76635,METRO BUS
145.30441,-37.76528,METRO BUS
145.03082,-37.64897,METRO BUS
145.30663,-37.76406,METRO BUS
145.00029,-37.75212,METRO BUS
145.00361,-37.7307,METRO BUS
145.00057,-37.72972,METRO BUS
145.0008,-37.72843,METRO BUS
145.00108,-37.72669,METRO BUS
145.01678,-37.67174,METRO BUS
145.03539,-37.64768,METRO BUS
145.0015,-37.7245,METRO BUS
145.00171,-37.72337,METRO BUS
145.00292,-37.72138,METRO BUS
145.00573,-37.71796,METRO BUS
145.00624,-37.71644,METRO BUS
145.0045,-37.71621,METRO BUS
144.99823,-37.71555,METRO BUS
144.99676,-37.71539,METRO BUS
144.9926,-37.71632,METRO BUS
144.98799,-37.71445,METRO BUS
145.03672,-37.64645,METRO BUS
144.98447,-37.71408,METRO BUS
144.98277,-37.71744,METRO BUS
144.82225,-37.76142,METRO BUS
144.81601,-37.76073,METRO BUS
144.81322,-37.76044,METRO BUS
144.81077,-37.75815,METRO BUS
145.0401,-37.64584,METRO BUS
144.80656,-37.74497,METRO BUS
144.8103,-37.74542,METRO BUS
144.89956,-37.80816,METRO BUS
144.89808,-37.81125,METRO BUS
144.89708,-37.81468,METRO BUS
145.04349,-37.64622,METRO BUS
144.89672,-37.81636,METRO BUS
144.89641,-37.81809,METRO BUS
144.8961,-37.82016,METRO BUS
144.89576,-37.82174,METRO BUS
144.89014,-37.82112,METRO BUS
144.88741,-37.82082,METRO BUS
145.31202,-37.9994,METRO BUS
144.87088,-37.80523,METRO BUS
144.8713,-37.80319,METRO BUS
145.04607,-37.64649,METRO BUS
144.87153,-37.80114,METRO BUS
144.87921,-37.80153,METRO BUS
144.88342,-37.80235,METRO BUS
144.94019,-37.83424,METRO BUS
144.94135,-37.83543,METRO BUS
144.94343,-37.83675,METRO BUS
144.94495,-37.84031,METRO BUS
144.9486,-37.84224,METRO BUS
144.95178,-37.8441,METRO BUS
144.95535,-37.84628,METRO BUS
145.05175,-37.64712,METRO BUS
144.95782,-37.84754,METRO BUS
144.95901,-37.84814,METRO BUS
144.96229,-37.84986,METRO BUS
144.96373,-37.85066,METRO BUS
144.96255,-37.85312,METRO BUS
144.96568,-37.85483,METRO BUS
144.96698,-37.8555,METRO BUS
144.97089,-37.85755,METRO BUS
145.31286,-38.00223,METRO BUS
145.02809,-37.64487,METRO BUS
145.0512,-37.64604,METRO BUS
145.30367,-37.83735,METRO BUS
145.30442,-37.83639,METRO BUS
145.30666,-37.83536,METRO BUS
145.30676,-37.83402,METRO BUS
145.30514,-37.83335,METRO BUS
145.3027,-37.8328,METRO BUS
145.3015,-37.83317,METRO BUS
145.29992,-37.83236,METRO BUS
145.2983,-37.83155,METRO BUS
145.295,-37.83151,METRO BUS
145.05161,-37.64383,METRO BUS
145.2925,-37.83104,METRO BUS
145.29281,-37.83016,METRO BUS
145.29383,-37.82816,METRO BUS
145.29487,-37.82753,METRO BUS
145.29648,-37.82879,METRO BUS
145.29723,-37.82773,METRO BUS
145.29766,-37.82563,METRO BUS
145.30059,-37.82467,METRO BUS
145.303,-37.82631,METRO BUS
145.30382,-37.82379,METRO BUS
145.04831,-37.6431,METRO BUS
145.31667,-37.81697,METRO BUS
145.31652,-37.81579,METRO BUS
145.31609,-37.81243,METRO BUS
145.31592,-37.81125,METRO BUS
145.31573,-37.80985,METRO BUS
145.31526,-37.8064,METRO BUS
145.04421,-37.64265,METRO BUS
145.35096,-37.8065,METRO BUS
145.34657,-37.80355,METRO BUS
145.34479,-37.80283,METRO BUS
145.34052,-37.80155,METRO BUS
145.33711,-37.80122,METRO BUS
145.3341,-37.80091,METRO BUS
144.76569,-37.70612,METRO BUS
144.76802,-37.7091,METRO BUS
144.77086,-37.71039,METRO BUS
144.99807,-37.80026,METRO BUS
145.04208,-37.64261,METRO BUS
144.77186,-37.71387,METRO BUS
144.77084,-37.7186,METRO BUS
144.77636,-37.72686,METRO BUS
144.77411,-37.72661,METRO BUS
145.03503,-37.64544,METRO BUS
144.77614,-37.74165,METRO BUS
144.7803,-37.74212,METRO BUS
144.78365,-37.74249,METRO BUS
144.78714,-37.74284,METRO BUS
145.02638,-37.64553,METRO BUS
144.59811,-37.6732,METRO BUS
144.59445,-37.67588,METRO BUS
144.58902,-37.67523,METRO BUS
144.58494,-37.67454,METRO BUS
144.57811,-37.67487,METRO BUS
144.57748,-37.67831,METRO BUS
144.57763,-37.6815,METRO BUS
144.58033,-37.68198,METRO BUS
144.5726,-37.68392,METRO BUS
145.11572,-37.77458,METRO BUS
144.55828,-37.69296,METRO BUS
145.05164,-37.69699,METRO BUS
145.02474,-37.65047,METRO BUS
145.0381,-37.69427,METRO BUS
145.0425,-37.69481,METRO BUS
145.03473,-37.69392,METRO BUS
145.03188,-37.69363,METRO BUS
145.01649,-37.69528,METRO BUS
145.01304,-37.69489,METRO BUS
145.00961,-37.69455,METRO BUS
145.00252,-37.69384,METRO BUS
144.99733,-37.69332,METRO BUS
145.0915,-37.77521,METRO BUS
144.99562,-37.69313,METRO BUS
144.99207,-37.69279,METRO BUS
144.98602,-37.69218,METRO BUS
144.98224,-37.6918,METRO BUS
144.9797,-37.69155,METRO BUS
144.97573,-37.69115,METRO BUS
144.95894,-37.68952,METRO BUS
144.96291,-37.68993,METRO BUS
145.05947,-37.95294,METRO BUS
144.76856,-37.75089,METRO BUS
144.99871,-37.77209,METRO BUS
144.76992,-37.74604,METRO BUS
144.77019,-37.74421,METRO BUS
144.76833,-37.74376,METRO BUS
144.76543,-37.74355,METRO BUS
144.76329,-37.74498,METRO BUS
144.76182,-37.74375,METRO BUS
144.76303,-37.74183,METRO BUS
144.76506,-37.7403,METRO BUS
144.76667,-37.74048,METRO BUS
144.99845,-37.77386,METRO BUS
144.77532,-37.73362,METRO BUS
144.77942,-37.73407,METRO BUS
144.78159,-37.73425,METRO BUS
144.78539,-37.73462,METRO BUS
144.78892,-37.73493,METRO BUS
144.78883,-37.73612,METRO BUS
144.78705,-37.73894,METRO BUS
145.00325,-37.77443,METRO BUS
145.06285,-37.9534,METRO BUS
145.06484,-37.95368,METRO BUS
145.06755,-37.95402,METRO BUS
145.07159,-37.95454,METRO BUS
145.07593,-37.95475,METRO BUS
145.07803,-37.9534,METRO BUS
145.00645,-37.77483,METRO BUS
145.08047,-37.95367,METRO BUS
145.08282,-37.95399,METRO BUS
145.08634,-37.95434,METRO BUS
145.0904,-37.95483,METRO BUS
145.09446,-37.95533,METRO BUS
145.09938,-37.95597,METRO BUS
145.1074,-37.95691,METRO BUS
145.11143,-37.95741,METRO BUS
145.12869,-37.77098,METRO BUS
145.00802,-37.77499,METRO BUS
145.11436,-37.95324,METRO BUS
144.57782,-37.68192,METRO BUS
144.57969,-37.68215,METRO BUS
144.57253,-37.68404,METRO BUS
145.01063,-37.77531,METRO BUS
144.55448,-37.68484,METRO BUS
144.55106,-37.68439,METRO BUS
144.54925,-37.68296,METRO BUS
145.01373,-37.77566,METRO BUS
145.09222,-37.88051,METRO BUS
145.09559,-37.88088,METRO BUS
145.09843,-37.88126,METRO BUS
145.1014,-37.8816,METRO BUS
145.10918,-37.88133,METRO BUS
145.10978,-37.87814,METRO BUS
145.1101,-37.87635,METRO BUS
145.11076,-37.87246,METRO BUS
145.01495,-37.77579,METRO BUS
145.11113,-37.8706,METRO BUS
145.11172,-37.86745,METRO BUS
145.11196,-37.86623,METRO BUS
145.11246,-37.86353,METRO BUS
145.11272,-37.8622,METRO BUS
145.1131,-37.85989,METRO BUS
145.11359,-37.85745,METRO BUS
145.11482,-37.85555,METRO BUS
145.11825,-37.85596,METRO BUS
145.11915,-37.8545,METRO BUS
145.01632,-37.7764,METRO BUS
145.11942,-37.85309,METRO BUS
145.11926,-37.85067,METRO BUS
145.11518,-37.85018,METRO BUS
145.10902,-37.84891,METRO BUS
145.10938,-37.84696,METRO BUS
145.10995,-37.84388,METRO BUS
145.11034,-37.84173,METRO BUS
145.11082,-37.83769,METRO BUS
145.01612,-37.77764,METRO BUS
145.16449,-37.98192,METRO BUS
145.16299,-37.98176,METRO BUS
145.16118,-37.98153,METRO BUS
145.15553,-37.97963,METRO BUS
145.15187,-37.97919,METRO BUS
145.14795,-37.9787,METRO BUS
145.14606,-37.97738,METRO BUS
145.14506,-37.97572,METRO BUS
145.01789,-37.77886,METRO BUS
145.14038,-37.96781,METRO BUS
145.13933,-37.96537,METRO BUS
145.13864,-37.96334,METRO BUS
145.13668,-37.95959,METRO BUS
145.13743,-37.95518,METRO BUS
145.138,-37.95214,METRO BUS
145.13882,-37.94791,METRO BUS
145.01841,-37.77667,METRO BUS
145.13975,-37.94077,METRO BUS
145.13159,-37.93882,METRO BUS
145.132,-37.93671,METRO BUS
145.13052,-37.93545,METRO BUS
145.12823,-37.93516,METRO BUS
145.12741,-37.9343,METRO BUS
145.12774,-37.93272,METRO BUS
145.12681,-37.92986,METRO BUS
145.12281,-37.92906,METRO BUS
145.01885,-37.77412,METRO BUS
145.06851,-37.99018,METRO BUS
145.11882,-37.92972,METRO BUS
145.11831,-37.93195,METRO BUS
145.11783,-37.93497,METRO BUS
145.11724,-37.93835,METRO BUS
145.11675,-37.94083,METRO BUS
145.11536,-37.94288,METRO BUS
145.11236,-37.94252,METRO BUS
145.01939,-37.77114,METRO BUS
145.1098,-37.94221,METRO BUS
145.10659,-37.9418,METRO BUS
145.103,-37.94135,METRO BUS
145.09932,-37.94092,METRO BUS
145.09562,-37.94042,METRO BUS
145.0932,-37.94009,METRO BUS
145.08936,-37.93791,METRO BUS
145.08732,-37.93596,METRO BUS
145.08447,-37.93397,METRO BUS
145.00038,-37.80048,METRO BUS
145.01965,-37.76932,METRO BUS
145.08209,-37.93238,METRO BUS
145.07841,-37.93864,METRO BUS
145.07433,-37.93809,METRO BUS
145.07102,-37.93769,METRO BUS
145.06813,-37.93749,METRO BUS
145.06422,-37.93694,METRO BUS
145.06059,-37.93644,METRO BUS
145.05665,-37.93608,METRO BUS
145.0201,-37.76666,METRO BUS
145.05195,-37.93531,METRO BUS
145.19396,-37.81906,METRO BUS
145.19412,-37.82085,METRO BUS
145.19437,-37.82437,METRO BUS
145.19461,-37.82698,METRO BUS
145.19473,-37.82843,METRO BUS
145.08898,-37.91359,METRO BUS
145.08946,-37.91114,METRO BUS
145.09075,-37.90872,METRO BUS
144.9813,-37.76746,METRO BUS
145.02068,-37.76318,METRO BUS
144.98238,-37.76615,METRO BUS
144.98061,-37.76496,METRO BUS
144.97936,-37.76363,METRO BUS
144.97755,-37.76249,METRO BUS
144.97292,-37.76195,METRO BUS
144.97004,-37.7616,METRO BUS
144.96842,-37.76142,METRO BUS
144.9649,-37.76101,METRO BUS
144.96294,-37.76079,METRO BUS
144.96117,-37.76057,METRO BUS
145.02094,-37.76147,METRO BUS
144.95668,-37.76005,METRO BUS
144.9541,-37.75974,METRO BUS
144.95145,-37.75942,METRO BUS
144.94946,-37.75916,METRO BUS
144.94672,-37.75883,METRO BUS
144.94456,-37.75861,METRO BUS
144.94202,-37.75829,METRO BUS
144.93908,-37.75797,METRO BUS
144.93658,-37.75766,METRO BUS
145.02129,-37.75954,METRO BUS
144.93469,-37.75742,METRO BUS
144.9321,-37.75668,METRO BUS
144.93061,-37.75646,METRO BUS
144.92858,-37.75629,METRO BUS
144.9264,-37.75598,METRO BUS
144.92504,-37.75138,METRO BUS
144.9232,-37.75119,METRO BUS
144.92131,-37.75097,METRO BUS
144.91928,-37.75076,METRO BUS
145.20935,-37.99145,METRO BUS
145.20498,-37.98934,METRO BUS
145.2148,-37.98726,METRO BUS
145.21521,-37.98748,METRO BUS
145.20555,-37.98999,METRO BUS
145.02059,-37.75393,METRO BUS
145.15222,-37.70276,METRO BUS
145.14963,-37.69636,METRO BUS
145.14743,-37.69427,METRO BUS
145.14536,-37.69067,METRO BUS
145.02116,-37.75042,METRO BUS
145.14256,-37.68893,METRO BUS
145.14298,-37.68605,METRO BUS
145.14813,-37.67386,METRO BUS
145.15751,-37.67479,METRO BUS
145.15876,-37.68006,METRO BUS
145.02153,-37.74833,METRO BUS
145.16254,-37.67956,METRO BUS
145.1647,-37.67877,METRO BUS
145.1652,-37.67516,METRO BUS
145.15949,-37.67437,METRO BUS
145.15736,-37.66892,METRO BUS
145.15365,-37.66935,METRO BUS
145.1511,-37.66941,METRO BUS
145.0219,-37.74604,METRO BUS
145.14971,-37.67201,METRO BUS
145.15397,-37.67333,METRO BUS
145.01729,-37.68059,METRO BUS
145.02051,-37.68095,METRO BUS
145.02325,-37.68125,METRO BUS
145.02703,-37.68169,METRO BUS
145.03132,-37.68181,METRO BUS
145.00182,-37.80063,METRO BUS
145.02229,-37.74388,METRO BUS
145.03389,-37.68188,METRO BUS
145.03544,-37.68017,METRO BUS
145.03569,-37.67867,METRO BUS
145.03612,-37.67607,METRO BUS
145.03648,-37.67405,METRO BUS
145.03583,-37.66924,METRO BUS
145.03502,-37.66661,METRO BUS
145.03142,-37.6671,METRO BUS
145.03001,-37.66696,METRO BUS
145.02717,-37.66664,METRO BUS
145.02282,-37.74163,METRO BUS
145.0249,-37.66587,METRO BUS
145.02377,-37.66453,METRO BUS
145.02121,-37.66515,METRO BUS
145.01578,-37.67313,METRO BUS
145.01519,-37.67654,METRO BUS
145.00525,-37.68184,METRO BUS
145.00912,-37.68226,METRO BUS
145.01268,-37.68262,METRO BUS
144.99131,-37.67355,METRO BUS
144.99385,-37.67151,METRO BUS
145.00316,-37.67012,METRO BUS
145.00424,-37.66777,METRO BUS
145.00514,-37.66539,METRO BUS
145.00752,-37.66461,METRO BUS
145.01115,-37.66501,METRO BUS
145.0132,-37.66524,METRO BUS
145.00977,-37.67979,METRO BUS
145.00621,-37.67943,METRO BUS
145.00175,-37.67895,METRO BUS
144.80114,-37.74031,METRO BUS
144.80162,-37.73775,METRO BUS
144.8026,-37.73698,METRO BUS
144.80632,-37.73744,METRO BUS
144.80915,-37.73777,METRO BUS
145.13117,-37.81637,METRO BUS
144.82459,-37.73922,METRO BUS
144.82802,-37.73827,METRO BUS
144.82734,-37.73693,METRO BUS
144.82559,-37.73488,METRO BUS
144.82292,-37.73169,METRO BUS
145.02907,-37.73268,METRO BUS
144.82079,-37.72832,METRO BUS
144.8179,-37.72876,METRO BUS
144.81305,-37.7295,METRO BUS
144.80947,-37.72912,METRO BUS
144.79832,-37.72792,METRO BUS
144.80047,-37.72802,METRO BUS
145.03101,-37.73288,METRO BUS
144.80608,-37.72728,METRO BUS
144.79549,-37.72579,METRO BUS
144.7963,-37.72424,METRO BUS
144.7996,-37.72362,METRO BUS
144.80074,-37.72116,METRO BUS
144.79849,-37.71972,METRO BUS
144.795,-37.71916,METRO BUS
144.79184,-37.7178,METRO BUS
145.03333,-37.73313,METRO BUS
144.78972,-37.71506,METRO BUS
144.78955,-37.71266,METRO BUS
144.79322,-37.71172,METRO BUS
144.79403,-37.7096,METRO BUS
144.78486,-37.70373,METRO BUS
144.78174,-37.70205,METRO BUS
145.12151,-38.14158,METRO BUS
145.12336,-38.13786,METRO BUS
145.12419,-38.13439,METRO BUS
145.0338,-37.73187,METRO BUS
145.12439,-38.13302,METRO BUS
145.12541,-38.12948,METRO BUS
145.12684,-38.12568,METRO BUS
145.12805,-38.12584,METRO BUS
145.13076,-38.12615,METRO BUS
145.13512,-38.12121,METRO BUS
145.1406,-38.11784,METRO BUS
145.14107,-38.11489,METRO BUS
145.14159,-38.11206,METRO BUS
145.04655,-37.76064,METRO BUS
145.03432,-37.72916,METRO BUS
145.12783,-38.12552,METRO BUS
145.12823,-38.12331,METRO BUS
145.12851,-38.12108,METRO BUS
145.12911,-38.1183,METRO BUS
145.12951,-38.1164,METRO BUS
145.13008,-38.11376,METRO BUS
145.13019,-38.11099,METRO BUS
145.12982,-38.10934,METRO BUS
145.1286,-38.10418,METRO BUS
145.0325,-37.72875,METRO BUS
145.1285,-38.1003,METRO BUS
145.12851,-38.09635,METRO BUS
145.12847,-38.09294,METRO BUS
145.12847,-38.0916,METRO BUS
145.12795,-38.08891,METRO BUS
145.12748,-38.0851,METRO BUS
145.12775,-38.08301,METRO BUS
145.12621,-38.08177,METRO BUS
145.02959,-37.72849,METRO BUS
144.56671,-37.65912,METRO BUS
144.98048,-37.76558,METRO BUS
144.97927,-37.76359,METRO BUS
144.97805,-37.76261,METRO BUS
144.97323,-37.76206,METRO BUS
144.96948,-37.76159,METRO BUS
144.96816,-37.76145,METRO BUS
144.96488,-37.76107,METRO BUS
144.96349,-37.7609,METRO BUS
144.96043,-37.76053,METRO BUS
145.02787,-37.72829,METRO BUS
144.95667,-37.7601,METRO BUS
144.95163,-37.7595,METRO BUS
144.94911,-37.7592,METRO BUS
144.94693,-37.75894,METRO BUS
144.94547,-37.75875,METRO BUS
144.94232,-37.75838,METRO BUS
144.93909,-37.75799,METRO BUS
144.93639,-37.75769,METRO BUS
144.93471,-37.75748,METRO BUS
144.93268,-37.75693,METRO BUS
144.93112,-37.75666,METRO BUS
144.92858,-37.75638,METRO BUS
144.92661,-37.75613,METRO BUS
144.92573,-37.75415,METRO BUS
144.92462,-37.75148,METRO BUS
144.92228,-37.75122,METRO BUS
144.91875,-37.75088,METRO BUS
144.95693,-37.71866,METRO BUS
144.95392,-37.71836,METRO BUS
145.02472,-37.72653,METRO BUS
144.96087,-37.72352,METRO BUS
144.9579,-37.72354,METRO BUS
144.95443,-37.72318,METRO BUS
144.95174,-37.71753,METRO BUS
144.94986,-37.71545,METRO BUS
144.94629,-37.71502,METRO BUS
144.94302,-37.71466,METRO BUS
145.07911,-37.88228,METRO BUS
144.94115,-37.71444,METRO BUS
144.93766,-37.71402,METRO BUS
144.9374,-37.7117,METRO BUS
144.93774,-37.70987,METRO BUS
144.93771,-37.70739,METRO BUS
144.93492,-37.70708,METRO BUS
144.93017,-37.70655,METRO BUS
144.92885,-37.70469,METRO BUS
144.92616,-37.70354,METRO BUS
144.86139,-37.74566,METRO BUS
145.05647,-37.69764,METRO BUS
144.85534,-37.74538,METRO BUS
144.85255,-37.74184,METRO BUS
144.86078,-37.74175,METRO BUS
144.86144,-37.75214,METRO BUS
144.8602,-37.7552,METRO BUS
144.85987,-37.75703,METRO BUS
144.86135,-37.7609,METRO BUS
144.86242,-37.76347,METRO BUS
144.86403,-37.76713,METRO BUS
144.86507,-37.76962,METRO BUS
144.86865,-37.77076,METRO BUS
144.88478,-37.78324,METRO BUS
144.88742,-37.78351,METRO BUS
144.89057,-37.78522,METRO BUS
144.89016,-37.78747,METRO BUS
145.01143,-37.73086,METRO BUS
144.8895,-37.79079,METRO BUS
144.89231,-37.79211,METRO BUS
144.89534,-37.79301,METRO BUS
144.77467,-37.6937,METRO BUS
144.77364,-37.69126,METRO BUS
144.77765,-37.68716,METRO BUS
144.78046,-37.68596,METRO BUS
144.7827,-37.68859,METRO BUS
144.78695,-37.69038,METRO BUS
144.79019,-37.69203,METRO BUS
145.049,-37.73571,METRO BUS
145.00866,-37.73054,METRO BUS
144.79303,-37.69419,METRO BUS
144.79555,-37.69556,METRO BUS
144.79722,-37.69884,METRO BUS
144.80052,-37.70173,METRO BUS
144.80394,-37.71094,METRO BUS
144.80557,-37.71558,METRO BUS
144.80743,-37.71548,METRO BUS
144.81053,-37.71553,METRO BUS
144.81213,-37.71834,METRO BUS
145.06633,-37.66178,METRO BUS
144.81241,-37.72118,METRO BUS
144.81199,-37.72397,METRO BUS
144.81239,-37.7266,METRO BUS
144.81595,-37.73057,METRO BUS
144.81808,-37.73331,METRO BUS
144.81973,-37.73525,METRO BUS
144.82233,-37.73834,METRO BUS
144.82449,-37.74067,METRO BUS
144.82656,-37.74311,METRO BUS
144.82828,-37.74517,METRO BUS
145.00511,-37.72971,METRO BUS
144.82825,-37.74759,METRO BUS
144.82617,-37.7473,METRO BUS
144.82416,-37.7471,METRO BUS
144.82109,-37.74669,METRO BUS
144.81546,-37.74608,METRO BUS
144.81189,-37.7456,METRO BUS
144.80309,-37.74454,METRO BUS
145.05455,-37.69742,METRO BUS
145.05117,-37.69705,METRO BUS
145.04672,-37.69625,METRO BUS
145.04424,-37.69545,METRO BUS
145.04119,-37.6947,METRO BUS
145.03602,-37.6942,METRO BUS
145.03305,-37.69386,METRO BUS
145.02698,-37.69323,METRO BUS
145.02165,-37.69614,METRO BUS
145.01647,-37.69558,METRO BUS
145.01293,-37.69513,METRO BUS
145.01016,-37.69488,METRO BUS
145.06492,-37.66356,METRO BUS
145.00259,-37.69409,METRO BUS
144.9987,-37.6937,METRO BUS
144.99495,-37.69331,METRO BUS
144.99016,-37.69284,METRO BUS
144.98579,-37.6924,METRO BUS
144.9827,-37.69209,METRO BUS
144.97805,-37.69163,METRO BUS
144.97547,-37.69137,METRO BUS
144.96325,-37.69023,METRO BUS
144.95981,-37.68986,METRO BUS
145.06558,-37.66513,METRO BUS
144.76873,-37.75081,METRO BUS
144.77001,-37.74632,METRO BUS
144.77033,-37.74451,METRO BUS
144.76522,-37.74339,METRO BUS
144.76333,-37.74461,METRO BUS
144.76172,-37.74405,METRO BUS
144.76316,-37.74189,METRO BUS
144.76495,-37.74042,METRO BUS
144.76668,-37.74061,METRO BUS
145.06309,-37.66766,METRO BUS
144.77166,-37.73332,METRO BUS
144.77516,-37.73371,METRO BUS
144.77938,-37.73417,METRO BUS
144.78173,-37.73437,METRO BUS
144.78512,-37.7347,METRO BUS
144.78885,-37.73504,METRO BUS
144.7886,-37.7361,METRO BUS
144.78694,-37.73895,METRO BUS
144.78865,-37.73965,METRO BUS
144.79236,-37.74039,METRO BUS
144.79186,-37.74274,METRO BUS
144.79467,-37.74372,METRO BUS
145.05928,-37.95282,METRO BUS
145.06234,-37.95323,METRO BUS
145.06477,-37.95355,METRO BUS
145.06802,-37.95397,METRO BUS
145.0713,-37.95439,METRO BUS
145.07597,-37.9546,METRO BUS
145.078,-37.95327,METRO BUS
145.06032,-37.6687,METRO BUS
145.08089,-37.9536,METRO BUS
145.0839,-37.95393,METRO BUS
145.08702,-37.9543,METRO BUS
145.09044,-37.95471,METRO BUS
145.09456,-37.95522,METRO BUS
145.09936,-37.95579,METRO BUS
145.10746,-37.95681,METRO BUS
145.11206,-37.95739,METRO BUS
145.11349,-37.95674,METRO BUS
145.11461,-37.95111,METRO BUS
145.1154,-37.94727,METRO BUS
145.11587,-37.94465,METRO BUS
145.13998,-37.91783,METRO BUS
145.13947,-37.9206,METRO BUS
145.00632,-37.80119,METRO BUS
145.10986,-37.92809,METRO BUS
145.1093,-37.93021,METRO BUS
145.10871,-37.93325,METRO BUS
145.10821,-37.93461,METRO BUS
145.06075,-37.95848,METRO BUS
145.06336,-37.95881,METRO BUS
145.06658,-37.95678,METRO BUS
145.09799,-37.93996,METRO BUS
145.09834,-37.9382,METRO BUS
145.09891,-37.93527,METRO BUS
145.09999,-37.93357,METRO BUS
144.95445,-37.75991,METRO BUS
144.98776,-37.83086,METRO BUS
145.07717,-37.73599,METRO BUS
145.08098,-37.73384,METRO BUS
145.08269,-37.7329,METRO BUS
145.11024,-37.72904,METRO BUS
145.11184,-37.72816,METRO BUS
144.98076,-37.86925,METRO BUS
145.116,-37.72577,METRO BUS
145.11952,-37.72503,METRO BUS
145.12319,-37.72563,METRO BUS
145.1445,-37.71885,METRO BUS
145.14031,-37.71835,METRO BUS
145.13728,-37.71743,METRO BUS
145.13498,-37.71498,METRO BUS
145.13205,-37.71275,METRO BUS
145.21447,-37.77779,METRO BUS
145.12974,-37.71128,METRO BUS
145.12694,-37.70993,METRO BUS
145.12278,-37.70967,METRO BUS
145.11973,-37.70916,METRO BUS
145.11828,-37.70792,METRO BUS
145.11655,-37.7062,METRO BUS
145.11588,-37.70318,METRO BUS
145.11496,-37.70048,METRO BUS
145.10006,-37.70553,METRO BUS
145.09656,-37.70653,METRO BUS
144.99597,-37.88365,METRO BUS
145.0961,-37.70934,METRO BUS
145.09549,-37.71099,METRO BUS
145.09453,-37.71254,METRO BUS
145.09288,-37.71443,METRO BUS
145.0901,-37.71412,METRO BUS
145.08779,-37.71306,METRO BUS
145.08615,-37.71186,METRO BUS
145.08262,-37.715,METRO BUS
144.99162,-37.88313,METRO BUS
145.08146,-37.71832,METRO BUS
145.08112,-37.72034,METRO BUS
145.08096,-37.7215,METRO BUS
145.08042,-37.72464,METRO BUS
145.01455,-37.74625,METRO BUS
145.03701,-37.74917,METRO BUS
145.04196,-37.74991,METRO BUS
145.04529,-37.75076,METRO BUS
145.04796,-37.75178,METRO BUS
145.05056,-37.75278,METRO BUS
144.99035,-37.88299,METRO BUS
145.05344,-37.75386,METRO BUS
145.0559,-37.75476,METRO BUS
145.06717,-37.75579,METRO BUS
145.0697,-37.75464,METRO BUS
145.07049,-37.75212,METRO BUS
145.07088,-37.75001,METRO BUS
145.07117,-37.74858,METRO BUS
145.07161,-37.746,METRO BUS
145.06927,-37.74042,METRO BUS
145.0711,-37.73936,METRO BUS
144.98745,-37.88268,METRO BUS
145.07352,-37.73799,METRO BUS
145.0767,-37.73612,METRO BUS
145.08041,-37.734,METRO BUS
145.08255,-37.73271,METRO BUS
145.11117,-37.72821,METRO BUS
145.114,-37.72655,METRO BUS
145.11964,-37.72486,METRO BUS
145.12276,-37.72533,METRO BUS
145.14731,-37.71573,METRO BUS
144.98442,-37.88232,METRO BUS
145.14614,-37.71839,METRO BUS
145.14455,-37.71877,METRO BUS
145.14109,-37.71835,METRO BUS
145.13741,-37.71735,METRO BUS
145.13509,-37.71488,METRO BUS
145.13278,-37.71291,METRO BUS
145.13,-37.7113,METRO BUS
145.12692,-37.7098,METRO BUS
145.12193,-37.70958,METRO BUS
145.17856,-37.87744,METRO BUS
145.04602,-37.76384,METRO BUS
144.98222,-37.88212,METRO BUS
145.11967,-37.70891,METRO BUS
145.11783,-37.70769,METRO BUS
145.11674,-37.7065,METRO BUS
145.116,-37.70302,METRO BUS
145.11508,-37.70036,METRO BUS
145.10012,-37.70536,METRO BUS
145.0965,-37.70643,METRO BUS
145.09601,-37.70932,METRO BUS
145.09535,-37.71105,METRO BUS
145.09432,-37.71265,METRO BUS
144.98021,-37.8819,METRO BUS
145.09273,-37.71431,METRO BUS
145.09011,-37.71404,METRO BUS
145.08786,-37.71302,METRO BUS
145.08624,-37.7118,METRO BUS
145.08191,-37.71479,METRO BUS
145.08135,-37.71803,METRO BUS
145.08074,-37.72162,METRO BUS
145.08042,-37.72376,METRO BUS
145.0799,-37.7266,METRO BUS
144.97852,-37.8816,METRO BUS
145.07944,-37.72947,METRO BUS
145.07119,-37.73463,METRO BUS
145.06937,-37.73726,METRO BUS
145.06821,-37.73984,METRO BUS
144.97903,-37.87893,METRO BUS
145.13763,-38.16443,METRO BUS
145.14137,-38.16737,METRO BUS
145.14885,-38.17347,METRO BUS
145.15405,-38.17584,METRO BUS
145.1787,-38.17922,METRO BUS
145.18641,-38.18014,METRO BUS
145.19234,-38.18085,METRO BUS
145.19652,-38.18134,METRO BUS
144.97943,-37.87685,METRO BUS
145.20374,-38.1822,METRO BUS
145.20838,-38.18375,METRO BUS
145.2198,-38.18513,METRO BUS
145.22907,-38.18618,METRO BUS
145.32247,-37.8012,METRO BUS
145.31911,-37.80163,METRO BUS
145.31797,-37.8018,METRO BUS
145.3131,-37.7986,METRO BUS
144.98003,-37.87382,METRO BUS
145.31363,-37.79556,METRO BUS
145.31424,-37.79245,METRO BUS
145.31397,-37.79142,METRO BUS
145.30799,-37.7904,METRO BUS
145.30631,-37.79118,METRO BUS
145.30165,-37.79371,METRO BUS
145.29819,-37.7945,METRO BUS
145.2938,-37.79587,METRO BUS
145.28907,-37.79697,METRO BUS
144.98058,-37.87099,METRO BUS
145.28733,-37.79574,METRO BUS
145.28232,-37.79506,METRO BUS
145.16643,-38.14992,METRO BUS
145.16829,-38.14957,METRO BUS
145.16983,-38.14824,METRO BUS
145.16895,-38.14639,METRO BUS
145.16894,-38.14423,METRO BUS
145.16864,-38.14217,METRO BUS
145.16875,-38.14026,METRO BUS
145.16315,-38.13785,METRO BUS
144.9809,-37.86939,METRO BUS
145.16511,-38.13653,METRO BUS
145.16931,-38.13646,METRO BUS
145.1703,-38.13798,METRO BUS
145.16881,-38.14017,METRO BUS
145.16851,-38.14242,METRO BUS
145.169,-38.14429,METRO BUS
145.16859,-38.14621,METRO BUS
145.16988,-38.1483,METRO BUS
145.16838,-38.14963,METRO BUS
145.16624,-38.14998,METRO BUS
144.98135,-37.86695,METRO BUS
145.12886,-38.14191,METRO BUS
145.32998,-37.80049,METRO BUS
145.327,-37.80067,METRO BUS
145.32416,-37.80109,METRO BUS
145.32234,-37.80129,METRO BUS
145.31776,-37.80192,METRO BUS
145.31391,-37.8027,METRO BUS
145.31274,-37.79981,METRO BUS
145.31316,-37.79748,METRO BUS
144.98194,-37.86373,METRO BUS
145.31355,-37.7953,METRO BUS
145.31411,-37.79259,METRO BUS
145.30823,-37.79031,METRO BUS
145.30564,-37.79165,METRO BUS
145.30119,-37.79416,METRO BUS
145.29819,-37.79457,METRO BUS
145.29386,-37.79592,METRO BUS
145.28724,-37.7958,METRO BUS
145.2822,-37.7951,METRO BUS
145.04545,-37.76624,METRO BUS
144.98225,-37.86197,METRO BUS
145.16514,-38.15227,METRO BUS
145.16559,-38.14961,METRO BUS
145.16514,-38.14698,METRO BUS
145.16348,-38.14539,METRO BUS
145.16183,-38.14443,METRO BUS
145.15909,-38.14279,METRO BUS
145.15751,-38.1417,METRO BUS
145.15585,-38.14073,METRO BUS
145.15226,-38.13884,METRO BUS
145.14846,-38.13977,METRO BUS
144.9826,-37.86003,METRO BUS
145.14549,-38.14334,METRO BUS
145.14474,-38.14571,METRO BUS
145.14309,-38.14709,METRO BUS
145.14044,-38.14587,METRO BUS
145.13803,-38.14477,METRO BUS
145.13451,-38.14354,METRO BUS
145.13189,-38.14285,METRO BUS
145.12893,-38.14204,METRO BUS
145.15403,-38.13666,METRO BUS
144.98334,-37.85772,METRO BUS
145.10484,-37.9342,METRO BUS
145.13031,-38.15854,METRO BUS
145.03526,-37.87821,METRO BUS
145.12935,-38.16078,METRO BUS
145.13813,-38.16453,METRO BUS
144.98383,-37.85325,METRO BUS
145.133,-38.16239,METRO BUS
145.13249,-38.15272,METRO BUS
145.1341,-38.15434,METRO BUS
145.14205,-38.16767,METRO BUS
145.03596,-37.88311,METRO BUS
145.14521,-38.17007,METRO BUS
144.98435,-37.85024,METRO BUS
145.14701,-38.17143,METRO BUS
145.35216,-37.90945,METRO BUS
145.34633,-37.90719,METRO BUS
145.34254,-37.90636,METRO BUS
145.33797,-37.90612,METRO BUS
145.3318,-37.90438,METRO BUS
145.3291,-37.90301,METRO BUS
145.31565,-37.89378,METRO BUS
145.29186,-37.88816,METRO BUS
144.98469,-37.84814,METRO BUS
145.29535,-37.88326,METRO BUS
145.2753,-37.88336,METRO BUS
144.9605,-37.72141,METRO BUS
145.23741,-38.18718,METRO BUS
145.23644,-38.19565,METRO BUS
145.23538,-38.20122,METRO BUS
145.23299,-38.20261,METRO BUS
145.22518,-38.20172,METRO BUS
145.21483,-38.20046,METRO BUS
144.98517,-37.84533,METRO BUS
145.20554,-38.19973,METRO BUS
145.19249,-38.19935,METRO BUS
145.1831,-38.19911,METRO BUS
145.17662,-38.19827,METRO BUS
145.15753,-38.19529,METRO BUS
145.1547,-38.19486,METRO BUS
145.12695,-38.16439,METRO BUS
144.98555,-37.84347,METRO BUS
145.19208,-37.91225,METRO BUS
145.19335,-37.91159,METRO BUS
145.19573,-37.9111,METRO BUS
145.19829,-37.91288,METRO BUS
145.20002,-37.91552,METRO BUS
145.19971,-37.91905,METRO BUS
145.19922,-37.92201,METRO BUS
145.22219,-37.89791,METRO BUS
145.22041,-37.89652,METRO BUS
145.22008,-37.89546,METRO BUS
144.98607,-37.84085,METRO BUS
145.2185,-37.89465,METRO BUS
145.21768,-37.89345,METRO BUS
145.21625,-37.89177,METRO BUS
145.21777,-37.89,METRO BUS
145.22136,-37.88911,METRO BUS
144.98451,-37.71762,METRO BUS
144.99323,-37.71964,METRO BUS
144.99285,-37.72218,METRO BUS
144.99257,-37.72377,METRO BUS
144.9867,-37.83789,METRO BUS
144.99225,-37.72556,METRO BUS
144.99816,-37.71486,METRO BUS
144.99857,-37.71249,METRO BUS
144.99526,-37.71164,METRO BUS
144.99269,-37.71132,METRO BUS
144.98948,-37.71231,METRO BUS
144.98917,-37.714,METRO BUS
145.04532,-37.76652,METRO BUS
144.98699,-37.83642,METRO BUS
144.98749,-37.83402,METRO BUS
144.98808,-37.83101,METRO BUS
144.98901,-37.82444,METRO BUS
144.98951,-37.82113,METRO BUS
144.99018,-37.8173,METRO BUS
145.04134,-37.9784,METRO BUS
145.05891,-37.98206,METRO BUS
145.06263,-37.98247,METRO BUS
145.06766,-37.97819,METRO BUS
145.06536,-37.97516,METRO BUS
145.06122,-37.97,METRO BUS
145.12099,-38.14447,METRO BUS
145.1149,-38.15005,METRO BUS
145.11272,-38.15234,METRO BUS
144.99052,-37.81519,METRO BUS
145.10909,-38.15453,METRO BUS
145.10498,-38.15844,METRO BUS
145.10396,-38.16045,METRO BUS
145.09701,-38.16802,METRO BUS
145.09534,-38.17077,METRO BUS
145.09408,-38.17426,METRO BUS
145.09319,-38.17682,METRO BUS
145.09217,-38.17978,METRO BUS
145.09018,-38.18314,METRO BUS
144.99098,-37.81266,METRO BUS
145.31386,-37.98193,METRO BUS
145.09075,-38.19387,METRO BUS
145.09084,-38.19546,METRO BUS
145.08776,-38.19722,METRO BUS
145.08337,-38.19983,METRO BUS
145.07878,-38.2033,METRO BUS
145.07325,-38.20758,METRO BUS
145.06795,-38.21171,METRO BUS
145.06299,-38.2157,METRO BUS
145.05843,-38.21921,METRO BUS
144.99141,-37.81034,METRO BUS
145.05923,-38.22103,METRO BUS
145.06298,-38.22364,METRO BUS
145.05986,-38.22569,METRO BUS
145.05764,-38.22588,METRO BUS
145.05518,-38.22481,METRO BUS
145.03509,-38.21678,METRO BUS
145.03247,-38.22166,METRO BUS
144.99201,-37.80695,METRO BUS
145.03118,-38.22498,METRO BUS
145.02918,-38.22663,METRO BUS
145.02641,-38.23042,METRO BUS
145.02783,-38.23465,METRO BUS
145.02967,-38.24036,METRO BUS
145.02998,-38.24393,METRO BUS
145.02828,-38.25055,METRO BUS
145.02658,-38.25348,METRO BUS
144.78566,-37.68804,METRO BUS
145.04325,-37.76818,METRO BUS
144.99238,-37.80476,METRO BUS
145.03366,-37.93585,METRO BUS
145.03345,-37.94075,METRO BUS
145.033,-37.94274,METRO BUS
145.02242,-37.9448,METRO BUS
145.02173,-37.9483,METRO BUS
144.99269,-37.8028,METRO BUS
145.02126,-37.95054,METRO BUS
145.02041,-37.95477,METRO BUS
145.01853,-37.97565,METRO BUS
145.02076,-37.97616,METRO BUS
145.024,-37.97649,METRO BUS
145.02633,-37.97679,METRO BUS
145.03027,-37.97719,METRO BUS
145.0333,-37.97752,METRO BUS
145.03543,-37.97831,METRO BUS
144.99356,-37.79773,METRO BUS
145.03964,-37.97825,METRO BUS
145.04179,-37.97851,METRO BUS
145.04455,-37.97884,METRO BUS
145.05989,-37.98229,METRO BUS
145.06228,-37.98263,METRO BUS
145.06367,-37.97287,METRO BUS
145.12147,-38.14446,METRO BUS
145.11671,-38.14752,METRO BUS
144.99428,-37.79357,METRO BUS
145.11485,-38.14989,METRO BUS
145.11305,-38.15179,METRO BUS
145.10864,-38.15438,METRO BUS
145.10489,-38.15809,METRO BUS
145.10403,-38.15986,METRO BUS
145.31629,-38.00252,METRO BUS
145.09659,-38.16835,METRO BUS
145.09493,-38.17148,METRO BUS
145.09382,-38.17471,METRO BUS
145.09311,-38.17675,METRO BUS
144.99481,-37.7907,METRO BUS
145.09213,-38.1796,METRO BUS
145.08961,-38.18326,METRO BUS
145.08949,-38.18695,METRO BUS
145.09059,-38.19383,METRO BUS
145.0889,-38.19623,METRO BUS
145.08404,-38.19909,METRO BUS
145.0791,-38.2027,METRO BUS
144.55462,-37.68486,METRO BUS
144.55109,-37.68429,METRO BUS
144.54966,-37.68288,METRO BUS
144.99517,-37.78869,METRO BUS
144.54736,-37.6823,METRO BUS
144.566,-37.67218,METRO BUS
145.21188,-37.77792,METRO BUS
144.57094,-37.6709,METRO BUS
144.57191,-37.66781,METRO BUS
144.57437,-37.66864,METRO BUS
144.57574,-37.67137,METRO BUS
144.7358,-37.74197,METRO BUS
144.87153,-37.7812,METRO BUS
144.87556,-37.77861,METRO BUS
144.8785,-37.77673,METRO BUS
145.21056,-37.7812,METRO BUS
144.88525,-37.77657,METRO BUS
144.88471,-37.77957,METRO BUS
144.88435,-37.78141,METRO BUS
144.88403,-37.78347,METRO BUS
144.8834,-37.78679,METRO BUS
144.89822,-37.80402,METRO BUS
144.89226,-37.80372,METRO BUS
145.20749,-37.78476,METRO BUS
144.57069,-37.67161,METRO BUS
144.56608,-37.67207,METRO BUS
144.7407,-37.73553,METRO BUS
144.57209,-37.66767,METRO BUS
144.57444,-37.66896,METRO BUS
144.57583,-37.67165,METRO BUS
144.73591,-37.74237,METRO BUS
145.2031,-37.78628,METRO BUS
144.83,-37.77702,METRO BUS
144.87146,-37.7811,METRO BUS
144.87498,-37.77883,METRO BUS
145.33662,-37.81234,METRO BUS
144.88498,-37.77894,METRO BUS
144.8846,-37.78089,METRO BUS
145.3323,-37.81409,METRO BUS
144.88427,-37.78264,METRO BUS
144.88375,-37.78544,METRO BUS
145.04337,-37.76875,METRO BUS
145.19837,-37.79331,METRO BUS
144.89646,-37.80392,METRO BUS
144.89266,-37.80344,METRO BUS
144.8921,-37.80552,METRO BUS
144.89067,-37.80659,METRO BUS
144.88739,-37.80618,METRO BUS
144.84469,-37.84687,METRO BUS
145.13182,-37.813,METRO BUS
145.11473,-37.95113,METRO BUS
145.11544,-37.94757,METRO BUS
145.11605,-37.9445,METRO BUS
145.13987,-37.91706,METRO BUS
145.13925,-37.92076,METRO BUS
145.13221,-37.81094,METRO BUS
145.10975,-37.92806,METRO BUS
145.10941,-37.93031,METRO BUS
145.10881,-37.93339,METRO BUS
145.10742,-37.9346,METRO BUS
145.10471,-37.93426,METRO BUS
145.10009,-37.93366,METRO BUS
145.099,-37.93553,METRO BUS
145.19497,-37.79777,METRO BUS
145.09848,-37.93829,METRO BUS
145.09814,-37.93999,METRO BUS
145.06676,-37.95638,METRO BUS
145.06641,-37.95989,METRO BUS
145.0668,-37.95868,METRO BUS
145.06469,-37.95909,METRO BUS
145.06315,-37.9589,METRO BUS
145.19164,-37.80173,METRO BUS
145.06086,-37.9586,METRO BUS
145.3106,-37.75761,METRO BUS
144.81028,-37.7148,METRO BUS
145.291,-37.75507,METRO BUS
145.28288,-37.74497,METRO BUS
145.28228,-37.73902,METRO BUS
145.28292,-37.73491,METRO BUS
145.27276,-37.73608,METRO BUS
145.17086,-37.79149,METRO BUS
145.12778,-37.82219,METRO BUS
145.12754,-37.82336,METRO BUS
145.12732,-37.82451,METRO BUS
145.12972,-37.82502,METRO BUS
145.13026,-37.82645,METRO BUS
145.13002,-37.82769,METRO BUS
145.12973,-37.82923,METRO BUS
145.13348,-37.83003,METRO BUS
145.13748,-37.83045,METRO BUS
145.16921,-37.79688,METRO BUS
145.14019,-37.83079,METRO BUS
145.14334,-37.83116,METRO BUS
145.14579,-37.83148,METRO BUS
145.14836,-37.83157,METRO BUS
145.14891,-37.82885,METRO BUS
145.14882,-37.82876,METRO BUS
145.14905,-37.82763,METRO BUS
145.14932,-37.8245,METRO BUS
145.16518,-37.7976,METRO BUS
145.14953,-37.8234,METRO BUS
144.56842,-37.65955,METRO BUS
145.15636,-37.8323,METRO BUS
145.15893,-37.83299,METRO BUS
145.1658,-37.83863,METRO BUS
145.16551,-37.84027,METRO BUS
145.16497,-37.84369,METRO BUS
145.09514,-37.77362,METRO BUS
145.16467,-37.84551,METRO BUS
145.16705,-37.8465,METRO BUS
145.16936,-37.84752,METRO BUS
145.17045,-37.84758,METRO BUS
145.17226,-37.84116,METRO BUS
145.1747,-37.84147,METRO BUS
145.17694,-37.84177,METRO BUS
145.17889,-37.84201,METRO BUS
145.17899,-37.84339,METRO BUS
145.15785,-37.79776,METRO BUS
145.18021,-37.84402,METRO BUS
145.18224,-37.84427,METRO BUS
145.18283,-37.84295,METRO BUS
145.18312,-37.84151,METRO BUS
145.1834,-37.83998,METRO BUS
145.18441,-37.83777,METRO BUS
145.18732,-37.83639,METRO BUS
145.19188,-37.83664,METRO BUS
145.19457,-37.83606,METRO BUS
145.19506,-37.83446,METRO BUS
145.04495,-37.76896,METRO BUS
145.15604,-37.79754,METRO BUS
145.19491,-37.83281,METRO BUS
145.19481,-37.83163,METRO BUS
145.19461,-37.82854,METRO BUS
145.19446,-37.82678,METRO BUS
145.19423,-37.82393,METRO BUS
145.06692,-37.86188,METRO BUS
145.06888,-37.86209,METRO BUS
144.98192,-37.86725,METRO BUS
144.98366,-37.86742,METRO BUS
145.01975,-37.76548,METRO BUS
144.99203,-37.87553,METRO BUS
144.99508,-37.87648,METRO BUS
144.99762,-37.87683,METRO BUS
145.00136,-37.87727,METRO BUS
145.07116,-37.86235,METRO BUS
145.00666,-37.87792,METRO BUS
145.01183,-37.87857,METRO BUS
145.01582,-37.87905,METRO BUS
145.01944,-37.8795,METRO BUS
145.15311,-37.79713,METRO BUS
145.02273,-37.87989,METRO BUS
145.0266,-37.88039,METRO BUS
145.02958,-37.88078,METRO BUS
145.0338,-37.8813,METRO BUS
145.05706,-37.88893,METRO BUS
145.05763,-37.88592,METRO BUS
145.05874,-37.88386,METRO BUS
145.09191,-37.90077,METRO BUS
145.13292,-38.03144,METRO BUS
145.15114,-37.79619,METRO BUS
145.16596,-37.93394,METRO BUS
145.16636,-37.93159,METRO BUS
144.77005,-37.86122,METRO BUS
145.16727,-37.92692,METRO BUS
145.16698,-37.92436,METRO BUS
145.16469,-37.92066,METRO BUS
144.77058,-37.85872,METRO BUS
144.77265,-37.85601,METRO BUS
144.77566,-37.85314,METRO BUS
144.77541,-37.85092,METRO BUS
145.14502,-37.79235,METRO BUS
144.77367,-37.84884,METRO BUS
144.77771,-37.84652,METRO BUS
144.79095,-37.83987,METRO BUS
144.79491,-37.83802,METRO BUS
144.79961,-37.8358,METRO BUS
144.80315,-37.83412,METRO BUS
144.80836,-37.83094,METRO BUS
144.8194,-37.83106,METRO BUS
144.82296,-37.83137,METRO BUS
144.8246,-37.83143,METRO BUS
145.1408,-37.79306,METRO BUS
145.19454,-37.8182,METRO BUS
145.19775,-37.81826,METRO BUS
145.20015,-37.81869,METRO BUS
145.20016,-37.82039,METRO BUS
145.20015,-37.82176,METRO BUS
145.20043,-37.92362,METRO BUS
145.21476,-37.92546,METRO BUS
145.22123,-37.92644,METRO BUS
145.22722,-37.92718,METRO BUS
145.13833,-37.79286,METRO BUS
145.23176,-37.9277,METRO BUS
145.24628,-37.91807,METRO BUS
145.24974,-37.91841,METRO BUS
145.25255,-37.91948,METRO BUS
145.25602,-37.91803,METRO BUS
145.25708,-37.91614,METRO BUS
145.26057,-37.91497,METRO BUS
145.26173,-37.91714,METRO BUS
145.26265,-37.91901,METRO BUS
145.26338,-37.92131,METRO BUS
145.13727,-37.78974,METRO BUS
144.88937,-37.80068,METRO BUS
144.88548,-37.80271,METRO BUS
144.87738,-37.80701,METRO BUS
144.87293,-37.80931,METRO BUS
144.8649,-37.81263,METRO BUS
144.86338,-37.81305,METRO BUS
144.84831,-37.81727,METRO BUS
144.84606,-37.8179,METRO BUS
144.84354,-37.81859,METRO BUS
144.8414,-37.81922,METRO BUS
144.83909,-37.81972,METRO BUS
144.83648,-37.82046,METRO BUS
145.19729,-38.10105,METRO BUS
145.19367,-38.10235,METRO BUS
144.75662,-37.884,METRO BUS
145.18982,-38.10186,METRO BUS
145.18763,-38.10246,METRO BUS
145.1875,-38.10476,METRO BUS
144.97195,-37.7339,METRO BUS
144.97232,-37.72903,METRO BUS
144.97158,-37.73049,METRO BUS
144.97228,-37.72895,METRO BUS
144.98364,-37.71477,METRO BUS
145.04533,-37.76862,METRO BUS
144.7551,-37.89241,METRO BUS
144.982,-37.71727,METRO BUS
144.97693,-37.72145,METRO BUS
145.05374,-37.97244,METRO BUS
145.05124,-37.97213,METRO BUS
145.04657,-37.97155,METRO BUS
145.04292,-37.97108,METRO BUS
145.03997,-37.97074,METRO BUS
145.03678,-37.97036,METRO BUS
145.03582,-37.97174,METRO BUS
145.03543,-37.97391,METRO BUS
144.75453,-37.89546,METRO BUS
145.03492,-37.97691,METRO BUS
145.03442,-37.97832,METRO BUS
145.03401,-37.98054,METRO BUS
145.03367,-37.98245,METRO BUS
145.00168,-37.94175,METRO BUS
145.00223,-37.93862,METRO BUS
145.00259,-37.93684,METRO BUS
145.00293,-37.93497,METRO BUS
145.00285,-37.93384,METRO BUS
145.00009,-37.93348,METRO BUS
144.99611,-37.93302,METRO BUS
144.99368,-37.92978,METRO BUS
144.99367,-37.919,METRO BUS
144.99712,-37.91556,METRO BUS
145.00075,-37.91304,METRO BUS
144.99899,-37.908,METRO BUS
145.00146,-37.9057,METRO BUS
145.00764,-37.71312,METRO BUS
145.00291,-37.71226,METRO BUS
145.00333,-37.70969,METRO BUS
145.00219,-37.70832,METRO BUS
145.00045,-37.70818,METRO BUS
144.99789,-37.70755,METRO BUS
144.99786,-37.70533,METRO BUS
144.99698,-37.70254,METRO BUS
145.18945,-38.10348,METRO BUS
145.09728,-37.77203,METRO BUS
144.98107,-37.69282,METRO BUS
144.9757,-37.69251,METRO BUS
144.98076,-37.6962,METRO BUS
144.98818,-37.69618,METRO BUS
144.99075,-37.69707,METRO BUS
144.9901,-37.69922,METRO BUS
144.98975,-37.70146,METRO BUS
144.98989,-37.70389,METRO BUS
144.98764,-37.70473,METRO BUS
144.7453,-37.89374,METRO BUS
144.98492,-37.70499,METRO BUS
144.98378,-37.70667,METRO BUS
144.98708,-37.70693,METRO BUS
144.99506,-37.70763,METRO BUS
144.99699,-37.70778,METRO BUS
145.00273,-37.71384,METRO BUS
145.00249,-37.71571,METRO BUS
145.19213,-38.10349,METRO BUS
144.98349,-37.7151,METRO BUS
144.74594,-37.89114,METRO BUS
144.98216,-37.71699,METRO BUS
144.97679,-37.72132,METRO BUS
144.9739,-37.72617,METRO BUS
144.97178,-37.73225,METRO BUS
145.11924,-38.04757,METRO BUS
145.12165,-38.04671,METRO BUS
145.12216,-38.04461,METRO BUS
145.11903,-38.04417,METRO BUS
145.19307,-38.1054,METRO BUS
145.11764,-38.04133,METRO BUS
145.11631,-38.03915,METRO BUS
145.11494,-38.03684,METRO BUS
144.57143,-37.65964,METRO BUS
144.57081,-37.66463,METRO BUS
144.56797,-37.66295,METRO BUS
144.5645,-37.66325,METRO BUS
144.56398,-37.66446,METRO BUS
144.5654,-37.66609,METRO BUS
145.11927,-38.03504,METRO BUS
144.56391,-37.66913,METRO BUS
145.12987,-38.02875,METRO BUS
145.07991,-37.72755,METRO BUS
145.07116,-37.73481,METRO BUS
145.06933,-37.73748,METRO BUS
145.06833,-37.73939,METRO BUS
145.16064,-37.70563,METRO BUS
145.16116,-37.70873,METRO BUS
145.16111,-37.70705,METRO BUS
145.15985,-37.71011,METRO BUS
145.15938,-37.7118,METRO BUS
145.16115,-37.71272,METRO BUS
145.16203,-37.71367,METRO BUS
145.16383,-37.7144,METRO BUS
145.04728,-37.76899,METRO BUS
144.99359,-37.79996,METRO BUS
145.16496,-37.71798,METRO BUS
145.16299,-37.72358,METRO BUS
145.16002,-37.72504,METRO BUS
145.1551,-37.72546,METRO BUS
145.15005,-37.72658,METRO BUS
145.14986,-37.70777,METRO BUS
145.15323,-37.70486,METRO BUS
145.15154,-37.70043,METRO BUS
145.14935,-37.69641,METRO BUS
145.14417,-37.6807,METRO BUS
145.14741,-37.67499,METRO BUS
145.14935,-37.67342,METRO BUS
144.99978,-37.6814,METRO BUS
145.00246,-37.68167,METRO BUS
145.00546,-37.68196,METRO BUS
145.00907,-37.68234,METRO BUS
144.99043,-37.79965,METRO BUS
145.01138,-37.68258,METRO BUS
145.00024,-37.68444,METRO BUS
144.99687,-37.68502,METRO BUS
144.99422,-37.6841,METRO BUS
144.99041,-37.68258,METRO BUS
144.99055,-37.67897,METRO BUS
144.99075,-37.67701,METRO BUS
144.99104,-37.67392,METRO BUS
144.9917,-37.67201,METRO BUS
144.99404,-37.67142,METRO BUS
145.00277,-37.67024,METRO BUS
145.004,-37.66751,METRO BUS
145.00492,-37.66508,METRO BUS
145.00741,-37.66449,METRO BUS
145.01104,-37.66489,METRO BUS
145.01309,-37.66511,METRO BUS
145.01513,-37.66534,METRO BUS
145.1326,-37.80883,METRO BUS
144.56342,-37.67146,METRO BUS
144.80165,-37.73919,METRO BUS
144.80272,-37.73705,METRO BUS
144.80601,-37.73746,METRO BUS
144.80903,-37.73783,METRO BUS
145.13316,-37.80593,METRO BUS
144.82541,-37.73906,METRO BUS
144.82808,-37.73832,METRO BUS
144.82752,-37.73699,METRO BUS
144.82517,-37.7342,METRO BUS
144.82308,-37.73172,METRO BUS
144.82088,-37.7282,METRO BUS
144.81776,-37.72871,METRO BUS
144.81328,-37.72928,METRO BUS
144.8094,-37.72887,METRO BUS
144.79618,-37.72805,METRO BUS
144.80001,-37.72823,METRO BUS
144.80603,-37.72758,METRO BUS
145.22477,-37.88878,METRO BUS
144.79674,-37.72676,METRO BUS
144.79595,-37.72433,METRO BUS
144.79989,-37.7235,METRO BUS
144.80108,-37.72135,METRO BUS
144.79893,-37.71969,METRO BUS
144.79488,-37.71904,METRO BUS
144.79205,-37.71781,METRO BUS
144.79,-37.71523,METRO BUS
144.78961,-37.71312,METRO BUS
144.7921,-37.7123,METRO BUS
144.79426,-37.70911,METRO BUS
144.78465,-37.70349,METRO BUS
144.78134,-37.70183,METRO BUS
145.12186,-38.14169,METRO BUS
145.1236,-38.13808,METRO BUS
145.12441,-38.13432,METRO BUS
145.0619,-37.88434,METRO BUS
144.72731,-37.87122,METRO BUS
145.06423,-37.88453,METRO BUS
145.06639,-37.88444,METRO BUS
145.07085,-37.88444,METRO BUS
145.07685,-37.88643,METRO BUS
145.07304,-37.86257,METRO BUS
145.07628,-37.86294,METRO BUS
145.08085,-37.86347,METRO BUS
145.0469,-37.77117,METRO BUS
145.08324,-37.86382,METRO BUS
145.10962,-37.88253,METRO BUS
145.11278,-37.88297,METRO BUS
145.11546,-37.88326,METRO BUS
145.11735,-37.88347,METRO BUS
145.12004,-37.88381,METRO BUS
145.12203,-37.88402,METRO BUS
145.12441,-37.88434,METRO BUS
145.13142,-37.88506,METRO BUS
145.13427,-37.88543,METRO BUS
145.14074,-37.88614,METRO BUS
145.14223,-37.8863,METRO BUS
145.14652,-37.88675,METRO BUS
145.14878,-37.88711,METRO BUS
145.15232,-37.88753,METRO BUS
145.15659,-37.88797,METRO BUS
145.15992,-37.88837,METRO BUS
145.16336,-37.8887,METRO BUS
145.08585,-37.86411,METRO BUS
145.08868,-37.86445,METRO BUS
145.02452,-37.73426,METRO BUS
145.0937,-37.86583,METRO BUS
145.09834,-37.86636,METRO BUS
145.10022,-37.86654,METRO BUS
145.10345,-37.86695,METRO BUS
145.10605,-37.86718,METRO BUS
145.10773,-37.86734,METRO BUS
145.11259,-37.86799,METRO BUS
145.11528,-37.86829,METRO BUS
145.11832,-37.86862,METRO BUS
145.02518,-37.73183,METRO BUS
145.123,-37.86918,METRO BUS
145.12461,-37.86935,METRO BUS
145.1287,-37.86983,METRO BUS
145.13095,-37.87013,METRO BUS
145.13709,-37.87083,METRO BUS
145.13989,-37.87114,METRO BUS
145.14299,-37.87152,METRO BUS
145.1461,-37.87188,METRO BUS
145.14936,-37.87227,METRO BUS
145.15256,-37.87263,METRO BUS
145.02576,-37.72892,METRO BUS
145.15424,-37.87285,METRO BUS
145.1563,-37.87298,METRO BUS
145.15895,-37.87338,METRO BUS
145.15631,-37.87321,METRO BUS
144.70492,-38.31889,METRO BUS
144.71032,-38.31969,METRO BUS
144.71296,-38.31992,METRO BUS
144.71835,-38.32093,METRO BUS
145.13371,-37.93965,METRO BUS
145.19496,-37.83108,METRO BUS
145.19516,-37.83335,METRO BUS
145.19166,-37.83685,METRO BUS
145.18795,-37.83676,METRO BUS
145.18507,-37.83743,METRO BUS
145.18361,-37.83938,METRO BUS
145.18331,-37.84093,METRO BUS
145.18303,-37.84241,METRO BUS
145.02196,-37.72205,METRO BUS
145.12082,-37.8367,METRO BUS
145.1234,-37.83702,METRO BUS
145.12615,-37.83602,METRO BUS
145.12645,-37.83447,METRO BUS
145.12667,-37.83315,METRO BUS
145.12695,-37.83162,METRO BUS
145.12677,-37.82949,METRO BUS
145.1822,-37.84436,METRO BUS
145.18043,-37.84413,METRO BUS
145.17903,-37.84262,METRO BUS
145.02128,-37.71992,METRO BUS
145.17676,-37.8418,METRO BUS
145.17454,-37.84152,METRO BUS
145.17211,-37.84122,METRO BUS
145.16927,-37.84759,METRO BUS
145.16728,-37.84661,METRO BUS
145.16461,-37.84508,METRO BUS
145.16488,-37.84351,METRO BUS
145.16543,-37.84026,METRO BUS
145.16568,-37.8388,METRO BUS
145.02064,-37.7182,METRO BUS
145.16066,-37.83346,METRO BUS
145.15522,-37.83133,METRO BUS
145.15404,-37.82989,METRO BUS
145.15325,-37.82876,METRO BUS
145.15224,-37.82392,METRO BUS
145.15233,-37.82388,METRO BUS
145.15267,-37.82669,METRO BUS
145.15332,-37.82861,METRO BUS
145.15443,-37.83019,METRO BUS
145.0165,-37.7177,METRO BUS
145.14568,-37.83166,METRO BUS
145.14333,-37.83135,METRO BUS
145.14007,-37.83094,METRO BUS
145.137,-37.83058,METRO BUS
145.13346,-37.83013,METRO BUS
145.12964,-37.82925,METRO BUS
145.12991,-37.82784,METRO BUS
145.13024,-37.82622,METRO BUS
145.04969,-37.77163,METRO BUS
145.12991,-37.82513,METRO BUS
145.12721,-37.82452,METRO BUS
145.1275,-37.82322,METRO BUS
145.12768,-37.82221,METRO BUS
145.12802,-37.8209,METRO BUS
145.16067,-37.87371,METRO BUS
145.16331,-37.88893,METRO BUS
145.15989,-37.88848,METRO BUS
145.15509,-37.88797,METRO BUS
145.01099,-37.71702,METRO BUS
145.1515,-37.88754,METRO BUS
145.14905,-37.88725,METRO BUS
145.14511,-37.88675,METRO BUS
145.14195,-37.88639,METRO BUS
145.13893,-37.88606,METRO BUS
145.1355,-37.88573,METRO BUS
145.12649,-37.88465,METRO BUS
145.12429,-37.8844,METRO BUS
145.12201,-37.88413,METRO BUS
145.11988,-37.88387,METRO BUS
145.1176,-37.88365,METRO BUS
145.11543,-37.88339,METRO BUS
145.1124,-37.883,METRO BUS
145.1096,-37.88265,METRO BUS
145.15385,-37.87288,METRO BUS
145.15189,-37.87267,METRO BUS
145.14954,-37.87239,METRO BUS
145.00927,-37.71457,METRO BUS
145.07691,-37.88695,METRO BUS
145.07316,-37.88554,METRO BUS
145.07118,-37.94917,METRO BUS
145.06675,-37.94852,METRO BUS
145.06476,-37.94828,METRO BUS
145.12661,-37.82951,METRO BUS
145.12686,-37.83165,METRO BUS
145.1266,-37.83325,METRO BUS
145.12636,-37.83457,METRO BUS
145.12612,-37.83592,METRO BUS
145.1234,-37.83694,METRO BUS
145.12083,-37.83663,METRO BUS
145.20959,-37.94439,METRO BUS
145.14615,-37.91723,METRO BUS
145.12551,-38.12982,METRO BUS
145.12672,-38.12574,METRO BUS
145.12837,-38.12598,METRO BUS
145.13032,-38.12622,METRO BUS
145.01229,-37.7104,METRO BUS
145.13339,-38.12576,METRO BUS
145.1407,-38.11783,METRO BUS
145.14124,-38.11504,METRO BUS
145.1418,-38.11228,METRO BUS
145.14031,-38.10652,METRO BUS
145.14069,-38.10425,METRO BUS
145.14284,-38.10195,METRO BUS
145.14601,-38.10229,METRO BUS
145.0141,-37.70812,METRO BUS
145.14771,-38.10266,METRO BUS
145.14802,-38.10398,METRO BUS
145.14766,-38.10631,METRO BUS
145.15062,-38.10722,METRO BUS
145.15318,-38.10838,METRO BUS
145.22417,-37.88728,METRO BUS
145.15256,-38.11156,METRO BUS
145.15099,-38.11183,METRO BUS
145.14749,-38.1114,METRO BUS
145.12778,-38.12531,METRO BUS
145.01555,-37.70625,METRO BUS
145.12807,-38.12378,METRO BUS
145.12833,-38.12162,METRO BUS
145.12888,-38.11894,METRO BUS
145.12931,-38.11696,METRO BUS
145.13001,-38.11367,METRO BUS
145.13004,-38.11085,METRO BUS
145.12946,-38.10902,METRO BUS
145.12836,-38.10397,METRO BUS
145.12839,-38.09968,METRO BUS
145.12838,-38.096,METRO BUS
145.01655,-37.70493,METRO BUS
145.12836,-38.09348,METRO BUS
145.12833,-38.09101,METRO BUS
145.12788,-38.08873,METRO BUS
145.12738,-38.0849,METRO BUS
145.12767,-38.08295,METRO BUS
145.12598,-38.08188,METRO BUS
145.1779,-38.17903,METRO BUS
145.18638,-38.18004,METRO BUS
145.19099,-38.18056,METRO BUS
145.1968,-38.18129,METRO BUS
145.01781,-37.70242,METRO BUS
145.20443,-38.18225,METRO BUS
145.20801,-38.18353,METRO BUS
145.2227,-37.8869,METRO BUS
145.22941,-38.1861,METRO BUS
145.23807,-38.18774,METRO BUS
145.23665,-38.19529,METRO BUS
145.23586,-38.1995,METRO BUS
145.23297,-38.20277,METRO BUS
145.2248,-38.20179,METRO BUS
145.21431,-38.20053,METRO BUS
145.17795,-37.88068,METRO BUS
145.05237,-37.77195,METRO BUS
145.01905,-37.70083,METRO BUS
145.20313,-38.19974,METRO BUS
145.19334,-38.19945,METRO BUS
145.18235,-38.19917,METRO BUS
145.1767,-38.19839,METRO BUS
145.15763,-38.19541,METRO BUS
145.15432,-38.19486,METRO BUS
145.1497,-38.19407,METRO BUS
145.13917,-38.17167,METRO BUS
145.01983,-37.6992,METRO BUS
144.89201,-37.80527,METRO BUS
144.89157,-37.80658,METRO BUS
144.89032,-37.80685,METRO BUS
144.88997,-37.80882,METRO BUS
144.88967,-37.81037,METRO BUS
144.88926,-37.81293,METRO BUS
144.8863,-37.81308,METRO BUS
144.88448,-37.81288,METRO BUS
145.02098,-37.69766,METRO BUS
145.07226,-37.87983,METRO BUS
145.33502,-37.81271,METRO BUS
145.32854,-37.81493,METRO BUS
145.32223,-37.81661,METRO BUS
145.31591,-37.81823,METRO BUS
145.30526,-37.82117,METRO BUS
145.30051,-37.82245,METRO BUS
145.02204,-37.69642,METRO BUS
145.297,-37.82339,METRO BUS
145.29145,-37.82488,METRO BUS
145.28621,-37.82638,METRO BUS
145.27848,-37.82895,METRO BUS
145.27614,-37.82984,METRO BUS
145.27067,-37.83169,METRO BUS
145.26416,-37.83081,METRO BUS
144.84961,-37.82427,METRO BUS
145.02555,-37.6924,METRO BUS
145.32311,-37.81654,METRO BUS
145.32111,-37.81709,METRO BUS
145.31599,-37.81848,METRO BUS
145.30987,-37.82012,METRO BUS
145.3054,-37.82133,METRO BUS
145.3004,-37.82269,METRO BUS
145.29713,-37.82357,METRO BUS
145.29099,-37.82527,METRO BUS
145.28616,-37.82659,METRO BUS
145.02819,-37.68883,METRO BUS
145.27891,-37.82914,METRO BUS
145.27588,-37.83016,METRO BUS
145.27074,-37.8319,METRO BUS
145.26778,-37.83274,METRO BUS
145.26405,-37.83089,METRO BUS
145.26183,-37.8285,METRO BUS
145.25629,-37.82635,METRO BUS
145.25106,-37.82539,METRO BUS
145.24662,-37.82797,METRO BUS
145.23729,-37.83167,METRO BUS
145.02942,-37.68423,METRO BUS
145.2373,-37.82993,METRO BUS
145.23729,-37.82824,METRO BUS
145.23729,-37.82585,METRO BUS
145.15704,-38.13701,METRO BUS
145.15952,-38.13768,METRO BUS
145.15933,-38.13771,METRO BUS
145.1571,-38.13714,METRO BUS
145.15225,-38.13577,METRO BUS
145.1469,-38.13432,METRO BUS
145.03001,-37.68067,METRO BUS
145.14407,-38.13355,METRO BUS
145.14123,-38.13343,METRO BUS
145.13957,-38.13725,METRO BUS
145.13756,-38.14186,METRO BUS
145.13269,-38.14045,METRO BUS
145.13404,-38.13759,METRO BUS
145.13205,-38.13674,METRO BUS
145.13224,-38.13473,METRO BUS
145.13322,-38.13255,METRO BUS
145.13319,-38.13279,METRO BUS
145.03042,-37.67813,METRO BUS
145.13224,-38.13495,METRO BUS
145.13204,-38.13668,METRO BUS
145.13398,-38.13773,METRO BUS
145.1327,-38.14062,METRO BUS
145.13198,-38.14229,METRO BUS
145.18477,-38.29988,METRO BUS
145.368,-37.8578,METRO BUS
145.18989,-38.26103,METRO BUS
145.03077,-37.67608,METRO BUS
145.18988,-38.25677,METRO BUS
145.17237,-38.22324,METRO BUS
145.35892,-37.86312,METRO BUS
145.35502,-37.86156,METRO BUS
145.35336,-37.86344,METRO BUS
145.05553,-37.77231,METRO BUS
145.03147,-37.67187,METRO BUS
145.35168,-37.86852,METRO BUS
145.13142,-38.14261,METRO BUS
145.13479,-38.14351,METRO BUS
145.13791,-38.14457,METRO BUS
145.14071,-38.14585,METRO BUS
145.14309,-38.147,METRO BUS
145.14467,-38.14562,METRO BUS
145.14568,-38.1426,METRO BUS
145.14806,-38.14021,METRO BUS
145.15197,-38.13869,METRO BUS
145.0318,-37.66984,METRO BUS
145.15584,-38.14062,METRO BUS
145.15759,-38.14165,METRO BUS
145.15908,-38.14271,METRO BUS
145.16184,-38.14431,METRO BUS
145.16362,-38.14534,METRO BUS
145.16538,-38.1472,METRO BUS
145.1658,-38.14911,METRO BUS
145.15415,-38.13673,METRO BUS
145.15242,-38.1357,METRO BUS
145.14704,-38.13423,METRO BUS
145.03205,-37.66828,METRO BUS
145.14431,-38.13351,METRO BUS
145.14114,-38.13332,METRO BUS
145.14042,-38.13499,METRO BUS
145.13945,-38.13722,METRO BUS
145.13748,-38.14177,METRO BUS
145.17338,-38.29914,METRO BUS
145.17221,-38.29694,METRO BUS
145.17344,-38.29371,METRO BUS
145.03248,-37.66571,METRO BUS
145.17656,-38.29554,METRO BUS
145.18961,-38.25629,METRO BUS
145.18737,-38.23657,METRO BUS
145.1829,-38.23165,METRO BUS
145.17237,-38.22342,METRO BUS
145.16956,-38.22299,METRO BUS
145.21333,-37.96473,METRO BUS
145.21061,-37.96462,METRO BUS
145.2085,-37.96537,METRO BUS
145.0326,-37.66404,METRO BUS
145.20645,-37.96448,METRO BUS
145.20625,-37.96198,METRO BUS
145.2067,-37.95956,METRO BUS
145.20718,-37.95718,METRO BUS
145.20773,-37.95405,METRO BUS
144.56864,-37.6826,METRO BUS
145.19758,-37.92137,METRO BUS
145.1948,-37.92057,METRO BUS
145.19122,-37.91987,METRO BUS
145.18932,-37.91782,METRO BUS
145.03123,-37.66162,METRO BUS
145.19017,-37.91471,METRO BUS
145.1888,-37.91318,METRO BUS
145.18446,-37.91513,METRO BUS
145.18696,-37.91357,METRO BUS
145.18407,-37.9179,METRO BUS
145.18196,-37.9198,METRO BUS
145.18122,-37.92063,METRO BUS
145.0307,-37.65958,METRO BUS
145.03111,-37.65648,METRO BUS
145.03174,-37.6532,METRO BUS
145.02987,-37.6499,METRO BUS
145.05816,-37.77263,METRO BUS
145.03075,-37.64913,METRO BUS
145.0354,-37.64784,METRO BUS
145.03686,-37.64643,METRO BUS
145.04028,-37.646,METRO BUS
145.04372,-37.64633,METRO BUS
145.04614,-37.64657,METRO BUS
145.05013,-37.64704,METRO BUS
145.05131,-37.64602,METRO BUS
145.2703,-37.73888,METRO BUS
145.2687,-37.7437,METRO BUS
145.27033,-37.74869,METRO BUS
145.27216,-37.75319,METRO BUS
145.27292,-37.75701,METRO BUS
145.27198,-37.76277,METRO BUS
145.27181,-37.76672,METRO BUS
145.27355,-37.7689,METRO BUS
145.02512,-38.25574,METRO BUS
145.02244,-38.2587,METRO BUS
145.05172,-37.64384,METRO BUS
145.02039,-38.26037,METRO BUS
145.01847,-38.26192,METRO BUS
145.0127,-38.26757,METRO BUS
145.01897,-38.2697,METRO BUS
145.02452,-38.27191,METRO BUS
145.02165,-38.27414,METRO BUS
145.02161,-38.27656,METRO BUS
145.02135,-38.27951,METRO BUS
145.0207,-38.28154,METRO BUS
145.02004,-38.28468,METRO BUS
145.04849,-37.643,METRO BUS
145.03323,-38.22462,METRO BUS
145.06187,-37.77449,METRO BUS
145.04445,-37.64255,METRO BUS
145.03685,-38.2416,METRO BUS
145.04199,-37.6425,METRO BUS
145.31484,-37.98497,METRO BUS
145.11461,-37.81927,METRO BUS
145.07363,-38.20698,METRO BUS
145.06787,-38.21136,METRO BUS
145.06358,-38.21475,METRO BUS
145.05692,-38.2199,METRO BUS
145.06272,-38.22393,METRO BUS
145.06048,-38.22535,METRO BUS
145.05763,-38.22578,METRO BUS
145.05539,-38.22485,METRO BUS
145.05392,-38.22369,METRO BUS
145.0483,-38.22665,METRO BUS
145.04573,-38.22856,METRO BUS
145.0356,-38.21628,METRO BUS
145.03228,-38.2216,METRO BUS
145.03146,-38.22453,METRO BUS
145.02948,-38.22643,METRO BUS
145.02701,-38.22782,METRO BUS
145.02733,-38.23348,METRO BUS
145.02406,-37.6511,METRO BUS
145.02968,-38.24097,METRO BUS
145.02984,-38.24376,METRO BUS
145.02831,-38.2502,METRO BUS
145.02615,-38.25378,METRO BUS
145.0249,-38.25593,METRO BUS
145.3165,-38.00603,METRO BUS
145.02073,-38.25992,METRO BUS
145.01831,-38.26192,METRO BUS
145.01269,-38.26735,METRO BUS
145.01854,-38.26972,METRO BUS
145.02599,-37.6476,METRO BUS
145.02438,-38.27114,METRO BUS
145.02151,-38.27413,METRO BUS
145.0215,-38.27669,METRO BUS
145.02135,-38.27917,METRO BUS
145.02058,-38.28093,METRO BUS
145.07026,-37.88485,METRO BUS
145.06691,-37.88486,METRO BUS
145.06431,-37.88484,METRO BUS
145.06148,-37.88472,METRO BUS
145.05779,-37.88599,METRO BUS
145.02694,-37.64461,METRO BUS
145.05721,-37.88896,METRO BUS
145.0338,-37.88135,METRO BUS
145.03054,-37.88097,METRO BUS
145.02656,-37.88045,METRO BUS
145.02375,-37.88013,METRO BUS
145.0192,-37.87956,METRO BUS
145.01694,-37.87932,METRO BUS
145.01182,-37.87868,METRO BUS
145.00716,-37.8781,METRO BUS
145.00441,-37.87774,METRO BUS
145.03411,-37.64523,METRO BUS
145.00089,-37.87735,METRO BUS
144.99854,-37.87708,METRO BUS
144.99496,-37.8766,METRO BUS
144.99187,-37.87614,METRO BUS
144.98967,-37.87246,METRO BUS
144.98831,-37.87044,METRO BUS
144.98586,-37.8679,METRO BUS
144.98151,-37.86727,METRO BUS
144.97784,-37.86696,METRO BUS
145.14439,-37.87178,METRO BUS
145.03911,-37.64536,METRO BUS
145.14158,-37.87145,METRO BUS
145.13949,-37.8712,METRO BUS
145.13685,-37.87089,METRO BUS
145.12931,-37.87007,METRO BUS
145.12418,-37.8694,METRO BUS
145.12256,-37.86922,METRO BUS
145.11836,-37.86876,METRO BUS
145.11543,-37.86839,METRO BUS
145.11082,-37.868,METRO BUS
145.10741,-37.8675,METRO BUS
145.00307,-37.7285,METRO BUS
145.1054,-37.86731,METRO BUS
145.10283,-37.867,METRO BUS
145.10127,-37.86682,METRO BUS
145.09765,-37.8665,METRO BUS
145.09347,-37.86597,METRO BUS
145.0886,-37.86451,METRO BUS
145.08539,-37.86421,METRO BUS
145.08234,-37.86383,METRO BUS
145.08082,-37.86362,METRO BUS
145.0773,-37.86316,METRO BUS
145.00565,-37.72826,METRO BUS
145.07378,-37.86284,METRO BUS
145.07137,-37.86248,METRO BUS
145.06898,-37.86222,METRO BUS
145.06679,-37.86197,METRO BUS
145.1232,-38.14653,METRO BUS
145.06342,-37.776,METRO BUS
145.0063,-37.72691,METRO BUS
145.13452,-37.93989,METRO BUS
145.13807,-37.9616,METRO BUS
144.97407,-37.72618,METRO BUS
144.99064,-37.70723,METRO BUS
144.9926,-37.70736,METRO BUS
145.0105,-37.72739,METRO BUS
145.00176,-37.7082,METRO BUS
144.99725,-37.70789,METRO BUS
144.99443,-37.70766,METRO BUS
144.99061,-37.7073,METRO BUS
144.98684,-37.70699,METRO BUS
144.98404,-37.705,METRO BUS
144.98773,-37.70465,METRO BUS
144.98976,-37.70396,METRO BUS
144.99014,-37.69832,METRO BUS
145.01391,-37.72778,METRO BUS
144.97866,-37.69259,METRO BUS
144.97858,-37.69327,METRO BUS
144.98043,-37.69395,METRO BUS
144.98266,-37.69639,METRO BUS
144.98475,-37.69629,METRO BUS
144.99469,-37.69826,METRO BUS
144.99642,-37.70014,METRO BUS
144.9969,-37.70174,METRO BUS
144.99726,-37.70291,METRO BUS
144.99799,-37.70543,METRO BUS
144.99804,-37.70729,METRO BUS
145.00064,-37.70811,METRO BUS
145.01698,-37.72932,METRO BUS
145.19406,-38.10823,METRO BUS
145.00335,-37.70975,METRO BUS
145.00298,-37.71218,METRO BUS
145.19531,-38.11089,METRO BUS
145.0015,-37.90593,METRO BUS
144.99918,-37.90801,METRO BUS
144.99837,-37.91009,METRO BUS
145.00082,-37.91317,METRO BUS
144.99634,-37.91623,METRO BUS
144.98764,-37.79937,METRO BUS
145.19398,-38.11329,METRO BUS
144.99387,-37.92962,METRO BUS
144.99649,-37.93296,METRO BUS
144.99899,-37.93326,METRO BUS
145.00277,-37.93371,METRO BUS
145.00279,-37.93633,METRO BUS
145.00167,-37.94247,METRO BUS
145.03361,-37.98204,METRO BUS
145.03386,-37.98086,METRO BUS
145.11875,-38.15306,METRO BUS
145.03428,-37.97853,METRO BUS
145.03481,-37.9768,METRO BUS
145.03541,-37.97328,METRO BUS
145.03684,-37.97026,METRO BUS
145.19,-38.11281,METRO BUS
145.04359,-37.97107,METRO BUS
145.04642,-37.97144,METRO BUS
145.05177,-37.9721,METRO BUS
145.05355,-37.97232,METRO BUS
145.02508,-37.72663,METRO BUS
145.18704,-38.11244,METRO BUS
145.18358,-38.11135,METRO BUS
145.18226,-38.11266,METRO BUS
145.13299,-38.03108,METRO BUS
145.13463,-38.03399,METRO BUS
145.13576,-38.03605,METRO BUS
145.13839,-38.04098,METRO BUS
145.13894,-38.04938,METRO BUS
145.13683,-38.04913,METRO BUS
145.13499,-38.04774,METRO BUS
145.13284,-38.04663,METRO BUS
145.12739,-38.04718,METRO BUS
145.12137,-38.04872,METRO BUS
145.12541,-38.04785,METRO BUS
145.13624,-38.02221,METRO BUS
145.13962,-38.0156,METRO BUS
145.02796,-37.72821,METRO BUS
145.14099,-38.00858,METRO BUS
145.14221,-38.0024,METRO BUS
145.14283,-37.99938,METRO BUS
144.79412,-37.79394,METRO BUS
145.15627,-37.93048,METRO BUS
145.15653,-37.92879,METRO BUS
145.15723,-37.92458,METRO BUS
145.15833,-37.91944,METRO BUS
145.15906,-37.91589,METRO BUS
145.06391,-37.7779,METRO BUS
145.02977,-37.72842,METRO BUS
145.15954,-37.91308,METRO BUS
145.16004,-37.91021,METRO BUS
145.16584,-37.93372,METRO BUS
145.16624,-37.93144,METRO BUS
145.1666,-37.92955,METRO BUS
145.16715,-37.92681,METRO BUS
145.16677,-37.8736,METRO BUS
145.16741,-37.87084,METRO BUS
145.03192,-37.72859,METRO BUS
145.16788,-37.86847,METRO BUS
145.16851,-37.8651,METRO BUS
145.16921,-37.86291,METRO BUS
145.16869,-37.85789,METRO BUS
145.16963,-37.85196,METRO BUS
145.17072,-37.84526,METRO BUS
145.17131,-37.84163,METRO BUS
145.17201,-37.83742,METRO BUS
145.03443,-37.72911,METRO BUS
145.18143,-38.11502,METRO BUS
145.17279,-37.8338,METRO BUS
145.17323,-37.83145,METRO BUS
145.17377,-37.82897,METRO BUS
145.17417,-37.827,METRO BUS
145.17271,-38.11462,METRO BUS
145.16937,-38.11425,METRO BUS
145.15635,-38.11355,METRO BUS
145.0341,-37.73083,METRO BUS
145.15321,-38.11566,METRO BUS
145.14856,-38.11882,METRO BUS
144.79154,-37.79345,METRO BUS
145.14135,-38.11919,METRO BUS
145.13411,-38.1241,METRO BUS
145.26583,-37.92278,METRO BUS
145.26861,-37.92166,METRO BUS
145.03389,-37.73196,METRO BUS
145.26906,-37.91925,METRO BUS
145.26957,-37.9169,METRO BUS
145.26731,-37.91566,METRO BUS
145.26412,-37.9155,METRO BUS
145.26705,-37.91328,METRO BUS
145.34813,-37.86992,METRO BUS
145.25763,-37.87779,METRO BUS
145.34343,-37.87464,METRO BUS
145.35853,-37.87848,METRO BUS
145.03278,-37.73313,METRO BUS
145.36067,-37.88082,METRO BUS
145.36501,-37.88134,METRO BUS
145.36864,-37.88444,METRO BUS
145.34229,-37.88159,METRO BUS
145.33768,-37.88315,METRO BUS
145.34001,-37.88585,METRO BUS
145.33935,-37.88708,METRO BUS
145.33312,-37.88712,METRO BUS
145.32832,-37.88641,METRO BUS
145.32616,-37.89325,METRO BUS
145.03017,-37.73289,METRO BUS
145.55309,-37.95288,METRO BUS
145.16368,-38.22209,METRO BUS
145.158,-38.22121,METRO BUS
145.36844,-37.8584,METRO BUS
145.35893,-37.86323,METRO BUS
145.3544,-37.86178,METRO BUS
145.35332,-37.86332,METRO BUS
145.35081,-37.86826,METRO BUS
145.3477,-37.87008,METRO BUS
145.34651,-37.87092,METRO BUS
145.34404,-37.87272,METRO BUS
145.34289,-37.87512,METRO BUS
145.34355,-37.87542,METRO BUS
145.35854,-37.87872,METRO BUS
145.3595,-37.88051,METRO BUS
145.1023,-38.16378,METRO BUS
145.08973,-38.18779,METRO BUS
145.05626,-38.22094,METRO BUS
145.0527,-38.22371,METRO BUS
145.13006,-38.15066,METRO BUS
145.1375,-38.1661,METRO BUS
145.06517,-37.78754,METRO BUS
145.02671,-37.73595,METRO BUS
145.13948,-38.17449,METRO BUS
145.13961,-38.18039,METRO BUS
145.04382,-38.23052,METRO BUS
145.03985,-38.23354,METRO BUS
145.03787,-38.23506,METRO BUS
145.03598,-38.23742,METRO BUS
145.23576,-37.87578,METRO BUS
145.03743,-38.24623,METRO BUS
145.03656,-38.25156,METRO BUS
145.03614,-38.25477,METRO BUS
145.02305,-37.74168,METRO BUS
145.03546,-38.26078,METRO BUS
145.0334,-38.27316,METRO BUS
145.03098,-38.28548,METRO BUS
145.00809,-38.3027,METRO BUS
145.00164,-38.30453,METRO BUS
144.99734,-38.30477,METRO BUS
145.02249,-37.74386,METRO BUS
144.97199,-38.32929,METRO BUS
144.96909,-38.33072,METRO BUS
144.96663,-38.33188,METRO BUS
144.96417,-38.3331,METRO BUS
144.95948,-38.33539,METRO BUS
145.02206,-37.74634,METRO BUS
144.95582,-38.33711,METRO BUS
144.93821,-38.34408,METRO BUS
144.93378,-38.34625,METRO BUS
144.93197,-38.34697,METRO BUS
144.97981,-37.86705,METRO BUS
145.13281,-37.8854,METRO BUS
145.02178,-37.74786,METRO BUS
145.15258,-37.82679,METRO BUS
144.71754,-38.32472,METRO BUS
144.71709,-38.32706,METRO BUS
144.7167,-38.32896,METRO BUS
144.71663,-38.33139,METRO BUS
144.7219,-38.3326,METRO BUS
144.72657,-38.33361,METRO BUS
145.02123,-37.75142,METRO BUS
144.73212,-38.33478,METRO BUS
144.73502,-38.33723,METRO BUS
144.7369,-38.33981,METRO BUS
144.74002,-38.34043,METRO BUS
144.74039,-38.34292,METRO BUS
144.73958,-38.34543,METRO BUS
144.7425,-38.34755,METRO BUS
144.74436,-38.34582,METRO BUS
144.746,-38.3448,METRO BUS
144.74836,-38.34288,METRO BUS
144.75073,-38.34377,METRO BUS
144.75272,-38.34462,METRO BUS
144.75708,-38.34704,METRO BUS
144.75991,-38.34786,METRO BUS
144.76182,-38.3502,METRO BUS
144.7624,-38.35314,METRO BUS
144.76698,-38.35706,METRO BUS
144.77201,-38.35894,METRO BUS
144.77654,-38.36032,METRO BUS
145.02138,-37.75664,METRO BUS
144.78025,-38.36092,METRO BUS
144.78364,-38.36163,METRO BUS
144.78629,-38.36237,METRO BUS
144.78853,-38.36305,METRO BUS
144.79176,-38.36378,METRO BUS
144.79579,-38.36458,METRO BUS
144.80003,-38.36551,METRO BUS
144.8026,-38.36612,METRO BUS
144.80582,-38.36677,METRO BUS
145.02147,-37.75974,METRO BUS
144.81531,-38.36924,METRO BUS
144.82008,-38.36997,METRO BUS
144.82292,-38.37032,METRO BUS
144.8242,-38.37049,METRO BUS
144.82866,-38.37107,METRO BUS
144.83151,-38.37098,METRO BUS
144.83348,-38.37093,METRO BUS
144.83781,-38.37079,METRO BUS
144.84265,-38.37054,METRO BUS
144.84684,-38.36994,METRO BUS
145.02117,-37.76151,METRO BUS
144.85064,-38.36942,METRO BUS
144.85319,-38.36903,METRO BUS
144.85624,-38.36837,METRO BUS
144.85967,-38.36764,METRO BUS
144.86239,-38.36703,METRO BUS
144.86604,-38.36615,METRO BUS
144.86945,-38.36529,METRO BUS
144.87321,-38.36432,METRO BUS
144.87544,-38.36378,METRO BUS
144.88047,-38.36248,METRO BUS
145.06463,-37.79066,METRO BUS
145.0209,-37.76297,METRO BUS
144.88448,-38.36135,METRO BUS
144.88714,-38.36056,METRO BUS
144.89133,-38.35939,METRO BUS
144.89603,-38.35807,METRO BUS
144.89915,-38.35695,METRO BUS
144.90148,-38.35628,METRO BUS
145.13714,-37.88571,METRO BUS
145.07379,-37.8853,METRO BUS
145.00502,-37.87769,METRO BUS
144.98932,-37.8713,METRO BUS
145.02038,-37.76594,METRO BUS
145.11378,-37.82384,METRO BUS
145.11325,-37.82648,METRO BUS
145.11273,-37.82967,METRO BUS
145.1125,-37.83131,METRO BUS
145.11202,-37.83431,METRO BUS
145.12186,-37.84445,METRO BUS
145.12587,-37.8449,METRO BUS
145.1284,-37.84521,METRO BUS
145.02013,-37.76772,METRO BUS
145.13096,-37.84549,METRO BUS
145.13509,-37.84155,METRO BUS
145.13798,-37.84191,METRO BUS
145.14066,-37.84221,METRO BUS
145.14419,-37.84262,METRO BUS
145.14587,-37.84283,METRO BUS
145.1497,-37.84326,METRO BUS
145.15008,-37.8453,METRO BUS
145.14925,-37.84663,METRO BUS
145.14706,-37.84638,METRO BUS
145.01987,-37.76924,METRO BUS
145.03312,-38.22467,METRO BUS
145.03832,-38.23436,METRO BUS
145.03502,-38.23634,METRO BUS
145.03043,-38.23266,METRO BUS
145.04217,-38.25581,METRO BUS
145.01942,-37.77201,METRO BUS
145.04432,-38.2505,METRO BUS
145.04568,-38.24691,METRO BUS
145.04672,-38.24431,METRO BUS
145.04778,-38.24152,METRO BUS
145.04884,-38.23873,METRO BUS
145.05009,-38.23537,METRO BUS
145.01896,-37.77466,METRO BUS
145.2694,-37.78405,METRO BUS
145.27204,-37.78547,METRO BUS
145.27304,-37.78705,METRO BUS
145.27582,-37.78744,METRO BUS
145.27686,-37.79031,METRO BUS
145.27982,-37.79334,METRO BUS
145.31169,-37.78222,METRO BUS
145.31214,-37.78014,METRO BUS
145.01858,-37.77685,METRO BUS
145.31299,-37.77652,METRO BUS
145.30509,-37.76107,METRO BUS
144.99551,-37.66621,METRO BUS
145.29797,-37.75815,METRO BUS
145.29136,-37.75532,METRO BUS
145.29054,-37.75734,METRO BUS
145.01765,-37.77895,METRO BUS
145.14145,-38.18349,METRO BUS
145.13302,-38.16249,METRO BUS
145.13045,-38.15767,METRO BUS
145.13166,-38.15507,METRO BUS
145.2899,-37.76134,METRO BUS
145.28981,-37.76328,METRO BUS
145.28926,-37.76737,METRO BUS
145.28891,-37.7696,METRO BUS
145.01592,-37.77782,METRO BUS
145.28734,-37.77031,METRO BUS
145.287,-37.77216,METRO BUS
145.28639,-37.77476,METRO BUS
145.28506,-37.77626,METRO BUS
145.28488,-37.77738,METRO BUS
145.28425,-37.78026,METRO BUS
145.26639,-37.88627,METRO BUS
145.26264,-37.88871,METRO BUS
145.26053,-37.8899,METRO BUS
145.01625,-37.77625,METRO BUS
145.25715,-37.89225,METRO BUS
145.25484,-37.89324,METRO BUS
145.26064,-37.82748,METRO BUS
145.25662,-37.82636,METRO BUS
145.25106,-37.82517,METRO BUS
145.24719,-37.82678,METRO BUS
145.24533,-37.82905,METRO BUS
145.24014,-37.83228,METRO BUS
145.23778,-37.83228,METRO BUS
145.23743,-37.82996,METRO BUS
145.06435,-37.79222,METRO BUS
145.01513,-37.77591,METRO BUS
145.2374,-37.82818,METRO BUS
145.23741,-37.82678,METRO BUS
145.23755,-37.82153,METRO BUS
145.23759,-37.8193,METRO BUS
145.23766,-37.81699,METRO BUS
145.31704,-37.786,METRO BUS
145.32033,-37.78537,METRO BUS
145.32362,-37.78301,METRO BUS
145.3263,-37.77966,METRO BUS
145.01377,-37.77575,METRO BUS
145.33921,-37.77591,METRO BUS
145.34773,-37.77387,METRO BUS
145.35021,-37.77315,METRO BUS
145.35416,-37.77334,METRO BUS
145.35726,-37.77586,METRO BUS
145.35867,-37.77754,METRO BUS
145.34739,-37.76058,METRO BUS
145.01146,-37.7755,METRO BUS
145.32384,-38.06016,METRO BUS
145.31904,-38.06288,METRO BUS
145.31846,-38.06566,METRO BUS
145.31449,-38.06627,METRO BUS
145.31402,-38.06391,METRO BUS
145.00782,-37.77509,METRO BUS
145.31002,-38.0631,METRO BUS
145.30543,-38.06442,METRO BUS
145.30197,-38.06559,METRO BUS
145.29755,-38.06503,METRO BUS
145.29341,-38.0634,METRO BUS
145.29232,-38.06148,METRO BUS
145.2901,-38.05755,METRO BUS
145.28783,-38.05359,METRO BUS
145.00619,-37.7749,METRO BUS
145.28888,-38.05258,METRO BUS
145.29234,-38.05303,METRO BUS
145.29384,-38.05343,METRO BUS
145.29539,-38.05623,METRO BUS
145.2993,-38.05877,METRO BUS
145.30263,-38.04927,METRO BUS
145.30335,-38.04587,METRO BUS
145.3048,-38.03818,METRO BUS
145.30572,-38.03411,METRO BUS
145.0037,-37.7746,METRO BUS
145.30457,-38.03095,METRO BUS
145.29495,-38.01678,METRO BUS
145.29556,-38.01474,METRO BUS
145.29184,-38.01374,METRO BUS
145.29277,-38.00952,METRO BUS
145.29632,-38.00948,METRO BUS
145.29684,-38.00635,METRO BUS
145.30056,-38.00437,METRO BUS
145.30435,-38.00347,METRO BUS
145.30258,-38.0022,METRO BUS
145.2374,-37.82157,METRO BUS
145.23747,-37.81915,METRO BUS
145.23756,-37.81691,METRO BUS
145.31689,-37.78594,METRO BUS
145.32036,-37.7852,METRO BUS
145.3235,-37.78292,METRO BUS
145.32619,-37.77967,METRO BUS
145.34093,-37.77593,METRO BUS
145.34417,-37.77493,METRO BUS
145.34656,-37.77372,METRO BUS
145.35031,-37.77302,METRO BUS
145.35495,-37.7735,METRO BUS
145.35772,-37.77606,METRO BUS
145.35882,-37.77745,METRO BUS
145.35948,-37.77807,METRO BUS
145.32311,-38.06067,METRO BUS
145.34686,-37.76558,METRO BUS
145.31914,-38.06302,METRO BUS
145.31803,-38.06653,METRO BUS
145.31441,-38.06617,METRO BUS
145.27131,-37.91298,METRO BUS
145.28089,-37.90573,METRO BUS
145.28961,-37.9005,METRO BUS
145.29433,-37.89929,METRO BUS
145.29291,-37.8948,METRO BUS
145.29293,-37.89347,METRO BUS
145.29445,-37.89073,METRO BUS
145.2947,-37.88903,METRO BUS
145.29443,-37.88735,METRO BUS
145.29863,-37.88058,METRO BUS
145.29902,-37.87832,METRO BUS
145.29936,-37.87643,METRO BUS
145.29841,-37.87311,METRO BUS
145.29722,-37.87183,METRO BUS
145.29477,-37.87209,METRO BUS
145.29224,-37.8736,METRO BUS
145.29011,-37.87206,METRO BUS
145.28762,-37.86798,METRO BUS
145.2871,-37.86638,METRO BUS
144.98458,-37.79905,METRO BUS
145.28824,-37.86165,METRO BUS
145.28569,-37.85906,METRO BUS
145.28586,-37.85685,METRO BUS
145.28602,-37.85402,METRO BUS
145.28601,-37.85217,METRO BUS
145.28629,-37.84771,METRO BUS
145.28649,-37.84486,METRO BUS
145.28661,-37.84287,METRO BUS
145.28677,-37.84021,METRO BUS
145.19811,-37.82202,METRO BUS
145.19655,-37.82323,METRO BUS
145.01832,-37.90673,METRO BUS
145.02164,-37.90981,METRO BUS
145.02366,-37.91027,METRO BUS
145.02517,-37.9094,METRO BUS
145.02872,-37.90982,METRO BUS
145.03032,-37.91005,METRO BUS
145.03141,-37.9102,METRO BUS
145.03332,-37.91044,METRO BUS
145.04343,-37.91168,METRO BUS
145.04552,-37.91198,METRO BUS
145.04922,-37.91243,METRO BUS
145.05173,-37.91272,METRO BUS
145.05237,-37.91146,METRO BUS
145.05263,-37.91002,METRO BUS
145.05303,-37.90771,METRO BUS
145.05392,-37.90537,METRO BUS
145.0543,-37.90345,METRO BUS
144.9931,-37.80041,METRO BUS
145.05471,-37.9013,METRO BUS
145.05502,-37.89973,METRO BUS
145.05538,-37.89786,METRO BUS
145.05565,-37.89629,METRO BUS
145.05597,-37.89464,METRO BUS
145.05649,-37.89197,METRO BUS
145.08411,-37.89912,METRO BUS
145.08212,-37.9005,METRO BUS
145.08006,-37.89994,METRO BUS
145.17861,-37.82278,METRO BUS
145.13342,-37.80456,METRO BUS
145.17845,-37.82429,METRO BUS
145.17792,-37.82553,METRO BUS
145.17441,-37.82734,METRO BUS
145.1739,-37.8299,METRO BUS
145.17333,-37.83289,METRO BUS
145.16994,-37.83451,METRO BUS
145.17267,-37.83558,METRO BUS
145.17202,-37.83885,METRO BUS
145.07654,-37.89869,METRO BUS
145.13373,-37.803,METRO BUS
145.07247,-37.89808,METRO BUS
145.06898,-37.89764,METRO BUS
145.06734,-37.89746,METRO BUS
145.06537,-37.89721,METRO BUS
145.06476,-37.8962,METRO BUS
145.06197,-37.89587,METRO BUS
145.0594,-37.89556,METRO BUS
145.05627,-37.89518,METRO BUS
145.19843,-37.82407,METRO BUS
145.19956,-37.82567,METRO BUS
145.13426,-37.80226,METRO BUS
145.20083,-37.82557,METRO BUS
145.20067,-37.82744,METRO BUS
145.20059,-37.82867,METRO BUS
145.08744,-37.90054,METRO BUS
145.05432,-37.90173,METRO BUS
145.05132,-37.90137,METRO BUS
145.04942,-37.90112,METRO BUS
145.04659,-37.9008,METRO BUS
145.03493,-37.90282,METRO BUS
145.138,-37.80283,METRO BUS
145.03535,-37.90055,METRO BUS
145.0349,-37.89866,METRO BUS
145.03132,-37.89788,METRO BUS
145.03154,-37.89674,METRO BUS
145.02985,-37.8964,METRO BUS
145.02786,-37.89615,METRO BUS
145.02666,-37.89585,METRO BUS
145.02449,-37.89557,METRO BUS
145.02289,-37.89531,METRO BUS
145.02065,-37.895,METRO BUS
145.14213,-37.80331,METRO BUS
145.02024,-37.89457,METRO BUS
145.01624,-37.89403,METRO BUS
145.20234,-37.82929,METRO BUS
145.04491,-37.90058,METRO BUS
145.20328,-37.82963,METRO BUS
145.20528,-37.82978,METRO BUS
145.20803,-37.82977,METRO BUS
145.20873,-37.83078,METRO BUS
145.20872,-37.83258,METRO BUS
145.14471,-37.80359,METRO BUS
145.26185,-38.10301,METRO BUS
145.04161,-37.91961,METRO BUS
145.04128,-37.92143,METRO BUS
145.04066,-37.92457,METRO BUS
145.14832,-37.7148,METRO BUS
145.0635,-37.79633,METRO BUS
145.14729,-37.80388,METRO BUS
145.04256,-37.92645,METRO BUS
145.04526,-37.92678,METRO BUS
145.04726,-37.92704,METRO BUS
145.04922,-37.92729,METRO BUS
145.04975,-37.92868,METRO BUS
145.05145,-37.92888,METRO BUS
145.05529,-37.92936,METRO BUS
145.05698,-37.92958,METRO BUS
145.0578,-37.93053,METRO BUS
145.15087,-37.80429,METRO BUS
145.05963,-37.93077,METRO BUS
145.06136,-37.931,METRO BUS
145.0629,-37.93145,METRO BUS
145.0654,-37.93178,METRO BUS
145.06616,-37.93078,METRO BUS
144.9967,-37.70154,METRO BUS
145.25001,-37.89511,METRO BUS
145.2452,-37.89749,METRO BUS
145.24101,-37.89798,METRO BUS
145.15303,-37.80474,METRO BUS
145.23208,-37.89928,METRO BUS
145.22709,-37.89926,METRO BUS
145.22458,-37.89929,METRO BUS
145.219,-37.90114,METRO BUS
145.21055,-37.90589,METRO BUS
145.20222,-37.90836,METRO BUS
145.19547,-37.90762,METRO BUS
145.18797,-37.90682,METRO BUS
145.18363,-37.90623,METRO BUS
145.15248,-37.80781,METRO BUS
145.17916,-37.90568,METRO BUS
145.1764,-37.90526,METRO BUS
145.17355,-37.90491,METRO BUS
145.16045,-37.90352,METRO BUS
145.1566,-37.90306,METRO BUS
145.1498,-37.90226,METRO BUS
145.14368,-37.90141,METRO BUS
145.14193,-37.9012,METRO BUS
145.15271,-37.81052,METRO BUS
145.13891,-37.90087,METRO BUS
145.13407,-37.90038,METRO BUS
145.13288,-37.90022,METRO BUS
145.12866,-37.89974,METRO BUS
145.12395,-37.89918,METRO BUS
145.12158,-37.89882,METRO BUS
145.11837,-37.89847,METRO BUS
145.11438,-37.89802,METRO BUS
145.11015,-37.89747,METRO BUS
145.10688,-37.89714,METRO BUS
145.15602,-37.81088,METRO BUS
145.10561,-37.89701,METRO BUS
145.10269,-37.89665,METRO BUS
145.09961,-37.8963,METRO BUS
145.09594,-37.89523,METRO BUS
145.0932,-37.89511,METRO BUS
145.04148,-37.91961,METRO BUS
145.04107,-37.92163,METRO BUS
145.0406,-37.92435,METRO BUS
145.04288,-37.92657,METRO BUS
144.92988,-38.34793,METRO BUS
144.92447,-38.35035,METRO BUS
144.91852,-38.35212,METRO BUS
144.91377,-38.35343,METRO BUS
144.90679,-38.35515,METRO BUS
144.90316,-38.35607,METRO BUS
144.90048,-38.3571,METRO BUS
144.89851,-38.35759,METRO BUS
144.89596,-38.35833,METRO BUS
144.8904,-38.35987,METRO BUS
144.88464,-38.36147,METRO BUS
144.88077,-38.36248,METRO BUS
144.87822,-38.36316,METRO BUS
144.87288,-38.36452,METRO BUS
144.86881,-38.36551,METRO BUS
144.86577,-38.3663,METRO BUS
144.86209,-38.3672,METRO BUS
145.16445,-37.80744,METRO BUS
144.85971,-38.36773,METRO BUS
144.85577,-38.36853,METRO BUS
144.85333,-38.36918,METRO BUS
144.85109,-38.36944,METRO BUS
144.84712,-38.36995,METRO BUS
144.84266,-38.37056,METRO BUS
144.83766,-38.37094,METRO BUS
144.83326,-38.37109,METRO BUS
144.83019,-38.37113,METRO BUS
144.82751,-38.3711,METRO BUS
145.16394,-37.81024,METRO BUS
144.82409,-38.37065,METRO BUS
144.82166,-38.37044,METRO BUS
144.81881,-38.36999,METRO BUS
144.81494,-38.36928,METRO BUS
144.80829,-38.36734,METRO BUS
144.80544,-38.36683,METRO BUS
144.80214,-38.36611,METRO BUS
144.7999,-38.3656,METRO BUS
144.79516,-38.36455,METRO BUS
144.79063,-38.36365,METRO BUS
145.06326,-37.79732,METRO BUS
144.7883,-38.36309,METRO BUS
144.78574,-38.36232,METRO BUS
144.7833,-38.36156,METRO BUS
144.78025,-38.3611,METRO BUS
144.77641,-38.36042,METRO BUS
144.77136,-38.35884,METRO BUS
144.7667,-38.35708,METRO BUS
144.76223,-38.35315,METRO BUS
144.76164,-38.34998,METRO BUS
144.75973,-38.34797,METRO BUS
145.21746,-37.98514,METRO BUS
144.75633,-38.34668,METRO BUS
144.75245,-38.34462,METRO BUS
144.74944,-38.34332,METRO BUS
144.74838,-38.34301,METRO BUS
144.74601,-38.34491,METRO BUS
144.74442,-38.34593,METRO BUS
144.74276,-38.34744,METRO BUS
144.73953,-38.34565,METRO BUS
144.74017,-38.34298,METRO BUS
145.22174,-37.98564,METRO BUS
144.73957,-38.3399,METRO BUS
144.7368,-38.34013,METRO BUS
144.73486,-38.33723,METRO BUS
144.73204,-38.33488,METRO BUS
144.72624,-38.33375,METRO BUS
144.72191,-38.33274,METRO BUS
144.71646,-38.33159,METRO BUS
144.71665,-38.3285,METRO BUS
144.71697,-38.32706,METRO BUS
144.71752,-38.32444,METRO BUS
145.22477,-37.986,METRO BUS
144.71813,-38.32103,METRO BUS
144.71298,-38.32002,METRO BUS
144.70948,-38.31966,METRO BUS
145.14353,-38.18635,METRO BUS
145.14794,-38.19352,METRO BUS
145.15073,-38.19812,METRO BUS
145.15797,-38.20862,METRO BUS
145.15735,-38.22099,METRO BUS
145.22951,-37.98655,METRO BUS
145.16391,-38.22197,METRO BUS
145.17016,-38.22291,METRO BUS
145.1817,-38.23145,METRO BUS
145.17469,-38.23147,METRO BUS
145.17251,-38.23778,METRO BUS
145.17077,-38.24477,METRO BUS
145.17018,-38.26128,METRO BUS
145.18359,-38.26125,METRO BUS
145.18898,-38.26125,METRO BUS
145.18961,-38.28763,METRO BUS
145.23182,-37.98681,METRO BUS
145.18995,-38.29621,METRO BUS
145.19015,-38.29996,METRO BUS
145.19052,-38.30356,METRO BUS
145.19217,-38.30718,METRO BUS
145.18694,-38.30779,METRO BUS
145.18377,-38.30906,METRO BUS
145.18375,-38.31352,METRO BUS
145.18306,-38.32227,METRO BUS
145.17617,-38.33892,METRO BUS
145.17959,-38.33873,METRO BUS
145.23871,-37.98757,METRO BUS
145.18793,-38.33944,METRO BUS
145.19115,-38.34637,METRO BUS
145.19398,-38.35225,METRO BUS
145.19012,-38.35359,METRO BUS
145.16628,-38.35439,METRO BUS
145.17887,-38.39099,METRO BUS
145.17583,-38.39465,METRO BUS
145.17174,-38.39431,METRO BUS
144.90672,-38.35486,METRO BUS
145.23981,-37.98538,METRO BUS
144.90959,-38.35408,METRO BUS
144.91289,-38.35317,METRO BUS
144.91851,-38.35192,METRO BUS
144.92399,-38.35037,METRO BUS
144.929,-38.34817,METRO BUS
144.9316,-38.34711,METRO BUS
144.93403,-38.34597,METRO BUS
144.93799,-38.34412,METRO BUS
144.94673,-38.3407,METRO BUS
145.24034,-37.98236,METRO BUS
144.94999,-38.33918,METRO BUS
144.95609,-38.3368,METRO BUS
144.95955,-38.33522,METRO BUS
144.96476,-38.33266,METRO BUS
144.96641,-38.33187,METRO BUS
144.96983,-38.33026,METRO BUS
144.97317,-38.32855,METRO BUS
145.24078,-37.9802,METRO BUS
144.99759,-38.3046,METRO BUS
145.00163,-38.3044,METRO BUS
145.00814,-38.30256,METRO BUS
145.03099,-38.28513,METRO BUS
145.06278,-37.79989,METRO BUS
145.24155,-37.9764,METRO BUS
145.03331,-38.27286,METRO BUS
145.03536,-38.26107,METRO BUS
145.03587,-38.25463,METRO BUS
145.03626,-38.25148,METRO BUS
145.03703,-38.24655,METRO BUS
145.03652,-38.24158,METRO BUS
145.03619,-38.23626,METRO BUS
145.04372,-38.22788,METRO BUS
145.24191,-37.97466,METRO BUS
145.04247,-38.22594,METRO BUS
145.04071,-38.2232,METRO BUS
145.04113,-38.2235,METRO BUS
145.04256,-38.22579,METRO BUS
145.04377,-38.2277,METRO BUS
145.05346,-38.22259,METRO BUS
145.24252,-37.97117,METRO BUS
145.10199,-38.16389,METRO BUS
145.24302,-37.96865,METRO BUS
145.01956,-38.47093,METRO BUS
145.02067,-38.46521,METRO BUS
145.04679,-38.42649,METRO BUS
145.05143,-38.41564,METRO BUS
145.08734,-38.39092,METRO BUS
145.24398,-37.96699,METRO BUS
145.14491,-38.37608,METRO BUS
145.14663,-38.38878,METRO BUS
145.1474,-38.39133,METRO BUS
145.15297,-38.39172,METRO BUS
145.15869,-38.39302,METRO BUS
145.16161,-38.39391,METRO BUS
145.16434,-38.39376,METRO BUS
145.17242,-38.39427,METRO BUS
145.17611,-38.39458,METRO BUS
145.24873,-37.96721,METRO BUS
145.17885,-38.39072,METRO BUS
145.16616,-38.35436,METRO BUS
145.19029,-38.35347,METRO BUS
145.19554,-38.35594,METRO BUS
145.20154,-38.36408,METRO BUS
145.19599,-38.35682,METRO BUS
145.19402,-38.35294,METRO BUS
145.19111,-38.34645,METRO BUS
145.18786,-38.33944,METRO BUS
145.17962,-38.33878,METRO BUS
145.25389,-37.96762,METRO BUS
145.17677,-38.33784,METRO BUS
145.18299,-38.32162,METRO BUS
145.18357,-38.31345,METRO BUS
145.18684,-38.30766,METRO BUS
145.19209,-38.30704,METRO BUS
145.19043,-38.30356,METRO BUS
145.18971,-38.30011,METRO BUS
145.04564,-37.9269,METRO BUS
145.25776,-37.96848,METRO BUS
145.0473,-37.92711,METRO BUS
145.04914,-37.92736,METRO BUS
145.04958,-37.92875,METRO BUS
145.05144,-37.92897,METRO BUS
145.05502,-37.92942,METRO BUS
145.0571,-37.92988,METRO BUS
145.05772,-37.93059,METRO BUS
145.05958,-37.93084,METRO BUS
145.06142,-37.93108,METRO BUS
145.26127,-37.96862,METRO BUS
145.06322,-37.93156,METRO BUS
145.06539,-37.93185,METRO BUS
145.06962,-37.93273,METRO BUS
145.06618,-37.93125,METRO BUS
145.06709,-37.92644,METRO BUS
145.06759,-37.92389,METRO BUS
145.07814,-37.90819,METRO BUS
145.07875,-37.90519,METRO BUS
145.07832,-37.90297,METRO BUS
145.07917,-37.89985,METRO BUS
145.08673,-37.89975,METRO BUS
145.00779,-37.90889,METRO BUS
145.00703,-37.91321,METRO BUS
145.04375,-37.88692,METRO BUS
145.04643,-37.88723,METRO BUS
145.04873,-37.88754,METRO BUS
145.2629,-37.96464,METRO BUS
145.04282,-37.85045,METRO BUS
145.0504,-37.88776,METRO BUS
145.05283,-37.88804,METRO BUS
145.05523,-37.88859,METRO BUS
145.00688,-37.91412,METRO BUS
145.0929,-37.87272,METRO BUS
145.26576,-37.96298,METRO BUS
145.09715,-37.87327,METRO BUS
145.09882,-37.87311,METRO BUS
145.10066,-37.87502,METRO BUS
145.26952,-37.96246,METRO BUS
145.11987,-38.14825,METRO BUS
145.12377,-38.14937,METRO BUS
145.12619,-38.1505,METRO BUS
145.12497,-38.15328,METRO BUS
145.12414,-38.15515,METRO BUS
145.12334,-38.15706,METRO BUS
145.12214,-38.15973,METRO BUS
145.12157,-38.16117,METRO BUS
145.12302,-38.16215,METRO BUS
145.12537,-38.16363,METRO BUS
145.12533,-38.1651,METRO BUS
145.122,-38.16887,METRO BUS
145.12089,-38.1713,METRO BUS
145.24046,-37.91883,METRO BUS
145.21178,-37.94031,METRO BUS
145.1206,-38.1736,METRO BUS
145.12068,-38.17757,METRO BUS
145.12073,-38.17972,METRO BUS
145.12072,-38.18214,METRO BUS
145.11732,-38.18404,METRO BUS
145.11777,-38.18594,METRO BUS
145.2447,-37.91506,METRO BUS
145.12002,-38.18882,METRO BUS
145.12186,-38.19119,METRO BUS
145.12448,-38.19343,METRO BUS
145.21513,-37.94073,METRO BUS
145.12786,-38.19181,METRO BUS
145.13234,-38.18932,METRO BUS
145.13462,-38.18616,METRO BUS
145.13526,-38.18353,METRO BUS
145.13747,-38.18098,METRO BUS
145.13907,-38.17997,METRO BUS
144.58337,-37.67761,METRO BUS
144.58389,-37.67494,METRO BUS
144.58255,-37.67456,METRO BUS
144.57984,-37.67423,METRO BUS
145.2191,-37.94228,METRO BUS
144.57579,-37.67374,METRO BUS
144.5727,-37.67336,METRO BUS
144.57026,-37.67438,METRO BUS
144.5697,-37.67739,METRO BUS
144.5678,-37.67774,METRO BUS
144.56458,-37.67701,METRO BUS
144.55961,-37.67584,METRO BUS
144.55607,-37.67533,METRO BUS
144.55519,-37.67692,METRO BUS
144.55745,-37.67695,METRO BUS
145.21877,-37.94505,METRO BUS
144.56243,-37.68208,METRO BUS
144.56151,-37.67818,METRO BUS
144.56079,-37.68409,METRO BUS
144.56784,-37.68703,METRO BUS
144.56639,-37.69471,METRO BUS
144.56602,-37.6965,METRO BUS
144.56564,-37.69872,METRO BUS
144.56509,-37.7011,METRO BUS
144.56738,-37.70843,METRO BUS
144.5716,-37.70893,METRO BUS
145.21733,-37.94629,METRO BUS
145.31563,-37.76157,METRO BUS
145.31464,-37.76665,METRO BUS
145.31446,-37.76846,METRO BUS
145.31359,-37.77294,METRO BUS
145.311,-37.77353,METRO BUS
145.30741,-37.77307,METRO BUS
145.30256,-37.7724,METRO BUS
145.29972,-37.77199,METRO BUS
145.29725,-37.77171,METRO BUS
145.29564,-37.77148,METRO BUS
145.21639,-37.94836,METRO BUS
145.29462,-37.7753,METRO BUS
145.29417,-37.77752,METRO BUS
145.29407,-37.77866,METRO BUS
145.29318,-37.78278,METRO BUS
145.29258,-37.7861,METRO BUS
145.29212,-37.78857,METRO BUS
145.29151,-37.7917,METRO BUS
145.29094,-37.79424,METRO BUS
145.22001,-37.9501,METRO BUS
145.27868,-37.79946,METRO BUS
145.27381,-37.80215,METRO BUS
145.27236,-37.80496,METRO BUS
145.27088,-37.80798,METRO BUS
145.26962,-37.81138,METRO BUS
145.26942,-37.8148,METRO BUS
144.58356,-37.67744,METRO BUS
145.22241,-37.95182,METRO BUS
144.58402,-37.67503,METRO BUS
144.58256,-37.67435,METRO BUS
144.58044,-37.67409,METRO BUS
144.5764,-37.67352,METRO BUS
144.57298,-37.6731,METRO BUS
144.5699,-37.67438,METRO BUS
144.56864,-37.67768,METRO BUS
144.56465,-37.67693,METRO BUS
144.55977,-37.67576,METRO BUS
144.55596,-37.6752,METRO BUS
145.22301,-37.95466,METRO BUS
144.5538,-37.67592,METRO BUS
144.55783,-37.67713,METRO BUS
144.56147,-37.67834,METRO BUS
144.56236,-37.68192,METRO BUS
144.56058,-37.68417,METRO BUS
144.56623,-37.69357,METRO BUS
144.5657,-37.69629,METRO BUS
144.56546,-37.69812,METRO BUS
144.5648,-37.70094,METRO BUS
144.56914,-37.70868,METRO BUS
145.22426,-37.95538,METRO BUS
144.57159,-37.70902,METRO BUS
145.31518,-37.76259,METRO BUS
145.31468,-37.76544,METRO BUS
145.31422,-37.76823,METRO BUS
145.225,-37.96324,METRO BUS
145.31359,-37.77168,METRO BUS
145.31085,-37.77343,METRO BUS
145.30781,-37.77301,METRO BUS
145.30261,-37.77231,METRO BUS
145.29962,-37.77184,METRO BUS
145.29594,-37.77145,METRO BUS
145.29439,-37.77553,METRO BUS
145.29402,-37.77754,METRO BUS
145.29379,-37.77873,METRO BUS
145.29308,-37.78276,METRO BUS
145.22457,-37.96537,METRO BUS
145.29243,-37.78616,METRO BUS
145.29195,-37.78859,METRO BUS
145.29139,-37.79143,METRO BUS
145.29078,-37.79471,METRO BUS
145.28048,-37.79828,METRO BUS
145.27891,-37.79921,METRO BUS
145.2737,-37.80187,METRO BUS
145.22405,-37.96809,METRO BUS
145.27219,-37.80485,METRO BUS
145.31391,-38.06388,METRO BUS
145.30998,-38.06323,METRO BUS
145.30725,-38.06401,METRO BUS
145.30537,-38.06456,METRO BUS
145.30117,-38.06557,METRO BUS
145.29793,-38.0652,METRO BUS
145.29401,-38.06403,METRO BUS
145.29222,-38.06162,METRO BUS
145.28947,-38.05673,METRO BUS
145.2235,-37.97166,METRO BUS
145.28759,-38.05344,METRO BUS
145.28882,-38.05248,METRO BUS
145.29442,-38.05397,METRO BUS
145.29578,-38.05642,METRO BUS
145.29666,-38.05774,METRO BUS
145.29889,-38.05861,METRO BUS
145.30188,-38.05065,METRO BUS
145.30299,-38.04598,METRO BUS
145.22289,-37.97487,METRO BUS
145.30449,-38.03844,METRO BUS
145.3053,-38.03432,METRO BUS
145.29498,-38.01667,METRO BUS
145.29575,-38.01497,METRO BUS
145.2919,-38.01384,METRO BUS
145.29301,-38.00945,METRO BUS
145.2962,-38.00939,METRO BUS
145.29673,-38.00626,METRO BUS
145.30167,-38.00408,METRO BUS
145.30416,-38.00371,METRO BUS
145.22276,-37.97774,METRO BUS
145.3028,-38.00232,METRO BUS
145.29831,-38.00188,METRO BUS
145.29905,-37.99858,METRO BUS
145.29938,-37.99658,METRO BUS
145.30522,-37.99573,METRO BUS
145.31197,-37.99648,METRO BUS
145.31381,-37.9967,METRO BUS
145.31996,-37.999,METRO BUS
145.01121,-37.80345,METRO BUS
145.22638,-37.97815,METRO BUS
145.32273,-38.00438,METRO BUS
145.3222,-38.00703,METRO BUS
145.32256,-38.00994,METRO BUS
145.32337,-38.01358,METRO BUS
145.28968,-37.80087,METRO BUS
145.32342,-38.01799,METRO BUS
145.32252,-38.02053,METRO BUS
145.32202,-38.02284,METRO BUS
145.31491,-37.98676,METRO BUS
145.22658,-37.98053,METRO BUS
145.31304,-37.99597,METRO BUS
145.31221,-38.00002,METRO BUS
145.3119,-38.00164,METRO BUS
145.31219,-38.0021,METRO BUS
145.31665,-38.00591,METRO BUS
145.31592,-38.00947,METRO BUS
145.31455,-38.01208,METRO BUS
145.31218,-38.01509,METRO BUS
145.31052,-38.01427,METRO BUS
145.22593,-37.98381,METRO BUS
145.30901,-38.03191,METRO BUS
145.31276,-38.03246,METRO BUS
145.31642,-38.03332,METRO BUS
145.31983,-38.03476,METRO BUS
145.32257,-38.03752,METRO BUS
145.31888,-38.0394,METRO BUS
145.3135,-38.03939,METRO BUS
145.30979,-38.03869,METRO BUS
145.22561,-37.98559,METRO BUS
145.30542,-38.03886,METRO BUS
145.30176,-38.05265,METRO BUS
145.30033,-38.05965,METRO BUS
145.31579,-38.00952,METRO BUS
145.31446,-38.01201,METRO BUS
145.31251,-38.01457,METRO BUS
145.31032,-38.01409,METRO BUS
145.30484,-38.03114,METRO BUS
145.26129,-37.9786,METRO BUS
145.30917,-38.03206,METRO BUS
145.31363,-38.03338,METRO BUS
145.31641,-38.03343,METRO BUS
145.31991,-38.03487,METRO BUS
145.32235,-38.03782,METRO BUS
145.31895,-38.03926,METRO BUS
145.31325,-38.03924,METRO BUS
145.30967,-38.03854,METRO BUS
145.30529,-38.03873,METRO BUS
145.26577,-37.97925,METRO BUS
145.30144,-38.05285,METRO BUS
145.29997,-38.05947,METRO BUS
145.29933,-38.06242,METRO BUS
145.29892,-38.06446,METRO BUS
145.29623,-38.07967,METRO BUS
145.28768,-38.08361,METRO BUS
145.28356,-38.08311,METRO BUS
145.27724,-38.08213,METRO BUS
145.28063,-38.09205,METRO BUS
145.1636,-38.39366,METRO BUS
145.16152,-38.39397,METRO BUS
145.15868,-38.3931,METRO BUS
145.15293,-38.39179,METRO BUS
145.14739,-38.39141,METRO BUS
145.1466,-38.38849,METRO BUS
145.14496,-38.37613,METRO BUS
145.12659,-38.37401,METRO BUS
145.06507,-38.40706,METRO BUS
145.05133,-38.41575,METRO BUS
145.04656,-38.42675,METRO BUS
145.02078,-38.46521,METRO BUS
145.01978,-38.47104,METRO BUS
145.35409,-37.91446,METRO BUS
145.34907,-37.91451,METRO BUS
145.34553,-37.91443,METRO BUS
145.347,-37.9135,METRO BUS
145.34772,-37.91187,METRO BUS
145.3443,-37.91285,METRO BUS
145.34355,-37.91066,METRO BUS
145.34411,-37.90617,METRO BUS
145.34515,-37.90318,METRO BUS
145.34592,-37.90094,METRO BUS
145.3466,-37.89915,METRO BUS
145.34455,-37.89806,METRO BUS
144.88631,-38.36098,METRO BUS
145.1521,-37.81004,METRO BUS
145.17678,-38.2999,METRO BUS
145.17446,-38.29956,METRO BUS
145.1766,-38.29993,METRO BUS
145.18513,-38.29983,METRO BUS
145.19031,-38.29983,METRO BUS
145.18995,-38.29577,METRO BUS
145.1896,-38.28797,METRO BUS
145.1896,-38.2616,METRO BUS
145.05649,-37.8098,METRO BUS
145.16468,-37.81186,METRO BUS
145.18311,-38.26133,METRO BUS
145.16902,-38.26137,METRO BUS
145.1684,-38.25383,METRO BUS
145.17054,-38.2452,METRO BUS
145.17237,-38.23773,METRO BUS
145.1747,-38.23133,METRO BUS
145.18169,-38.23135,METRO BUS
145.16722,-37.81214,METRO BUS
145.15773,-38.20477,METRO BUS
145.15009,-38.19748,METRO BUS
145.14776,-38.19359,METRO BUS
145.14326,-38.18635,METRO BUS
144.93311,-37.70687,METRO BUS
145.13907,-38.17463,METRO BUS
145.13878,-38.17168,METRO BUS
145.17058,-37.8125,METRO BUS
144.90345,-38.35578,METRO BUS
144.87793,-38.36321,METRO BUS
145.45671,-38.06235,METRO BUS
145.06637,-37.92971,METRO BUS
145.06699,-37.92654,METRO BUS
145.06748,-37.92391,METRO BUS
145.17349,-37.81286,METRO BUS
145.07022,-37.92252,METRO BUS
145.07802,-37.90839,METRO BUS
145.07872,-37.9049,METRO BUS
145.07822,-37.90304,METRO BUS
145.07898,-37.89992,METRO BUS
145.08502,-37.90044,METRO BUS
145.05527,-37.8003,METRO BUS
145.05492,-37.80202,METRO BUS
145.05458,-37.80376,METRO BUS
144.9244,-37.77002,METRO BUS
145.05432,-37.80519,METRO BUS
145.0536,-37.80928,METRO BUS
145.0523,-37.80961,METRO BUS
145.05141,-37.81298,METRO BUS
145.04844,-37.81259,METRO BUS
145.04681,-37.8137,METRO BUS
145.04597,-37.81728,METRO BUS
145.04542,-37.82032,METRO BUS
145.17968,-37.81189,METRO BUS
145.04444,-37.82538,METRO BUS
145.044,-37.82761,METRO BUS
145.0436,-37.83001,METRO BUS
145.04329,-37.83171,METRO BUS
145.04291,-37.83355,METRO BUS
145.0425,-37.83581,METRO BUS
145.04241,-37.83788,METRO BUS
145.04604,-37.83922,METRO BUS
145.1841,-37.80976,METRO BUS
145.0453,-37.84331,METRO BUS
145.0448,-37.84588,METRO BUS
145.0426,-37.85066,METRO BUS
145.04199,-37.85345,METRO BUS
145.04157,-37.8559,METRO BUS
145.17158,-37.84158,METRO BUS
145.17105,-37.84518,METRO BUS
145.17071,-37.84767,METRO BUS
145.17002,-37.85163,METRO BUS
144.92402,-37.77242,METRO BUS
145.16964,-37.85401,METRO BUS
145.16918,-37.85419,METRO BUS
145.16901,-37.85917,METRO BUS
145.16877,-37.86122,METRO BUS
145.16868,-37.86547,METRO BUS
145.16814,-37.86846,METRO BUS
145.16002,-37.91184,METRO BUS
145.15924,-37.91639,METRO BUS
145.18971,-37.80706,METRO BUS
145.15856,-37.92037,METRO BUS
145.15747,-37.9249,METRO BUS
145.15649,-37.93134,METRO BUS
145.14481,-37.99145,METRO BUS
144.58594,-37.68483,METRO BUS
144.58357,-37.68621,METRO BUS
145.14321,-37.99924,METRO BUS
144.58186,-37.68931,METRO BUS
144.92379,-37.77386,METRO BUS
145.14128,-38.00917,METRO BUS
145.13988,-38.01649,METRO BUS
145.13631,-38.02261,METRO BUS
145.12964,-38.0292,METRO BUS
144.57766,-37.68968,METRO BUS
145.11723,-38.03402,METRO BUS
145.11598,-38.03312,METRO BUS
145.11375,-38.03386,METRO BUS
145.11038,-38.03499,METRO BUS
145.0161,-37.80559,METRO BUS
145.20036,-37.8121,METRO BUS
145.11428,-38.03673,METRO BUS
145.11525,-38.03713,METRO BUS
145.1164,-38.03912,METRO BUS
145.11785,-38.04157,METRO BUS
145.11792,-38.04324,METRO BUS
145.11905,-38.04406,METRO BUS
145.12215,-38.04439,METRO BUS
145.12181,-38.04687,METRO BUS
145.11896,-38.04776,METRO BUS
145.20434,-37.81194,METRO BUS
145.04106,-37.85847,METRO BUS
145.2057,-37.81044,METRO BUS
145.20912,-37.81137,METRO BUS
145.21104,-37.81261,METRO BUS
145.21784,-37.80942,METRO BUS
145.21719,-37.8073,METRO BUS
144.95171,-37.29495,METRO BUS
144.95209,-37.29571,METRO BUS
145.2148,-37.80526,METRO BUS
145.02712,-37.69313,METRO BUS
145.02169,-37.69589,METRO BUS
145.0445,-37.69536,METRO BUS
145.04753,-37.69639,METRO BUS
145.21507,-37.80373,METRO BUS
145.10692,-37.88221,METRO BUS
145.10897,-37.88307,METRO BUS
145.10185,-37.87611,METRO BUS
145.12028,-38.1495,METRO BUS
145.12172,-38.14705,METRO BUS
145.12014,-38.14948,METRO BUS
145.11937,-38.1513,METRO BUS
145.11877,-38.15269,METRO BUS
145.11784,-38.15482,METRO BUS
145.11696,-38.15682,METRO BUS
145.11585,-38.15948,METRO BUS
145.11527,-38.16081,METRO BUS
145.11452,-38.16243,METRO BUS
145.11311,-38.16274,METRO BUS
145.11262,-38.16421,METRO BUS
145.11211,-38.16621,METRO BUS
145.10917,-38.16765,METRO BUS
145.31067,-37.75774,METRO BUS
145.14214,-38.16579,METRO BUS
145.14052,-38.16456,METRO BUS
145.01945,-37.80661,METRO BUS
145.21975,-37.80126,METRO BUS
145.13818,-38.16306,METRO BUS
145.13769,-38.16056,METRO BUS
145.13714,-38.15867,METRO BUS
145.13778,-38.15826,METRO BUS
145.14037,-38.15894,METRO BUS
145.14716,-38.16078,METRO BUS
145.15127,-38.16003,METRO BUS
145.15357,-38.16084,METRO BUS
145.15537,-38.1622,METRO BUS
145.15723,-38.1636,METRO BUS
145.22376,-37.80197,METRO BUS
145.15673,-38.16494,METRO BUS
145.15744,-38.16654,METRO BUS
145.15751,-38.16798,METRO BUS
145.15689,-38.17076,METRO BUS
145.36161,-37.88122,METRO BUS
145.36882,-37.88479,METRO BUS
145.34218,-37.88159,METRO BUS
145.33691,-37.88726,METRO BUS
144.92333,-37.77662,METRO BUS
145.32801,-37.88635,METRO BUS
145.32572,-37.89296,METRO BUS
145.5515,-37.95558,METRO BUS
145.549,-37.95228,METRO BUS
145.54379,-37.95147,METRO BUS
145.54093,-37.95119,METRO BUS
145.53732,-37.94822,METRO BUS
145.53289,-37.94649,METRO BUS
145.50525,-37.94619,METRO BUS
145.49877,-37.94069,METRO BUS
145.49593,-37.93855,METRO BUS
145.49265,-37.93587,METRO BUS
145.49244,-37.92877,METRO BUS
145.47315,-37.92323,METRO BUS
145.46998,-37.92153,METRO BUS
145.46592,-37.92147,METRO BUS
145.45664,-37.9258,METRO BUS
145.4457,-37.92769,METRO BUS
145.22601,-37.80521,METRO BUS
145.44037,-37.93202,METRO BUS
145.43543,-37.9308,METRO BUS
145.43193,-37.93059,METRO BUS
145.4238,-37.92919,METRO BUS
145.41893,-37.92535,METRO BUS
145.40668,-37.92058,METRO BUS
145.4039,-37.91886,METRO BUS
145.39464,-37.91118,METRO BUS
145.38788,-37.91128,METRO BUS
145.22727,-37.80601,METRO BUS
145.37725,-37.90988,METRO BUS
145.37325,-37.91488,METRO BUS
145.3684,-37.91255,METRO BUS
145.35999,-37.91284,METRO BUS
145.35617,-37.91254,METRO BUS
145.35392,-37.91704,METRO BUS
145.35646,-37.9218,METRO BUS
145.35249,-37.92178,METRO BUS
145.35261,-37.92481,METRO BUS
145.35394,-37.92657,METRO BUS
145.35558,-37.92726,METRO BUS
145.35861,-37.93024,METRO BUS
145.35865,-37.93144,METRO BUS
145.35701,-37.93254,METRO BUS
145.35263,-37.93297,METRO BUS
145.3498,-37.93305,METRO BUS
145.34841,-37.95431,METRO BUS
145.17675,-37.81268,METRO BUS
145.17497,-37.80833,METRO BUS
145.2531,-37.90913,METRO BUS
145.1713,-37.80788,METRO BUS
145.01647,-37.66932,METRO BUS
145.16818,-37.80751,METRO BUS
144.92269,-37.78034,METRO BUS
144.92259,-37.78121,METRO BUS
145.25235,-37.93288,METRO BUS
144.92226,-37.78266,METRO BUS
145.54378,-37.95162,METRO BUS
145.54081,-37.95121,METRO BUS
145.53741,-37.94847,METRO BUS
145.53303,-37.94664,METRO BUS
145.50551,-37.94644,METRO BUS
145.49882,-37.94087,METRO BUS
145.49589,-37.93862,METRO BUS
145.49298,-37.93596,METRO BUS
144.92191,-37.78504,METRO BUS
145.49223,-37.92894,METRO BUS
145.47229,-37.92259,METRO BUS
145.46911,-37.92173,METRO BUS
145.46611,-37.92155,METRO BUS
145.45574,-37.92665,METRO BUS
145.44508,-37.92902,METRO BUS
145.44133,-37.93211,METRO BUS
145.43778,-37.93219,METRO BUS
145.43567,-37.93112,METRO BUS
144.92157,-37.78684,METRO BUS
145.4321,-37.93081,METRO BUS
145.42413,-37.92934,METRO BUS
145.41861,-37.92503,METRO BUS
145.25759,-37.87987,METRO BUS
145.40384,-37.91917,METRO BUS
145.4065,-37.92051,METRO BUS
145.38799,-37.91137,METRO BUS
145.37761,-37.91038,METRO BUS
145.37228,-37.91493,METRO BUS
145.36824,-37.91205,METRO BUS
144.92239,-37.78954,METRO BUS
145.36356,-37.90919,METRO BUS
145.36171,-37.91313,METRO BUS
145.41254,-37.93357,METRO BUS
145.37111,-37.9602,METRO BUS
145.35615,-37.91296,METRO BUS
145.35406,-37.9169,METRO BUS
145.35234,-37.91831,METRO BUS
144.919,-37.79181,METRO BUS
145.35398,-37.92006,METRO BUS
145.35657,-37.92105,METRO BUS
145.35258,-37.92188,METRO BUS
145.35267,-37.92531,METRO BUS
145.35357,-37.92632,METRO BUS
145.35566,-37.92717,METRO BUS
145.3589,-37.93029,METRO BUS
145.35834,-37.93199,METRO BUS
145.35682,-37.93262,METRO BUS
144.91008,-37.79568,METRO BUS
145.3528,-37.93305,METRO BUS
145.34969,-37.93316,METRO BUS
145.06738,-37.63152,METRO BUS
145.06606,-37.63462,METRO BUS
145.06712,-37.63757,METRO BUS
145.06951,-37.8794,METRO BUS
145.07157,-37.65773,METRO BUS
145.07587,-37.65722,METRO BUS
145.08086,-37.65703,METRO BUS
145.12088,-37.98372,METRO BUS
145.02261,-37.80666,METRO BUS
144.90613,-37.79511,METRO BUS
145.08319,-37.66014,METRO BUS
145.07986,-37.66293,METRO BUS
145.07696,-37.66528,METRO BUS
145.07768,-37.66786,METRO BUS
145.07358,-37.67072,METRO BUS
145.96787,-38.17035,METRO BUS
145.05996,-37.67066,METRO BUS
145.0587,-37.67498,METRO BUS
145.05418,-37.67818,METRO BUS
145.05333,-37.68049,METRO BUS
144.9041,-37.79655,METRO BUS
145.05776,-37.68319,METRO BUS
145.05998,-37.68482,METRO BUS
145.06447,-37.68424,METRO BUS
144.90376,-37.79852,METRO BUS
144.59798,-37.68617,METRO BUS
144.99054,-37.92778,METRO BUS
145.25765,-37.88246,METRO BUS
145.25765,-37.88519,METRO BUS
145.25768,-37.88683,METRO BUS
145.25774,-37.88909,METRO BUS
145.25766,-37.89072,METRO BUS
145.26353,-37.88895,METRO BUS
145.26548,-37.89169,METRO BUS
145.26494,-37.89315,METRO BUS
145.26282,-37.89491,METRO BUS
145.26029,-37.8967,METRO BUS
145.26325,-37.89773,METRO BUS
145.2656,-37.89688,METRO BUS
145.26764,-37.89551,METRO BUS
145.26846,-37.89358,METRO BUS
145.2706,-37.89199,METRO BUS
145.27238,-37.89082,METRO BUS
145.27462,-37.88935,METRO BUS
145.2762,-37.88654,METRO BUS
144.99423,-37.92767,METRO BUS
145.27563,-37.88363,METRO BUS
145.27781,-37.88164,METRO BUS
145.27796,-37.8793,METRO BUS
145.28103,-37.87953,METRO BUS
145.28397,-37.8798,METRO BUS
145.28472,-37.87705,METRO BUS
145.28489,-37.87436,METRO BUS
145.18293,-38.23152,METRO BUS
145.18707,-38.23593,METRO BUS
144.89658,-37.8038,METRO BUS
144.89422,-37.8035,METRO BUS
144.87096,-37.81017,METRO BUS
144.86453,-37.81236,METRO BUS
144.84964,-37.81814,METRO BUS
144.84849,-37.82345,METRO BUS
144.84802,-37.83193,METRO BUS
144.84778,-37.83334,METRO BUS
144.84751,-37.83493,METRO BUS
144.84682,-37.83876,METRO BUS
144.84518,-37.8484,METRO BUS
144.8448,-37.85075,METRO BUS
144.84231,-37.85932,METRO BUS
144.84041,-37.8626,METRO BUS
144.99299,-37.91869,METRO BUS
144.83889,-37.86588,METRO BUS
144.8386,-37.86759,METRO BUS
144.83752,-37.86904,METRO BUS
144.83492,-37.86876,METRO BUS
144.83273,-37.86853,METRO BUS
144.82739,-37.86798,METRO BUS
144.82315,-37.86765,METRO BUS
144.82122,-37.86829,METRO BUS
144.81825,-37.86914,METRO BUS
144.81595,-37.86963,METRO BUS
144.81403,-37.87001,METRO BUS
144.8116,-37.87063,METRO BUS
144.81293,-37.87247,METRO BUS
144.80335,-37.87625,METRO BUS
144.7967,-37.87548,METRO BUS
144.78718,-37.87357,METRO BUS
144.78567,-37.87794,METRO BUS
144.78615,-37.87439,METRO BUS
144.7854,-37.88067,METRO BUS
145.29961,-38.06311,METRO BUS
144.99196,-37.91105,METRO BUS
145.29901,-38.06621,METRO BUS
145.29652,-38.08032,METRO BUS
145.29268,-38.08446,METRO BUS
145.28753,-38.08389,METRO BUS
145.27904,-38.08769,METRO BUS
145.28255,-38.09565,METRO BUS
144.99223,-37.90964,METRO BUS
145.28217,-38.10443,METRO BUS
144.89469,-37.8037,METRO BUS
144.87969,-37.80578,METRO BUS
144.87553,-37.80799,METRO BUS
144.85904,-37.81418,METRO BUS
144.85236,-37.81589,METRO BUS
144.85008,-37.81732,METRO BUS
144.84967,-37.81917,METRO BUS
144.84887,-37.82285,METRO BUS
144.84912,-37.82687,METRO BUS
144.84811,-37.83286,METRO BUS
144.84765,-37.8356,METRO BUS
144.84727,-37.83808,METRO BUS
144.84541,-37.84898,METRO BUS
144.84503,-37.85102,METRO BUS
144.84254,-37.85945,METRO BUS
144.84013,-37.86356,METRO BUS
144.83905,-37.86594,METRO BUS
144.99328,-37.9041,METRO BUS
144.83874,-37.86771,METRO BUS
144.83768,-37.86917,METRO BUS
144.83485,-37.86888,METRO BUS
144.83261,-37.86865,METRO BUS
144.82717,-37.86809,METRO BUS
144.82375,-37.86773,METRO BUS
144.82094,-37.86853,METRO BUS
144.81819,-37.86928,METRO BUS
144.81602,-37.86975,METRO BUS
145.26931,-37.81659,METRO BUS
145.26926,-37.8178,METRO BUS
145.26903,-37.82128,METRO BUS
145.26885,-37.82547,METRO BUS
145.26923,-37.83098,METRO BUS
145.27056,-37.83431,METRO BUS
145.26915,-37.83956,METRO BUS
145.26635,-37.84278,METRO BUS
145.26087,-37.84206,METRO BUS
145.25652,-37.8426,METRO BUS
145.25035,-37.84337,METRO BUS
145.24828,-37.84423,METRO BUS
145.24608,-37.84823,METRO BUS
145.22121,-37.98318,METRO BUS
145.22162,-37.98103,METRO BUS
144.60209,-37.68915,METRO BUS
145.22202,-37.97887,METRO BUS
145.23054,-37.94207,METRO BUS
145.23167,-37.93628,METRO BUS
145.23214,-37.93372,METRO BUS
145.23286,-37.93008,METRO BUS
145.23412,-37.92338,METRO BUS
145.23515,-37.91818,METRO BUS
145.23614,-37.91305,METRO BUS
145.23647,-37.91137,METRO BUS
144.75305,-37.75369,METRO BUS
145.23729,-37.90718,METRO BUS
145.23651,-37.90361,METRO BUS
145.23363,-37.89989,METRO BUS
145.23317,-37.89811,METRO BUS
145.23306,-37.89597,METRO BUS
145.23306,-37.89244,METRO BUS
145.23308,-37.88874,METRO BUS
145.23314,-37.88628,METRO BUS
145.23312,-37.88283,METRO BUS
144.75536,-37.75675,METRO BUS
145.23311,-37.87761,METRO BUS
145.23308,-37.87374,METRO BUS
145.27085,-37.80748,METRO BUS
145.26941,-37.81101,METRO BUS
145.26921,-37.81434,METRO BUS
145.26918,-37.81641,METRO BUS
145.26907,-37.81785,METRO BUS
145.26885,-37.82082,METRO BUS
145.26878,-37.82258,METRO BUS
145.03923,-37.73709,METRO BUS
144.75544,-37.7592,METRO BUS
145.26862,-37.82521,METRO BUS
145.26894,-37.83105,METRO BUS
145.27284,-37.8339,METRO BUS
145.27159,-37.83436,METRO BUS
145.27023,-37.83429,METRO BUS
145.27116,-37.8377,METRO BUS
145.26804,-37.83985,METRO BUS
144.75567,-37.76235,METRO BUS
145.27121,-37.84439,METRO BUS
145.27284,-37.84609,METRO BUS
145.27432,-37.84684,METRO BUS
145.27813,-37.8473,METRO BUS
145.27893,-37.84445,METRO BUS
145.2793,-37.84242,METRO BUS
145.27989,-37.83932,METRO BUS
145.27517,-37.83845,METRO BUS
145.26149,-37.8417,METRO BUS
144.75851,-37.76385,METRO BUS
145.25556,-37.84241,METRO BUS
145.25119,-37.84298,METRO BUS
145.22344,-37.88548,METRO BUS
145.246,-37.84799,METRO BUS
145.22079,-37.98458,METRO BUS
145.22143,-37.98112,METRO BUS
145.22195,-37.97838,METRO BUS
145.22264,-37.97474,METRO BUS
144.76407,-37.7664,METRO BUS
145.2306,-37.94003,METRO BUS
145.23122,-37.93701,METRO BUS
144.77173,-37.76961,METRO BUS
144.77445,-37.77009,METRO BUS
144.77857,-37.7706,METRO BUS
144.78049,-37.77084,METRO BUS
144.78873,-37.77098,METRO BUS
145.02533,-37.80698,METRO BUS
144.80042,-37.77196,METRO BUS
144.80478,-37.77398,METRO BUS
144.80976,-37.77458,METRO BUS
145.15569,-38.17298,METRO BUS
145.15481,-38.17435,METRO BUS
145.15303,-38.17553,METRO BUS
144.81441,-37.77517,METRO BUS
145.14929,-38.17392,METRO BUS
145.12923,-38.16077,METRO BUS
145.13127,-38.15628,METRO BUS
145.13234,-38.15384,METRO BUS
145.29606,-37.75598,METRO BUS
145.28276,-37.74501,METRO BUS
145.30324,-38.02696,METRO BUS
145.2821,-37.73905,METRO BUS
145.28276,-37.73488,METRO BUS
145.27165,-37.73592,METRO BUS
145.35251,-37.90967,METRO BUS
145.27046,-37.73885,METRO BUS
145.26885,-37.74373,METRO BUS
145.27044,-37.74885,METRO BUS
145.27256,-37.75377,METRO BUS
145.27338,-37.75891,METRO BUS
145.27208,-37.76281,METRO BUS
145.27195,-37.76635,METRO BUS
145.27391,-37.76885,METRO BUS
145.26949,-37.78399,METRO BUS
145.27237,-37.7858,METRO BUS
145.27313,-37.78703,METRO BUS
145.27603,-37.78754,METRO BUS
145.27675,-37.78975,METRO BUS
145.28079,-37.79402,METRO BUS
145.34704,-37.90724,METRO BUS
145.31148,-37.78222,METRO BUS
145.31198,-37.77996,METRO BUS
145.31279,-37.77573,METRO BUS
145.31245,-37.76163,METRO BUS
145.30536,-37.76092,METRO BUS
145.2981,-37.75815,METRO BUS
145.28982,-37.76098,METRO BUS
145.28961,-37.7631,METRO BUS
145.28953,-37.76511,METRO BUS
145.28906,-37.76728,METRO BUS
145.28877,-37.76905,METRO BUS
145.03861,-37.73925,METRO BUS
145.28722,-37.77021,METRO BUS
145.28678,-37.77215,METRO BUS
145.28623,-37.77484,METRO BUS
145.28505,-37.77608,METRO BUS
145.28473,-37.77731,METRO BUS
145.28422,-37.78028,METRO BUS
145.29606,-37.75719,METRO BUS
145.34299,-37.90633,METRO BUS
145.3367,-37.90484,METRO BUS
145.29199,-37.88788,METRO BUS
145.06721,-37.63138,METRO BUS
145.27543,-37.88311,METRO BUS
145.26661,-37.88597,METRO BUS
145.26323,-37.88826,METRO BUS
145.26035,-37.89023,METRO BUS
145.25718,-37.89205,METRO BUS
145.25419,-37.89321,METRO BUS
145.25076,-37.89457,METRO BUS
145.24537,-37.89721,METRO BUS
145.2411,-37.89781,METRO BUS
145.23394,-37.89891,METRO BUS
145.2318,-37.89906,METRO BUS
145.22707,-37.89907,METRO BUS
145.22346,-37.89901,METRO BUS
144.81399,-37.87013,METRO BUS
144.81255,-37.87042,METRO BUS
144.8135,-37.87299,METRO BUS
144.81093,-37.87533,METRO BUS
144.79651,-37.87562,METRO BUS
144.78609,-37.87678,METRO BUS
144.78571,-37.88035,METRO BUS
144.78541,-37.88422,METRO BUS
144.78401,-37.88779,METRO BUS
144.77824,-37.88885,METRO BUS
144.77557,-37.88566,METRO BUS
144.77595,-37.88242,METRO BUS
144.7763,-37.88022,METRO BUS
144.77668,-37.87726,METRO BUS
144.77723,-37.87296,METRO BUS
144.85631,-37.83263,METRO BUS
144.85605,-37.83414,METRO BUS
144.85582,-37.83544,METRO BUS
144.8555,-37.8373,METRO BUS
144.85523,-37.83886,METRO BUS
144.85488,-37.84096,METRO BUS
144.85352,-37.84235,METRO BUS
144.85149,-37.84342,METRO BUS
144.8496,-37.8444,METRO BUS
144.84762,-37.84543,METRO BUS
144.78491,-37.88338,METRO BUS
144.78571,-37.88598,METRO BUS
144.7839,-37.88766,METRO BUS
144.77811,-37.88864,METRO BUS
144.77577,-37.88536,METRO BUS
144.77608,-37.88344,METRO BUS
144.77651,-37.88021,METRO BUS
144.77691,-37.87729,METRO BUS
144.77737,-37.87351,METRO BUS
145.21337,-37.96461,METRO BUS
144.85622,-37.83225,METRO BUS
144.85588,-37.83411,METRO BUS
144.85569,-37.83528,METRO BUS
144.85538,-37.83708,METRO BUS
144.85509,-37.83874,METRO BUS
144.85482,-37.84056,METRO BUS
144.85334,-37.84229,METRO BUS
145.21048,-37.96461,METRO BUS
144.85141,-37.8433,METRO BUS
144.84936,-37.84437,METRO BUS
145.2087,-37.96549,METRO BUS
145.02789,-37.80715,METRO BUS
145.20691,-37.96451,METRO BUS
145.32277,-37.91833,METRO BUS
145.20637,-37.96211,METRO BUS
145.33282,-37.89983,METRO BUS
145.33973,-37.8991,METRO BUS
145.34012,-37.89672,METRO BUS
145.34203,-37.89743,METRO BUS
145.34421,-37.8979,METRO BUS
145.20683,-37.95961,METRO BUS
145.34525,-37.90327,METRO BUS
145.34436,-37.90571,METRO BUS
145.34385,-37.91064,METRO BUS
145.34508,-37.91273,METRO BUS
145.34827,-37.91167,METRO BUS
145.34569,-37.91429,METRO BUS
145.35448,-37.91436,METRO BUS
145.20721,-37.95758,METRO BUS
145.34935,-37.91433,METRO BUS
145.36043,-37.76762,METRO BUS
145.36197,-37.76983,METRO BUS
145.36323,-37.77413,METRO BUS
145.36407,-37.78048,METRO BUS
145.36208,-37.78536,METRO BUS
145.36148,-37.78879,METRO BUS
145.36084,-37.79235,METRO BUS
145.20788,-37.95402,METRO BUS
145.33072,-37.90182,METRO BUS
145.36201,-37.79714,METRO BUS
145.36548,-37.79696,METRO BUS
145.37157,-37.797,METRO BUS
145.37549,-37.79274,METRO BUS
145.37905,-37.78712,METRO BUS
145.38688,-37.78857,METRO BUS
145.3883,-37.79042,METRO BUS
145.39002,-37.79635,METRO BUS
145.39308,-37.79794,METRO BUS
145.39725,-37.80089,METRO BUS
145.40557,-37.80893,METRO BUS
145.40695,-37.81432,METRO BUS
145.40955,-37.81928,METRO BUS
145.41124,-37.81996,METRO BUS
145.41789,-37.82369,METRO BUS
145.42278,-37.82737,METRO BUS
145.42857,-37.8319,METRO BUS
145.4258,-37.84096,METRO BUS
145.42395,-37.8449,METRO BUS
145.42366,-37.85087,METRO BUS
145.41893,-37.85493,METRO BUS
145.41601,-37.85827,METRO BUS
145.41517,-37.86162,METRO BUS
145.40849,-37.86916,METRO BUS
145.40657,-37.87297,METRO BUS
145.40657,-37.87696,METRO BUS
145.40007,-37.8771,METRO BUS
145.39662,-37.87922,METRO BUS
145.39597,-37.88246,METRO BUS
145.39221,-37.88573,METRO BUS
145.39124,-37.88995,METRO BUS
145.39097,-37.89188,METRO BUS
145.37807,-37.8866,METRO BUS
145.37021,-37.88506,METRO BUS
145.35692,-37.90167,METRO BUS
145.36553,-37.76698,METRO BUS
145.37987,-37.77085,METRO BUS
145.38178,-37.78465,METRO BUS
145.34521,-38.0498,METRO BUS
145.07946,-37.88066,METRO BUS
145.3485,-38.05176,METRO BUS
145.35273,-38.05228,METRO BUS
145.3557,-38.05401,METRO BUS
145.35803,-38.05562,METRO BUS
145.36437,-38.0581,METRO BUS
145.36567,-38.05945,METRO BUS
145.36086,-38.05913,METRO BUS
145.35904,-38.05752,METRO BUS
145.35543,-38.05699,METRO BUS
145.11788,-37.77595,METRO BUS
145.35277,-38.05661,METRO BUS
145.35002,-38.05503,METRO BUS
145.34735,-38.05463,METRO BUS
145.34711,-38.05103,METRO BUS
145.34459,-38.0499,METRO BUS
145.34165,-38.04946,METRO BUS
145.30955,-38.01172,METRO BUS
145.31086,-38.00523,METRO BUS
145.31155,-38.00176,METRO BUS
145.31385,-37.99091,METRO BUS
145.27813,-37.98173,METRO BUS
145.27532,-37.98448,METRO BUS
145.27153,-37.98348,METRO BUS
145.26684,-37.98416,METRO BUS
145.01127,-37.95264,METRO BUS
145.01351,-37.95289,METRO BUS
145.01604,-37.95319,METRO BUS
145.01809,-37.95345,METRO BUS
145.02019,-37.95367,METRO BUS
145.02276,-37.95396,METRO BUS
145.02597,-37.95434,METRO BUS
145.02903,-37.9547,METRO BUS
145.03185,-37.95501,METRO BUS
145.03506,-37.95539,METRO BUS
145.03714,-37.95564,METRO BUS
145.04121,-37.95607,METRO BUS
145.04341,-37.95676,METRO BUS
145.04298,-37.95899,METRO BUS
145.04272,-37.96051,METRO BUS
145.1553,-38.39259,METRO BUS
145.34188,-37.89732,METRO BUS
145.34011,-37.89679,METRO BUS
145.33985,-37.89903,METRO BUS
145.33789,-37.90021,METRO BUS
145.33562,-37.90075,METRO BUS
145.33277,-37.89987,METRO BUS
145.33073,-37.90185,METRO BUS
145.33198,-37.90366,METRO BUS
145.20375,-37.92952,METRO BUS
145.33613,-37.9054,METRO BUS
145.32965,-37.9084,METRO BUS
145.32785,-37.91071,METRO BUS
145.3246,-37.91253,METRO BUS
145.31934,-37.91075,METRO BUS
145.32335,-37.91077,METRO BUS
145.32394,-37.90924,METRO BUS
145.3253,-37.90923,METRO BUS
145.32763,-37.91858,METRO BUS
145.33116,-37.9186,METRO BUS
145.33471,-37.91728,METRO BUS
145.3368,-37.91516,METRO BUS
145.33875,-37.91287,METRO BUS
145.33957,-37.90857,METRO BUS
145.2247,-37.88488,METRO BUS
145.37044,-37.88466,METRO BUS
145.37823,-37.88645,METRO BUS
145.38614,-37.8861,METRO BUS
145.39047,-37.8919,METRO BUS
145.39115,-37.88986,METRO BUS
145.39197,-37.88574,METRO BUS
145.3957,-37.88251,METRO BUS
145.39641,-37.87925,METRO BUS
145.39929,-37.87721,METRO BUS
145.40625,-37.87681,METRO BUS
145.40851,-37.87569,METRO BUS
145.19926,-37.92257,METRO BUS
145.40857,-37.86775,METRO BUS
145.41395,-37.8619,METRO BUS
145.41534,-37.85908,METRO BUS
145.41906,-37.85471,METRO BUS
145.42291,-37.84856,METRO BUS
145.42377,-37.84475,METRO BUS
145.42641,-37.83984,METRO BUS
145.42495,-37.83046,METRO BUS
145.41764,-37.82381,METRO BUS
145.19777,-37.9213,METRO BUS
145.41128,-37.82027,METRO BUS
145.40909,-37.81921,METRO BUS
145.40669,-37.8141,METRO BUS
145.4053,-37.80875,METRO BUS
145.39662,-37.80062,METRO BUS
145.3895,-37.79607,METRO BUS
145.3886,-37.79197,METRO BUS
145.38704,-37.78884,METRO BUS
145.19484,-37.92047,METRO BUS
145.37573,-37.7933,METRO BUS
145.37466,-37.79698,METRO BUS
145.37181,-37.79717,METRO BUS
145.36568,-37.79713,METRO BUS
145.22389,-37.88312,METRO BUS
145.36139,-37.79688,METRO BUS
145.36005,-37.79487,METRO BUS
145.36087,-37.79155,METRO BUS
145.36127,-37.78832,METRO BUS
145.36186,-37.78494,METRO BUS
145.03685,-37.73955,METRO BUS
145.19115,-37.91976,METRO BUS
145.22314,-37.8802,METRO BUS
145.36321,-37.7759,METRO BUS
145.36277,-37.773,METRO BUS
145.36102,-37.76901,METRO BUS
145.35915,-37.76547,METRO BUS
145.38179,-37.78147,METRO BUS
145.38113,-37.77692,METRO BUS
145.18949,-37.91803,METRO BUS
145.37953,-37.77034,METRO BUS
145.3721,-37.76907,METRO BUS
145.36943,-37.76809,METRO BUS
145.3652,-37.76697,METRO BUS
145.22485,-37.87778,METRO BUS
145.22115,-37.87674,METRO BUS
145.34624,-38.02928,METRO BUS
145.35,-38.0279,METRO BUS
145.19027,-37.91479,METRO BUS
145.35685,-38.03098,METRO BUS
145.3592,-38.03259,METRO BUS
145.36362,-38.03544,METRO BUS
145.36186,-38.03811,METRO BUS
145.26902,-37.97957,METRO BUS
145.27154,-37.98338,METRO BUS
145.18882,-37.9133,METRO BUS
145.27539,-37.98439,METRO BUS
145.27621,-37.98613,METRO BUS
145.27815,-37.98066,METRO BUS
145.0674,-37.8855,METRO BUS
145.06708,-37.88705,METRO BUS
145.06595,-37.89299,METRO BUS
145.31349,-37.99378,METRO BUS
145.18802,-37.91196,METRO BUS
145.06572,-37.89415,METRO BUS
145.06542,-37.8959,METRO BUS
145.06485,-37.89907,METRO BUS
145.06435,-37.90182,METRO BUS
145.06481,-37.90359,METRO BUS
145.0658,-37.90587,METRO BUS
145.06898,-37.9078,METRO BUS
145.06857,-37.90944,METRO BUS
145.06804,-37.91177,METRO BUS
145.06768,-37.91361,METRO BUS
145.18925,-37.91033,METRO BUS
145.06728,-37.91564,METRO BUS
145.06656,-37.91744,METRO BUS
145.063,-37.91657,METRO BUS
145.06182,-37.91917,METRO BUS
145.05966,-37.91941,METRO BUS
145.05927,-37.92142,METRO BUS
145.05861,-37.92446,METRO BUS
145.05805,-37.92711,METRO BUS
145.05762,-37.92919,METRO BUS
145.18812,-37.91226,METRO BUS
145.05707,-37.93194,METRO BUS
145.18989,-38.30029,METRO BUS
145.1686,-38.25387,METRO BUS
145.29884,-38.00188,METRO BUS
145.29866,-37.99919,METRO BUS
145.29954,-37.99684,METRO BUS
145.30604,-37.99588,METRO BUS
145.31128,-37.99658,METRO BUS
145.3141,-37.99694,METRO BUS
145.31848,-37.99814,METRO BUS
145.18714,-37.9135,METRO BUS
145.32268,-38.00407,METRO BUS
145.32215,-38.00648,METRO BUS
145.3223,-38.00903,METRO BUS
145.32343,-38.01407,METRO BUS
145.32302,-38.01569,METRO BUS
145.32336,-38.0178,METRO BUS
145.32229,-38.02048,METRO BUS
145.32177,-38.02269,METRO BUS
145.32459,-38.02596,METRO BUS
145.32794,-38.02822,METRO BUS
145.18435,-37.91491,METRO BUS
145.32753,-38.03126,METRO BUS
145.32983,-38.03278,METRO BUS
145.33392,-38.03361,METRO BUS
145.33745,-38.03345,METRO BUS
145.33982,-38.0327,METRO BUS
145.34261,-38.03303,METRO BUS
145.18388,-37.91831,METRO BUS
145.34764,-38.02659,METRO BUS
145.34584,-38.02418,METRO BUS
145.34218,-38.02199,METRO BUS
145.33923,-38.02089,METRO BUS
145.335,-38.0221,METRO BUS
145.33352,-38.02353,METRO BUS
145.33128,-38.02327,METRO BUS
145.32861,-38.02196,METRO BUS
145.32921,-38.01901,METRO BUS
145.18198,-37.9197,METRO BUS
145.33187,-38.01926,METRO BUS
145.33602,-38.0217,METRO BUS
145.33919,-38.02083,METRO BUS
145.34242,-38.02198,METRO BUS
145.34598,-38.02408,METRO BUS
145.3476,-38.02604,METRO BUS
145.18108,-37.92069,METRO BUS
145.28935,-37.80057,METRO BUS
145.28891,-37.80379,METRO BUS
145.2884,-37.80646,METRO BUS
145.28815,-37.80878,METRO BUS
145.28803,-37.8109,METRO BUS
145.28797,-37.81293,METRO BUS
145.28925,-37.80381,METRO BUS
145.32455,-38.02569,METRO BUS
145.32816,-38.02816,METRO BUS
145.32787,-38.02994,METRO BUS
145.32768,-38.0313,METRO BUS
145.33004,-38.0327,METRO BUS
145.33407,-38.03354,METRO BUS
145.33722,-38.03344,METRO BUS
145.28863,-37.80644,METRO BUS
145.34266,-38.03291,METRO BUS
145.3422,-38.0408,METRO BUS
145.34071,-38.04856,METRO BUS
145.33913,-38.05615,METRO BUS
145.33743,-38.06004,METRO BUS
145.33051,-38.05897,METRO BUS
145.32097,-38.05785,METRO BUS
145.31411,-38.05181,METRO BUS
145.31501,-38.04979,METRO BUS
145.32671,-38.04914,METRO BUS
145.28836,-37.80913,METRO BUS
145.33768,-38.05045,METRO BUS
145.28836,-37.81092,METRO BUS
145.33161,-38.04971,METRO BUS
145.34044,-38.04843,METRO BUS
145.34203,-38.03965,METRO BUS
145.2883,-37.81263,METRO BUS
145.28813,-37.81664,METRO BUS
145.28803,-37.81869,METRO BUS
145.2879,-37.82158,METRO BUS
145.28776,-37.82543,METRO BUS
145.28762,-37.82911,METRO BUS
145.28742,-37.83291,METRO BUS
145.28727,-37.83543,METRO BUS
145.28233,-37.86244,METRO BUS
145.27751,-37.86185,METRO BUS
145.27579,-37.86165,METRO BUS
145.27281,-37.8613,METRO BUS
145.26766,-37.86069,METRO BUS
145.26261,-37.85915,METRO BUS
145.25901,-37.85799,METRO BUS
145.25568,-37.85688,METRO BUS
145.25967,-37.85265,METRO BUS
145.25878,-37.85151,METRO BUS
144.75939,-37.87305,METRO BUS
145.14884,-37.91724,METRO BUS
144.77045,-37.85866,METRO BUS
144.77273,-37.85586,METRO BUS
144.77548,-37.85322,METRO BUS
144.77525,-37.85094,METRO BUS
144.77337,-37.84894,METRO BUS
144.77772,-37.8464,METRO BUS
145.04052,-37.86137,METRO BUS
144.78321,-37.84169,METRO BUS
144.79225,-37.83917,METRO BUS
144.79524,-37.8377,METRO BUS
144.79949,-37.83571,METRO BUS
144.80308,-37.83403,METRO BUS
144.80819,-37.83033,METRO BUS
144.82029,-37.83094,METRO BUS
144.82327,-37.83118,METRO BUS
144.82522,-37.83134,METRO BUS
144.83669,-37.81994,METRO BUS
144.83962,-37.81915,METRO BUS
144.8427,-37.81827,METRO BUS
144.81808,-37.77566,METRO BUS
144.84814,-37.81682,METRO BUS
144.86058,-37.8134,METRO BUS
144.86232,-37.81293,METRO BUS
144.86686,-37.81169,METRO BUS
144.87389,-37.80852,METRO BUS
144.87555,-37.80763,METRO BUS
144.87727,-37.80671,METRO BUS
145.01775,-37.66605,METRO BUS
144.87969,-37.80543,METRO BUS
144.88435,-37.80297,METRO BUS
144.88916,-37.80044,METRO BUS
145.04009,-37.86367,METRO BUS
145.03959,-37.86635,METRO BUS
145.03915,-37.86871,METRO BUS
145.03866,-37.87135,METRO BUS
145.04201,-37.87753,METRO BUS
145.03527,-37.87751,METRO BUS
145.03575,-37.88313,METRO BUS
145.04343,-37.74164,METRO BUS
145.03719,-37.885,METRO BUS
145.03949,-37.88648,METRO BUS
145.04353,-37.887,METRO BUS
145.04644,-37.88738,METRO BUS
145.04828,-37.8876,METRO BUS
145.05042,-37.88786,METRO BUS
145.05282,-37.88816,METRO BUS
145.05509,-37.88865,METRO BUS
145.09293,-37.87288,METRO BUS
145.35985,-37.79633,METRO BUS
145.09729,-37.87333,METRO BUS
145.09892,-37.8732,METRO BUS
145.10019,-37.87456,METRO BUS
145.10156,-37.87603,METRO BUS
145.04818,-37.74212,METRO BUS
145.10876,-37.88341,METRO BUS
145.1073,-37.89109,METRO BUS
145.10687,-37.89295,METRO BUS
145.10624,-37.89614,METRO BUS
145.00636,-37.91202,METRO BUS
145.007,-37.91426,METRO BUS
145.0065,-37.91688,METRO BUS
145.00704,-37.91847,METRO BUS
145.00998,-37.9188,METRO BUS
145.02551,-37.92359,METRO BUS
145.02809,-37.92626,METRO BUS
145.03166,-37.92994,METRO BUS
145.03275,-37.93113,METRO BUS
145.0362,-37.93461,METRO BUS
145.03949,-37.93955,METRO BUS
145.13946,-37.91597,METRO BUS
145.04085,-37.94151,METRO BUS
145.04458,-37.94677,METRO BUS
145.04911,-37.9532,METRO BUS
145.05058,-37.95554,METRO BUS
145.28245,-37.86488,METRO BUS
145.28015,-37.86591,METRO BUS
145.27821,-37.8668,METRO BUS
145.27515,-37.86604,METRO BUS
145.27271,-37.86575,METRO BUS
145.27172,-37.86618,METRO BUS
145.26886,-37.86569,METRO BUS
145.26746,-37.86753,METRO BUS
145.12814,-38.13752,METRO BUS
145.13323,-38.1258,METRO BUS
145.13561,-37.91548,METRO BUS
145.1341,-38.12381,METRO BUS
145.14154,-38.11912,METRO BUS
145.14731,-38.11935,METRO BUS
145.15307,-38.11546,METRO BUS
145.16201,-38.11312,METRO BUS
145.17049,-38.11425,METRO BUS
145.17395,-38.11466,METRO BUS
145.1263,-37.91386,METRO BUS
145.1762,-38.11496,METRO BUS
145.18124,-38.11514,METRO BUS
145.18216,-38.11261,METRO BUS
145.18372,-38.11131,METRO BUS
145.1872,-38.11237,METRO BUS
145.19047,-38.11278,METRO BUS
145.1939,-38.1132,METRO BUS
145.19517,-38.11084,METRO BUS
145.19396,-38.10825,METRO BUS
145.19276,-38.10475,METRO BUS
145.19211,-38.10359,METRO BUS
145.18943,-38.10357,METRO BUS
145.18726,-38.10482,METRO BUS
145.18736,-38.10248,METRO BUS
145.18976,-38.10155,METRO BUS
145.1934,-38.102,METRO BUS
145.26418,-37.87049,METRO BUS
145.12141,-37.98139,METRO BUS
145.01861,-37.6627,METRO BUS
145.12048,-37.90999,METRO BUS
145.19464,-37.81814,METRO BUS
145.19776,-37.81819,METRO BUS
145.20025,-37.8188,METRO BUS
145.20026,-37.82056,METRO BUS
145.20025,-37.82187,METRO BUS
145.21868,-37.90103,METRO BUS
145.21022,-37.90577,METRO BUS
145.20159,-37.90818,METRO BUS
145.19606,-37.90753,METRO BUS
145.11782,-37.90842,METRO BUS
145.18872,-37.90668,METRO BUS
145.18314,-37.90604,METRO BUS
145.18022,-37.90555,METRO BUS
145.17695,-37.90525,METRO BUS
145.17424,-37.90491,METRO BUS
145.17122,-37.90444,METRO BUS
145.16915,-37.9043,METRO BUS
145.16487,-37.90374,METRO BUS
145.15889,-37.90319,METRO BUS
145.14981,-37.90192,METRO BUS
145.11365,-37.90585,METRO BUS
145.14419,-37.90135,METRO BUS
145.13907,-37.90074,METRO BUS
145.13373,-37.90009,METRO BUS
145.12995,-37.89965,METRO BUS
145.12556,-37.89921,METRO BUS
145.12104,-37.89866,METRO BUS
145.11807,-37.89828,METRO BUS
145.11566,-37.89787,METRO BUS
145.1137,-37.89771,METRO BUS
145.07982,-37.87879,METRO BUS
145.10927,-37.89721,METRO BUS
145.10692,-37.897,METRO BUS
145.10273,-37.89651,METRO BUS
145.10015,-37.89627,METRO BUS
145.09285,-37.89598,METRO BUS
145.26386,-37.86959,METRO BUS
145.26641,-37.86824,METRO BUS
145.26513,-37.87168,METRO BUS
145.1089,-37.90289,METRO BUS
145.26456,-37.87244,METRO BUS
145.26187,-37.87378,METRO BUS
145.26024,-37.87461,METRO BUS
145.25931,-37.8745,METRO BUS
145.24915,-37.89438,METRO BUS
145.24914,-37.89253,METRO BUS
145.24915,-37.89074,METRO BUS
145.24834,-37.88866,METRO BUS
145.24632,-37.88866,METRO BUS
145.24346,-37.88916,METRO BUS
145.241,-37.89031,METRO BUS
145.23753,-37.89011,METRO BUS
145.23654,-37.8905,METRO BUS
145.23655,-37.89252,METRO BUS
145.23653,-37.89461,METRO BUS
145.23653,-37.89655,METRO BUS
145.16788,-37.90313,METRO BUS
145.16807,-37.90223,METRO BUS
145.16851,-37.89984,METRO BUS
145.1688,-37.89834,METRO BUS
145.16922,-37.89614,METRO BUS
145.16955,-37.89441,METRO BUS
145.16995,-37.89223,METRO BUS
145.17034,-37.8902,METRO BUS
145.16884,-37.88932,METRO BUS
145.16666,-37.88908,METRO BUS
145.16501,-37.88891,METRO BUS
145.10194,-37.90036,METRO BUS
144.77739,-37.86291,METRO BUS
144.77851,-37.8649,METRO BUS
144.77789,-37.86951,METRO BUS
144.77849,-37.8687,METRO BUS
144.78323,-37.86909,METRO BUS
144.78711,-37.87014,METRO BUS
144.81228,-37.86726,METRO BUS
144.81245,-37.86446,METRO BUS
144.81294,-37.86287,METRO BUS
144.81709,-37.86294,METRO BUS
144.81894,-37.86124,METRO BUS
144.81939,-37.85779,METRO BUS
144.82045,-37.86329,METRO BUS
144.82334,-37.8636,METRO BUS
144.82609,-37.86389,METRO BUS
144.83057,-37.86437,METRO BUS
144.83073,-37.86691,METRO BUS
144.8347,-37.86483,METRO BUS
144.83799,-37.86523,METRO BUS
144.84698,-37.85048,METRO BUS
144.85376,-37.8525,METRO BUS
144.85888,-37.85395,METRO BUS
144.86426,-37.85514,METRO BUS
145.02019,-37.66114,METRO BUS
145.23238,-37.93051,METRO BUS
145.234,-37.92226,METRO BUS
145.23496,-37.91717,METRO BUS
145.23585,-37.9128,METRO BUS
145.23638,-37.9101,METRO BUS
145.23688,-37.90758,METRO BUS
145.23463,-37.90178,METRO BUS
145.23277,-37.8985,METRO BUS
145.2328,-37.8959,METRO BUS
145.2328,-37.89299,METRO BUS
145.23279,-37.89047,METRO BUS
145.23279,-37.88868,METRO BUS
145.23279,-37.88548,METRO BUS
145.23278,-37.88165,METRO BUS
145.23275,-37.87626,METRO BUS
145.23278,-37.87274,METRO BUS
145.23619,-37.8666,METRO BUS
145.23741,-37.86444,METRO BUS
145.23949,-37.86046,METRO BUS
145.24144,-37.85673,METRO BUS
145.24274,-37.8542,METRO BUS
145.23902,-37.85145,METRO BUS
145.20757,-37.98548,METRO BUS
145.23356,-37.84963,METRO BUS
145.23038,-37.84859,METRO BUS
145.22696,-37.84701,METRO BUS
145.22724,-37.84195,METRO BUS
145.22729,-37.8362,METRO BUS
145.2273,-37.83373,METRO BUS
145.22714,-37.83125,METRO BUS
145.22712,-37.82959,METRO BUS
145.22715,-37.82691,METRO BUS
145.22725,-37.82394,METRO BUS
145.22725,-37.82233,METRO BUS
145.22725,-37.81924,METRO BUS
145.24029,-37.91897,METRO BUS
145.24471,-37.91517,METRO BUS
145.24724,-37.91112,METRO BUS
145.25728,-37.90666,METRO BUS
145.2606,-37.90566,METRO BUS
145.20596,-37.98239,METRO BUS
145.26351,-37.90524,METRO BUS
145.26678,-37.90586,METRO BUS
145.26961,-37.90693,METRO BUS
145.27287,-37.90493,METRO BUS
145.27542,-37.90418,METRO BUS
145.2765,-37.90629,METRO BUS
145.27497,-37.91057,METRO BUS
145.27533,-37.91625,METRO BUS
145.28338,-37.92028,METRO BUS
145.28247,-37.92237,METRO BUS
145.02167,-37.65999,METRO BUS
145.20628,-37.9807,METRO BUS
145.2855,-37.91842,METRO BUS
145.28881,-37.91921,METRO BUS
145.28419,-37.92082,METRO BUS
145.27568,-37.92538,METRO BUS
145.27382,-37.92408,METRO BUS
145.27408,-37.92154,METRO BUS
145.27696,-37.91861,METRO BUS
145.27458,-37.91936,METRO BUS
145.27178,-37.9196,METRO BUS
145.27035,-37.92062,METRO BUS
145.20665,-37.97881,METRO BUS
145.26945,-37.92375,METRO BUS
145.2667,-37.92645,METRO BUS
145.26423,-37.92648,METRO BUS
145.25927,-37.92669,METRO BUS
145.25424,-37.92563,METRO BUS
145.25138,-37.92775,METRO BUS
145.06793,-37.87819,METRO BUS
145.25043,-37.93405,METRO BUS
145.23445,-37.87011,METRO BUS
145.20415,-37.97579,METRO BUS
145.23617,-37.8675,METRO BUS
145.23756,-37.86472,METRO BUS
145.24039,-37.85932,METRO BUS
145.24169,-37.8568,METRO BUS
145.24348,-37.85345,METRO BUS
145.24032,-37.85157,METRO BUS
145.23482,-37.84978,METRO BUS
145.24713,-37.91116,METRO BUS
145.23049,-37.84836,METRO BUS
145.22729,-37.84678,METRO BUS
145.20209,-37.97393,METRO BUS
145.22737,-37.8428,METRO BUS
145.22744,-37.83619,METRO BUS
145.22745,-37.83367,METRO BUS
145.22725,-37.83108,METRO BUS
145.22724,-37.82867,METRO BUS
145.2273,-37.82678,METRO BUS
145.2274,-37.82408,METRO BUS
145.2274,-37.8217,METRO BUS
145.2274,-37.82033,METRO BUS
145.22737,-37.81748,METRO BUS
145.19962,-37.97186,METRO BUS
145.25309,-37.90892,METRO BUS
145.25753,-37.90665,METRO BUS
145.26049,-37.90553,METRO BUS
145.26368,-37.90519,METRO BUS
145.26676,-37.90577,METRO BUS
145.26964,-37.90684,METRO BUS
145.27285,-37.90483,METRO BUS
145.27574,-37.90413,METRO BUS
145.27641,-37.90596,METRO BUS
145.27457,-37.91114,METRO BUS
145.27557,-37.91619,METRO BUS
145.27581,-37.92547,METRO BUS
145.27388,-37.92424,METRO BUS
145.19329,-37.96625,METRO BUS
145.27385,-37.92201,METRO BUS
145.27682,-37.91864,METRO BUS
145.27465,-37.91943,METRO BUS
145.27106,-37.9195,METRO BUS
145.27052,-37.92104,METRO BUS
145.26967,-37.92381,METRO BUS
145.26742,-37.92627,METRO BUS
145.26447,-37.9265,METRO BUS
145.25844,-37.92669,METRO BUS
145.25416,-37.92572,METRO BUS
145.19082,-37.96376,METRO BUS
145.25144,-37.92793,METRO BUS
145.25246,-37.93293,METRO BUS
145.25026,-37.93409,METRO BUS
145.24804,-37.93403,METRO BUS
145.23978,-37.9363,METRO BUS
145.2412,-37.93301,METRO BUS
145.2404,-37.93076,METRO BUS
145.18887,-37.962,METRO BUS
145.21906,-37.81683,METRO BUS
145.24606,-37.92818,METRO BUS
145.24448,-37.92427,METRO BUS
145.24429,-37.92317,METRO BUS
145.24353,-37.92225,METRO BUS
145.24114,-37.92077,METRO BUS
145.21331,-37.8186,METRO BUS
145.21328,-37.82278,METRO BUS
145.21327,-37.8263,METRO BUS
145.18412,-37.95779,METRO BUS
145.21328,-37.83004,METRO BUS
145.2133,-37.83192,METRO BUS
145.20827,-37.83329,METRO BUS
145.205,-37.83445,METRO BUS
145.20666,-37.83659,METRO BUS
145.20742,-37.8382,METRO BUS
145.20563,-37.83992,METRO BUS
145.20149,-37.83967,METRO BUS
145.02612,-37.66047,METRO BUS
145.18089,-37.9549,METRO BUS
145.19993,-37.84142,METRO BUS
145.19958,-37.84317,METRO BUS
145.19885,-37.84642,METRO BUS
145.19786,-37.84739,METRO BUS
145.19665,-37.84804,METRO BUS
145.19631,-37.84969,METRO BUS
145.19395,-37.85034,METRO BUS
145.1912,-37.85196,METRO BUS
145.18644,-37.85142,METRO BUS
145.18412,-37.8537,METRO BUS
145.17798,-37.95231,METRO BUS
145.18371,-37.85563,METRO BUS
145.18285,-37.85738,METRO BUS
145.1826,-37.85865,METRO BUS
145.18282,-37.86079,METRO BUS
145.1825,-37.86251,METRO BUS
145.18153,-37.86404,METRO BUS
145.18093,-37.86724,METRO BUS
145.1805,-37.86944,METRO BUS
145.17919,-37.87072,METRO BUS
145.17884,-37.87259,METRO BUS
145.17637,-37.95089,METRO BUS
145.17853,-37.87414,METRO BUS
145.10043,-37.70587,METRO BUS
145.14074,-37.69945,METRO BUS
145.17333,-37.94842,METRO BUS
145.16931,-37.94479,METRO BUS
145.16616,-37.94194,METRO BUS
145.16354,-37.93956,METRO BUS
145.16143,-37.93771,METRO BUS
145.16,-37.93623,METRO BUS
145.25407,-37.85146,METRO BUS
145.25353,-37.85283,METRO BUS
145.25229,-37.85488,METRO BUS
145.25357,-37.8567,METRO BUS
145.25253,-37.85872,METRO BUS
145.25165,-37.86149,METRO BUS
145.24907,-37.86229,METRO BUS
145.02818,-37.66066,METRO BUS
145.15713,-37.93373,METRO BUS
145.2459,-37.86276,METRO BUS
145.24419,-37.86251,METRO BUS
145.24221,-37.86199,METRO BUS
145.23977,-37.86119,METRO BUS
145.24767,-37.87377,METRO BUS
145.24369,-37.87552,METRO BUS
145.24118,-37.87649,METRO BUS
145.2371,-37.87706,METRO BUS
145.15207,-37.93008,METRO BUS
145.23205,-37.87708,METRO BUS
145.22937,-37.87706,METRO BUS
145.22554,-37.877,METRO BUS
145.22207,-37.87696,METRO BUS
145.15918,-37.87891,METRO BUS
145.15584,-37.87807,METRO BUS
145.1536,-37.87744,METRO BUS
145.14077,-37.90657,METRO BUS
145.13787,-37.90628,METRO BUS
145.14845,-37.9278,METRO BUS
145.15362,-37.82128,METRO BUS
145.156,-37.82291,METRO BUS
145.159,-37.82367,METRO BUS
145.16106,-37.82373,METRO BUS
145.16465,-37.82392,METRO BUS
145.16856,-37.82477,METRO BUS
145.16927,-37.82506,METRO BUS
145.16882,-37.82731,METRO BUS
145.14514,-37.92571,METRO BUS
145.16653,-37.82737,METRO BUS
145.16587,-37.82998,METRO BUS
145.16586,-37.83162,METRO BUS
145.16198,-37.84655,METRO BUS
145.1587,-37.84603,METRO BUS
145.1573,-37.84585,METRO BUS
145.15556,-37.84565,METRO BUS
145.15178,-37.85983,METRO BUS
145.15558,-37.86032,METRO BUS
145.15928,-37.86073,METRO BUS
145.14189,-37.92374,METRO BUS
145.16123,-37.86096,METRO BUS
145.16353,-37.86126,METRO BUS
145.16427,-37.86281,METRO BUS
145.16298,-37.86398,METRO BUS
145.16109,-37.8652,METRO BUS
145.1575,-37.86538,METRO BUS
145.15586,-37.86751,METRO BUS
145.1546,-37.87135,METRO BUS
145.13854,-37.92166,METRO BUS
145.17103,-37.88956,METRO BUS
145.17441,-37.88994,METRO BUS
145.1822,-37.876,METRO BUS
145.18642,-37.87655,METRO BUS
145.1967,-37.8767,METRO BUS
145.20036,-37.87674,METRO BUS
145.20429,-37.8767,METRO BUS
145.20964,-37.87677,METRO BUS
145.21539,-37.87591,METRO BUS
145.13397,-37.91869,METRO BUS
145.21462,-37.87372,METRO BUS
145.21446,-37.871,METRO BUS
145.21449,-37.86794,METRO BUS
145.21446,-37.86464,METRO BUS
145.21446,-37.86306,METRO BUS
145.18886,-37.84818,METRO BUS
145.18936,-37.84558,METRO BUS
145.19019,-37.84126,METRO BUS
145.19073,-37.83824,METRO BUS
145.13171,-37.91727,METRO BUS
145.07821,-37.87879,METRO BUS
145.07511,-37.87953,METRO BUS
145.07204,-37.87999,METRO BUS
145.07,-37.87973,METRO BUS
145.06738,-37.87787,METRO BUS
145.06618,-37.87633,METRO BUS
145.06528,-37.87523,METRO BUS
145.06514,-37.8738,METRO BUS
145.06715,-37.87281,METRO BUS
145.06949,-37.87253,METRO BUS
145.12873,-37.91554,METRO BUS
145.07122,-37.87272,METRO BUS
145.07173,-37.87063,METRO BUS
145.07038,-37.86992,METRO BUS
145.06918,-37.86816,METRO BUS
145.06798,-37.86653,METRO BUS
145.06614,-37.86406,METRO BUS
145.06452,-37.86189,METRO BUS
145.0606,-37.85993,METRO BUS
145.06378,-37.85822,METRO BUS
145.06636,-37.85828,METRO BUS
145.12604,-37.91382,METRO BUS
145.06686,-37.85621,METRO BUS
145.06714,-37.85474,METRO BUS
145.06757,-37.8524,METRO BUS
145.06787,-37.85078,METRO BUS
145.28784,-37.8164,METRO BUS
145.28773,-37.81844,METRO BUS
145.28761,-37.82164,METRO BUS
145.28746,-37.82512,METRO BUS
145.28742,-37.82859,METRO BUS
145.28719,-37.83142,METRO BUS
145.03183,-37.66107,METRO BUS
145.12267,-37.9117,METRO BUS
145.287,-37.83607,METRO BUS
145.28262,-37.86226,METRO BUS
145.27754,-37.86158,METRO BUS
145.27407,-37.86118,METRO BUS
145.26787,-37.86044,METRO BUS
145.263,-37.85904,METRO BUS
145.11981,-37.90992,METRO BUS
145.11698,-37.90799,METRO BUS
145.11364,-37.90589,METRO BUS
145.11056,-37.90398,METRO BUS
145.10859,-37.90278,METRO BUS
145.06604,-37.63359,METRO BUS
145.0669,-37.63759,METRO BUS
145.10399,-37.90076,METRO BUS
145.06661,-37.87668,METRO BUS
145.07145,-37.65787,METRO BUS
145.07526,-37.65721,METRO BUS
145.08076,-37.65716,METRO BUS
145.08235,-37.66128,METRO BUS
145.07963,-37.66287,METRO BUS
145.07684,-37.66555,METRO BUS
145.07781,-37.66977,METRO BUS
145.0745,-37.67064,METRO BUS
145.10207,-37.90048,METRO BUS
145.05988,-37.67051,METRO BUS
145.05859,-37.6747,METRO BUS
145.09845,-37.89998,METRO BUS
145.05541,-37.65343,METRO BUS
145.09541,-37.89955,METRO BUS
145.03484,-37.66139,METRO BUS
145.08976,-37.89872,METRO BUS
145.05908,-37.67788,METRO BUS
145.25752,-37.87703,METRO BUS
145.25751,-37.87987,METRO BUS
145.25752,-37.88245,METRO BUS
145.25752,-37.88487,METRO BUS
145.2575,-37.88688,METRO BUS
145.25754,-37.88848,METRO BUS
145.25753,-37.89071,METRO BUS
145.26347,-37.88903,METRO BUS
145.26538,-37.89179,METRO BUS
145.26484,-37.89308,METRO BUS
145.26169,-37.89519,METRO BUS
145.26013,-37.89665,METRO BUS
145.26355,-37.89775,METRO BUS
145.26598,-37.89679,METRO BUS
145.26737,-37.8958,METRO BUS
145.26902,-37.89324,METRO BUS
145.0878,-37.89449,METRO BUS
145.27066,-37.89206,METRO BUS
145.27256,-37.89083,METRO BUS
145.27496,-37.88924,METRO BUS
145.27635,-37.88671,METRO BUS
145.2757,-37.88354,METRO BUS
145.29225,-37.87919,METRO BUS
145.2886,-37.87658,METRO BUS
145.28572,-37.87653,METRO BUS
145.28505,-37.87386,METRO BUS
145.28524,-37.87078,METRO BUS
145.28536,-37.86834,METRO BUS
145.28548,-37.8663,METRO BUS
145.28558,-37.8647,METRO BUS
145.29117,-37.86293,METRO BUS
145.29401,-37.86305,METRO BUS
145.29742,-37.86323,METRO BUS
145.30114,-37.86206,METRO BUS
145.30488,-37.86173,METRO BUS
145.17727,-37.8754,METRO BUS
145.17429,-37.87508,METRO BUS
145.17157,-37.87478,METRO BUS
145.16706,-37.87433,METRO BUS
145.1056,-37.89932,METRO BUS
145.03702,-37.88464,METRO BUS
145.10861,-37.88504,METRO BUS
145.10769,-37.88965,METRO BUS
145.10738,-37.89117,METRO BUS
145.10684,-37.89344,METRO BUS
145.02455,-37.65185,METRO BUS
145.00638,-37.91686,METRO BUS
145.00688,-37.91856,METRO BUS
145.00984,-37.9189,METRO BUS
145.02532,-37.92385,METRO BUS
145.02796,-37.9266,METRO BUS
145.03288,-37.93167,METRO BUS
145.04049,-37.9416,METRO BUS
145.04257,-37.94427,METRO BUS
145.04806,-37.95208,METRO BUS
145.0489,-37.95344,METRO BUS
145.05056,-37.95556,METRO BUS
145.283,-37.8628,METRO BUS
145.28149,-37.8654,METRO BUS
145.28009,-37.86604,METRO BUS
145.27813,-37.86693,METRO BUS
145.27523,-37.86613,METRO BUS
145.27282,-37.86584,METRO BUS
145.27142,-37.86624,METRO BUS
145.26874,-37.86581,METRO BUS
145.26751,-37.86761,METRO BUS
145.26639,-37.86837,METRO BUS
145.26416,-37.86963,METRO BUS
145.26518,-37.87159,METRO BUS
145.1051,-37.90246,METRO BUS
145.03507,-37.65316,METRO BUS
145.10435,-37.9035,METRO BUS
145.10158,-37.90316,METRO BUS
145.09764,-37.90268,METRO BUS
145.09494,-37.90217,METRO BUS
145.03842,-37.65367,METRO BUS
145.33072,-37.7751,METRO BUS
145.0384,-37.66167,METRO BUS
145.04202,-37.65387,METRO BUS
145.24797,-37.93395,METRO BUS
145.24313,-37.93719,METRO BUS
145.23979,-37.93618,METRO BUS
145.24131,-37.93323,METRO BUS
145.24071,-37.93098,METRO BUS
145.24352,-37.92854,METRO BUS
145.24632,-37.92818,METRO BUS
145.04216,-37.65686,METRO BUS
145.24438,-37.92567,METRO BUS
145.24423,-37.92311,METRO BUS
145.24344,-37.92208,METRO BUS
145.24125,-37.92086,METRO BUS
145.22362,-37.81404,METRO BUS
145.22054,-37.81566,METRO BUS
145.22001,-37.81708,METRO BUS
145.21343,-37.82297,METRO BUS
145.21343,-37.827,METRO BUS
145.0409,-37.65951,METRO BUS
145.21342,-37.83027,METRO BUS
145.21229,-37.83272,METRO BUS
145.20814,-37.8336,METRO BUS
145.20517,-37.83465,METRO BUS
145.20678,-37.83661,METRO BUS
144.86834,-37.85558,METRO BUS
144.87262,-37.85615,METRO BUS
144.87917,-37.85683,METRO BUS
144.88178,-37.85711,METRO BUS
144.88422,-37.85737,METRO BUS
145.03863,-37.66047,METRO BUS
144.89473,-37.85852,METRO BUS
145.10771,-37.88891,METRO BUS
145.03838,-37.66147,METRO BUS
145.0348,-37.88007,METRO BUS
145.2641,-37.87278,METRO BUS
145.26227,-37.87369,METRO BUS
145.26033,-37.87467,METRO BUS
145.25911,-37.87453,METRO BUS
145.24905,-37.89443,METRO BUS
145.24905,-37.8922,METRO BUS
145.24901,-37.89067,METRO BUS
145.24835,-37.88875,METRO BUS
145.24625,-37.88874,METRO BUS
145.24373,-37.88912,METRO BUS
145.24105,-37.89034,METRO BUS
145.23772,-37.89019,METRO BUS
145.23666,-37.89048,METRO BUS
145.23665,-37.89253,METRO BUS
145.23664,-37.89428,METRO BUS
145.16772,-37.90346,METRO BUS
145.29041,-37.75709,METRO BUS
145.16794,-37.90231,METRO BUS
145.25993,-37.85807,METRO BUS
145.25551,-37.85659,METRO BUS
145.25766,-37.85582,METRO BUS
145.25964,-37.85359,METRO BUS
145.25844,-37.85139,METRO BUS
145.25394,-37.85136,METRO BUS
145.25281,-37.8533,METRO BUS
145.25221,-37.85479,METRO BUS
145.04729,-37.66152,METRO BUS
145.25335,-37.85682,METRO BUS
145.25241,-37.85863,METRO BUS
145.25163,-37.86135,METRO BUS
145.24867,-37.8623,METRO BUS
145.24589,-37.86263,METRO BUS
145.24432,-37.86241,METRO BUS
145.24262,-37.862,METRO BUS
145.23974,-37.86107,METRO BUS
145.24308,-37.87547,METRO BUS
145.04624,-37.65984,METRO BUS
145.24043,-37.87655,METRO BUS
145.23683,-37.87684,METRO BUS
145.23391,-37.87679,METRO BUS
145.23179,-37.8769,METRO BUS
145.22927,-37.87685,METRO BUS
145.22504,-37.87677,METRO BUS
145.21876,-37.87666,METRO BUS
145.1594,-37.87895,METRO BUS
145.1562,-37.87805,METRO BUS
145.0452,-37.65778,METRO BUS
145.15366,-37.87741,METRO BUS
145.13793,-37.9062,METRO BUS
145.15331,-37.82121,METRO BUS
145.15612,-37.82313,METRO BUS
145.1586,-37.82376,METRO BUS
145.16208,-37.82387,METRO BUS
145.16474,-37.82405,METRO BUS
145.16921,-37.82498,METRO BUS
145.04609,-37.66259,METRO BUS
145.04654,-37.65445,METRO BUS
145.16874,-37.82726,METRO BUS
145.16673,-37.82731,METRO BUS
145.1658,-37.82991,METRO BUS
145.16573,-37.83178,METRO BUS
145.16376,-37.84667,METRO BUS
145.15994,-37.84609,METRO BUS
145.15737,-37.84574,METRO BUS
145.15512,-37.84548,METRO BUS
145.04906,-37.6532,METRO BUS
145.15419,-37.86026,METRO BUS
145.15756,-37.86063,METRO BUS
145.16113,-37.86109,METRO BUS
145.16386,-37.86139,METRO BUS
145.16417,-37.8627,METRO BUS
145.16259,-37.86388,METRO BUS
145.161,-37.86504,METRO BUS
145.15731,-37.86527,METRO BUS
145.15563,-37.8681,METRO BUS
145.15434,-37.87149,METRO BUS
145.05089,-37.65286,METRO BUS
145.16673,-37.88924,METRO BUS
145.16882,-37.88945,METRO BUS
145.17116,-37.8897,METRO BUS
145.17459,-37.89009,METRO BUS
145.18218,-37.87618,METRO BUS
145.18716,-37.87675,METRO BUS
145.20029,-37.87694,METRO BUS
145.20428,-37.87696,METRO BUS
145.05255,-37.65352,METRO BUS
145.21381,-37.87694,METRO BUS
145.21547,-37.87607,METRO BUS
145.2148,-37.87365,METRO BUS
145.21463,-37.8707,METRO BUS
145.28507,-37.87065,METRO BUS
145.28522,-37.86803,METRO BUS
145.28534,-37.86596,METRO BUS
145.28542,-37.86477,METRO BUS
145.2871,-37.8599,METRO BUS
145.05562,-37.65341,METRO BUS
145.29268,-37.86293,METRO BUS
145.29624,-37.86295,METRO BUS
145.3015,-37.86192,METRO BUS
145.3039,-37.86162,METRO BUS
145.30888,-37.86086,METRO BUS
145.31154,-37.85917,METRO BUS
145.31464,-37.85665,METRO BUS
145.31099,-37.85255,METRO BUS
145.30906,-37.85132,METRO BUS
145.30519,-37.84842,METRO BUS
145.05637,-37.65235,METRO BUS
145.30316,-37.84684,METRO BUS
145.29938,-37.84355,METRO BUS
145.29621,-37.84086,METRO BUS
145.29212,-37.83824,METRO BUS
145.2889,-37.83777,METRO BUS
145.28632,-37.83764,METRO BUS
145.28144,-37.83797,METRO BUS
145.05879,-37.65175,METRO BUS
145.15241,-37.83225,METRO BUS
145.15671,-37.83365,METRO BUS
145.15631,-37.83612,METRO BUS
145.15592,-37.83848,METRO BUS
145.1554,-37.84144,METRO BUS
145.15479,-37.84478,METRO BUS
145.15306,-37.84787,METRO BUS
145.06045,-37.65371,METRO BUS
145.15228,-37.85186,METRO BUS
145.15169,-37.85488,METRO BUS
145.15129,-37.85719,METRO BUS
145.15102,-37.85875,METRO BUS
145.15037,-37.86229,METRO BUS
145.14968,-37.8659,METRO BUS
145.14915,-37.8686,METRO BUS
145.14884,-37.87015,METRO BUS
145.14859,-37.87152,METRO BUS
145.05986,-37.65576,METRO BUS
145.14787,-37.87579,METRO BUS
145.12071,-37.92088,METRO BUS
145.14687,-37.88068,METRO BUS
145.14607,-37.88498,METRO BUS
145.30813,-37.86135,METRO BUS
145.31166,-37.85921,METRO BUS
145.31521,-37.85603,METRO BUS
145.30851,-37.85082,METRO BUS
145.05619,-37.65843,METRO BUS
145.30347,-37.84699,METRO BUS
145.29864,-37.84271,METRO BUS
145.29597,-37.84046,METRO BUS
145.29198,-37.83818,METRO BUS
145.28891,-37.83785,METRO BUS
145.28523,-37.83765,METRO BUS
145.28066,-37.83781,METRO BUS
145.27526,-37.83822,METRO BUS
145.04883,-37.6626,METRO BUS
145.15192,-37.83237,METRO BUS
145.15547,-37.83276,METRO BUS
145.15623,-37.83499,METRO BUS
145.1559,-37.83693,METRO BUS
145.15558,-37.83889,METRO BUS
145.15523,-37.84084,METRO BUS
145.15477,-37.84348,METRO BUS
145.15441,-37.84503,METRO BUS
145.15282,-37.8477,METRO BUS
145.055,-37.66,METRO BUS
145.15207,-37.85159,METRO BUS
145.15159,-37.85377,METRO BUS
145.15122,-37.85609,METRO BUS
145.15071,-37.85918,METRO BUS
145.15026,-37.86209,METRO BUS
145.14962,-37.86543,METRO BUS
145.14907,-37.8682,METRO BUS
145.14853,-37.87107,METRO BUS
145.14823,-37.87264,METRO BUS
145.14753,-37.87622,METRO BUS
145.1468,-37.88029,METRO BUS
145.14597,-37.88449,METRO BUS
145.14526,-37.88842,METRO BUS
145.14468,-37.89112,METRO BUS
145.21462,-37.86794,METRO BUS
145.21462,-37.86584,METRO BUS
145.05668,-37.66349,METRO BUS
145.21465,-37.86277,METRO BUS
145.1838,-37.8559,METRO BUS
145.18709,-37.85133,METRO BUS
145.18894,-37.84839,METRO BUS
145.18931,-37.84653,METRO BUS
145.19035,-37.84094,METRO BUS
145.19086,-37.83832,METRO BUS
145.06545,-37.87523,METRO BUS
145.065,-37.874,METRO BUS
145.06722,-37.87297,METRO BUS
145.06947,-37.87265,METRO BUS
145.0715,-37.87268,METRO BUS
145.07181,-37.87071,METRO BUS
145.07027,-37.86952,METRO BUS
145.04215,-37.96348,METRO BUS
145.04546,-37.96409,METRO BUS
145.04779,-37.96437,METRO BUS
145.0499,-37.96464,METRO BUS
145.05283,-37.96497,METRO BUS
145.04697,-37.94885,METRO BUS
145.04971,-37.94921,METRO BUS
145.05101,-37.94826,METRO BUS
145.05151,-37.94581,METRO BUS
145.052,-37.94319,METRO BUS
145.05391,-37.93977,METRO BUS
145.05596,-37.93693,METRO BUS
145.0561,-37.935,METRO BUS
145.05664,-37.93215,METRO BUS
145.05772,-37.92669,METRO BUS
145.05826,-37.92415,METRO BUS
145.05987,-37.92119,METRO BUS
145.06198,-37.91971,METRO BUS
145.06302,-37.9165,METRO BUS
145.06688,-37.91725,METRO BUS
145.06724,-37.91551,METRO BUS
145.06758,-37.91379,METRO BUS
145.06801,-37.91157,METRO BUS
145.06853,-37.90935,METRO BUS
145.06893,-37.90772,METRO BUS
145.05821,-37.66907,METRO BUS
145.06566,-37.90592,METRO BUS
145.06475,-37.90387,METRO BUS
145.06412,-37.9021,METRO BUS
145.06472,-37.89905,METRO BUS
145.06531,-37.89582,METRO BUS
145.0656,-37.89424,METRO BUS
145.06586,-37.89297,METRO BUS
145.06695,-37.88706,METRO BUS
145.00352,-37.93297,METRO BUS
145.05404,-37.66831,METRO BUS
145.00636,-37.93331,METRO BUS
145.00839,-37.93355,METRO BUS
145.01101,-37.93389,METRO BUS
145.01477,-37.93434,METRO BUS
145.01701,-37.93461,METRO BUS
145.02049,-37.93506,METRO BUS
145.02368,-37.93543,METRO BUS
145.02376,-37.93838,METRO BUS
145.02326,-37.94108,METRO BUS
145.02351,-37.9428,METRO BUS
145.0515,-37.66748,METRO BUS
145.02612,-37.94312,METRO BUS
145.0287,-37.94343,METRO BUS
145.03221,-37.94383,METRO BUS
145.0347,-37.94413,METRO BUS
145.03849,-37.94459,METRO BUS
145.03913,-37.94565,METRO BUS
145.03873,-37.94751,METRO BUS
145.06624,-37.97807,METRO BUS
145.06582,-37.98048,METRO BUS
145.08037,-37.99121,METRO BUS
145.12186,-37.97907,METRO BUS
145.05133,-37.66247,METRO BUS
145.04816,-37.66771,METRO BUS
145.08291,-37.99014,METRO BUS
145.08466,-37.99056,METRO BUS
145.08738,-37.99153,METRO BUS
145.09215,-37.99374,METRO BUS
145.09216,-37.99627,METRO BUS
145.05659,-37.93448,METRO BUS
145.05626,-37.9363,METRO BUS
145.05391,-37.93991,METRO BUS
145.04701,-37.67017,METRO BUS
145.0517,-37.94569,METRO BUS
145.05117,-37.94828,METRO BUS
145.04975,-37.94933,METRO BUS
145.04713,-37.94898,METRO BUS
145.05516,-37.96538,METRO BUS
145.05308,-37.96514,METRO BUS
145.0476,-37.96454,METRO BUS
145.04575,-37.96423,METRO BUS
145.04199,-37.96325,METRO BUS
145.04258,-37.96069,METRO BUS
145.049,-37.67326,METRO BUS
145.04289,-37.95895,METRO BUS
145.04336,-37.95661,METRO BUS
145.04121,-37.95619,METRO BUS
145.03843,-37.95588,METRO BUS
145.03517,-37.95552,METRO BUS
145.03244,-37.95521,METRO BUS
145.02938,-37.95485,METRO BUS
145.02589,-37.95445,METRO BUS
145.0227,-37.95409,METRO BUS
145.02018,-37.95379,METRO BUS
145.05131,-37.67343,METRO BUS
145.0176,-37.95348,METRO BUS
145.01566,-37.95324,METRO BUS
145.01255,-37.95287,METRO BUS
145.00883,-37.95242,METRO BUS
145.13892,-38.07024,METRO BUS
145.1436,-38.06844,METRO BUS
145.05362,-37.67392,METRO BUS
145.13318,-38.0405,METRO BUS
145.13213,-38.03908,METRO BUS
145.13077,-38.03647,METRO BUS
145.13344,-38.0355,METRO BUS
145.13142,-38.02882,METRO BUS
145.12834,-38.02577,METRO BUS
145.12664,-38.02429,METRO BUS
145.12372,-38.02174,METRO BUS
145.05429,-37.6771,METRO BUS
145.1142,-38.01818,METRO BUS
145.11078,-38.01736,METRO BUS
145.0879,-38.00101,METRO BUS
145.09071,-38.00057,METRO BUS
145.09154,-37.99867,METRO BUS
145.09202,-37.99619,METRO BUS
145.09204,-37.99381,METRO BUS
145.08881,-37.99343,METRO BUS
145.08799,-37.99166,METRO BUS
145.08462,-37.99026,METRO BUS
145.08236,-37.99044,METRO BUS
145.2629,-37.87782,METRO BUS
145.2833,-37.88504,METRO BUS
145.28869,-37.88898,METRO BUS
145.2407,-37.87088,METRO BUS
145.16818,-37.85492,METRO BUS
145.06263,-37.67811,METRO BUS
145.16857,-37.89877,METRO BUS
145.1691,-37.89614,METRO BUS
145.16943,-37.89436,METRO BUS
145.16981,-37.89231,METRO BUS
145.17024,-37.89008,METRO BUS
146.00143,-38.18692,METRO BUS
145.06753,-37.6786,METRO BUS
144.77773,-37.86954,METRO BUS
144.77836,-37.86477,METRO BUS
144.7786,-37.86878,METRO BUS
144.78321,-37.86918,METRO BUS
144.78699,-37.86986,METRO BUS
144.78661,-37.87264,METRO BUS
144.81204,-37.86976,METRO BUS
144.81245,-37.86733,METRO BUS
144.8126,-37.86437,METRO BUS
145.08843,-37.89125,METRO BUS
144.81253,-37.86311,METRO BUS
146.00202,-38.18627,METRO BUS
144.8203,-37.86341,METRO BUS
144.82327,-37.8637,METRO BUS
146.06287,-38.20335,METRO BUS
144.83042,-37.86447,METRO BUS
144.83454,-37.86491,METRO BUS
145.05644,-37.66368,METRO BUS
145.08913,-37.88757,METRO BUS
144.83785,-37.86531,METRO BUS
144.84647,-37.85059,METRO BUS
144.8547,-37.85305,METRO BUS
144.85872,-37.85416,METRO BUS
144.86422,-37.85542,METRO BUS
144.86651,-37.85566,METRO BUS
144.8723,-37.85627,METRO BUS
144.87916,-37.8569,METRO BUS
144.88165,-37.85717,METRO BUS
144.88416,-37.85739,METRO BUS
144.8881,-37.8578,METRO BUS
144.89711,-37.85893,METRO BUS
145.209,-37.98955,METRO BUS
145.31013,-38.2218,METRO BUS
146.06368,-38.20368,METRO BUS
145.18407,-37.9365,METRO BUS
145.28505,-38.11589,METRO BUS
145.29111,-38.15454,METRO BUS
145.18134,-37.9362,METRO BUS
145.06645,-37.92979,METRO BUS
145.2077,-37.83764,METRO BUS
145.20688,-37.83873,METRO BUS
145.2057,-37.84006,METRO BUS
145.17885,-37.93587,METRO BUS
145.20069,-37.83969,METRO BUS
145.20005,-37.84132,METRO BUS
145.19896,-37.84672,METRO BUS
145.19758,-37.8475,METRO BUS
145.19672,-37.8483,METRO BUS
145.19644,-37.84978,METRO BUS
145.19402,-37.85043,METRO BUS
145.19174,-37.85175,METRO BUS
145.18202,-37.93425,METRO BUS
145.18534,-37.85185,METRO BUS
145.18426,-37.85372,METRO BUS
145.06929,-37.86814,METRO BUS
145.06771,-37.86606,METRO BUS
145.06701,-37.86509,METRO BUS
145.06628,-37.8641,METRO BUS
145.06568,-37.86329,METRO BUS
145.06474,-37.86199,METRO BUS
145.06408,-37.85814,METRO BUS
145.18369,-37.9318,METRO BUS
145.06551,-37.8583,METRO BUS
145.06702,-37.85606,METRO BUS
145.06733,-37.85449,METRO BUS
145.06763,-37.85255,METRO BUS
145.28447,-38.09828,METRO BUS
145.2922,-38.104,METRO BUS
145.18243,-37.93094,METRO BUS
145.24332,-37.8717,METRO BUS
145.14569,-37.88755,METRO BUS
145.1453,-37.88958,METRO BUS
145.14485,-37.89158,METRO BUS
145.14393,-37.89656,METRO BUS
145.05777,-37.66505,METRO BUS
145.17883,-37.93066,METRO BUS
145.14342,-37.89939,METRO BUS
145.14291,-37.9021,METRO BUS
145.14267,-37.9035,METRO BUS
145.14221,-37.90613,METRO BUS
145.14161,-37.90913,METRO BUS
145.14111,-37.91178,METRO BUS
145.08467,-37.92434,METRO BUS
145.17522,-37.9311,METRO BUS
145.08135,-37.92392,METRO BUS
145.07796,-37.92355,METRO BUS
145.07647,-37.92339,METRO BUS
145.07256,-37.92292,METRO BUS
145.07004,-37.9226,METRO BUS
145.06698,-37.92222,METRO BUS
145.17318,-37.93088,METRO BUS
145.28696,-38.09858,METRO BUS
145.27973,-38.09772,METRO BUS
145.1716,-37.9345,METRO BUS
145.16941,-37.93463,METRO BUS
145.16731,-37.93434,METRO BUS
145.16335,-37.93397,METRO BUS
145.15869,-37.93334,METRO BUS
146.39773,-38.23685,METRO BUS
146.3081,-38.17687,METRO BUS
146.42888,-38.23558,METRO BUS
146.42943,-38.23509,METRO BUS
146.5387,-38.19832,METRO BUS
146.53842,-38.19443,METRO BUS
145.05951,-37.66726,METRO BUS
145.15488,-37.93708,METRO BUS
145.15409,-37.94148,METRO BUS
145.19835,-37.82208,METRO BUS
145.19668,-37.82356,METRO BUS
145.1983,-37.82399,METRO BUS
145.15363,-37.94393,METRO BUS
145.19951,-37.82558,METRO BUS
145.2009,-37.82602,METRO BUS
145.20077,-37.82728,METRO BUS
145.20068,-37.82896,METRO BUS
145.20228,-37.8292,METRO BUS
145.20561,-37.82969,METRO BUS
145.20779,-37.82969,METRO BUS
145.20883,-37.83079,METRO BUS
145.20882,-37.83256,METRO BUS
145.26203,-38.10291,METRO BUS
145.26882,-38.0964,METRO BUS
145.27292,-38.09678,METRO BUS
145.27531,-38.09708,METRO BUS
145.15272,-37.9487,METRO BUS
145.28047,-38.09769,METRO BUS
145.28324,-38.09887,METRO BUS
145.28416,-38.10964,METRO BUS
145.28154,-38.11299,METRO BUS
145.1478,-37.94681,METRO BUS
145.21173,-38.14074,METRO BUS
145.21152,-38.1389,METRO BUS
145.145,-37.94649,METRO BUS
145.20788,-38.13489,METRO BUS
145.15193,-37.95339,METRO BUS
145.20566,-38.13567,METRO BUS
145.20557,-38.13835,METRO BUS
145.14233,-37.94616,METRO BUS
145.14002,-37.94413,METRO BUS
145.21125,-38.14408,METRO BUS
145.21058,-38.14759,METRO BUS
145.13706,-37.94284,METRO BUS
145.20942,-38.1535,METRO BUS
145.20818,-38.15548,METRO BUS
145.20578,-38.15438,METRO BUS
145.20142,-38.15342,METRO BUS
145.19883,-38.15163,METRO BUS
145.19792,-38.15026,METRO BUS
145.12003,-37.94073,METRO BUS
145.1341,-37.93082,METRO BUS
145.13175,-37.94216,METRO BUS
145.10766,-37.9269,METRO BUS
145.10801,-37.92511,METRO BUS
145.10844,-37.92291,METRO BUS
144.98033,-37.79859,METRO BUS
145.10888,-37.92073,METRO BUS
145.10695,-37.9177,METRO BUS
145.10507,-37.91697,METRO BUS
145.10543,-37.9158,METRO BUS
145.10454,-37.91327,METRO BUS
145.12719,-37.94162,METRO BUS
145.12381,-37.94121,METRO BUS
145.11778,-37.94038,METRO BUS
145.0157,-37.89369,METRO BUS
145.02027,-37.89447,METRO BUS
145.0229,-37.89521,METRO BUS
145.06137,-37.66845,METRO BUS
144.65147,-37.72577,METRO BUS
145.02462,-37.89551,METRO BUS
145.02696,-37.89581,METRO BUS
145.02795,-37.8961,METRO BUS
145.02977,-37.89631,METRO BUS
145.03114,-37.89647,METRO BUS
145.03143,-37.89785,METRO BUS
145.11305,-37.95878,METRO BUS
145.0355,-37.90047,METRO BUS
145.03501,-37.903,METRO BUS
145.11123,-37.96274,METRO BUS
145.04224,-37.90017,METRO BUS
145.04433,-37.90043,METRO BUS
145.04671,-37.90072,METRO BUS
145.04936,-37.90107,METRO BUS
145.05193,-37.90135,METRO BUS
145.05409,-37.90161,METRO BUS
145.11078,-37.96488,METRO BUS
145.11172,-37.97165,METRO BUS
145.11194,-37.97561,METRO BUS
145.11358,-37.97845,METRO BUS
145.14878,-37.96891,METRO BUS
145.0593,-37.89548,METRO BUS
145.06218,-37.89581,METRO BUS
145.06492,-37.89615,METRO BUS
145.05639,-37.89513,METRO BUS
145.06544,-37.89711,METRO BUS
145.06741,-37.89729,METRO BUS
145.06952,-37.89762,METRO BUS
145.07255,-37.898,METRO BUS
145.07559,-37.89836,METRO BUS
145.07913,-37.89953,METRO BUS
145.1496,-37.97122,METRO BUS
145.08161,-37.90034,METRO BUS
145.05663,-37.89195,METRO BUS
145.05633,-37.89349,METRO BUS
145.05587,-37.89587,METRO BUS
145.0556,-37.89742,METRO BUS
145.05528,-37.89897,METRO BUS
145.05489,-37.90104,METRO BUS
145.05448,-37.90311,METRO BUS
145.05411,-37.90516,METRO BUS
145.0531,-37.90817,METRO BUS
145.15388,-37.97176,METRO BUS
145.05274,-37.90997,METRO BUS
145.0525,-37.91141,METRO BUS
145.05139,-37.91276,METRO BUS
145.04781,-37.91231,METRO BUS
145.04544,-37.91202,METRO BUS
145.04259,-37.91164,METRO BUS
145.03568,-37.9108,METRO BUS
145.03288,-37.91045,METRO BUS
145.03135,-37.91027,METRO BUS
145.03002,-37.91012,METRO BUS
145.15735,-37.97219,METRO BUS
145.02846,-37.90989,METRO BUS
145.0253,-37.90949,METRO BUS
145.02245,-37.91008,METRO BUS
145.11365,-37.98105,METRO BUS
145.11365,-37.98336,METRO BUS
145.16065,-37.97258,METRO BUS
145.28698,-37.84106,METRO BUS
145.28685,-37.84381,METRO BUS
145.28657,-37.84757,METRO BUS
145.28642,-37.84996,METRO BUS
145.28626,-37.85243,METRO BUS
145.28616,-37.85432,METRO BUS
145.28597,-37.85782,METRO BUS
145.28833,-37.86174,METRO BUS
145.11091,-37.9838,METRO BUS
145.28774,-37.86807,METRO BUS
145.16419,-37.97303,METRO BUS
145.29005,-37.87189,METRO BUS
145.29208,-37.87358,METRO BUS
145.29469,-37.87207,METRO BUS
145.29737,-37.87179,METRO BUS
145.29862,-37.87312,METRO BUS
145.29938,-37.87687,METRO BUS
145.29916,-37.87821,METRO BUS
145.29876,-37.88057,METRO BUS
145.29459,-37.88706,METRO BUS
145.10796,-37.98836,METRO BUS
145.16596,-37.97324,METRO BUS
145.29455,-37.89094,METRO BUS
145.29292,-37.89385,METRO BUS
145.29402,-37.89617,METRO BUS
145.29455,-37.8988,METRO BUS
145.10679,-37.99182,METRO BUS
145.28033,-37.90637,METRO BUS
145.2712,-37.91311,METRO BUS
145.26425,-37.91405,METRO BUS
145.26294,-37.91364,METRO BUS
145.26488,-37.91535,METRO BUS
145.16623,-37.97571,METRO BUS
145.26754,-37.91558,METRO BUS
145.26969,-37.9169,METRO BUS
145.26921,-37.91949,METRO BUS
145.26879,-37.9217,METRO BUS
145.26572,-37.92293,METRO BUS
145.26329,-37.92145,METRO BUS
145.26236,-37.91879,METRO BUS
145.26155,-37.91668,METRO BUS
145.2608,-37.91517,METRO BUS
145.25709,-37.91637,METRO BUS
145.06518,-37.66976,METRO BUS
145.16587,-37.97774,METRO BUS
145.2561,-37.91818,METRO BUS
145.25392,-37.91982,METRO BUS
145.24978,-37.91869,METRO BUS
145.24633,-37.91818,METRO BUS
145.24508,-37.91959,METRO BUS
145.23094,-37.92791,METRO BUS
145.22586,-37.92726,METRO BUS
145.21954,-37.92647,METRO BUS
145.21152,-37.92542,METRO BUS
145.10635,-37.99417,METRO BUS
145.10581,-37.99698,METRO BUS
145.10527,-37.99977,METRO BUS
145.26863,-38.0965,METRO BUS
145.27244,-38.09696,METRO BUS
145.27569,-38.09724,METRO BUS
145.16923,-37.98381,METRO BUS
145.28116,-38.11269,METRO BUS
145.21188,-38.1407,METRO BUS
145.21166,-38.13891,METRO BUS
145.14518,-37.94659,METRO BUS
145.20802,-38.13472,METRO BUS
145.20566,-38.13559,METRO BUS
145.21113,-38.14395,METRO BUS
145.21052,-38.14723,METRO BUS
145.20984,-38.15074,METRO BUS
145.20932,-38.15357,METRO BUS
145.20839,-38.15543,METRO BUS
145.20627,-38.15445,METRO BUS
145.20167,-38.15337,METRO BUS
145.19902,-38.15169,METRO BUS
145.19777,-38.1499,METRO BUS
145.13512,-37.93099,METRO BUS
145.13267,-37.93033,METRO BUS
145.12933,-37.92989,METRO BUS
145.10757,-37.92652,METRO BUS
145.10824,-37.92312,METRO BUS
145.1087,-37.92076,METRO BUS
145.10767,-37.91987,METRO BUS
145.10682,-37.91778,METRO BUS
145.10519,-37.91713,METRO BUS
145.1053,-37.91574,METRO BUS
145.10462,-37.91318,METRO BUS
145.13957,-37.94463,METRO BUS
145.13825,-37.94297,METRO BUS
145.13457,-37.94262,METRO BUS
145.12985,-37.94187,METRO BUS
145.12685,-37.94166,METRO BUS
145.12363,-37.9413,METRO BUS
145.11999,-37.94082,METRO BUS
145.11388,-37.95575,METRO BUS
145.11348,-37.95802,METRO BUS
145.1794,-37.99519,METRO BUS
145.11149,-37.96299,METRO BUS
145.11107,-37.96535,METRO BUS
145.11218,-37.97113,METRO BUS
145.11179,-37.97344,METRO BUS
145.11202,-37.97544,METRO BUS
145.11369,-37.97773,METRO BUS
145.11378,-37.98092,METRO BUS
145.11389,-37.98306,METRO BUS
145.183,-37.85736,METRO BUS
145.18204,-37.99393,METRO BUS
145.18252,-37.85981,METRO BUS
145.18293,-37.86094,METRO BUS
145.18258,-37.86275,METRO BUS
145.18163,-37.86402,METRO BUS
145.18107,-37.86708,METRO BUS
145.18061,-37.8694,METRO BUS
145.17925,-37.87098,METRO BUS
145.17894,-37.87257,METRO BUS
145.22021,-37.87526,METRO BUS
145.17685,-37.87543,METRO BUS
145.18261,-37.99085,METRO BUS
145.17448,-37.87515,METRO BUS
145.17121,-37.87485,METRO BUS
145.16911,-37.87466,METRO BUS
145.16497,-37.87429,METRO BUS
145.10579,-37.89939,METRO BUS
145.1043,-37.90359,METRO BUS
145.10142,-37.90322,METRO BUS
145.09737,-37.90273,METRO BUS
145.09484,-37.90223,METRO BUS
145.28908,-37.79707,METRO BUS
145.06983,-37.67036,METRO BUS
145.18299,-37.98902,METRO BUS
145.2234,-37.87453,METRO BUS
145.09171,-37.99865,METRO BUS
145.33197,-37.775,METRO BUS
145.18339,-37.98692,METRO BUS
145.09076,-38.00068,METRO BUS
145.08781,-38.00115,METRO BUS
145.18398,-37.9839,METRO BUS
145.22502,-37.87128,METRO BUS
145.22836,-37.87107,METRO BUS
145.22978,-37.86928,METRO BUS
145.2294,-37.86789,METRO BUS
145.22651,-37.86751,METRO BUS
144.97618,-37.79287,METRO BUS
144.97859,-37.79299,METRO BUS
145.18428,-37.98228,METRO BUS
144.98553,-37.79077,METRO BUS
144.99088,-37.78905,METRO BUS
144.99439,-37.79012,METRO BUS
144.99938,-37.78568,METRO BUS
145.0022,-37.78483,METRO BUS
145.00926,-37.78401,METRO BUS
145.01384,-37.7839,METRO BUS
145.01838,-37.78316,METRO BUS
145.02445,-37.78189,METRO BUS
145.02261,-37.78234,METRO BUS
145.18471,-37.98,METRO BUS
145.02623,-37.7816,METRO BUS
145.03052,-37.78084,METRO BUS
145.03253,-37.78046,METRO BUS
145.03439,-37.7801,METRO BUS
145.03766,-37.77701,METRO BUS
145.04278,-37.77184,METRO BUS
145.04618,-37.7717,METRO BUS
145.06289,-37.77064,METRO BUS
145.0611,-37.77217,METRO BUS
145.06692,-37.76598,METRO BUS
145.18505,-37.97804,METRO BUS
145.06721,-37.76517,METRO BUS
145.0677,-37.76373,METRO BUS
145.06536,-37.64881,METRO BUS
145.05966,-37.64814,METRO BUS
145.05536,-37.64766,METRO BUS
145.03057,-37.64568,METRO BUS
145.0094,-37.65059,METRO BUS
144.96179,-37.64525,METRO BUS
145.18549,-37.97575,METRO BUS
145.18552,-37.81821,METRO BUS
145.14229,-37.58283,METRO BUS
145.1333,-37.63403,METRO BUS
145.1321,-37.64041,METRO BUS
145.12109,-37.65119,METRO BUS
145.18556,-37.82327,METRO BUS
145.18556,-37.82513,METRO BUS
145.18571,-37.82712,METRO BUS
145.18685,-37.82914,METRO BUS
145.18713,-37.83065,METRO BUS
145.18777,-37.83348,METRO BUS
145.1966,-37.83698,METRO BUS
145.19791,-37.83813,METRO BUS
145.06793,-37.8511,METRO BUS
145.18931,-37.97616,METRO BUS
145.20489,-37.84204,METRO BUS
145.22217,-37.84684,METRO BUS
145.22732,-37.84825,METRO BUS
145.22654,-37.84948,METRO BUS
145.22261,-37.85192,METRO BUS
145.22224,-37.85291,METRO BUS
145.22648,-37.85592,METRO BUS
145.22871,-37.85664,METRO BUS
145.22806,-37.85878,METRO BUS
145.19167,-37.97784,METRO BUS
145.22679,-37.86124,METRO BUS
145.22487,-37.86475,METRO BUS
145.22529,-37.86384,METRO BUS
145.22679,-37.86092,METRO BUS
145.22788,-37.85884,METRO BUS
145.22821,-37.85659,METRO BUS
145.22669,-37.85609,METRO BUS
145.22512,-37.8556,METRO BUS
145.22234,-37.85314,METRO BUS
145.22267,-37.8518,METRO BUS
145.0703,-37.67341,METRO BUS
145.19537,-37.98039,METRO BUS
145.22647,-37.84916,METRO BUS
145.22069,-37.84685,METRO BUS
145.20419,-37.84168,METRO BUS
145.06833,-37.84911,METRO BUS
145.19824,-37.83868,METRO BUS
145.19641,-37.83703,METRO BUS
145.18758,-37.83337,METRO BUS
145.18707,-37.83088,METRO BUS
145.18674,-37.82913,METRO BUS
145.18549,-37.82659,METRO BUS
145.18543,-37.82307,METRO BUS
145.18543,-37.82023,METRO BUS
145.20409,-37.98302,METRO BUS
144.96203,-37.76714,METRO BUS
144.96172,-37.76895,METRO BUS
145.20515,-37.98315,METRO BUS
145.20784,-37.98402,METRO BUS
145.09256,-37.96997,METRO BUS
145.20945,-37.98621,METRO BUS
145.1789,-37.8764,METRO BUS
145.17278,-37.98929,METRO BUS
145.17815,-37.88044,METRO BUS
145.17727,-37.88512,METRO BUS
145.17927,-37.88692,METRO BUS
145.18135,-37.88727,METRO BUS
145.18289,-37.8886,METRO BUS
145.184,-37.89068,METRO BUS
145.18738,-37.89146,METRO BUS
145.19084,-37.89185,METRO BUS
145.19159,-37.89352,METRO BUS
145.17336,-37.98619,METRO BUS
145.19106,-37.89648,METRO BUS
145.19027,-37.90076,METRO BUS
145.18981,-37.90321,METRO BUS
145.18946,-37.90508,METRO BUS
145.19176,-37.91246,METRO BUS
145.19353,-37.91141,METRO BUS
145.19568,-37.91083,METRO BUS
145.19837,-37.91284,METRO BUS
145.20014,-37.91555,METRO BUS
145.06947,-37.67797,METRO BUS
145.17341,-37.98316,METRO BUS
145.19985,-37.91896,METRO BUS
145.22589,-37.89747,METRO BUS
145.22403,-37.89537,METRO BUS
145.22218,-37.89457,METRO BUS
145.21989,-37.89549,METRO BUS
145.21844,-37.89419,METRO BUS
145.21952,-37.89342,METRO BUS
145.22149,-37.89341,METRO BUS
145.2221,-37.89147,METRO BUS
145.17247,-37.98153,METRO BUS
145.22319,-37.88949,METRO BUS
145.22467,-37.88876,METRO BUS
145.22381,-37.88733,METRO BUS
145.22258,-37.88708,METRO BUS
145.22378,-37.88543,METRO BUS
145.22458,-37.88468,METRO BUS
145.22335,-37.88239,METRO BUS
145.22301,-37.88012,METRO BUS
145.22465,-37.87785,METRO BUS
145.17219,-37.97831,METRO BUS
145.21947,-37.87638,METRO BUS
145.22419,-37.87443,METRO BUS
145.22492,-37.87184,METRO BUS
145.22758,-37.87097,METRO BUS
145.22964,-37.86896,METRO BUS
145.22843,-37.86766,METRO BUS
145.22695,-37.8676,METRO BUS
145.2252,-37.86776,METRO BUS
145.17273,-37.97584,METRO BUS
144.95786,-37.79843,METRO BUS
144.97081,-37.79262,METRO BUS
144.96771,-37.79291,METRO BUS
145.28271,-38.10164,METRO BUS
144.98064,-37.79363,METRO BUS
144.98444,-37.79138,METRO BUS
144.9893,-37.78935,METRO BUS
144.99134,-37.78992,METRO BUS
144.99427,-37.79022,METRO BUS
145.17332,-37.97275,METRO BUS
144.99903,-37.78605,METRO BUS
145.00136,-37.78527,METRO BUS
145.00849,-37.78398,METRO BUS
145.01355,-37.78407,METRO BUS
145.01812,-37.78336,METRO BUS
145.02214,-37.78251,METRO BUS
145.02431,-37.7821,METRO BUS
145.02645,-37.78171,METRO BUS
145.02891,-37.78124,METRO BUS
145.03421,-37.78026,METRO BUS
145.17396,-37.96956,METRO BUS
145.03206,-37.78064,METRO BUS
145.03758,-37.77735,METRO BUS
145.05508,-37.80164,METRO BUS
145.05472,-37.80354,METRO BUS
145.05434,-37.80552,METRO BUS
145.05364,-37.80937,METRO BUS
145.05239,-37.80977,METRO BUS
145.05181,-37.81287,METRO BUS
145.04861,-37.81273,METRO BUS
145.04662,-37.81544,METRO BUS
145.04592,-37.8181,METRO BUS
145.04453,-37.82557,METRO BUS
145.04422,-37.82707,METRO BUS
145.04379,-37.82961,METRO BUS
145.04335,-37.83204,METRO BUS
145.04285,-37.83476,METRO BUS
145.04259,-37.8362,METRO BUS
145.04232,-37.8377,METRO BUS
145.04592,-37.83812,METRO BUS
145.04622,-37.8389,METRO BUS
145.04546,-37.8431,METRO BUS
145.04488,-37.84636,METRO BUS
145.04229,-37.85288,METRO BUS
145.04175,-37.85563,METRO BUS
145.04133,-37.85781,METRO BUS
145.04067,-37.86139,METRO BUS
145.04025,-37.86366,METRO BUS
145.03972,-37.86652,METRO BUS
145.03937,-37.8684,METRO BUS
145.03878,-37.87133,METRO BUS
145.06298,-37.9217,METRO BUS
145.05827,-37.92109,METRO BUS
145.05588,-37.92078,METRO BUS
145.05378,-37.92052,METRO BUS
145.05141,-37.92022,METRO BUS
145.04671,-37.91957,METRO BUS
145.04269,-37.91903,METRO BUS
145.03258,-37.91777,METRO BUS
145.02867,-37.91729,METRO BUS
145.0253,-37.91687,METRO BUS
145.02376,-37.91669,METRO BUS
145.02106,-37.91633,METRO BUS
145.01883,-37.91603,METRO BUS
145.01657,-37.91578,METRO BUS
145.01327,-37.9154,METRO BUS
145.00836,-37.91485,METRO BUS
145.06899,-37.68071,METRO BUS
145.00725,-37.91197,METRO BUS
145.00807,-37.90722,METRO BUS
144.99451,-37.91557,METRO BUS
145.22425,-37.9982,METRO BUS
144.97896,-37.79844,METRO BUS
144.6603,-37.72898,METRO BUS
144.82345,-37.77668,METRO BUS
145.05861,-37.74646,METRO BUS
145.17734,-37.88408,METRO BUS
145.06798,-37.6855,METRO BUS
145.06201,-37.74454,METRO BUS
145.06343,-37.74372,METRO BUS
145.06657,-37.74318,METRO BUS
145.06747,-37.74484,METRO BUS
145.07013,-37.7451,METRO BUS
145.07328,-37.74291,METRO BUS
145.07599,-37.74321,METRO BUS
145.03865,-37.94727,METRO BUS
145.03904,-37.94565,METRO BUS
145.03861,-37.9447,METRO BUS
145.03518,-37.94429,METRO BUS
145.07848,-37.74211,METRO BUS
145.03242,-37.94396,METRO BUS
145.02874,-37.94353,METRO BUS
145.02564,-37.94316,METRO BUS
145.02308,-37.94129,METRO BUS
145.02372,-37.93779,METRO BUS
145.02376,-37.93556,METRO BUS
145.02011,-37.93514,METRO BUS
145.01694,-37.9347,METRO BUS
145.01344,-37.9343,METRO BUS
145.08357,-37.74328,METRO BUS
145.01031,-37.93391,METRO BUS
145.00629,-37.93342,METRO BUS
145.0037,-37.93308,METRO BUS
145.25372,-37.8927,METRO BUS
145.25163,-37.8888,METRO BUS
145.24496,-37.89139,METRO BUS
145.24398,-37.89266,METRO BUS
145.0886,-37.74424,METRO BUS
145.2404,-37.89362,METRO BUS
145.24038,-37.89107,METRO BUS
145.24042,-37.88867,METRO BUS
145.24351,-37.8833,METRO BUS
145.24376,-37.88193,METRO BUS
145.24589,-37.87952,METRO BUS
145.24535,-37.87723,METRO BUS
145.24362,-37.87644,METRO BUS
145.06553,-37.68895,METRO BUS
145.09009,-37.74226,METRO BUS
145.2375,-37.87444,METRO BUS
145.23749,-37.87248,METRO BUS
145.26964,-37.84743,METRO BUS
145.26918,-37.84989,METRO BUS
145.08991,-37.7402,METRO BUS
145.26874,-37.85227,METRO BUS
145.09078,-37.73958,METRO BUS
145.09102,-37.73802,METRO BUS
145.09068,-37.73672,METRO BUS
144.14104,-37.34271,METRO BUS
145.09114,-37.73307,METRO BUS
144.97921,-37.41416,METRO BUS
144.97947,-37.41435,METRO BUS
145.08716,-37.73242,METRO BUS
145.26667,-37.98342,METRO BUS
145.08827,-38.00431,METRO BUS
145.11186,-38.01731,METRO BUS
145.11482,-38.01807,METRO BUS
145.11936,-38.0192,METRO BUS
145.12403,-38.02161,METRO BUS
145.09222,-37.72961,METRO BUS
145.12671,-38.02397,METRO BUS
145.12913,-38.02603,METRO BUS
145.13323,-38.03554,METRO BUS
145.13093,-38.03662,METRO BUS
145.13212,-38.03895,METRO BUS
145.13331,-38.0406,METRO BUS
145.13728,-38.04494,METRO BUS
145.14153,-38.0477,METRO BUS
145.09615,-37.72881,METRO BUS
145.14058,-38.04588,METRO BUS
145.14308,-38.06876,METRO BUS
145.13906,-38.07032,METRO BUS
145.13386,-38.07235,METRO BUS
145.12722,-38.077,METRO BUS
145.12592,-38.078,METRO BUS
145.23833,-37.87753,METRO BUS
145.24048,-37.88094,METRO BUS
145.10131,-37.72912,METRO BUS
145.2434,-37.8831,METRO BUS
145.24383,-37.88476,METRO BUS
145.24148,-37.88659,METRO BUS
145.2405,-37.88866,METRO BUS
145.24048,-37.89098,METRO BUS
145.24049,-37.89379,METRO BUS
145.24497,-37.89132,METRO BUS
145.06326,-37.69133,METRO BUS
145.10175,-37.72837,METRO BUS
145.248,-37.89128,METRO BUS
145.25859,-37.8745,METRO BUS
145.25943,-37.87293,METRO BUS
145.26924,-37.84905,METRO BUS
145.10398,-37.72577,METRO BUS
145.2695,-37.84749,METRO BUS
145.26984,-37.84559,METRO BUS
145.24091,-37.84639,METRO BUS
145.23279,-37.84704,METRO BUS
145.21602,-37.85634,METRO BUS
145.10423,-37.72362,METRO BUS
145.10387,-37.7211,METRO BUS
145.10444,-37.71786,METRO BUS
145.10175,-37.71686,METRO BUS
145.10152,-37.71502,METRO BUS
145.36339,-38.06029,METRO BUS
145.04335,-37.77195,METRO BUS
145.04752,-37.77181,METRO BUS
145.2824,-38.10144,METRO BUS
145.06129,-37.77219,METRO BUS
145.06707,-37.76592,METRO BUS
145.06741,-37.76492,METRO BUS
145.06787,-37.76358,METRO BUS
145.10174,-37.71375,METRO BUS
145.06452,-37.64852,METRO BUS
145.05994,-37.64804,METRO BUS
145.05479,-37.64747,METRO BUS
145.03047,-37.64566,METRO BUS
144.95998,-37.64471,METRO BUS
145.10207,-37.71187,METRO BUS
145.10926,-37.69592,METRO BUS
145.11231,-37.69346,METRO BUS
145.1135,-37.69079,METRO BUS
145.10055,-37.7104,METRO BUS
145.06816,-37.849,METRO BUS
145.12135,-37.65036,METRO BUS
145.12832,-37.64801,METRO BUS
145.13308,-37.63449,METRO BUS
145.1347,-37.62516,METRO BUS
145.1379,-37.60617,METRO BUS
145.1423,-37.58197,METRO BUS
145.05952,-37.69564,METRO BUS
145.09996,-37.70873,METRO BUS
145.06859,-37.84777,METRO BUS
145.10918,-37.69967,METRO BUS
145.11126,-37.69965,METRO BUS
145.31812,-38.15947,METRO BUS
145.3184,-38.15898,METRO BUS
145.11544,-37.69989,METRO BUS
145.11823,-37.70008,METRO BUS
145.12099,-37.7005,METRO BUS
146.67476,-38.56485,METRO BUS
145.12371,-37.70206,METRO BUS
145.12582,-37.70342,METRO BUS
145.10983,-38.0009,METRO BUS
145.12825,-37.70344,METRO BUS
145.11072,-38.00284,METRO BUS
145.10974,-38.00435,METRO BUS
145.11124,-38.0055,METRO BUS
145.11264,-38.00705,METRO BUS
145.11096,-38.00801,METRO BUS
145.10722,-38.00758,METRO BUS
145.10206,-38.0076,METRO BUS
145.061,-37.7003,METRO BUS
145.13212,-37.69862,METRO BUS
145.0989,-38.00844,METRO BUS
145.09521,-38.00951,METRO BUS
145.09278,-38.00983,METRO BUS
145.08994,-38.00862,METRO BUS
145.13615,-37.6971,METRO BUS
145.13608,-37.69241,METRO BUS
144.55204,-37.67227,METRO BUS
144.55225,-37.67191,METRO BUS
145.26432,-38.07957,METRO BUS
145.26351,-38.07619,METRO BUS
145.26615,-38.07588,METRO BUS
145.26738,-38.07401,METRO BUS
145.13671,-37.69035,METRO BUS
145.2708,-38.07359,METRO BUS
145.26828,-38.06842,METRO BUS
145.27074,-38.06946,METRO BUS
145.27305,-38.07016,METRO BUS
145.27522,-38.07104,METRO BUS
145.2757,-38.07347,METRO BUS
145.27688,-38.07476,METRO BUS
145.28248,-38.07679,METRO BUS
145.13481,-37.68794,METRO BUS
145.28473,-38.07892,METRO BUS
145.28922,-38.08032,METRO BUS
145.29121,-38.07914,METRO BUS
145.28041,-38.07519,METRO BUS
145.28595,-38.07963,METRO BUS
145.13625,-37.68632,METRO BUS
145.27787,-38.0141,METRO BUS
145.27716,-38.01586,METRO BUS
145.27493,-38.01589,METRO BUS
145.14535,-37.687,METRO BUS
145.26721,-38.04221,METRO BUS
145.27025,-38.04264,METRO BUS
145.27376,-38.04379,METRO BUS
145.27851,-38.04453,METRO BUS
145.2797,-38.04235,METRO BUS
145.2808,-38.03977,METRO BUS
145.27904,-38.03889,METRO BUS
145.28008,-38.03688,METRO BUS
145.27982,-38.03353,METRO BUS
145.28341,-38.03535,METRO BUS
145.14788,-37.68815,METRO BUS
145.28773,-38.03745,METRO BUS
145.2933,-38.04785,METRO BUS
145.2939,-38.04898,METRO BUS
145.29615,-38.05059,METRO BUS
145.28705,-38.05227,METRO BUS
145.14544,-37.69018,METRO BUS
145.02462,-37.78798,METRO BUS
145.14276,-37.68872,METRO BUS
145.11082,-37.9839,METRO BUS
145.10831,-37.98838,METRO BUS
145.10703,-37.99168,METRO BUS
145.1066,-37.99444,METRO BUS
145.10605,-37.99735,METRO BUS
145.10558,-37.99979,METRO BUS
145.10946,-38.00072,METRO BUS
145.11083,-38.00298,METRO BUS
145.10987,-38.00443,METRO BUS
145.1111,-38.00537,METRO BUS
145.06481,-37.70066,METRO BUS
145.14209,-37.69233,METRO BUS
145.11273,-38.00719,METRO BUS
145.11075,-38.00815,METRO BUS
145.10641,-38.00763,METRO BUS
145.10205,-38.00776,METRO BUS
145.09879,-38.00866,METRO BUS
145.09544,-38.00958,METRO BUS
145.09272,-38.00997,METRO BUS
145.08864,-38.00712,METRO BUS
145.14155,-37.69528,METRO BUS
145.26436,-38.07943,METRO BUS
145.26367,-38.0762,METRO BUS
145.26587,-38.07584,METRO BUS
145.26747,-38.07411,METRO BUS
145.27043,-38.07444,METRO BUS
145.26825,-38.06895,METRO BUS
145.27046,-38.06923,METRO BUS
145.27296,-38.07021,METRO BUS
145.14116,-37.69734,METRO BUS
145.27469,-38.07107,METRO BUS
145.27565,-38.07343,METRO BUS
145.2769,-38.07485,METRO BUS
145.28046,-38.07529,METRO BUS
145.28232,-38.07673,METRO BUS
145.28333,-38.07886,METRO BUS
145.28584,-38.07972,METRO BUS
145.29036,-38.08052,METRO BUS
145.29131,-38.07916,METRO BUS
145.29463,-38.07846,METRO BUS
145.13738,-37.70099,METRO BUS
145.29558,-38.07708,METRO BUS
145.13356,-37.70057,METRO BUS
145.27799,-38.01398,METRO BUS
145.27713,-38.01598,METRO BUS
145.27467,-38.01598,METRO BUS
145.26713,-38.04212,METRO BUS
145.27033,-38.04257,METRO BUS
145.27382,-38.04366,METRO BUS
145.27952,-38.04239,METRO BUS
145.12954,-37.7015,METRO BUS
145.27873,-38.04402,METRO BUS
145.27898,-38.03885,METRO BUS
145.28062,-38.03983,METRO BUS
145.27981,-38.03577,METRO BUS
145.28057,-38.03314,METRO BUS
145.28302,-38.0351,METRO BUS
145.29327,-38.04763,METRO BUS
145.29454,-38.04954,METRO BUS
145.29617,-38.05051,METRO BUS
145.29519,-38.05201,METRO BUS
145.02924,-37.80428,METRO BUS
145.03933,-37.79218,METRO BUS
145.06858,-37.70103,METRO BUS
145.04787,-37.79152,METRO BUS
145.02479,-37.94668,METRO BUS
145.14363,-37.89669,METRO BUS
145.14285,-37.90075,METRO BUS
145.14232,-37.90395,METRO BUS
145.14199,-37.90588,METRO BUS
145.14155,-37.90802,METRO BUS
145.14115,-37.90999,METRO BUS
145.1408,-37.91201,METRO BUS
145.0861,-37.9244,METRO BUS
145.08114,-37.92379,METRO BUS
145.07844,-37.9235,METRO BUS
145.07674,-37.92332,METRO BUS
145.07247,-37.92279,METRO BUS
145.06668,-37.92206,METRO BUS
145.06274,-37.92155,METRO BUS
145.05614,-37.92072,METRO BUS
145.05384,-37.92042,METRO BUS
145.05036,-37.91996,METRO BUS
145.04684,-37.91948,METRO BUS
145.0426,-37.91891,METRO BUS
145.04015,-37.91858,METRO BUS
145.0328,-37.91767,METRO BUS
145.02883,-37.91721,METRO BUS
145.02462,-37.91669,METRO BUS
145.02123,-37.91623,METRO BUS
145.01901,-37.91592,METRO BUS
145.01575,-37.91557,METRO BUS
145.01314,-37.91528,METRO BUS
145.00842,-37.91474,METRO BUS
145.06616,-37.68897,METRO BUS
145.00618,-37.91639,METRO BUS
145.00365,-37.91475,METRO BUS
145.06398,-37.6912,METRO BUS
145.05813,-37.70117,METRO BUS
144.36037,-38.14723,METRO BUS
145.22725,-38.00498,METRO BUS
145.07295,-37.70146,METRO BUS
145.04043,-37.71891,METRO BUS
145.03686,-37.72022,METRO BUS
145.03145,-37.72227,METRO BUS
145.22923,-38.009,METRO BUS
145.07609,-37.70178,METRO BUS
144.97431,-37.79798,METRO BUS
145.23129,-38.01336,METRO BUS
145.01788,-37.77997,METRO BUS
145.02435,-37.76988,METRO BUS
145.02449,-37.73215,METRO BUS
145.0792,-37.7021,METRO BUS
145.23849,-38.02072,METRO BUS
145.24324,-38.02605,METRO BUS
145.25,-38.02746,METRO BUS
145.25027,-38.02997,METRO BUS
145.25489,-38.03057,METRO BUS
145.25807,-38.03099,METRO BUS
145.26289,-38.03161,METRO BUS
145.26633,-38.03935,METRO BUS
145.26589,-38.04145,METRO BUS
145.08288,-37.70246,METRO BUS
145.26506,-38.04567,METRO BUS
145.27658,-38.04917,METRO BUS
145.2808,-38.04968,METRO BUS
145.2733,-38.04875,METRO BUS
144.94332,-37.76731,METRO BUS
144.94389,-37.76471,METRO BUS
144.94438,-37.76204,METRO BUS
144.94499,-37.75856,METRO BUS
144.94539,-37.75662,METRO BUS
144.9459,-37.75316,METRO BUS
144.94456,-37.7464,METRO BUS
144.945,-37.74393,METRO BUS
144.9454,-37.74159,METRO BUS
144.94559,-37.74012,METRO BUS
145.2664,-38.0321,METRO BUS
145.08632,-37.70284,METRO BUS
145.24305,-37.9908,METRO BUS
145.28414,-38.10948,METRO BUS
145.28185,-38.1044,METRO BUS
144.96849,-37.70207,METRO BUS
145.28271,-38.09712,METRO BUS
145.27825,-38.08679,METRO BUS
145.2756,-38.08126,METRO BUS
145.24745,-37.99131,METRO BUS
145.2729,-38.07692,METRO BUS
145.26885,-38.07053,METRO BUS
145.26211,-38.05757,METRO BUS
145.25774,-38.05112,METRO BUS
145.25411,-38.0525,METRO BUS
145.24993,-37.99159,METRO BUS
145.25479,-38.04678,METRO BUS
144.55615,-37.69292,METRO BUS
144.56951,-37.67827,METRO BUS
144.96851,-37.70196,METRO BUS
145.26733,-38.03446,METRO BUS
145.25209,-37.99182,METRO BUS
145.25147,-38.02597,METRO BUS
145.25396,-38.0263,METRO BUS
145.25733,-38.02675,METRO BUS
145.26078,-38.0272,METRO BUS
145.26372,-38.02759,METRO BUS
145.26495,-38.02727,METRO BUS
145.25083,-37.98891,METRO BUS
145.26462,-38.02489,METRO BUS
145.26113,-38.02325,METRO BUS
145.26254,-38.02157,METRO BUS
145.26549,-38.0219,METRO BUS
145.26911,-38.02382,METRO BUS
145.27115,-38.01614,METRO BUS
145.27252,-38.00954,METRO BUS
145.27211,-38.00628,METRO BUS
145.2471,-37.98813,METRO BUS
145.26616,-38.00553,METRO BUS
145.25861,-38.00461,METRO BUS
145.24932,-38.00349,METRO BUS
145.24477,-38.00291,METRO BUS
145.22918,-38.00108,METRO BUS
145.24251,-37.988,METRO BUS
145.24701,-37.99596,METRO BUS
145.23911,-37.98904,METRO BUS
145.23871,-37.99114,METRO BUS
145.09114,-37.70349,METRO BUS
145.23832,-37.99316,METRO BUS
145.19884,-37.95951,METRO BUS
145.19943,-37.95651,METRO BUS
145.19784,-37.95547,METRO BUS
145.19635,-37.95453,METRO BUS
145.19661,-37.95141,METRO BUS
145.19696,-37.94967,METRO BUS
145.19761,-37.9463,METRO BUS
145.19811,-37.94369,METRO BUS
145.19792,-37.94157,METRO BUS
145.09472,-37.70376,METRO BUS
145.19483,-37.94129,METRO BUS
144.8229,-37.77952,METRO BUS
144.82255,-37.78151,METRO BUS
145.17201,-37.9328,METRO BUS
145.05,-37.96481,METRO BUS
145.45606,-38.06186,METRO BUS
145.17249,-37.93023,METRO BUS
145.17286,-37.92865,METRO BUS
145.17375,-37.92554,METRO BUS
145.17119,-37.92359,METRO BUS
145.17775,-37.91648,METRO BUS
145.17823,-37.91354,METRO BUS
145.09767,-37.70408,METRO BUS
145.17823,-37.9107,METRO BUS
145.17503,-37.91031,METRO BUS
145.17183,-37.90949,METRO BUS
145.17073,-37.90654,METRO BUS
145.17053,-37.90456,METRO BUS
145.16669,-37.90421,METRO BUS
145.2091,-37.9945,METRO BUS
145.20592,-37.99413,METRO BUS
144.88726,-37.77306,METRO BUS
144.88748,-37.77317,METRO BUS
144.88768,-37.77326,METRO BUS
144.88783,-37.77332,METRO BUS
144.88809,-37.77305,METRO BUS
144.88783,-37.77303,METRO BUS
144.88761,-37.77299,METRO BUS
144.88741,-37.77293,METRO BUS
145.20411,-37.99621,METRO BUS
145.20376,-37.99788,METRO BUS
145.10162,-37.70452,METRO BUS
145.2076,-37.99855,METRO BUS
145.20839,-38.00103,METRO BUS
144.82229,-37.78314,METRO BUS
144.94415,-37.76216,METRO BUS
144.94477,-37.75874,METRO BUS
145.20942,-37.98611,METRO BUS
144.94566,-37.75343,METRO BUS
144.94477,-37.74412,METRO BUS
144.94513,-37.74197,METRO BUS
144.94545,-37.74017,METRO BUS
145.2077,-37.98549,METRO BUS
145.20799,-37.98391,METRO BUS
145.20608,-37.98261,METRO BUS
145.1069,-37.70314,METRO BUS
145.20642,-37.98078,METRO BUS
145.20671,-37.9792,METRO BUS
145.20249,-37.9742,METRO BUS
145.29069,-38.01317,METRO BUS
145.29072,-38.00762,METRO BUS
145.28945,-38.00602,METRO BUS
145.20018,-37.97188,METRO BUS
145.19297,-37.96539,METRO BUS
145.19121,-37.964,METRO BUS
145.1883,-37.96142,METRO BUS
145.18455,-37.95793,METRO BUS
145.17798,-37.95224,METRO BUS
145.17683,-37.95123,METRO BUS
145.10854,-38.03788,METRO BUS
145.10887,-38.03818,METRO BUS
145.08789,-38.00598,METRO BUS
145.0767,-37.99321,METRO BUS
145.07744,-37.99329,METRO BUS
145.10347,-37.70394,METRO BUS
145.1815,-37.95535,METRO BUS
145.08861,-37.99319,METRO BUS
145.17335,-37.94789,METRO BUS
145.17028,-37.94518,METRO BUS
145.16743,-37.94273,METRO BUS
144.88254,-37.84253,METRO BUS
144.88228,-37.84249,METRO BUS
144.88237,-37.84266,METRO BUS
144.83079,-37.7878,METRO BUS
144.83019,-37.78839,METRO BUS
144.82993,-37.78836,METRO BUS
144.83032,-37.78831,METRO BUS
144.83304,-37.78741,METRO BUS
145.16482,-37.94027,METRO BUS
144.8326,-37.78711,METRO BUS
144.8329,-37.78727,METRO BUS
144.83276,-37.78713,METRO BUS
144.72867,-37.57894,METRO BUS
144.72878,-37.57879,METRO BUS
145.00831,-37.93364,METRO BUS
145.08812,-38.00434,METRO BUS
144.72888,-37.57865,METRO BUS
144.72856,-37.57879,METRO BUS
145.16257,-37.93829,METRO BUS
144.72842,-37.579,METRO BUS
144.83278,-37.78697,METRO BUS
144.83301,-37.78698,METRO BUS
144.8331,-37.78729,METRO BUS
144.83318,-37.7872,METRO BUS
144.83263,-37.78699,METRO BUS
144.83322,-37.78743,METRO BUS
144.88874,-37.71333,METRO BUS
145.15911,-37.93531,METRO BUS
144.91658,-37.75588,METRO BUS
144.91658,-37.75599,METRO BUS
144.91694,-37.7556,METRO BUS
144.9158,-37.75546,METRO BUS
144.91584,-37.75604,METRO BUS
144.92481,-37.76655,METRO BUS
144.92478,-37.76651,METRO BUS
144.92477,-37.76646,METRO BUS
144.92475,-37.76641,METRO BUS
144.92452,-37.76641,METRO BUS
145.06665,-37.84709,METRO BUS
145.06409,-37.84678,METRO BUS
145.06216,-37.84611,METRO BUS
145.0883,-37.70244,METRO BUS
144.97093,-37.79762,METRO BUS
145.06268,-37.84329,METRO BUS
145.06296,-37.84169,METRO BUS
145.06333,-37.83976,METRO BUS
145.06371,-37.83788,METRO BUS
145.0619,-37.8357,METRO BUS
145.05964,-37.83376,METRO BUS
145.05834,-37.83152,METRO BUS
145.05827,-37.83077,METRO BUS
145.05853,-37.82916,METRO BUS
145.06171,-37.82873,METRO BUS
145.06383,-37.82902,METRO BUS
145.06526,-37.82915,METRO BUS
145.073,-37.83006,METRO BUS
145.07576,-37.8304,METRO BUS
145.0784,-37.83068,METRO BUS
145.08025,-37.83087,METRO BUS
145.08274,-37.83139,METRO BUS
145.02416,-37.72507,METRO BUS
145.0886,-37.83207,METRO BUS
145.08915,-37.83117,METRO BUS
145.08948,-37.82919,METRO BUS
145.09066,-37.82809,METRO BUS
145.09258,-37.82853,METRO BUS
145.09617,-37.82901,METRO BUS
145.09725,-37.82637,METRO BUS
145.098,-37.8222,METRO BUS
145.09824,-37.82113,METRO BUS
145.09881,-37.81884,METRO BUS
145.02771,-37.72394,METRO BUS
145.09959,-37.81465,METRO BUS
145.10018,-37.81187,METRO BUS
145.10033,-37.81059,METRO BUS
145.10067,-37.80975,METRO BUS
145.10387,-37.80936,METRO BUS
145.10498,-37.80952,METRO BUS
145.1069,-37.80978,METRO BUS
145.10877,-37.80997,METRO BUS
145.11109,-37.81077,METRO BUS
145.1135,-37.81107,METRO BUS
145.03037,-37.72233,METRO BUS
145.11519,-37.81129,METRO BUS
145.11632,-37.81164,METRO BUS
145.11831,-37.8119,METRO BUS
145.11997,-37.81207,METRO BUS
145.12054,-37.81323,METRO BUS
145.12398,-37.81364,METRO BUS
145.12397,-37.81748,METRO BUS
144.92451,-37.76635,METRO BUS
144.92448,-37.76631,METRO BUS
145.03625,-37.72011,METRO BUS
144.92445,-37.76626,METRO BUS
144.91908,-37.76601,METRO BUS
144.95846,-37.69994,METRO BUS
144.94652,-37.66616,METRO BUS
144.94653,-37.66605,METRO BUS
144.94641,-37.66649,METRO BUS
145.04082,-37.71839,METRO BUS
145.30858,-37.89302,METRO BUS
145.30835,-37.8931,METRO BUS
145.00725,-37.71684,METRO BUS
145.00673,-37.71767,METRO BUS
145.1349,-38.1223,METRO BUS
144.82397,-37.78497,METRO BUS
145.06846,-37.8474,METRO BUS
145.0664,-37.84715,METRO BUS
145.06412,-37.8469,METRO BUS
145.06207,-37.84606,METRO BUS
145.06258,-37.8433,METRO BUS
145.06295,-37.84136,METRO BUS
145.06165,-37.83565,METRO BUS
145.05983,-37.83408,METRO BUS
145.00587,-37.75283,METRO BUS
145.05964,-37.83229,METRO BUS
145.05938,-37.83039,METRO BUS
145.05968,-37.8287,METRO BUS
145.06181,-37.82865,METRO BUS
145.06369,-37.82888,METRO BUS
145.06565,-37.8291,METRO BUS
145.0671,-37.82928,METRO BUS
145.0739,-37.83006,METRO BUS
145.07609,-37.83031,METRO BUS
145.09,-37.69976,METRO BUS
145.00224,-37.75241,METRO BUS
145.08043,-37.83083,METRO BUS
145.08249,-37.83123,METRO BUS
145.08868,-37.83198,METRO BUS
145.08917,-37.83046,METRO BUS
145.08942,-37.82917,METRO BUS
145.09053,-37.8283,METRO BUS
145.0919,-37.82849,METRO BUS
145.09405,-37.82862,METRO BUS
145.09604,-37.82884,METRO BUS
145.00171,-37.75128,METRO BUS
145.09787,-37.82236,METRO BUS
145.09835,-37.82007,METRO BUS
145.0987,-37.8184,METRO BUS
145.09939,-37.81463,METRO BUS
145.0999,-37.81215,METRO BUS
145.10087,-37.80971,METRO BUS
145.10397,-37.80929,METRO BUS
145.10504,-37.80942,METRO BUS
145.00209,-37.74945,METRO BUS
145.10653,-37.80962,METRO BUS
145.10887,-37.80991,METRO BUS
145.11162,-37.81076,METRO BUS
145.11576,-37.81131,METRO BUS
145.1164,-37.81156,METRO BUS
145.1183,-37.81176,METRO BUS
145.11997,-37.81196,METRO BUS
145.12056,-37.81312,METRO BUS
145.12434,-37.81356,METRO BUS
145.00229,-37.74809,METRO BUS
145.00251,-37.74654,METRO BUS
145.00285,-37.74451,METRO BUS
145.00313,-37.74289,METRO BUS
145.00364,-37.74007,METRO BUS
145.00404,-37.73745,METRO BUS
145.23581,-37.87593,METRO BUS
145.00446,-37.73458,METRO BUS
145.24566,-37.88113,METRO BUS
145.2435,-37.88489,METRO BUS
145.2414,-37.88656,METRO BUS
145.24109,-37.89498,METRO BUS
145.25373,-37.88888,METRO BUS
145.25374,-37.89144,METRO BUS
145.09064,-37.69566,METRO BUS
145.00467,-37.73362,METRO BUS
145.00516,-37.73107,METRO BUS
145.00598,-37.7263,METRO BUS
145.00629,-37.72475,METRO BUS
145.00707,-37.72012,METRO BUS
144.82599,-37.78517,METRO BUS
145.09059,-37.69316,METRO BUS
145.02165,-37.71712,METRO BUS
145.26229,-37.86729,METRO BUS
144.24199,-36.80344,METRO BUS
145.01976,-37.70839,METRO BUS
145.02005,-37.70687,METRO BUS
145.02992,-37.70069,METRO BUS
145.02867,-37.70255,METRO BUS
145.08943,-37.69258,METRO BUS
144.82714,-37.78742,METRO BUS
145.04428,-37.76643,METRO BUS
145.06732,-37.71801,METRO BUS
145.00695,-37.71716,METRO BUS
145.00686,-37.71732,METRO BUS
145.03873,-37.76259,METRO BUS
145.00742,-37.71667,METRO BUS
145.01411,-37.68066,METRO BUS
145.01408,-37.68082,METRO BUS
145.01401,-37.68078,METRO BUS
145.01399,-37.6806,METRO BUS
145.01386,-37.68084,METRO BUS
145.01491,-37.68006,METRO BUS
144.82807,-37.78804,METRO BUS
145.01788,-37.65233,METRO BUS
145.01673,-37.6522,METRO BUS
145.01768,-37.6523,METRO BUS
145.04932,-37.79921,METRO BUS
145.04959,-37.7993,METRO BUS
145.04945,-37.79926,METRO BUS
144.96564,-37.8075,METRO BUS
144.937,-37.78394,METRO BUS
144.93394,-37.78244,METRO BUS
144.93263,-37.78112,METRO BUS
144.93122,-37.77944,METRO BUS
144.92983,-37.77746,METRO BUS
144.92854,-37.77554,METRO BUS
144.92691,-37.77243,METRO BUS
144.92545,-37.76431,METRO BUS
144.92581,-37.76253,METRO BUS
144.92629,-37.75974,METRO BUS
145.12484,-37.7838,METRO BUS
144.92582,-37.75581,METRO BUS
144.92276,-37.75547,METRO BUS
144.92021,-37.75517,METRO BUS
145.01807,-37.77994,METRO BUS
145.02471,-37.78787,METRO BUS
145.08655,-37.69228,METRO BUS
144.71755,-37.87534,METRO BUS
145.03995,-37.74142,METRO BUS
145.00817,-37.89988,METRO BUS
145.25362,-38.03864,METRO BUS
145.06797,-37.71948,METRO BUS
145.08558,-37.69384,METRO BUS
145.06808,-37.72206,METRO BUS
145.06867,-37.72643,METRO BUS
145.06521,-37.72798,METRO BUS
145.06293,-37.72967,METRO BUS
145.0597,-37.72944,METRO BUS
145.19032,-37.89187,METRO BUS
144.90577,-37.74269,METRO BUS
144.89935,-37.74003,METRO BUS
145.12487,-37.78429,METRO BUS
145.12495,-37.78365,METRO BUS
145.12485,-37.78403,METRO BUS
145.12482,-37.78356,METRO BUS
145.12497,-37.78382,METRO BUS
145.12499,-37.78402,METRO BUS
145.08486,-37.69803,METRO BUS
144.951,-37.81189,METRO BUS
144.94993,-37.80981,METRO BUS
144.95005,-37.8105,METRO BUS
144.95068,-37.81181,METRO BUS
144.9506,-37.80999,METRO BUS
144.95204,-37.8093,METRO BUS
144.95463,-37.8087,METRO BUS
144.96194,-37.81916,METRO BUS
144.9618,-37.81897,METRO BUS
144.96649,-37.80957,METRO BUS
144.96605,-37.80665,METRO BUS
144.96631,-37.80858,METRO BUS
144.96896,-37.80884,METRO BUS
144.97132,-37.80972,METRO BUS
144.96886,-37.81044,METRO BUS
144.96503,-37.81157,METRO BUS
144.95702,-37.8139,METRO BUS
144.95208,-37.81482,METRO BUS
144.95512,-37.81429,METRO BUS
145.15686,-37.93293,METRO BUS
144.95787,-37.81345,METRO BUS
144.96065,-37.81264,METRO BUS
144.34822,-38.12255,METRO BUS
144.34836,-38.12272,METRO BUS
144.96528,-37.81131,METRO BUS
144.9652,-37.81133,METRO BUS
144.97025,-37.80983,METRO BUS
145.34387,-37.90828,METRO BUS
145.34411,-37.90844,METRO BUS
145.35486,-37.90968,METRO BUS
145.355,-37.90958,METRO BUS
145.35532,-37.90928,METRO BUS
145.35531,-37.90927,METRO BUS
144.94861,-37.80823,METRO BUS
144.94672,-37.80686,METRO BUS
144.94455,-37.8059,METRO BUS
144.94344,-37.80565,METRO BUS
144.94731,-37.80739,METRO BUS
145.01053,-37.71279,METRO BUS
144.93717,-37.78422,METRO BUS
145.0845,-37.70009,METRO BUS
144.93387,-37.78257,METRO BUS
144.93266,-37.78144,METRO BUS
144.93131,-37.77981,METRO BUS
144.92977,-37.7777,METRO BUS
144.92847,-37.77575,METRO BUS
144.92695,-37.77301,METRO BUS
145.06488,-37.98201,METRO BUS
145.0648,-37.98195,METRO BUS
145.06435,-37.98157,METRO BUS
145.06443,-37.98167,METRO BUS
145.15316,-37.93069,METRO BUS
145.03683,-37.93524,METRO BUS
144.92559,-37.7627,METRO BUS
144.92608,-37.75986,METRO BUS
144.92635,-37.75825,METRO BUS
144.92604,-37.75611,METRO BUS
144.92096,-37.75546,METRO BUS
145.23825,-37.8695,METRO BUS
145.14931,-37.92826,METRO BUS
145.23803,-37.86943,METRO BUS
145.2387,-37.86947,METRO BUS
145.23877,-37.86934,METRO BUS
145.23804,-37.86925,METRO BUS
145.23819,-37.86931,METRO BUS
145.23837,-37.86937,METRO BUS
145.23864,-37.86931,METRO BUS
145.12233,-37.81924,METRO BUS
145.14571,-37.92598,METRO BUS
145.12248,-37.81927,METRO BUS
145.12258,-37.81948,METRO BUS
145.12253,-37.81963,METRO BUS
145.12251,-37.81978,METRO BUS
145.12248,-37.81992,METRO BUS
145.12238,-37.82007,METRO BUS
145.12226,-37.82004,METRO BUS
145.1221,-37.81996,METRO BUS
145.12214,-37.81983,METRO BUS
145.12217,-37.81969,METRO BUS
145.14252,-37.92398,METRO BUS
145.1222,-37.81953,METRO BUS
145.12224,-37.81937,METRO BUS
144.96107,-37.81949,METRO BUS
145.13761,-37.92083,METRO BUS
144.9057,-37.74282,METRO BUS
144.89593,-37.73877,METRO BUS
144.94874,-37.80867,METRO BUS
144.89017,-37.73655,METRO BUS
145.08916,-37.88867,METRO BUS
145.08863,-37.89101,METRO BUS
145.08422,-37.70195,METRO BUS
145.08815,-37.8939,METRO BUS
144.55025,-37.69609,METRO BUS
145.09215,-37.89939,METRO BUS
145.09544,-37.89946,METRO BUS
145.09788,-37.8998,METRO BUS
145.0073,-37.89787,METRO BUS
145.10429,-37.90067,METRO BUS
145.11186,-37.90474,METRO BUS
145.00661,-37.906,METRO BUS
145.08377,-37.70409,METRO BUS
144.66796,-37.73347,METRO BUS
145.08807,-37.89965,METRO BUS
145.08756,-37.89944,METRO BUS
145.0877,-37.89953,METRO BUS
145.08784,-37.89964,METRO BUS
145.13177,-37.91369,METRO BUS
144.99673,-37.90472,METRO BUS
145.13173,-37.91388,METRO BUS
145.1317,-37.91407,METRO BUS
145.13166,-37.91426,METRO BUS
145.13162,-37.91445,METRO BUS
145.13182,-37.91385,METRO BUS
145.13186,-37.91367,METRO BUS
145.20971,-37.98954,METRO BUS
145.20968,-37.98963,METRO BUS
145.20987,-37.98971,METRO BUS
145.12272,-37.91155,METRO BUS
145.21017,-37.98984,METRO BUS
145.21027,-37.98986,METRO BUS
145.20891,-37.98937,METRO BUS
145.20922,-37.98966,METRO BUS
144.99361,-37.90237,METRO BUS
145.1286,-37.91523,METRO BUS
145.13219,-37.91741,METRO BUS
145.13489,-37.9191,METRO BUS
145.18403,-37.93662,METRO BUS
145.1811,-37.93629,METRO BUS
145.08348,-37.70583,METRO BUS
145.17924,-37.93607,METRO BUS
145.18213,-37.93345,METRO BUS
145.18359,-37.93156,METRO BUS
145.18218,-37.931,METRO BUS
145.17882,-37.93074,METRO BUS
145.17557,-37.93124,METRO BUS
145.17299,-37.93094,METRO BUS
145.17213,-37.9328,METRO BUS
145.1718,-37.93435,METRO BUS
145.08314,-37.70796,METRO BUS
145.16757,-37.93455,METRO BUS
145.16352,-37.93405,METRO BUS
145.15867,-37.93346,METRO BUS
145.1557,-37.93436,METRO BUS
145.1553,-37.93644,METRO BUS
144.90761,-37.74352,METRO BUS
144.88265,-37.73273,METRO BUS
144.71576,-37.58783,METRO BUS
145.15486,-37.9389,METRO BUS
144.72696,-37.63487,METRO BUS
144.71591,-37.58746,METRO BUS
144.71682,-37.62523,METRO BUS
144.74915,-37.5852,METRO BUS
145.1545,-37.9407,METRO BUS
144.72889,-37.5737,METRO BUS
144.72889,-37.56518,METRO BUS
144.70511,-37.57417,METRO BUS
144.76839,-37.76206,METRO BUS
144.7707,-37.75926,METRO BUS
144.77053,-37.75191,METRO BUS
145.15378,-37.94459,METRO BUS
144.77669,-37.76068,METRO BUS
144.87864,-37.7325,METRO BUS
144.8701,-37.73724,METRO BUS
144.88822,-37.86372,METRO BUS
144.89294,-37.84864,METRO BUS
144.87309,-37.8415,METRO BUS
144.85877,-37.8324,METRO BUS
144.82208,-37.71175,METRO BUS
144.87871,-37.7326,METRO BUS
144.85159,-37.83162,METRO BUS
145.15292,-37.94909,METRO BUS
144.81833,-37.80052,METRO BUS
145.09745,-37.82477,METRO BUS
145.07119,-37.82983,METRO BUS
144.81819,-37.80795,METRO BUS
144.81778,-37.81053,METRO BUS
145.05837,-37.85922,METRO BUS
144.89191,-37.84712,METRO BUS
144.88853,-37.86381,METRO BUS
145.08226,-37.7103,METRO BUS
144.89715,-37.86643,METRO BUS
144.90655,-37.86697,METRO BUS
144.89866,-37.73991,METRO BUS
144.86592,-37.72832,METRO BUS
144.85123,-37.83146,METRO BUS
144.8493,-37.83127,METRO BUS
144.8246,-37.71404,METRO BUS
144.78621,-37.69885,METRO BUS
145.0786,-37.88454,METRO BUS
145.0791,-37.88192,METRO BUS
145.07936,-37.88065,METRO BUS
145.07968,-37.8788,METRO BUS
145.06328,-37.83956,METRO BUS
145.15155,-37.9567,METRO BUS
145.06363,-37.83753,METRO BUS
145.07119,-37.82973,METRO BUS
145.07791,-37.83052,METRO BUS
145.09752,-37.82424,METRO BUS
145.15124,-37.95836,METRO BUS
144.85261,-37.72389,METRO BUS
144.80757,-37.70319,METRO BUS
145.11369,-37.81101,METRO BUS
144.73194,-37.68622,METRO BUS
144.73437,-37.68654,METRO BUS
144.73752,-37.6866,METRO BUS
144.82519,-37.71523,METRO BUS
144.82373,-37.71738,METRO BUS
144.82177,-37.71981,METRO BUS
144.82692,-37.72163,METRO BUS
144.82743,-37.72009,METRO BUS
144.82636,-37.72163,METRO BUS
144.83071,-37.71718,METRO BUS
145.15068,-37.96139,METRO BUS
144.83479,-37.71915,METRO BUS
144.83723,-37.72046,METRO BUS
144.76721,-37.69496,METRO BUS
145.06201,-37.8601,METRO BUS
145.20989,-37.98988,METRO BUS
145.10599,-37.77249,METRO BUS
145.14982,-37.96511,METRO BUS
144.90566,-37.80055,METRO BUS
145.12286,-37.79009,METRO BUS
145.14908,-37.9688,METRO BUS
145.16596,-37.9235,METRO BUS
145.16459,-37.92039,METRO BUS
145.18143,-37.91873,METRO BUS
145.17926,-37.91692,METRO BUS
145.17902,-37.91698,METRO BUS
144.86209,-37.74901,METRO BUS
145.22819,-38.00062,METRO BUS
145.2379,-38.00177,METRO BUS
145.24592,-38.00272,METRO BUS
145.24981,-38.00319,METRO BUS
145.25676,-38.00403,METRO BUS
145.2626,-38.00476,METRO BUS
145.26606,-38.00515,METRO BUS
145.15057,-37.97124,METRO BUS
145.17984,-37.79755,METRO BUS
144.67191,-37.86546,METRO BUS
144.68028,-37.8599,METRO BUS
144.69917,-37.86075,METRO BUS
145.07922,-37.70855,METRO BUS
145.15402,-37.97165,METRO BUS
144.66506,-37.90857,METRO BUS
144.7647,-37.75922,METRO BUS
145.15733,-37.9721,METRO BUS
144.70545,-37.85487,METRO BUS
145.16103,-37.97254,METRO BUS
144.67659,-37.84722,METRO BUS
144.67336,-37.84685,METRO BUS
145.16417,-37.97294,METRO BUS
144.66908,-37.84929,METRO BUS
144.67197,-37.92719,METRO BUS
144.66753,-37.92283,METRO BUS
144.68621,-37.97108,METRO BUS
145.16595,-37.97316,METRO BUS
144.68825,-37.94456,METRO BUS
145.03608,-37.93335,METRO BUS
145.16639,-37.97569,METRO BUS
145.16678,-37.92945,METRO BUS
145.17275,-37.93508,METRO BUS
145.16336,-37.89463,METRO BUS
145.26456,-38.0353,METRO BUS
145.16579,-37.97866,METRO BUS
145.19915,-37.96237,METRO BUS
145.08523,-37.91014,METRO BUS
145.08395,-37.91679,METRO BUS
145.08128,-37.93083,METRO BUS
145.086,-38.00763,METRO BUS
145.06139,-37.94803,METRO BUS
145.07327,-37.95393,METRO BUS
145.07389,-37.94977,METRO BUS
145.07015,-37.94891,METRO BUS
145.06731,-37.94874,METRO BUS
144.83078,-37.78781,METRO BUS
145.06033,-37.94771,METRO BUS
144.75104,-37.75156,METRO BUS
145.06449,-37.94836,METRO BUS
145.16945,-37.98408,METRO BUS
144.74931,-37.74944,METRO BUS
144.74894,-37.7474,METRO BUS
144.76858,-37.76847,METRO BUS
144.73778,-37.74347,METRO BUS
145.16975,-37.98725,METRO BUS
145.07735,-37.70832,METRO BUS
145.17165,-37.99071,METRO BUS
145.17661,-37.99452,METRO BUS
145.17988,-37.99494,METRO BUS
145.18191,-37.99393,METRO BUS
145.00536,-37.41654,METRO BUS
145.18251,-37.99093,METRO BUS
145.18285,-37.98905,METRO BUS
145.0778,-37.78115,METRO BUS
145.16391,-37.90917,METRO BUS
145.1663,-37.91185,METRO BUS
145.16832,-37.91385,METRO BUS
145.17093,-37.91639,METRO BUS
145.17356,-37.91819,METRO BUS
145.18327,-37.9869,METRO BUS
145.17713,-37.91701,METRO BUS
145.21133,-37.96908,METRO BUS
145.21088,-37.97145,METRO BUS
145.2104,-37.97399,METRO BUS
145.2099,-37.97657,METRO BUS
145.18379,-37.98423,METRO BUS
144.92816,-37.77271,METRO BUS
144.93427,-37.77337,METRO BUS
144.96445,-37.77765,METRO BUS
144.99562,-37.89178,METRO BUS
144.82237,-37.78203,METRO BUS
145.07493,-37.70808,METRO BUS
145.18414,-37.98244,METRO BUS
145.00317,-37.90554,METRO BUS
144.96075,-37.72354,METRO BUS
145.2477,-37.84483,METRO BUS
145.18453,-37.98046,METRO BUS
144.96399,-37.77741,METRO BUS
144.97672,-37.78515,METRO BUS
145.18499,-37.97792,METRO BUS
144.86528,-37.78166,METRO BUS
145.18539,-37.97568,METRO BUS
145.00014,-37.84774,METRO BUS
145.00989,-37.89804,METRO BUS
145.00747,-37.89776,METRO BUS
145.18739,-37.97466,METRO BUS
144.86544,-37.7817,METRO BUS
145.16777,-37.76288,METRO BUS
145.18937,-37.97608,METRO BUS
145.16819,-37.7628,METRO BUS
144.96201,-37.81809,METRO BUS
144.96182,-37.81768,METRO BUS
145.19288,-37.97856,METRO BUS
144.9613,-37.81665,METRO BUS
144.9611,-37.81618,METRO BUS
144.9607,-37.81527,METRO BUS
144.96037,-37.81453,METRO BUS
144.96032,-37.81447,METRO BUS
144.95983,-37.81337,METRO BUS
144.95907,-37.8117,METRO BUS
144.9563,-37.81064,METRO BUS
144.95553,-37.80933,METRO BUS
145.19545,-37.98033,METRO BUS
144.95633,-37.81049,METRO BUS
144.95885,-37.8106,METRO BUS
144.95973,-37.81255,METRO BUS
144.9603,-37.81379,METRO BUS
144.96068,-37.81463,METRO BUS
144.96117,-37.81568,METRO BUS
144.96121,-37.82209,METRO BUS
145.19841,-37.98239,METRO BUS
144.96567,-37.82318,METRO BUS
144.96826,-37.82369,METRO BUS
144.96578,-37.82321,METRO BUS
144.96126,-37.82169,METRO BUS
145.07217,-37.70779,METRO BUS
145.05644,-37.70296,METRO BUS
145.05788,-37.70057,METRO BUS
144.99406,-37.90006,METRO BUS
144.99451,-37.89772,METRO BUS
144.99472,-37.89658,METRO BUS
145.03733,-37.91821,METRO BUS
145.03784,-37.91828,METRO BUS
145.03844,-37.911,METRO BUS
145.03837,-37.91112,METRO BUS
145.04232,-37.87694,METRO BUS
145.01539,-37.85062,METRO BUS
145.06969,-37.70701,METRO BUS
145.09417,-37.60956,METRO BUS
144.8233,-37.72126,METRO BUS
145.17076,-37.79002,METRO BUS
145.01289,-37.89664,METRO BUS
145.01361,-37.89289,METRO BUS
145.01405,-37.89048,METRO BUS
145.01435,-37.88894,METRO BUS
145.01469,-37.88716,METRO BUS
145.01513,-37.8848,METRO BUS
145.01534,-37.88373,METRO BUS
145.01567,-37.882,METRO BUS
145.01618,-37.87951,METRO BUS
145.01666,-37.87712,METRO BUS
145.06021,-37.66861,METRO BUS
145.01693,-37.87569,METRO BUS
145.0172,-37.87427,METRO BUS
145.11412,-37.51763,METRO BUS
145.0927,-37.64704,METRO BUS
145.17653,-37.49743,METRO BUS
145.01767,-37.87206,METRO BUS
145.08415,-37.7109,METRO BUS
145.01819,-37.86909,METRO BUS
145.01863,-37.86683,METRO BUS
145.01896,-37.8652,METRO BUS
145.01926,-37.8634,METRO BUS
145.01957,-37.86165,METRO BUS
145.01996,-37.85936,METRO BUS
145.02035,-37.85724,METRO BUS
145.02058,-37.85577,METRO BUS
145.02089,-37.85376,METRO BUS
145.02094,-37.85158,METRO BUS
145.01822,-37.85119,METRO BUS
145.06323,-37.6675,METRO BUS
145.01524,-37.85057,METRO BUS
145.01231,-37.84894,METRO BUS
144.91508,-37.68298,METRO BUS
144.88986,-37.63842,METRO BUS
144.88967,-37.65107,METRO BUS
144.89224,-37.64089,METRO BUS
144.91463,-37.68307,METRO BUS
144.88104,-37.70036,METRO BUS
145.06532,-37.66495,METRO BUS
144.88358,-37.70377,METRO BUS
144.87223,-37.69103,METRO BUS
144.9105,-37.67729,METRO BUS
144.89664,-37.69141,METRO BUS
145.01271,-37.84705,METRO BUS
145.01305,-37.84526,METRO BUS
145.06604,-37.70581,METRO BUS
145.06483,-37.66329,METRO BUS
145.01332,-37.84376,METRO BUS
145.01374,-37.84195,METRO BUS
145.01076,-37.84103,METRO BUS
145.01108,-37.83924,METRO BUS
145.01097,-37.83751,METRO BUS
145.00866,-37.83722,METRO BUS
145.00595,-37.83693,METRO BUS
145.00429,-37.83494,METRO BUS
145.00019,-37.83428,METRO BUS
144.99707,-37.83482,METRO BUS
145.06556,-37.66214,METRO BUS
144.99087,-37.8334,METRO BUS
144.98889,-37.83177,METRO BUS
144.98884,-37.83153,METRO BUS
144.99039,-37.83303,METRO BUS
144.99554,-37.83456,METRO BUS
145.00038,-37.83405,METRO BUS
145.00465,-37.83474,METRO BUS
145.00615,-37.83684,METRO BUS
145.00889,-37.83717,METRO BUS
145.01113,-37.83743,METRO BUS
145.06828,-37.66107,METRO BUS
145.01122,-37.83932,METRO BUS
145.01088,-37.84112,METRO BUS
145.01385,-37.84207,METRO BUS
145.01352,-37.84364,METRO BUS
145.01322,-37.84519,METRO BUS
145.01283,-37.84699,METRO BUS
145.01244,-37.84883,METRO BUS
145.01801,-37.85109,METRO BUS
145.021,-37.85147,METRO BUS
145.06877,-37.65906,METRO BUS
145.02106,-37.85349,METRO BUS
145.02041,-37.85731,METRO BUS
145.02011,-37.8594,METRO BUS
145.01984,-37.8609,METRO BUS
145.01964,-37.86223,METRO BUS
145.0192,-37.8646,METRO BUS
145.01879,-37.86668,METRO BUS
145.01841,-37.86854,METRO BUS
145.01806,-37.87065,METRO BUS
145.01791,-37.87141,METRO BUS
145.06592,-37.65795,METRO BUS
145.01737,-37.87412,METRO BUS
145.01705,-37.87573,METRO BUS
145.01678,-37.87705,METRO BUS
145.01644,-37.87884,METRO BUS
145.01581,-37.88191,METRO BUS
145.01551,-37.88341,METRO BUS
145.01507,-37.8857,METRO BUS
145.0145,-37.88881,METRO BUS
145.06196,-37.65536,METRO BUS
145.01417,-37.89059,METRO BUS
144.9198,-37.75723,METRO BUS
144.74924,-37.58541,METRO BUS
144.92083,-37.75969,METRO BUS
144.95072,-37.74344,METRO BUS
144.92889,-37.74366,METRO BUS
144.92721,-37.74345,METRO BUS
145.06256,-37.65332,METRO BUS
145.1136,-37.69128,METRO BUS
145.11284,-37.69311,METRO BUS
145.10941,-37.69611,METRO BUS
145.01378,-37.89278,METRO BUS
145.01239,-37.90004,METRO BUS
145.00423,-37.95021,METRO BUS
145.00134,-37.93738,METRO BUS
145.06514,-37.65183,METRO BUS
145.00427,-37.95066,METRO BUS
145.02078,-37.85535,METRO BUS
144.73195,-37.57734,METRO BUS
144.75826,-37.59645,METRO BUS
144.75845,-37.59635,METRO BUS
145.14841,-37.71304,METRO BUS
145.06417,-37.7055,METRO BUS
145.08212,-37.65055,METRO BUS
145.0395,-37.77476,METRO BUS
145.08739,-37.65107,METRO BUS
144.72855,-37.57912,METRO BUS
145.09035,-37.6514,METRO BUS
145.11317,-37.64968,METRO BUS
144.85819,-37.7208,METRO BUS
145.12467,-37.65567,METRO BUS
145.12408,-37.66674,METRO BUS
145.12614,-37.67489,METRO BUS
144.50506,-36.61523,METRO BUS
145.06151,-37.70496,METRO BUS
145.12274,-37.68025,METRO BUS
145.03939,-37.00133,METRO BUS
146.47031,-38.21891,METRO BUS
145.11959,-37.68316,METRO BUS
145.10253,-37.72947,METRO BUS
145.01258,-37.74623,METRO BUS
145.03023,-37.7481,METRO BUS
145.11711,-37.68598,METRO BUS
144.99006,-37.89537,METRO BUS
145.0009,-37.94649,METRO BUS
145.01828,-37.96567,METRO BUS
145.03589,-37.99115,METRO BUS
145.04145,-37.98947,METRO BUS
144.9838,-37.87636,METRO BUS
145.21093,-37.72613,METRO BUS
145.18311,-37.7063,METRO BUS
145.15731,-37.67662,METRO BUS
145.16151,-37.68021,METRO BUS
144.77076,-37.86432,METRO BUS
144.77042,-37.86441,METRO BUS
144.77059,-37.86434,METRO BUS
144.77074,-37.86369,METRO BUS
144.76108,-37.86695,METRO BUS
144.76089,-37.86718,METRO BUS
144.70092,-37.8831,METRO BUS
144.7007,-37.88315,METRO BUS
144.70058,-37.88289,METRO BUS
144.70063,-37.88273,METRO BUS
144.70074,-37.8826,METRO BUS
144.66077,-37.89864,METRO BUS
144.66075,-37.89882,METRO BUS
144.66051,-37.89894,METRO BUS
145.11094,-37.68268,METRO BUS
144.66043,-37.89878,METRO BUS
144.66104,-37.89874,METRO BUS
144.66063,-37.89872,METRO BUS
144.88931,-37.81627,METRO BUS
144.88943,-37.81621,METRO BUS
145.10804,-37.68416,METRO BUS
145.0532,-37.95817,METRO BUS
145.05325,-37.95803,METRO BUS
145.05323,-37.9579,METRO BUS
145.05319,-37.9578,METRO BUS
145.05344,-37.95813,METRO BUS
145.05343,-37.95801,METRO BUS
145.05339,-37.95788,METRO BUS
145.10534,-37.68818,METRO BUS
145.05336,-37.95778,METRO BUS
145.0535,-37.95769,METRO BUS
145.14214,-37.79895,METRO BUS
145.12362,-37.77754,METRO BUS
145.15572,-37.78173,METRO BUS
145.28463,-37.8606,METRO BUS
145.2846,-37.8605,METRO BUS
145.2845,-37.86032,METRO BUS
145.2844,-37.86013,METRO BUS
145.2844,-37.86043,METRO BUS
144.92941,-37.83497,METRO BUS
145.05893,-37.7054,METRO BUS
145.10492,-37.68998,METRO BUS
145.28432,-37.86029,METRO BUS
145.28423,-37.86014,METRO BUS
145.2948,-37.88195,METRO BUS
145.22989,-37.81508,METRO BUS
145.15088,-37.82045,METRO BUS
145.15114,-37.82041,METRO BUS
145.10113,-37.69114,METRO BUS
145.15033,-37.82047,METRO BUS
145.16234,-37.87923,METRO BUS
145.16251,-37.87929,METRO BUS
145.16288,-37.87937,METRO BUS
145.16269,-37.87932,METRO BUS
145.16299,-37.87941,METRO BUS
145.16287,-37.87949,METRO BUS
145.16259,-37.87941,METRO BUS
145.16243,-37.87936,METRO BUS
145.16221,-37.87926,METRO BUS
145.10036,-37.69336,METRO BUS
145.16207,-37.87927,METRO BUS
145.16381,-37.87662,METRO BUS
145.1642,-37.87569,METRO BUS
145.30352,-38.01948,METRO BUS
145.30304,-38.01952,METRO BUS
145.30375,-38.01956,METRO BUS
145.10533,-37.69523,METRO BUS
144.82656,-37.83367,METRO BUS
145.11833,-37.75811,METRO BUS
145.18229,-37.70314,METRO BUS
145.22611,-37.70158,METRO BUS
145.21603,-37.6955,METRO BUS
145.19485,-37.69969,METRO BUS
145.10796,-37.69616,METRO BUS
145.1761,-37.81318,METRO BUS
145.18682,-37.80844,METRO BUS
145.19219,-37.81806,METRO BUS
145.10649,-37.70208,METRO BUS
144.90889,-37.82793,METRO BUS
145.05691,-37.70674,METRO BUS
144.96797,-37.7973,METRO BUS
144.7744,-37.70108,METRO BUS
144.77447,-37.70118,METRO BUS
144.7742,-37.70082,METRO BUS
144.57123,-37.70256,METRO BUS
144.77606,-37.69704,METRO BUS
144.79427,-37.72999,METRO BUS
144.79431,-37.73016,METRO BUS
144.99519,-37.89409,METRO BUS
144.58293,-37.6823,METRO BUS
144.80053,-37.74366,METRO BUS
145.02619,-37.64426,METRO BUS
144.9198,-37.68333,METRO BUS
145.19552,-37.81236,METRO BUS
145.05866,-37.85956,METRO BUS
145.02639,-37.64109,METRO BUS
145.35687,-37.90146,METRO BUS
145.35321,-37.82704,METRO BUS
144.90039,-37.80174,METRO BUS
145.0263,-37.63862,METRO BUS
144.90051,-37.80102,METRO BUS
144.89866,-37.80082,METRO BUS
144.89953,-37.80095,METRO BUS
145.16189,-37.87926,METRO BUS
144.57084,-37.70253,METRO BUS
144.57049,-37.70249,METRO BUS
144.57016,-37.70245,METRO BUS
144.73644,-37.58054,METRO BUS
145.0298,-37.63796,METRO BUS
144.5829,-37.68213,METRO BUS
144.58293,-37.68247,METRO BUS
144.58313,-37.68225,METRO BUS
144.58313,-37.68238,METRO BUS
144.89129,-37.80308,METRO BUS
145.1654,-37.83456,METRO BUS
145.05613,-37.70742,METRO BUS
145.03297,-37.6382,METRO BUS
145.16445,-37.83455,METRO BUS
145.12551,-38.14343,METRO BUS
145.12575,-38.1429,METRO BUS
145.03584,-37.63834,METRO BUS
145.12582,-38.14238,METRO BUS
145.12595,-38.14253,METRO BUS
145.12585,-38.14271,METRO BUS
145.12615,-38.14215,METRO BUS
145.12622,-38.14412,METRO BUS
145.12573,-38.14257,METRO BUS
145.12443,-38.14486,METRO BUS
145.12592,-38.14221,METRO BUS
145.04175,-37.63896,METRO BUS
145.36677,-38.05063,METRO BUS
145.3674,-38.04533,METRO BUS
145.28443,-38.10952,METRO BUS
145.28129,-38.10033,METRO BUS
145.28115,-38.10022,METRO BUS
144.77322,-37.75147,METRO BUS
144.77318,-37.75157,METRO BUS
145.05478,-37.6402,METRO BUS
144.77311,-37.75149,METRO BUS
145.02877,-37.72369,METRO BUS
145.0448,-37.76899,METRO BUS
145.04511,-37.82255,METRO BUS
145.04503,-37.82232,METRO BUS
145.05898,-37.64336,METRO BUS
144.97444,-37.86111,METRO BUS
144.74147,-37.88608,METRO BUS
144.74127,-37.88584,METRO BUS
144.74214,-37.88822,METRO BUS
144.74184,-37.88836,METRO BUS
144.74575,-37.88838,METRO BUS
144.74432,-37.89509,METRO BUS
144.74438,-37.8958,METRO BUS
144.74428,-37.8976,METRO BUS
145.13329,-37.81914,METRO BUS
145.23024,-37.81509,METRO BUS
145.23005,-37.81518,METRO BUS
144.74417,-37.89759,METRO BUS
145.22969,-37.81526,METRO BUS
145.22966,-37.81534,METRO BUS
144.99517,-37.78868,METRO BUS
145.22943,-37.81541,METRO BUS
145.22925,-37.81548,METRO BUS
145.2039,-37.9829,METRO BUS
145.3988,-37.76132,METRO BUS
145.37076,-37.75114,METRO BUS
145.36441,-37.75389,METRO BUS
145.3609,-37.75616,METRO BUS
145.20053,-37.98249,METRO BUS
145.31318,-37.78483,METRO BUS
145.31281,-37.75778,METRO BUS
145.3125,-37.75788,METRO BUS
145.05296,-37.70806,METRO BUS
145.20527,-37.98307,METRO BUS
145.31262,-37.75777,METRO BUS
145.313,-37.7578,METRO BUS
144.75428,-37.8951,METRO BUS
145.16519,-37.88385,METRO BUS
145.16486,-37.88565,METRO BUS
145.18798,-37.93566,METRO BUS
144.96734,-37.79894,METRO BUS
145.18803,-37.93548,METRO BUS
145.18806,-37.93529,METRO BUS
145.1881,-37.93512,METRO BUS
145.18816,-37.93494,METRO BUS
145.23693,-37.91938,METRO BUS
145.23761,-37.91947,METRO BUS
145.22955,-37.81519,METRO BUS
145.06503,-37.95904,METRO BUS
145.05754,-37.95818,METRO BUS
145.01753,-38.47402,METRO BUS
144.92379,-37.76549,METRO BUS
145.17587,-37.82038,METRO BUS
145.24493,-37.9195,METRO BUS
145.20991,-37.9896,METRO BUS
145.1934,-37.93362,METRO BUS
145.17658,-37.88859,METRO BUS
145.17642,-37.88859,METRO BUS
144.74092,-37.75256,METRO BUS
145.17267,-37.98919,METRO BUS
144.74085,-37.75265,METRO BUS
144.74476,-37.75409,METRO BUS
144.74546,-37.75404,METRO BUS
144.74943,-37.75353,METRO BUS
144.74934,-37.7536,METRO BUS
145.12912,-38.14571,METRO BUS
145.12894,-38.14599,METRO BUS
145.13254,-38.14614,METRO BUS
145.13216,-38.14639,METRO BUS
145.17337,-37.98579,METRO BUS
145.13693,-38.14633,METRO BUS
145.13936,-38.14662,METRO BUS
145.14051,-38.14725,METRO BUS
145.14437,-38.14801,METRO BUS
145.14499,-38.14849,METRO BUS
145.15101,-38.15058,METRO BUS
145.14923,-38.15007,METRO BUS
145.15188,-38.15126,METRO BUS
145.14856,-38.14947,METRO BUS
145.17337,-37.98373,METRO BUS
145.15647,-38.15245,METRO BUS
145.15602,-38.15258,METRO BUS
145.15934,-38.15324,METRO BUS
145.15907,-38.15342,METRO BUS
145.16481,-38.15472,METRO BUS
145.16491,-38.15502,METRO BUS
145.17133,-38.15615,METRO BUS
145.16916,-38.15628,METRO BUS
145.17522,-38.15574,METRO BUS
145.1762,-38.15592,METRO BUS
145.17219,-37.98139,METRO BUS
145.18227,-38.1548,METRO BUS
145.18057,-38.15543,METRO BUS
145.18539,-38.15381,METRO BUS
145.18428,-38.15443,METRO BUS
145.18914,-38.15262,METRO BUS
145.19037,-38.15256,METRO BUS
145.19288,-38.15146,METRO BUS
145.194,-38.15139,METRO BUS
145.19734,-38.1483,METRO BUS
145.19644,-38.14962,METRO BUS
145.17221,-37.97823,METRO BUS
145.20224,-38.14581,METRO BUS
145.20563,-38.14421,METRO BUS
145.20458,-38.14504,METRO BUS
145.20976,-38.1423,METRO BUS
145.21299,-38.14114,METRO BUS
145.21262,-38.14097,METRO BUS
145.21486,-38.13998,METRO BUS
145.2155,-38.14004,METRO BUS
145.22201,-38.13669,METRO BUS
145.22238,-38.13684,METRO BUS
145.17259,-37.97587,METRO BUS
145.22914,-38.13331,METRO BUS
145.22731,-38.13456,METRO BUS
145.23479,-38.13078,METRO BUS
145.23314,-38.13184,METRO BUS
145.23703,-38.12977,METRO BUS
145.23685,-38.13011,METRO BUS
145.24696,-38.12518,METRO BUS
145.24689,-38.12552,METRO BUS
145.25063,-38.11767,METRO BUS
145.02906,-37.73273,METRO BUS
145.25069,-38.11907,METRO BUS
145.25755,-38.10974,METRO BUS
145.25748,-38.11005,METRO BUS
145.26666,-38.11083,METRO BUS
145.26989,-38.11158,METRO BUS
145.27555,-38.11233,METRO BUS
145.27598,-38.11204,METRO BUS
145.02102,-37.75257,METRO BUS
145.0672,-37.68301,METRO BUS
145.0643,-37.6845,METRO BUS
145.05966,-37.68487,METRO BUS
145.05749,-37.68286,METRO BUS
145.05328,-37.68004,METRO BUS
145.05398,-37.678,METRO BUS
145.12243,-37.69989,METRO BUS
145.1235,-37.69782,METRO BUS
145.12479,-37.69732,METRO BUS
145.12618,-37.69614,METRO BUS
145.12741,-37.69519,METRO BUS
145.12849,-37.69296,METRO BUS
145.12837,-37.69296,METRO BUS
145.13274,-37.68903,METRO BUS
145.26257,-38.09559,METRO BUS
145.25875,-38.09512,METRO BUS
145.25592,-38.0946,METRO BUS
145.25858,-38.09493,METRO BUS
145.26268,-38.09543,METRO BUS
144.74021,-37.75179,METRO BUS
145.05848,-37.82947,METRO BUS
145.49579,-38.06596,METRO BUS
145.49583,-38.0663,METRO BUS
145.49647,-38.06148,METRO BUS
145.49472,-38.07329,METRO BUS
145.49537,-38.07329,METRO BUS
145.50072,-38.0753,METRO BUS
145.50083,-38.07539,METRO BUS
145.49888,-38.07768,METRO BUS
145.17323,-37.97251,METRO BUS
145.49888,-38.0778,METRO BUS
145.49395,-38.07736,METRO BUS
145.49385,-38.07746,METRO BUS
145.47132,-38.0863,METRO BUS
145.17382,-37.96968,METRO BUS
144.72874,-37.59587,METRO BUS
146.26103,-38.1769,METRO BUS
146.15484,-38.20755,METRO BUS
145.76718,-38.11139,METRO BUS
145.71496,-38.09877,METRO BUS
145.67544,-38.09167,METRO BUS
145.03124,-37.77809,METRO BUS
145.06122,-37.75751,METRO BUS
145.06136,-37.75727,METRO BUS
145.06152,-37.75719,METRO BUS
144.91916,-37.68306,METRO BUS
144.91899,-37.68321,METRO BUS
144.91893,-37.68332,METRO BUS
144.9188,-37.68342,METRO BUS
144.91877,-37.68291,METRO BUS
144.91749,-37.68151,METRO BUS
144.91749,-37.68124,METRO BUS
144.91769,-37.68135,METRO BUS
144.91801,-37.68156,METRO BUS
145.31841,-37.88983,METRO BUS
144.91832,-37.68175,METRO BUS
145.14855,-37.71286,METRO BUS
145.1485,-37.71301,METRO BUS
145.31828,-37.88969,METRO BUS
145.48073,-38.06852,METRO BUS
145.48423,-38.06759,METRO BUS
145.48331,-38.06181,METRO BUS
145.04882,-37.71047,METRO BUS
145.47862,-38.06495,METRO BUS
145.47673,-38.06561,METRO BUS
145.47477,-38.06383,METRO BUS
145.47388,-38.06235,METRO BUS
145.45461,-38.0639,METRO BUS
145.45447,-38.06368,METRO BUS
145.45387,-38.06576,METRO BUS
145.45366,-38.06574,METRO BUS
145.45417,-38.06725,METRO BUS
145.44906,-38.06919,METRO BUS
145.44901,-38.06908,METRO BUS
145.44612,-38.06866,METRO BUS
145.44619,-38.0685,METRO BUS
145.44916,-38.0631,METRO BUS
145.44897,-38.063,METRO BUS
145.45289,-38.0644,METRO BUS
145.45264,-38.06441,METRO BUS
145.19001,-38.15791,METRO BUS
145.18992,-38.1576,METRO BUS
145.18955,-38.15953,METRO BUS
145.18925,-38.16199,METRO BUS
145.1891,-38.16194,METRO BUS
145.1885,-38.16448,METRO BUS
145.18507,-38.16484,METRO BUS
145.18483,-38.16698,METRO BUS
145.1883,-38.16604,METRO BUS
145.19757,-38.09908,METRO BUS
145.19754,-38.09969,METRO BUS
145.19804,-38.09681,METRO BUS
145.19816,-38.09663,METRO BUS
145.19889,-38.09261,METRO BUS
145.19979,-38.08853,METRO BUS
145.1933,-38.08723,METRO BUS
145.18944,-38.08673,METRO BUS
145.18804,-38.08907,METRO BUS
145.18749,-38.09179,METRO BUS
145.18811,-38.09418,METRO BUS
145.05321,-38.22018,METRO BUS
145.05317,-38.22009,METRO BUS
145.05109,-38.21604,METRO BUS
145.05094,-38.21597,METRO BUS
145.04838,-38.21729,METRO BUS
145.04856,-38.21707,METRO BUS
145.04568,-38.21836,METRO BUS
145.0459,-38.21821,METRO BUS
145.04255,-38.21968,METRO BUS
145.04254,-38.21956,METRO BUS
145.03588,-38.22249,METRO BUS
145.036,-38.22233,METRO BUS
145.03346,-38.22667,METRO BUS
145.03096,-38.22855,METRO BUS
145.02846,-38.23116,METRO BUS
145.02847,-38.23132,METRO BUS
145.22441,-37.99828,METRO BUS
145.03142,-38.23345,METRO BUS
145.03288,-38.2347,METRO BUS
145.06269,-38.23802,METRO BUS
145.06257,-38.23788,METRO BUS
145.05929,-38.23692,METRO BUS
145.05892,-38.23699,METRO BUS
145.05229,-38.23489,METRO BUS
145.06464,-38.24115,METRO BUS
145.06455,-38.24113,METRO BUS
145.06324,-38.24351,METRO BUS
145.22775,-38.00517,METRO BUS
145.06318,-38.24345,METRO BUS
145.0614,-38.2467,METRO BUS
145.06133,-38.24649,METRO BUS
145.05999,-38.24908,METRO BUS
145.05993,-38.24887,METRO BUS
145.0567,-38.24929,METRO BUS
145.05598,-38.2488,METRO BUS
145.0522,-38.24787,METRO BUS
145.05215,-38.24783,METRO BUS
145.04731,-38.24665,METRO BUS
145.22953,-38.00891,METRO BUS
145.04862,-38.24683,METRO BUS
145.04578,-38.24693,METRO BUS
145.04436,-38.25059,METRO BUS
145.04276,-38.25475,METRO BUS
145.05438,-38.25823,METRO BUS
145.05438,-38.25841,METRO BUS
145.05634,-38.25493,METRO BUS
145.05643,-38.25499,METRO BUS
145.05918,-38.25016,METRO BUS
145.05923,-38.25025,METRO BUS
145.23164,-38.01332,METRO BUS
145.04659,-38.24495,METRO BUS
145.04791,-38.24154,METRO BUS
145.04892,-38.23886,METRO BUS
145.05029,-38.23535,METRO BUS
145.04453,-38.22022,METRO BUS
145.04453,-38.22039,METRO BUS
145.04611,-38.22244,METRO BUS
145.04614,-38.22266,METRO BUS
145.04813,-38.22527,METRO BUS
145.04802,-38.22534,METRO BUS
145.04518,-37.71326,METRO BUS
145.23881,-38.02061,METRO BUS
144.76811,-37.79089,METRO BUS
144.61787,-37.88462,METRO BUS
144.77056,-37.78939,METRO BUS
144.6151,-37.8763,METRO BUS
145.24318,-38.02482,METRO BUS
144.77059,-37.78709,METRO BUS
145.13198,-37.91392,METRO BUS
143.80136,-37.54854,METRO BUS
143.79721,-37.54679,METRO BUS
144.61327,-37.8773,METRO BUS
144.61257,-37.87906,METRO BUS
144.61371,-37.88066,METRO BUS
144.61588,-37.88174,METRO BUS
145.25012,-38.02762,METRO BUS
144.65816,-37.87547,METRO BUS
144.65817,-37.87543,METRO BUS
144.65742,-37.87159,METRO BUS
144.65752,-37.8716,METRO BUS
144.65712,-37.86853,METRO BUS
144.65716,-37.86849,METRO BUS
144.65775,-37.86582,METRO BUS
144.65781,-37.86582,METRO BUS
145.25032,-38.02987,METRO BUS
144.65836,-37.86284,METRO BUS
144.65844,-37.86292,METRO BUS
144.65944,-37.86092,METRO BUS
144.65942,-37.86094,METRO BUS
144.66236,-37.86042,METRO BUS
144.66242,-37.86049,METRO BUS
144.66614,-37.86074,METRO BUS
144.66617,-37.86086,METRO BUS
144.66816,-37.86387,METRO BUS
144.668,-37.864,METRO BUS
145.25471,-38.03043,METRO BUS
144.67181,-37.86535,METRO BUS
144.67215,-37.86855,METRO BUS
144.66498,-37.87103,METRO BUS
144.66586,-37.86602,METRO BUS
144.66711,-37.85985,METRO BUS
144.66762,-37.8561,METRO BUS
144.66836,-37.85184,METRO BUS
145.25827,-38.03091,METRO BUS
144.66881,-37.84903,METRO BUS
144.67304,-37.84658,METRO BUS
144.6762,-37.84693,METRO BUS
144.69115,-37.84109,METRO BUS
144.69127,-37.84126,METRO BUS
144.69521,-37.84145,METRO BUS
144.69497,-37.84152,METRO BUS
145.2628,-38.03148,METRO BUS
144.70027,-37.84203,METRO BUS
144.7003,-37.84196,METRO BUS
144.70394,-37.84338,METRO BUS
144.70364,-37.84446,METRO BUS
144.70443,-37.84559,METRO BUS
144.70698,-37.84766,METRO BUS
145.03569,-37.97171,METRO BUS
145.04009,-37.97068,METRO BUS
145.26424,-38.03233,METRO BUS
144.99361,-37.91921,METRO BUS
145.01197,-37.89829,METRO BUS
145.03301,-37.98596,METRO BUS
145.10738,-37.91191,METRO BUS
145.13721,-38.16609,METRO BUS
145.11405,-37.72668,METRO BUS
145.21955,-38.185,METRO BUS
145.26732,-38.03616,METRO BUS
145.13217,-38.15275,METRO BUS
145.13033,-38.15055,METRO BUS
145.04331,-37.71607,METRO BUS
145.26687,-38.0385,METRO BUS
145.13379,-38.15437,METRO BUS
145.85506,-38.13583,METRO BUS
145.26635,-38.04113,METRO BUS
145.27779,-38.04919,METRO BUS
145.28105,-38.0496,METRO BUS
145.28539,-38.05024,METRO BUS
144.70684,-37.84737,METRO BUS
144.7067,-37.84911,METRO BUS
144.70643,-37.84944,METRO BUS
144.7061,-37.85228,METRO BUS
144.70565,-37.85478,METRO BUS
144.69258,-37.87229,METRO BUS
145.04194,-37.71621,METRO BUS
145.24309,-37.9885,METRO BUS
144.69409,-37.87474,METRO BUS
144.69539,-37.87859,METRO BUS
144.77124,-37.78505,METRO BUS
144.77121,-37.78521,METRO BUS
144.77082,-37.7871,METRO BUS
144.77078,-37.78922,METRO BUS
144.76824,-37.79095,METRO BUS
144.67574,-37.85536,METRO BUS
145.23924,-37.98895,METRO BUS
144.6765,-37.8633,METRO BUS
144.67392,-37.87089,METRO BUS
144.67405,-37.87046,METRO BUS
144.67225,-37.87519,METRO BUS
144.80588,-37.7984,METRO BUS
144.8061,-37.79828,METRO BUS
144.80217,-37.79902,METRO BUS
144.80215,-37.79881,METRO BUS
145.23885,-37.99108,METRO BUS
144.79792,-37.7987,METRO BUS
144.79825,-37.79863,METRO BUS
144.795,-37.79769,METRO BUS
144.79528,-37.79758,METRO BUS
144.79186,-37.79617,METRO BUS
144.56368,-37.70169,METRO BUS
144.56375,-37.70157,METRO BUS
144.55943,-37.70115,METRO BUS
144.55944,-37.70109,METRO BUS
144.5556,-37.70065,METRO BUS
145.23843,-37.99319,METRO BUS
144.55562,-37.70063,METRO BUS
144.56133,-37.69396,METRO BUS
144.54417,-37.67722,METRO BUS
144.54429,-37.67727,METRO BUS
145.19889,-37.95997,METRO BUS
144.55149,-37.67487,METRO BUS
144.5508,-37.67525,METRO BUS
144.99571,-37.66624,METRO BUS
145.19955,-37.95654,METRO BUS
144.73371,-37.58188,METRO BUS
144.73243,-37.5855,METRO BUS
144.99763,-37.66347,METRO BUS
144.99769,-37.66357,METRO BUS
144.72342,-37.59391,METRO BUS
144.72401,-37.59181,METRO BUS
144.724,-37.58847,METRO BUS
144.73353,-37.57863,METRO BUS
145.19769,-37.95532,METRO BUS
144.751,-37.58246,METRO BUS
144.7528,-37.58153,METRO BUS
144.75533,-37.58221,METRO BUS
144.75749,-37.5815,METRO BUS
144.75563,-37.5796,METRO BUS
144.75567,-37.57949,METRO BUS
144.75362,-37.57882,METRO BUS
144.75394,-37.5788,METRO BUS
144.75093,-37.57852,METRO BUS
145.19651,-37.95458,METRO BUS
144.74799,-37.57614,METRO BUS
144.74807,-37.5758,METRO BUS
144.74609,-37.57194,METRO BUS
144.74493,-37.56825,METRO BUS
144.74892,-37.56531,METRO BUS
144.75161,-37.5624,METRO BUS
144.75545,-37.56395,METRO BUS
144.75866,-37.56631,METRO BUS
144.75853,-37.57088,METRO BUS
144.75343,-37.57107,METRO BUS
145.19681,-37.95152,METRO BUS
144.7481,-37.57113,METRO BUS
144.93034,-37.59825,METRO BUS
144.92972,-37.60106,METRO BUS
144.92923,-37.60377,METRO BUS
144.92887,-37.60587,METRO BUS
144.92804,-37.60995,METRO BUS
144.92779,-37.61003,METRO BUS
144.92742,-37.61316,METRO BUS
144.92639,-37.6165,METRO BUS
145.19736,-37.94859,METRO BUS
144.92743,-37.61859,METRO BUS
144.92727,-37.61864,METRO BUS
144.93072,-37.62029,METRO BUS
144.93091,-37.65149,METRO BUS
144.93057,-37.65128,METRO BUS
144.92941,-37.65386,METRO BUS
144.92917,-37.6535,METRO BUS
144.92725,-37.65727,METRO BUS
145.03982,-37.71491,METRO BUS
145.19775,-37.94647,METRO BUS
144.92697,-37.65698,METRO BUS
145.29119,-38.06378,METRO BUS
145.29041,-38.0637,METRO BUS
145.2878,-38.06356,METRO BUS
145.28838,-38.06333,METRO BUS
145.28578,-38.06132,METRO BUS
145.28593,-38.06137,METRO BUS
145.28538,-38.05928,METRO BUS
145.28544,-38.05846,METRO BUS
145.28583,-38.05718,METRO BUS
145.19829,-37.94372,METRO BUS
145.28619,-38.05594,METRO BUS
144.93443,-37.58293,METRO BUS
144.93454,-37.58277,METRO BUS
144.9324,-37.57861,METRO BUS
144.93123,-37.57753,METRO BUS
144.93224,-37.57565,METRO BUS
145.19801,-37.94147,METRO BUS
145.00213,-37.66388,METRO BUS
145.19528,-37.94124,METRO BUS
144.9274,-37.58994,METRO BUS
144.92735,-37.58965,METRO BUS
144.93052,-37.6096,METRO BUS
144.93286,-37.61044,METRO BUS
144.93618,-37.6099,METRO BUS
144.93594,-37.60691,METRO BUS
144.93749,-37.60504,METRO BUS
145.17267,-37.93021,METRO BUS
144.93945,-37.60427,METRO BUS
145.00565,-37.65067,METRO BUS
145.00746,-37.65879,METRO BUS
145.00678,-37.65773,METRO BUS
145.00648,-37.66167,METRO BUS
145.00622,-37.66146,METRO BUS
145.00169,-37.67903,METRO BUS
145.0045,-37.67935,METRO BUS
145.02669,-37.63506,METRO BUS
145.17297,-37.92876,METRO BUS
145.02701,-37.63519,METRO BUS
145.03142,-37.62903,METRO BUS
145.17393,-37.92555,METRO BUS
144.83071,-37.86845,METRO BUS
144.83006,-37.86826,METRO BUS
145.31822,-37.86533,METRO BUS
145.17133,-37.92349,METRO BUS
145.0352,-38.23667,METRO BUS
145.05904,-38.22115,METRO BUS
145.05426,-37.71463,METRO BUS
145.05589,-37.71437,METRO BUS
145.31612,-37.85642,METRO BUS
145.31752,-37.85936,METRO BUS
145.32084,-37.86038,METRO BUS
145.16698,-37.92382,METRO BUS
145.32154,-37.86163,METRO BUS
145.31967,-37.86356,METRO BUS
145.31568,-37.85574,METRO BUS
145.71735,-37.74815,METRO BUS
145.05817,-37.88301,METRO BUS
145.05824,-37.88342,METRO BUS
145.05851,-37.88091,METRO BUS
145.05865,-37.88112,METRO BUS
145.05891,-37.87915,METRO BUS
145.059,-37.87916,METRO BUS
145.17787,-37.9162,METRO BUS
145.05906,-37.87803,METRO BUS
145.05941,-37.87714,METRO BUS
145.05971,-37.87536,METRO BUS
145.0597,-37.87466,METRO BUS
145.05994,-37.87351,METRO BUS
145.06007,-37.87365,METRO BUS
145.06039,-37.87183,METRO BUS
145.06026,-37.87182,METRO BUS
145.06062,-37.87001,METRO BUS
145.06075,-37.87003,METRO BUS
145.14691,-37.72694,METRO BUS
145.03736,-37.71376,METRO BUS
145.17838,-37.91347,METRO BUS
145.05999,-37.86861,METRO BUS
145.05966,-37.86797,METRO BUS
145.05695,-37.86598,METRO BUS
145.05707,-37.86588,METRO BUS
145.05353,-37.86556,METRO BUS
145.05373,-37.86548,METRO BUS
145.05133,-37.8653,METRO BUS
145.05142,-37.86519,METRO BUS
145.05007,-37.86566,METRO BUS
145.04958,-37.86899,METRO BUS
145.17824,-37.91063,METRO BUS
145.04942,-37.86907,METRO BUS
145.04904,-37.87181,METRO BUS
145.04892,-37.87171,METRO BUS
145.04828,-37.8759,METRO BUS
145.26894,-38.02386,METRO BUS
145.26551,-38.02202,METRO BUS
145.26263,-38.02166,METRO BUS
145.26109,-38.02314,METRO BUS
145.26476,-38.02488,METRO BUS
145.2651,-38.02727,METRO BUS
145.17541,-37.9103,METRO BUS
145.2262,-37.95508,METRO BUS
145.04315,-37.87734,METRO BUS
145.04799,-37.87636,METRO BUS
145.17191,-37.90929,METRO BUS
145.36858,-37.76782,METRO BUS
145.37558,-37.76905,METRO BUS
145.16481,-37.90726,METRO BUS
145.38192,-37.77593,METRO BUS
145.38078,-37.77786,METRO BUS
145.38207,-37.78149,METRO BUS
145.38194,-37.78507,METRO BUS
145.37869,-37.78544,METRO BUS
145.37874,-37.78553,METRO BUS
145.37639,-37.78411,METRO BUS
145.37314,-37.78356,METRO BUS
145.37309,-37.78348,METRO BUS
145.16904,-37.90799,METRO BUS
145.37173,-37.78724,METRO BUS
145.35572,-37.8044,METRO BUS
145.35101,-37.80676,METRO BUS
145.34681,-37.80838,METRO BUS
145.34743,-37.80795,METRO BUS
145.3438,-37.80957,METRO BUS
145.34405,-37.80927,METRO BUS
145.33992,-37.81079,METRO BUS
144.84777,-37.77924,METRO BUS
144.84761,-37.77898,METRO BUS
145.20898,-37.99442,METRO BUS
144.99924,-37.67838,METRO BUS
144.99998,-37.67559,METRO BUS
145.00125,-37.67319,METRO BUS
145.00166,-37.6731,METRO BUS
145.00031,-37.67554,METRO BUS
145.20608,-37.99408,METRO BUS
145.01406,-37.68088,METRO BUS
145.66339,-37.54768,METRO BUS
145.66332,-37.54754,METRO BUS
145.74714,-37.51088,METRO BUS
145.7088,-37.42315,METRO BUS
145.70898,-37.42213,METRO BUS
145.71211,-37.32356,METRO BUS
145.20407,-37.99587,METRO BUS
145.71236,-37.32387,METRO BUS
145.70908,-37.19096,METRO BUS
145.79768,-37.25465,METRO BUS
145.79753,-37.25474,METRO BUS
145.90966,-37.23263,METRO BUS
145.37789,-37.65222,METRO BUS
145.37444,-37.6576,METRO BUS
145.3747,-37.6582,METRO BUS
145.03539,-37.71353,METRO BUS
145.20369,-37.99787,METRO BUS
145.10194,-37.78834,METRO BUS
145.20765,-37.99869,METRO BUS
145.20817,-38.00127,METRO BUS
145.27024,-38.1015,METRO BUS
145.27246,-38.10134,METRO BUS
145.27709,-38.08302,METRO BUS
145.25669,-38.05069,METRO BUS
145.20942,-37.99509,METRO BUS
145.36827,-37.75215,METRO BUS
145.34388,-37.75217,METRO BUS
145.34395,-37.75257,METRO BUS
145.34453,-37.74879,METRO BUS
145.34471,-37.7485,METRO BUS
145.34486,-37.74712,METRO BUS
145.20665,-38.00888,METRO BUS
145.34497,-37.74715,METRO BUS
145.34539,-37.74532,METRO BUS
145.34671,-37.74321,METRO BUS
145.3462,-37.74174,METRO BUS
145.34596,-37.74165,METRO BUS
145.344,-37.7422,METRO BUS
145.32928,-37.74475,METRO BUS
145.32919,-37.74472,METRO BUS
145.3205,-37.74384,METRO BUS
145.31864,-37.74587,METRO BUS
145.20543,-38.0148,METRO BUS
145.31846,-37.74625,METRO BUS
145.31727,-37.75295,METRO BUS
145.35227,-37.75758,METRO BUS
145.2049,-38.01777,METRO BUS
144.79218,-37.79612,METRO BUS
145.28688,-38.05222,METRO BUS
145.19694,-38.10195,METRO BUS
145.19639,-38.0876,METRO BUS
145.20407,-38.02154,METRO BUS
145.17202,-38.15285,METRO BUS
145.17284,-38.15099,METRO BUS
145.17472,-38.14663,METRO BUS
145.17488,-38.1466,METRO BUS
145.17294,-38.15105,METRO BUS
145.17208,-38.15302,METRO BUS
145.0494,-38.22625,METRO BUS
145.03674,-38.21682,METRO BUS
145.20309,-38.02657,METRO BUS
145.2025,-38.02957,METRO BUS
144.31033,-38.33933,METRO BUS
145.03166,-37.71312,METRO BUS
145.20209,-38.03167,METRO BUS
144.68939,-37.84353,METRO BUS
145.21476,-37.98353,METRO BUS
144.56979,-37.67276,METRO BUS
144.56971,-37.67286,METRO BUS
145.0543,-37.7147,METRO BUS
145.06028,-37.7148,METRO BUS
145.21515,-37.98125,METRO BUS
145.21552,-37.97935,METRO BUS
144.68073,-37.87742,METRO BUS
144.67796,-37.87686,METRO BUS
144.93178,-37.63647,METRO BUS
145.21588,-37.97737,METRO BUS
144.92872,-37.63367,METRO BUS
144.92887,-37.6303,METRO BUS
144.929,-37.63064,METRO BUS
144.94363,-37.64221,METRO BUS
144.94861,-37.64286,METRO BUS
145.0003,-37.64906,METRO BUS
144.99822,-37.64924,METRO BUS
144.95693,-37.6445,METRO BUS
144.94919,-37.64321,METRO BUS
144.94314,-37.64249,METRO BUS
145.21644,-37.97459,METRO BUS
145.34398,-37.74243,METRO BUS
145.33836,-37.74288,METRO BUS
145.32025,-37.7439,METRO BUS
145.31693,-37.7523,METRO BUS
145.33831,-37.74277,METRO BUS
145.34679,-37.74327,METRO BUS
145.34549,-37.74532,METRO BUS
145.06026,-37.71482,METRO BUS
145.06333,-37.71555,METRO BUS
145.06361,-37.71642,METRO BUS
145.06265,-37.71955,METRO BUS
145.06253,-37.7196,METRO BUS
145.0616,-37.72149,METRO BUS
145.06135,-37.7217,METRO BUS
145.0614,-37.72481,METRO BUS
145.03405,-37.73057,METRO BUS
145.06133,-37.72492,METRO BUS
144.78259,-37.84069,METRO BUS
144.78285,-37.84075,METRO BUS
144.78422,-37.83325,METRO BUS
144.78435,-37.83405,METRO BUS
144.78497,-37.82992,METRO BUS
144.78529,-37.82992,METRO BUS
144.78199,-37.82759,METRO BUS
145.14901,-37.82721,METRO BUS
145.14965,-37.82332,METRO BUS
145.02912,-37.71323,METRO BUS
145.0208,-37.75267,METRO BUS
145.14939,-37.82465,METRO BUS
145.03711,-37.91828,METRO BUS
144.89235,-37.73723,METRO BUS
144.7822,-37.82787,METRO BUS
144.77441,-37.82722,METRO BUS
144.7754,-37.82712,METRO BUS
144.77018,-37.82688,METRO BUS
144.7688,-37.82657,METRO BUS
145.1184,-37.79881,METRO BUS
144.91884,-37.68367,METRO BUS
145.03545,-37.67539,METRO BUS
144.60084,-37.65898,METRO BUS
144.5359,-38.25633,METRO BUS
145.13167,-38.02858,METRO BUS
145.13718,-38.03868,METRO BUS
145.11983,-38.03497,METRO BUS
145.16739,-37.87223,METRO BUS
145.16364,-37.89296,METRO BUS
145.16304,-37.89669,METRO BUS
145.16255,-37.89899,METRO BUS
145.16127,-37.90517,METRO BUS
144.9589,-37.70372,METRO BUS
145.15681,-37.92924,METRO BUS
145.16191,-37.90188,METRO BUS
145.11826,-38.04302,METRO BUS
145.14518,-37.98653,METRO BUS
145.15518,-37.93541,METRO BUS
145.16135,-37.90285,METRO BUS
145.16102,-37.9046,METRO BUS
144.95659,-37.70409,METRO BUS
144.72868,-37.57861,METRO BUS
144.83329,-37.78734,METRO BUS
144.75278,-37.82617,METRO BUS
144.74673,-37.79517,METRO BUS
144.74215,-37.78027,METRO BUS
145.00103,-37.73032,METRO BUS
144.95392,-37.7038,METRO BUS
145.00597,-37.71625,METRO BUS
144.98944,-37.71786,METRO BUS
144.9916,-37.71811,METRO BUS
144.99404,-37.72752,METRO BUS
145.02838,-37.70447,METRO BUS
145.02103,-37.70903,METRO BUS
145.02004,-37.7106,METRO BUS
145.02258,-37.71348,METRO BUS
145.02274,-37.70528,METRO BUS
144.95124,-37.70383,METRO BUS
145.02529,-37.70558,METRO BUS
145.02034,-37.70536,METRO BUS
145.02755,-37.70584,METRO BUS
145.02832,-37.7045,METRO BUS
145.05544,-38.22021,METRO BUS
145.03083,-38.2287,METRO BUS
145.04134,-38.25698,METRO BUS
144.81911,-37.80459,METRO BUS
144.95081,-37.7063,METRO BUS
144.81873,-37.8045,METRO BUS
145.09218,-38.01284,METRO BUS
145.09308,-38.01443,METRO BUS
145.09349,-38.01481,METRO BUS
145.094,-38.01575,METRO BUS
145.09559,-38.01734,METRO BUS
145.09552,-38.01743,METRO BUS
145.09749,-38.01986,METRO BUS
145.09722,-38.01971,METRO BUS
145.09887,-38.0218,METRO BUS
144.95046,-37.70831,METRO BUS
145.09864,-38.02162,METRO BUS
145.10035,-38.02376,METRO BUS
145.10001,-38.02346,METRO BUS
145.10188,-38.0263,METRO BUS
145.10205,-38.0268,METRO BUS
145.10302,-38.02824,METRO BUS
145.10441,-38.03059,METRO BUS
145.10432,-38.03071,METRO BUS
144.95028,-37.70961,METRO BUS
145.10631,-38.03382,METRO BUS
145.10614,-38.03381,METRO BUS
145.10774,-38.03622,METRO BUS
145.10678,-38.0349,METRO BUS
145.11017,-38.04039,METRO BUS
145.11,-38.04033,METRO BUS
145.11184,-38.04323,METRO BUS
145.11164,-38.04313,METRO BUS
145.02267,-37.71484,METRO BUS
144.94992,-37.71174,METRO BUS
145.11299,-38.04517,METRO BUS
145.11263,-38.04484,METRO BUS
145.11398,-38.04697,METRO BUS
145.11379,-38.04685,METRO BUS
144.71096,-37.6181,METRO BUS
144.70478,-37.58435,METRO BUS
144.69945,-37.5838,METRO BUS
145.00257,-37.66404,METRO BUS
144.94956,-37.71356,METRO BUS
144.70016,-37.58052,METRO BUS
144.71914,-37.57805,METRO BUS
144.71804,-37.57492,METRO BUS
144.7184,-37.57503,METRO BUS
144.71492,-37.57467,METRO BUS
144.71522,-37.57461,METRO BUS
144.71575,-37.56549,METRO BUS
144.94859,-37.71573,METRO BUS
144.56751,-37.68697,METRO BUS
144.55179,-37.67408,METRO BUS
144.54726,-37.68203,METRO BUS
144.54438,-37.67946,METRO BUS
144.54448,-37.68014,METRO BUS
144.56384,-37.69478,METRO BUS
144.56425,-37.69478,METRO BUS
144.56111,-37.69397,METRO BUS
144.94833,-37.71747,METRO BUS
144.55857,-37.69289,METRO BUS
145.28267,-37.78896,METRO BUS
145.28949,-37.76512,METRO BUS
145.29598,-37.75718,METRO BUS
145.10437,-37.90682,METRO BUS
145.10425,-37.90682,METRO BUS
145.10409,-37.90831,METRO BUS
145.10388,-37.9085,METRO BUS
144.9478,-37.7192,METRO BUS
145.12903,-37.90115,METRO BUS
145.12901,-37.90097,METRO BUS
145.12827,-37.90542,METRO BUS
145.12804,-37.90541,METRO BUS
145.13378,-37.90764,METRO BUS
145.13395,-37.9078,METRO BUS
145.19307,-37.81632,METRO BUS
144.94738,-37.72181,METRO BUS
145.12757,-37.875,METRO BUS
145.36594,-37.75286,METRO BUS
145.53951,-37.6734,METRO BUS
144.70583,-37.58426,METRO BUS
144.78896,-37.68482,METRO BUS
144.94696,-37.72452,METRO BUS
145.03116,-37.70228,METRO BUS
144.89428,-37.7932,METRO BUS
144.94651,-37.7275,METRO BUS
145.16973,-38.11336,METRO BUS
145.04155,-38.23186,METRO BUS
144.98306,-37.2933,METRO BUS
144.89408,-37.79316,METRO BUS
144.94621,-37.72918,METRO BUS
145.34452,-37.87247,METRO BUS
145.35354,-37.91989,METRO BUS
144.88459,-37.8028,METRO BUS
144.94582,-37.73195,METRO BUS
144.59844,-37.66664,METRO BUS
144.58495,-37.67485,METRO BUS
145.36583,-37.86254,METRO BUS
145.4874,-37.93633,METRO BUS
145.4814,-37.93419,METRO BUS
145.0219,-37.71573,METRO BUS
144.9454,-37.73409,METRO BUS
145.47796,-37.93496,METRO BUS
145.47588,-37.94051,METRO BUS
145.4754,-37.94252,METRO BUS
145.45939,-37.94313,METRO BUS
145.45332,-37.93768,METRO BUS
145.41254,-37.93355,METRO BUS
145.41967,-37.93291,METRO BUS
145.34447,-37.96071,METRO BUS
145.31047,-37.98051,METRO BUS
145.31064,-37.98075,METRO BUS
144.94561,-37.73586,METRO BUS
145.34459,-37.96074,METRO BUS
145.36069,-37.96114,METRO BUS
145.41971,-37.93297,METRO BUS
145.45304,-37.93723,METRO BUS
145.45958,-37.94314,METRO BUS
145.47535,-37.94243,METRO BUS
145.48114,-37.93422,METRO BUS
145.39446,-37.9113,METRO BUS
145.09396,-37.78153,METRO BUS
144.94516,-37.73877,METRO BUS
145.08236,-37.81897,METRO BUS
145.082,-37.82085,METRO BUS
145.08143,-37.82385,METRO BUS
144.99261,-37.72271,METRO BUS
144.99358,-37.7113,METRO BUS
144.99092,-37.71136,METRO BUS
144.99205,-37.7269,METRO BUS
144.86439,-37.83301,METRO BUS
144.87175,-37.81141,METRO BUS
145.12938,-37.68145,METRO BUS
145.09206,-37.64702,METRO BUS
145.12621,-37.51065,METRO BUS
145.28005,-37.83926,METRO BUS
145.27943,-37.84263,METRO BUS
145.27894,-37.84497,METRO BUS
145.27781,-37.84732,METRO BUS
144.94863,-37.73914,METRO BUS
145.27437,-37.84695,METRO BUS
145.2727,-37.84602,METRO BUS
145.27119,-37.84441,METRO BUS
145.04153,-38.23224,METRO BUS
145.03816,-38.25646,METRO BUS
145.04117,-38.25705,METRO BUS
145.04657,-38.23242,METRO BUS
145.02968,-38.22951,METRO BUS
145.0337,-38.22633,METRO BUS
144.94932,-37.7361,METRO BUS
145.04748,-38.23328,METRO BUS
145.00216,-37.8845,METRO BUS
145.03507,-37.89868,METRO BUS
145.08653,-37.90097,METRO BUS
145.04436,-37.90239,METRO BUS
144.95211,-37.73636,METRO BUS
144.76983,-37.86153,METRO BUS
144.68829,-37.95092,METRO BUS
144.63712,-37.90824,METRO BUS
144.63717,-37.90825,METRO BUS
144.66431,-37.90305,METRO BUS
144.66134,-37.90289,METRO BUS
145.03928,-37.77486,METRO BUS
145.04024,-37.77315,METRO BUS
145.04055,-37.77294,METRO BUS
144.86042,-37.75535,METRO BUS
144.9559,-37.73673,METRO BUS
144.87531,-37.7792,METRO BUS
144.8794,-37.77602,METRO BUS
144.96936,-37.79224,METRO BUS
144.82924,-37.78832,METRO BUS
144.95806,-37.73697,METRO BUS
145.29589,-37.97957,METRO BUS
145.31261,-37.99618,METRO BUS
145.31312,-37.994,METRO BUS
145.29598,-37.97974,METRO BUS
145.30981,-38.01183,METRO BUS
145.0095,-37.6503,METRO BUS
145.02424,-37.71651,METRO BUS
144.96067,-37.7372,METRO BUS
144.79047,-37.78984,METRO BUS
144.84778,-37.8452,METRO BUS
144.84605,-37.84529,METRO BUS
144.80311,-37.87637,METRO BUS
144.77766,-37.86295,METRO BUS
144.89841,-37.80214,METRO BUS
144.89825,-37.80209,METRO BUS
144.90145,-37.80003,METRO BUS
144.96283,-37.73886,METRO BUS
144.82537,-37.7953,METRO BUS
144.82516,-37.79543,METRO BUS
144.78891,-37.87419,METRO BUS
144.77571,-37.87153,METRO BUS
144.77157,-37.87114,METRO BUS
144.7693,-37.87092,METRO BUS
144.76414,-37.87045,METRO BUS
144.8261,-37.86395,METRO BUS
144.96376,-37.7411,METRO BUS
144.81693,-37.86305,METRO BUS
144.89455,-37.85875,METRO BUS
145.0681,-37.68287,METRO BUS
145.15541,-37.77169,METRO BUS
145.15249,-37.77303,METRO BUS
144.96749,-37.74149,METRO BUS
145.16108,-37.77054,METRO BUS
145.05331,-37.97861,METRO BUS
145.05289,-37.98021,METRO BUS
145.05304,-37.98022,METRO BUS
145.00091,-37.94614,METRO BUS
144.99976,-37.94015,METRO BUS
144.97135,-37.74192,METRO BUS
144.93022,-37.68661,METRO BUS
144.92616,-37.68609,METRO BUS
144.92082,-37.68542,METRO BUS
144.92108,-37.68537,METRO BUS
144.9276,-37.68617,METRO BUS
144.93019,-37.68649,METRO BUS
144.95078,-37.6887,METRO BUS
145.03659,-37.67177,METRO BUS
144.97473,-37.7423,METRO BUS
144.78814,-37.72782,METRO BUS
144.78422,-37.72771,METRO BUS
144.77936,-37.72732,METRO BUS
144.76946,-37.72626,METRO BUS
144.7621,-37.72536,METRO BUS
144.75695,-37.72484,METRO BUS
144.75184,-37.72428,METRO BUS
144.74768,-37.72369,METRO BUS
144.74253,-37.72306,METRO BUS
144.97742,-37.74263,METRO BUS
144.7383,-37.72343,METRO BUS
144.73901,-37.72567,METRO BUS
144.7415,-37.7287,METRO BUS
144.74342,-37.73261,METRO BUS
144.74141,-37.73046,METRO BUS
144.74113,-37.72853,METRO BUS
144.73881,-37.72582,METRO BUS
144.73804,-37.72358,METRO BUS
144.74256,-37.72295,METRO BUS
144.74738,-37.72358,METRO BUS
144.98124,-37.73969,METRO BUS
144.75194,-37.72406,METRO BUS
144.75696,-37.72457,METRO BUS
144.76109,-37.72497,METRO BUS
144.76857,-37.72604,METRO BUS
144.77929,-37.72714,METRO BUS
144.78396,-37.72744,METRO BUS
144.78839,-37.72752,METRO BUS
144.77398,-37.72676,METRO BUS
144.74182,-37.7303,METRO BUS
144.98195,-37.73821,METRO BUS
145.0452,-37.67677,METRO BUS
145.04531,-37.67666,METRO BUS
145.19767,-37.93799,METRO BUS
145.19446,-37.93767,METRO BUS
145.18154,-37.91887,METRO BUS
144.98285,-37.73615,METRO BUS
145.02532,-37.7169,METRO BUS
144.98496,-37.73622,METRO BUS
146.70159,-38.29434,METRO BUS
144.9876,-37.7364,METRO BUS
145.19519,-37.92465,METRO BUS
145.1947,-37.92709,METRO BUS
145.19408,-37.93037,METRO BUS
145.05077,-37.63935,METRO BUS
145.04605,-37.63958,METRO BUS
144.9935,-37.6975,METRO BUS
144.99056,-37.73668,METRO BUS
144.9906,-37.69707,METRO BUS
144.98961,-37.70131,METRO BUS
144.9842,-37.70676,METRO BUS
144.99241,-37.70753,METRO BUS
145.22694,-37.95311,METRO BUS
144.99198,-37.67163,METRO BUS
144.99092,-37.67706,METRO BUS
144.99276,-37.73692,METRO BUS
145.06124,-37.96997,METRO BUS
145.07227,-37.98923,METRO BUS
145.07526,-37.99182,METRO BUS
145.07544,-37.99215,METRO BUS
145.0727,-37.98973,METRO BUS
145.07082,-37.98812,METRO BUS
144.9943,-37.73706,METRO BUS
145.08064,-37.99116,METRO BUS
145.1034,-38.00927,METRO BUS
145.1344,-38.04529,METRO BUS
145.13353,-38.04357,METRO BUS
145.11796,-38.01904,METRO BUS
145.13357,-38.04355,METRO BUS
145.13443,-38.04504,METRO BUS
144.99439,-37.69835,METRO BUS
144.99961,-37.67807,METRO BUS
144.99668,-37.7373,METRO BUS
144.74101,-37.73319,METRO BUS
144.74131,-37.73336,METRO BUS
145.05654,-37.96024,METRO BUS
145.04259,-37.94392,METRO BUS
145.0524,-37.98284,METRO BUS
145.28531,-37.81306,METRO BUS
145.28263,-37.81126,METRO BUS
145.28288,-37.80759,METRO BUS
145.28328,-37.80606,METRO BUS
145.00141,-37.73776,METRO BUS
145.28426,-37.8037,METRO BUS
145.28494,-37.8005,METRO BUS
145.25746,-37.85582,METRO BUS
145.28509,-37.80077,METRO BUS
145.28428,-37.80403,METRO BUS
145.2834,-37.80522,METRO BUS
145.28282,-37.80826,METRO BUS
145.28267,-37.81122,METRO BUS
145.28525,-37.81301,METRO BUS
145.00439,-37.73806,METRO BUS
145.21573,-37.87682,METRO BUS
145.21792,-37.87694,METRO BUS
145.14994,-37.87669,METRO BUS
145.14985,-37.87675,METRO BUS
144.9189,-37.63946,METRO BUS
144.90885,-37.63994,METRO BUS
144.91403,-37.63881,METRO BUS
145.00696,-37.73836,METRO BUS
144.90759,-37.6429,METRO BUS
144.90487,-37.64513,METRO BUS
144.90067,-37.6465,METRO BUS
144.88619,-37.63664,METRO BUS
144.8836,-37.63707,METRO BUS
145.14192,-37.94621,METRO BUS
145.11382,-37.95496,METRO BUS
145.01109,-37.73883,METRO BUS
145.35101,-38.06828,METRO BUS
145.35716,-38.0544,METRO BUS
145.359,-38.05105,METRO BUS
145.36128,-38.053,METRO BUS
145.36608,-38.05112,METRO BUS
145.36651,-38.05071,METRO BUS
145.02659,-37.71804,METRO BUS
145.01421,-37.73914,METRO BUS
145.36583,-38.05113,METRO BUS
145.3637,-38.05343,METRO BUS
145.35871,-38.05106,METRO BUS
145.05617,-37.96203,METRO BUS
144.88538,-37.64237,METRO BUS
144.8835,-37.64058,METRO BUS
144.8891,-37.6439,METRO BUS
145.01706,-37.73945,METRO BUS
144.88962,-37.64857,METRO BUS
144.89356,-37.65093,METRO BUS
144.885,-37.65424,METRO BUS
144.90056,-37.65329,METRO BUS
144.90008,-37.65541,METRO BUS
144.89904,-37.6591,METRO BUS
144.89711,-37.65675,METRO BUS
144.90569,-37.68114,METRO BUS
144.90604,-37.68138,METRO BUS
144.88498,-37.65405,METRO BUS
145.019,-37.73968,METRO BUS
144.89735,-37.65656,METRO BUS
144.89916,-37.65915,METRO BUS
144.8998,-37.65534,METRO BUS
144.90059,-37.65304,METRO BUS
144.89341,-37.65115,METRO BUS
144.88951,-37.6486,METRO BUS
144.88902,-37.64389,METRO BUS
144.88536,-37.64252,METRO BUS
144.90082,-37.64645,METRO BUS
144.90477,-37.64507,METRO BUS
145.02193,-37.74,METRO BUS
144.90753,-37.6428,METRO BUS
144.90855,-37.63997,METRO BUS
144.91345,-37.63861,METRO BUS
145.10374,-38.00914,METRO BUS
144.89734,-37.65114,METRO BUS
144.90281,-37.65924,METRO BUS
144.91213,-37.68229,METRO BUS
144.89725,-37.65129,METRO BUS
144.90265,-37.65918,METRO BUS
145.25652,-37.77868,METRO BUS
145.24968,-37.77816,METRO BUS
145.22724,-37.80892,METRO BUS
145.17447,-37.78458,METRO BUS
145.13777,-37.78685,METRO BUS
145.13684,-37.79213,METRO BUS
145.15946,-37.79835,METRO BUS
145.2317,-37.79741,METRO BUS
145.23469,-37.79925,METRO BUS
145.03512,-37.65324,METRO BUS
145.31023,-37.89355,METRO BUS
145.31616,-37.89313,METRO BUS
145.16485,-37.90403,METRO BUS
145.20998,-38.15077,METRO BUS
145.26495,-38.10287,METRO BUS
145.03796,-37.6537,METRO BUS
145.26495,-38.10268,METRO BUS
145.49349,-37.77552,METRO BUS
145.7361,-37.74209,METRO BUS
145.73605,-37.74234,METRO BUS
145.74033,-37.73751,METRO BUS
145.74024,-37.7382,METRO BUS
145.7491,-37.72952,METRO BUS
145.74935,-37.72898,METRO BUS
145.02729,-37.71897,METRO BUS
145.04222,-37.6539,METRO BUS
145.75274,-37.72563,METRO BUS
145.76226,-37.72548,METRO BUS
144.97242,-37.86418,METRO BUS
144.97273,-37.85926,METRO BUS
144.97322,-37.86496,METRO BUS
145.20958,-38.14276,METRO BUS
144.91325,-37.64548,METRO BUS
145.04215,-37.65659,METRO BUS
144.92463,-37.6569,METRO BUS
144.92485,-37.65355,METRO BUS
144.92439,-37.62188,METRO BUS
144.91735,-37.64904,METRO BUS
144.91751,-37.64179,METRO BUS
144.9207,-37.63954,METRO BUS
145.04075,-37.65953,METRO BUS
145.20974,-38.13629,METRO BUS
145.20969,-38.13645,METRO BUS
145.20736,-38.13961,METRO BUS
145.2075,-38.13968,METRO BUS
145.20646,-38.14049,METRO BUS
145.20644,-38.1404,METRO BUS
145.17824,-37.78687,METRO BUS
144.9555,-37.76617,METRO BUS
144.975,-37.79314,METRO BUS
145.06286,-37.7708,METRO BUS
145.03884,-37.66038,METRO BUS
144.22057,-37.60021,METRO BUS
144.22061,-37.60006,METRO BUS
144.18738,-37.55463,METRO BUS
144.15057,-37.47979,METRO BUS
144.1286,-37.44512,METRO BUS
144.11641,-37.41955,METRO BUS
144.12276,-37.39631,METRO BUS
144.12774,-37.37829,METRO BUS
144.13855,-37.31837,METRO BUS
144.13842,-37.3101,METRO BUS
144.11323,-37.58506,METRO BUS
144.11328,-37.58492,METRO BUS
144.10367,-37.60093,METRO BUS
144.10498,-37.6163,METRO BUS
145.31404,-37.50812,METRO BUS
144.10477,-37.62704,METRO BUS
144.20904,-36.74277,METRO BUS
145.04744,-37.6616,METRO BUS
145.10492,-37.90407,METRO BUS
145.13192,-37.91426,METRO BUS
145.046,-37.65948,METRO BUS
145.10474,-37.90437,METRO BUS
145.19998,-38.14715,METRO BUS
144.91989,-37.68326,METRO BUS
145.04535,-37.6577,METRO BUS
145.04636,-37.65471,METRO BUS
145.34809,-37.95334,METRO BUS
145.25288,-37.92755,METRO BUS
145.25307,-37.92732,METRO BUS
145.02608,-37.71947,METRO BUS
145.04861,-37.65347,METRO BUS
144.80354,-37.71467,METRO BUS
144.81192,-37.74574,METRO BUS
145.20876,-38.04886,METRO BUS
145.18192,-38.10407,METRO BUS
145.1809,-38.10564,METRO BUS
145.05076,-37.6529,METRO BUS
145.04004,-38.22061,METRO BUS
145.03989,-38.2208,METRO BUS
145.15768,-38.11221,METRO BUS
145.17742,-38.09334,METRO BUS
145.20856,-38.04805,METRO BUS
145.21546,-38.01313,METRO BUS
144.78495,-37.7575,METRO BUS
144.79826,-37.75871,METRO BUS
144.79228,-37.75785,METRO BUS
145.05234,-37.65359,METRO BUS
144.79807,-37.75856,METRO BUS
144.76713,-37.74346,METRO BUS
144.77258,-37.73331,METRO BUS
144.77578,-37.68893,METRO BUS
144.77613,-37.6887,METRO BUS
144.76812,-37.70936,METRO BUS
144.77097,-37.71884,METRO BUS
144.7678,-37.73352,METRO BUS
145.21712,-37.97095,METRO BUS
145.24347,-37.92843,METRO BUS
145.24292,-37.93724,METRO BUS
145.05639,-37.65293,METRO BUS
145.27122,-37.96787,METRO BUS
145.16333,-37.9056,METRO BUS
145.05867,-37.65186,METRO BUS
145.06039,-37.65369,METRO BUS
145.05995,-37.65526,METRO BUS
145.0567,-37.65768,METRO BUS
145.0252,-37.72045,METRO BUS
145.05457,-37.66076,METRO BUS
143.81875,-37.53527,METRO BUS
143.81461,-37.53067,METRO BUS
143.81206,-37.52777,METRO BUS
143.80672,-37.5218,METRO BUS
143.80378,-37.5147,METRO BUS
143.80564,-37.50217,METRO BUS
143.80508,-37.49162,METRO BUS
143.80216,-37.48407,METRO BUS
143.79616,-37.47972,METRO BUS
143.79169,-37.47789,METRO BUS
143.79521,-37.47809,METRO BUS
143.79718,-37.47863,METRO BUS
143.79896,-37.4772,METRO BUS
143.80271,-37.47631,METRO BUS
143.80634,-37.47722,METRO BUS
143.80351,-37.4816,METRO BUS
143.80291,-37.48376,METRO BUS
145.05892,-37.66903,METRO BUS
143.80528,-37.49163,METRO BUS
143.80579,-37.50256,METRO BUS
143.80376,-37.51469,METRO BUS
143.80613,-37.52085,METRO BUS
143.81198,-37.52742,METRO BUS
143.81664,-37.53255,METRO BUS
143.81886,-37.5351,METRO BUS
143.82498,-37.52423,METRO BUS
145.05421,-37.66827,METRO BUS
143.84196,-37.53156,METRO BUS
145.02918,-38.29411,METRO BUS
144.94855,-38.34002,METRO BUS
144.73946,-38.34365,METRO BUS
145.05149,-37.66735,METRO BUS
145.24605,-37.9361,METRO BUS
145.24592,-37.93612,METRO BUS
145.28841,-37.86473,METRO BUS
145.28963,-37.90061,METRO BUS
145.27866,-37.90786,METRO BUS
145.27889,-37.90742,METRO BUS
145.27766,-37.7361,METRO BUS
145.048,-37.66769,METRO BUS
145.27771,-37.73603,METRO BUS
144.95033,-37.30666,METRO BUS
144.94225,-37.29487,METRO BUS
144.95228,-37.29049,METRO BUS
144.97802,-37.41299,METRO BUS
145.02443,-37.72137,METRO BUS
145.04688,-37.67017,METRO BUS
145.15755,-37.95665,METRO BUS
145.18635,-37.96649,METRO BUS
145.08055,-37.98307,METRO BUS
145.04854,-37.67329,METRO BUS
145.07416,-37.94975,METRO BUS
145.07315,-37.95388,METRO BUS
145.26822,-37.85431,METRO BUS
145.26822,-37.85575,METRO BUS
145.26795,-37.85585,METRO BUS
145.23364,-37.89643,METRO BUS
145.23622,-37.89646,METRO BUS
145.28462,-37.86502,METRO BUS
145.16404,-37.89037,METRO BUS
145.05104,-37.67355,METRO BUS
145.73052,-37.7462,METRO BUS
145.05724,-37.88408,METRO BUS
145.05354,-37.67401,METRO BUS
144.87727,-37.82245,METRO BUS
145.38426,-37.73381,METRO BUS
145.38642,-37.7304,METRO BUS
145.05418,-37.67688,METRO BUS
145.37918,-37.72474,METRO BUS
145.16599,-37.87769,METRO BUS
144.87663,-37.80131,METRO BUS
144.87045,-37.80758,METRO BUS
144.78302,-37.84181,METRO BUS
145.03993,-37.88642,METRO BUS
145.10851,-37.88475,METRO BUS
145.03516,-37.87982,METRO BUS
145.05733,-37.6777,METRO BUS
145.04564,-37.82048,METRO BUS
145.05397,-37.80708,METRO BUS
145.09019,-37.90014,METRO BUS
145.06315,-37.67832,METRO BUS
145.21343,-37.81854,METRO BUS
145.19952,-37.84353,METRO BUS
145.17865,-37.87414,METRO BUS
145.141,-37.90653,METRO BUS
145.2254,-37.8639,METRO BUS
145.14851,-37.83147,METRO BUS
145.01993,-37.95703,METRO BUS
145.14393,-37.97382,METRO BUS
145.06874,-37.67886,METRO BUS
145.16083,-37.98141,METRO BUS
145.1645,-37.98186,METRO BUS
145.14814,-37.84865,METRO BUS
144.33927,-38.31144,METRO BUS
144.52398,-38.26438,METRO BUS
145.1326,-38.02609,METRO BUS
144.77381,-37.70033,METRO BUS
144.77781,-37.70834,METRO BUS
145.21716,-37.9692,METRO BUS
144.77685,-37.71087,METRO BUS
144.77488,-37.71069,METRO BUS
144.77044,-37.7102,METRO BUS
144.76615,-37.7096,METRO BUS
144.76299,-37.70929,METRO BUS
144.7607,-37.70898,METRO BUS
144.75633,-37.71053,METRO BUS
144.75476,-37.70919,METRO BUS
144.7564,-37.70575,METRO BUS
144.7565,-37.70431,METRO BUS
145.21759,-37.96706,METRO BUS
144.756,-37.70145,METRO BUS
144.75554,-37.69828,METRO BUS
144.74275,-37.70091,METRO BUS
144.74238,-37.70288,METRO BUS
144.74141,-37.70702,METRO BUS
145.02274,-37.72208,METRO BUS
145.21592,-37.96503,METRO BUS
144.74244,-37.7102,METRO BUS
144.7449,-37.71049,METRO BUS
144.74939,-37.7108,METRO BUS
144.75389,-37.71074,METRO BUS
144.75627,-37.71036,METRO BUS
144.76088,-37.70886,METRO BUS
144.76357,-37.70918,METRO BUS
144.7665,-37.7095,METRO BUS
144.77036,-37.7099,METRO BUS
144.77324,-37.71023,METRO BUS
145.21373,-37.96412,METRO BUS
144.77762,-37.70967,METRO BUS
144.77769,-37.7078,METRO BUS
145.25399,-38.04498,METRO BUS
145.25396,-38.05236,METRO BUS
145.25236,-38.05367,METRO BUS
145.26317,-38.05876,METRO BUS
145.2152,-37.96218,METRO BUS
145.27242,-38.0755,METRO BUS
145.27473,-38.07916,METRO BUS
145.28163,-38.09347,METRO BUS
145.23606,-38.00191,METRO BUS
145.21613,-37.96029,METRO BUS
145.29267,-38.08419,METRO BUS
145.29559,-38.08341,METRO BUS
145.29778,-38.07112,METRO BUS
145.2979,-38.07247,METRO BUS
145.29565,-38.0854,METRO BUS
145.32209,-38.00153,METRO BUS
145.32308,-38.01621,METRO BUS
145.33984,-38.03263,METRO BUS
145.22243,-37.9601,METRO BUS
145.31514,-38.21286,METRO BUS
144.56283,-37.68788,METRO BUS
144.5628,-37.68782,METRO BUS
144.55907,-37.68598,METRO BUS
144.55918,-37.6862,METRO BUS
145.22095,-37.95782,METRO BUS
144.54458,-37.67237,METRO BUS
144.54463,-37.67238,METRO BUS
144.73892,-37.71854,METRO BUS
144.73908,-37.71909,METRO BUS
144.73945,-37.71572,METRO BUS
144.73984,-37.7153,METRO BUS
144.74004,-37.71264,METRO BUS
144.74029,-37.71273,METRO BUS
144.74119,-37.70657,METRO BUS
144.74205,-37.70302,METRO BUS
145.21663,-37.95585,METRO BUS
144.74247,-37.70087,METRO BUS
144.74302,-37.69803,METRO BUS
144.74331,-37.69814,METRO BUS
144.74391,-37.69338,METRO BUS
144.74412,-37.69391,METRO BUS
144.74418,-37.68922,METRO BUS
144.74426,-37.69089,METRO BUS
145.21388,-37.95426,METRO BUS
144.74636,-37.68865,METRO BUS
144.74625,-37.68872,METRO BUS
144.74838,-37.68836,METRO BUS
144.74847,-37.68848,METRO BUS
144.74959,-37.68363,METRO BUS
144.75041,-37.68334,METRO BUS
144.75295,-37.68327,METRO BUS
144.8609,-37.79254,METRO BUS
145.16466,-37.77454,METRO BUS
145.20933,-37.95372,METRO BUS
145.12832,-37.92965,METRO BUS
145.42238,-37.82711,METRO BUS
145.38994,-37.79683,METRO BUS
145.36305,-37.78166,METRO BUS
145.10722,-37.91922,METRO BUS
145.08819,-37.90062,METRO BUS
145.2633,-38.00517,METRO BUS
145.20846,-37.95027,METRO BUS
145.27311,-38.00785,METRO BUS
145.27263,-38.0101,METRO BUS
145.27164,-38.01488,METRO BUS
145.26331,-38.02781,METRO BUS
145.26079,-38.02748,METRO BUS
145.25714,-38.027,METRO BUS
145.25396,-38.02658,METRO BUS
145.25109,-38.02622,METRO BUS
145.25351,-38.03996,METRO BUS
145.25312,-38.04188,METRO BUS
145.07091,-37.7167,METRO BUS
145.25297,-38.04174,METRO BUS
144.7537,-37.68374,METRO BUS
144.75359,-37.68504,METRO BUS
144.75352,-37.68498,METRO BUS
144.75347,-37.68834,METRO BUS
144.75332,-37.68829,METRO BUS
144.75663,-37.69051,METRO BUS
144.75695,-37.69095,METRO BUS
145.05773,-37.95808,METRO BUS
145.21031,-37.94074,METRO BUS
145.00885,-37.95255,METRO BUS
145.13765,-38.04008,METRO BUS
144.77372,-37.70021,METRO BUS
145.31785,-38.16043,METRO BUS
145.20525,-37.93873,METRO BUS
145.30348,-38.15861,METRO BUS
145.2954,-38.15761,METRO BUS
145.29116,-38.15707,METRO BUS
145.14607,-37.03009,METRO BUS
145.15499,-37.03681,METRO BUS
145.1488,-37.03545,METRO BUS
145.14032,-37.03187,METRO BUS
145.13898,-37.02651,METRO BUS
145.13485,-37.02311,METRO BUS
145.20176,-37.93842,METRO BUS
145.04639,-37.00489,METRO BUS
145.03049,-36.99889,METRO BUS
145.03555,-36.98663,METRO BUS
145.04137,-37.00457,METRO BUS
145.3405,-37.53165,METRO BUS
145.19944,-37.93706,METRO BUS
144.37576,-38.0688,METRO BUS
144.90209,-37.79999,METRO BUS
145.15287,-38.11027,METRO BUS
145.02252,-38.25847,METRO BUS
145.03692,-38.21689,METRO BUS
145.20138,-37.93616,METRO BUS
145.33078,-37.52448,METRO BUS
145.33195,-37.52485,METRO BUS
145.32268,-37.5231,METRO BUS
145.325,-37.52274,METRO BUS
145.31646,-37.51345,METRO BUS
145.31602,-37.51043,METRO BUS
145.20489,-37.93429,METRO BUS
145.30787,-37.50151,METRO BUS
145.30825,-37.50129,METRO BUS
145.28834,-37.48195,METRO BUS
145.28862,-37.4818,METRO BUS
145.27815,-37.48155,METRO BUS
145.27836,-37.48138,METRO BUS
145.20451,-37.93244,METRO BUS
145.26892,-37.48105,METRO BUS
145.26919,-37.48109,METRO BUS
145.26163,-37.48091,METRO BUS
145.26136,-37.48092,METRO BUS
145.25017,-37.48059,METRO BUS
145.25123,-37.48059,METRO BUS
145.23808,-37.47677,METRO BUS
145.23907,-37.47692,METRO BUS
145.22415,-37.48712,METRO BUS
145.22472,-37.48663,METRO BUS
145.20378,-37.92982,METRO BUS
145.20844,-37.49111,METRO BUS
145.20886,-37.491,METRO BUS
145.20387,-37.48815,METRO BUS
145.2041,-37.48807,METRO BUS
145.18315,-37.48659,METRO BUS
145.18265,-37.48773,METRO BUS
145.13461,-37.62631,METRO BUS
145.20172,-37.92689,METRO BUS
145.13198,-37.64026,METRO BUS
145.12842,-37.64812,METRO BUS
145.26837,-38.02924,METRO BUS
145.26852,-38.0304,METRO BUS
145.29516,-38.05186,METRO BUS
144.50308,-38.27637,METRO BUS
145.00156,-37.76684,METRO BUS
145.2014,-37.92487,METRO BUS
144.50262,-38.27695,METRO BUS
145.3167,-37.51455,METRO BUS
144.92517,-37.76612,METRO BUS
145.13809,-37.60606,METRO BUS
145.20111,-37.924,METRO BUS
144.91041,-37.67748,METRO BUS
144.89809,-37.68963,METRO BUS
145.34731,-37.95511,METRO BUS
145.194,-37.821,METRO BUS
145.13192,-37.86058,METRO BUS
145.19474,-37.9232,METRO BUS
144.62194,-37.88799,METRO BUS
145.14092,-37.58023,METRO BUS
145.13717,-37.57905,METRO BUS
145.188,-37.9224,METRO BUS
145.05921,-37.94646,METRO BUS
145.05949,-37.94485,METRO BUS
144.40516,-38.17438,METRO BUS
144.41375,-38.17657,METRO BUS
145.13594,-37.59131,METRO BUS
145.13586,-37.61288,METRO BUS
145.13083,-37.61356,METRO BUS
145.13039,-37.61679,METRO BUS
145.13332,-37.6195,METRO BUS
145.18512,-37.922,METRO BUS
145.13217,-37.61946,METRO BUS
145.13066,-37.61715,METRO BUS
145.13224,-37.61239,METRO BUS
145.13599,-37.59083,METRO BUS
145.18046,-37.92146,METRO BUS
145.13723,-37.57899,METRO BUS
145.13544,-37.61274,METRO BUS
145.14095,-37.58018,METRO BUS
144.82417,-37.83872,METRO BUS
144.89011,-37.79146,METRO BUS
144.8836,-37.78873,METRO BUS
145.16877,-37.92003,METRO BUS
144.71237,-38.18583,METRO BUS
144.70927,-38.18889,METRO BUS
144.70824,-38.18782,METRO BUS
144.70967,-38.18507,METRO BUS
144.70819,-38.18384,METRO BUS
144.70846,-38.17867,METRO BUS
145.16415,-37.91943,METRO BUS
144.39473,-38.15958,METRO BUS
144.38366,-38.15613,METRO BUS
144.41096,-38.16366,METRO BUS
144.40424,-38.16198,METRO BUS
144.46605,-38.18041,METRO BUS
144.3934,-38.15887,METRO BUS
144.41103,-38.16337,METRO BUS
144.43214,-38.1711,METRO BUS
145.15725,-37.91859,METRO BUS
144.71723,-38.16729,METRO BUS
144.71583,-38.15711,METRO BUS
144.71593,-38.15332,METRO BUS
144.71543,-38.14423,METRO BUS
144.7046,-38.12983,METRO BUS
144.6999,-38.12875,METRO BUS
144.69759,-38.12692,METRO BUS
144.69556,-38.12419,METRO BUS
145.00483,-37.76619,METRO BUS
145.15977,-37.91892,METRO BUS
144.69063,-38.11971,METRO BUS
144.68788,-38.11869,METRO BUS
144.68386,-38.11752,METRO BUS
144.67807,-38.11589,METRO BUS
144.67371,-38.1153,METRO BUS
145.21046,-37.9989,METRO BUS
145.21406,-37.99932,METRO BUS
145.21677,-37.99964,METRO BUS
145.21784,-38.00273,METRO BUS
145.21705,-38.00729,METRO BUS
145.15209,-37.91791,METRO BUS
145.14984,-37.91761,METRO BUS
145.20146,-38.03495,METRO BUS
145.14257,-37.91669,METRO BUS
145.13877,-37.91622,METRO BUS
144.55062,-37.69951,METRO BUS
145.00713,-37.76704,METRO BUS
145.11807,-38.15458,METRO BUS
144.99674,-37.88751,METRO BUS
145.0104,-37.76738,METRO BUS
144.96673,-37.80251,METRO BUS
145.19993,-37.98029,METRO BUS
145.20023,-37.97885,METRO BUS
145.20093,-37.9767,METRO BUS
145.20411,-37.97411,METRO BUS
145.2048,-37.97065,METRO BUS
145.01191,-37.76637,METRO BUS
145.20529,-37.9679,METRO BUS
145.20523,-37.96549,METRO BUS
145.2028,-37.96423,METRO BUS
145.20095,-37.96329,METRO BUS
145.19489,-37.96063,METRO BUS
145.19237,-37.96032,METRO BUS
145.19159,-37.95767,METRO BUS
145.19084,-37.95494,METRO BUS
145.1913,-37.95246,METRO BUS
145.01251,-37.76284,METRO BUS
145.19191,-37.94982,METRO BUS
145.19204,-37.94806,METRO BUS
145.19177,-37.94575,METRO BUS
145.19213,-37.94383,METRO BUS
145.19258,-37.94146,METRO BUS
145.19228,-37.93853,METRO BUS
145.17612,-37.93551,METRO BUS
145.01276,-37.76132,METRO BUS
145.14776,-37.95137,METRO BUS
145.1443,-37.95091,METRO BUS
145.14311,-37.95293,METRO BUS
145.14256,-37.95605,METRO BUS
145.14209,-37.95779,METRO BUS
145.14105,-37.96067,METRO BUS
145.14468,-37.96152,METRO BUS
145.1457,-37.96266,METRO BUS
145.14401,-37.96392,METRO BUS
145.14028,-37.96667,METRO BUS
145.01313,-37.75904,METRO BUS
145.18206,-38.0644,METRO BUS
145.17446,-38.0694,METRO BUS
145.16965,-38.0688,METRO BUS
145.1564,-38.06737,METRO BUS
145.1453,-38.06849,METRO BUS
145.14566,-38.07042,METRO BUS
145.14503,-38.07466,METRO BUS
145.14468,-38.07673,METRO BUS
145.14283,-38.0788,METRO BUS
145.14046,-38.07899,METRO BUS
145.01408,-37.75773,METRO BUS
145.13716,-38.07905,METRO BUS
145.13518,-38.07771,METRO BUS
145.13393,-38.07423,METRO BUS
144.95862,-37.70048,METRO BUS
144.95905,-37.7039,METRO BUS
144.95652,-37.70417,METRO BUS
144.9542,-37.70394,METRO BUS
144.95133,-37.70397,METRO BUS
144.951,-37.70617,METRO BUS
144.95069,-37.70766,METRO BUS
145.01742,-37.75807,METRO BUS
144.95038,-37.70975,METRO BUS
144.94999,-37.7118,METRO BUS
144.94971,-37.7136,METRO BUS
144.94865,-37.71555,METRO BUS
144.94831,-37.71742,METRO BUS
144.94789,-37.71937,METRO BUS
144.94749,-37.72208,METRO BUS
144.94714,-37.72429,METRO BUS
144.9466,-37.72745,METRO BUS
144.94632,-37.72949,METRO BUS
145.01974,-37.75831,METRO BUS
144.94597,-37.73174,METRO BUS
144.94562,-37.7342,METRO BUS
144.94581,-37.73602,METRO BUS
144.94531,-37.73892,METRO BUS
144.94847,-37.73908,METRO BUS
144.94927,-37.73597,METRO BUS
144.95227,-37.73624,METRO BUS
144.95602,-37.73662,METRO BUS
144.95789,-37.73681,METRO BUS
145.02136,-37.75853,METRO BUS
144.96096,-37.73711,METRO BUS
144.96295,-37.73892,METRO BUS
144.96737,-37.74127,METRO BUS
144.97401,-37.74202,METRO BUS
144.97118,-37.74169,METRO BUS
144.97782,-37.74238,METRO BUS
144.98108,-37.73969,METRO BUS
144.98186,-37.73802,METRO BUS
144.98343,-37.73595,METRO BUS
145.02078,-37.75598,METRO BUS
144.98505,-37.7361,METRO BUS
144.98808,-37.73625,METRO BUS
144.99115,-37.73664,METRO BUS
144.99276,-37.73681,METRO BUS
144.99455,-37.73695,METRO BUS
144.99719,-37.73721,METRO BUS
145.00136,-37.73764,METRO BUS
145.00459,-37.73797,METRO BUS
145.00747,-37.7383,METRO BUS
145.02002,-37.75442,METRO BUS
145.01101,-37.7387,METRO BUS
145.01446,-37.73909,METRO BUS
145.01726,-37.7394,METRO BUS
145.01956,-37.73964,METRO BUS
145.0222,-37.73994,METRO BUS
145.13365,-38.07226,METRO BUS
145.13029,-38.07358,METRO BUS
145.12712,-38.0748,METRO BUS
145.12713,-38.07702,METRO BUS
145.01859,-37.75425,METRO BUS
145.12956,-38.07931,METRO BUS
145.13137,-38.08133,METRO BUS
145.13292,-38.08304,METRO BUS
145.13029,-38.08183,METRO BUS
145.12833,-38.07965,METRO BUS
145.12377,-38.07609,METRO BUS
145.12194,-38.07052,METRO BUS
145.12257,-38.06751,METRO BUS
145.12226,-38.06601,METRO BUS
145.01584,-37.75396,METRO BUS
145.12341,-38.06364,METRO BUS
145.12501,-38.06229,METRO BUS
145.12642,-38.06114,METRO BUS
145.12514,-38.05881,METRO BUS
145.12357,-38.05589,METRO BUS
145.12169,-38.05487,METRO BUS
145.11906,-38.05575,METRO BUS
145.14481,-38.06726,METRO BUS
145.14419,-38.06514,METRO BUS
145.01331,-37.75368,METRO BUS
145.14544,-38.06222,METRO BUS
145.14487,-38.05402,METRO BUS
145.14381,-38.05135,METRO BUS
145.13735,-38.04503,METRO BUS
145.00057,-37.88521,METRO BUS
144.99779,-37.8838,METRO BUS
144.99735,-37.88088,METRO BUS
145.01166,-37.75349,METRO BUS
144.99775,-37.87881,METRO BUS
144.99814,-37.87665,METRO BUS
144.83306,-37.79629,METRO BUS
144.82845,-37.79577,METRO BUS
144.82362,-37.7986,METRO BUS
144.82538,-37.79671,METRO BUS
144.83053,-37.79441,METRO BUS
145.00853,-37.75314,METRO BUS
144.83098,-37.79204,METRO BUS
144.83137,-37.78958,METRO BUS
144.73961,-37.74944,METRO BUS
144.73688,-37.74756,METRO BUS
144.73539,-37.74558,METRO BUS
144.73636,-37.74343,METRO BUS
144.73871,-37.74414,METRO BUS
144.74108,-37.74566,METRO BUS
144.74527,-37.74663,METRO BUS
144.67693,-37.86189,METRO BUS
145.02283,-37.72406,METRO BUS
144.83509,-37.78885,METRO BUS
144.8374,-37.78912,METRO BUS
144.83941,-37.78933,METRO BUS
144.84464,-37.78992,METRO BUS
144.84845,-37.7909,METRO BUS
144.85086,-37.79119,METRO BUS
144.85476,-37.79167,METRO BUS
144.85723,-37.79196,METRO BUS
145.0217,-37.72615,METRO BUS
144.86119,-37.79245,METRO BUS
144.8639,-37.792,METRO BUS
144.86596,-37.79224,METRO BUS
144.86859,-37.79254,METRO BUS
144.87045,-37.79275,METRO BUS
144.87292,-37.79304,METRO BUS
144.87502,-37.79329,METRO BUS
144.87706,-37.79351,METRO BUS
144.87902,-37.79422,METRO BUS
144.88119,-37.7953,METRO BUS
144.88537,-37.79597,METRO BUS
144.88827,-37.79627,METRO BUS
144.90754,-37.80058,METRO BUS
144.90567,-37.80038,METRO BUS
144.91441,-37.80136,METRO BUS
144.91931,-37.80193,METRO BUS
144.92462,-37.80251,METRO BUS
144.92783,-37.80285,METRO BUS
144.93202,-37.80356,METRO BUS
144.9417,-37.80532,METRO BUS
145.11719,-38.15673,METRO BUS
145.01553,-37.73036,METRO BUS
144.96638,-37.80457,METRO BUS
145.20034,-37.98257,METRO BUS
145.19974,-37.98081,METRO BUS
145.20012,-37.97889,METRO BUS
145.20084,-37.97665,METRO BUS
145.20384,-37.97478,METRO BUS
145.20465,-37.97056,METRO BUS
145.20519,-37.96787,METRO BUS
145.2052,-37.96554,METRO BUS
145.01921,-37.73167,METRO BUS
145.20262,-37.96422,METRO BUS
145.20082,-37.96332,METRO BUS
145.19926,-37.96252,METRO BUS
145.19511,-37.96076,METRO BUS
145.19227,-37.96039,METRO BUS
145.19147,-37.95777,METRO BUS
145.19067,-37.95502,METRO BUS
145.19114,-37.9524,METRO BUS
145.19178,-37.94968,METRO BUS
145.19186,-37.94801,METRO BUS
145.14484,-37.73044,METRO BUS
145.02289,-37.73207,METRO BUS
145.19164,-37.94561,METRO BUS
145.19193,-37.94398,METRO BUS
145.19245,-37.94132,METRO BUS
145.19248,-37.93859,METRO BUS
145.17595,-37.93561,METRO BUS
145.17257,-37.93517,METRO BUS
145.17026,-37.93488,METRO BUS
145.02427,-37.73221,METRO BUS
145.14774,-37.95144,METRO BUS
145.14437,-37.95102,METRO BUS
145.14327,-37.95292,METRO BUS
145.14271,-37.95591,METRO BUS
145.14209,-37.95844,METRO BUS
145.14116,-37.96065,METRO BUS
145.14459,-37.9614,METRO BUS
145.14571,-37.96284,METRO BUS
145.14411,-37.96403,METRO BUS
145.02805,-37.73263,METRO BUS
145.02861,-37.73423,METRO BUS
145.13063,-37.81832,METRO BUS
145.13117,-37.81583,METRO BUS
145.13178,-37.81252,METRO BUS
145.13208,-37.81087,METRO BUS
145.13246,-37.80879,METRO BUS
145.13295,-37.80637,METRO BUS
145.02864,-37.73572,METRO BUS
145.13334,-37.80432,METRO BUS
145.13365,-37.80278,METRO BUS
145.20579,-38.01417,METRO BUS
145.20489,-38.01831,METRO BUS
145.20416,-38.02199,METRO BUS
145.20323,-38.02661,METRO BUS
145.20266,-38.02951,METRO BUS
145.20226,-38.03161,METRO BUS
145.20161,-38.03489,METRO BUS
144.55055,-37.67037,METRO BUS
145.18215,-38.06452,METRO BUS
145.1796,-38.06977,METRO BUS
145.15542,-38.06756,METRO BUS
145.14571,-38.06866,METRO BUS
145.14589,-38.07031,METRO BUS
145.01846,-37.67113,METRO BUS
145.01637,-37.66923,METRO BUS
145.1342,-37.80218,METRO BUS
145.0185,-37.66261,METRO BUS
145.02019,-37.66095,METRO BUS
145.02203,-37.65991,METRO BUS
145.02632,-37.66038,METRO BUS
145.02903,-37.66063,METRO BUS
145.03201,-37.66086,METRO BUS
145.03506,-37.6612,METRO BUS
145.13843,-37.80282,METRO BUS
145.04562,-37.66231,METRO BUS
145.04912,-37.66233,METRO BUS
145.05256,-37.6622,METRO BUS
145.0584,-37.66538,METRO BUS
145.06006,-37.66727,METRO BUS
145.06162,-37.66829,METRO BUS
145.06469,-37.66942,METRO BUS
145.06936,-37.6701,METRO BUS
145.07115,-37.67124,METRO BUS
145.07066,-37.67381,METRO BUS
145.07008,-37.67694,METRO BUS
145.06152,-37.64456,METRO BUS
145.06922,-37.68299,METRO BUS
145.06877,-37.68426,METRO BUS
145.14232,-37.80324,METRO BUS
145.05975,-37.69583,METRO BUS
145.0593,-37.70002,METRO BUS
145.06359,-37.70042,METRO BUS
145.0667,-37.70073,METRO BUS
145.06988,-37.70103,METRO BUS
145.07218,-37.70128,METRO BUS
144.99099,-37.78352,METRO BUS
145.05886,-37.64347,METRO BUS
145.076,-37.70165,METRO BUS
145.07865,-37.70192,METRO BUS
145.0832,-37.70238,METRO BUS
145.08656,-37.70274,METRO BUS
145.09136,-37.70325,METRO BUS
145.09759,-37.70395,METRO BUS
144.60028,-37.65671,METRO BUS
145.10687,-37.70334,METRO BUS
145.10321,-37.70398,METRO BUS
145.08837,-37.7022,METRO BUS
145.05525,-37.64074,METRO BUS
145.0898,-37.69995,METRO BUS
145.09055,-37.69567,METRO BUS
145.09061,-37.69339,METRO BUS
145.08922,-37.6927,METRO BUS
145.08645,-37.69234,METRO BUS
145.08571,-37.69366,METRO BUS
145.085,-37.69792,METRO BUS
145.08456,-37.70026,METRO BUS
145.08441,-37.70144,METRO BUS
145.0839,-37.70405,METRO BUS
145.05117,-37.63956,METRO BUS
145.0837,-37.7057,METRO BUS
145.08328,-37.70802,METRO BUS
145.08227,-37.7101,METRO BUS
145.07909,-37.70866,METRO BUS
145.0771,-37.70842,METRO BUS
145.07477,-37.70817,METRO BUS
145.07215,-37.70788,METRO BUS
145.06938,-37.70692,METRO BUS
145.06623,-37.70593,METRO BUS
145.06415,-37.70558,METRO BUS
145.03969,-37.63886,METRO BUS
145.0626,-37.70523,METRO BUS
145.05954,-37.70534,METRO BUS
145.0577,-37.70628,METRO BUS
145.05492,-37.70811,METRO BUS
145.05302,-37.70819,METRO BUS
145.05194,-37.70801,METRO BUS
145.04989,-37.70992,METRO BUS
145.04721,-37.71217,METRO BUS
145.04402,-37.71567,METRO BUS
145.04233,-37.71667,METRO BUS
145.03515,-37.63844,METRO BUS
145.03993,-37.71518,METRO BUS
145.03714,-37.71385,METRO BUS
145.03358,-37.71347,METRO BUS
145.03198,-37.71327,METRO BUS
145.02899,-37.71332,METRO BUS
145.02286,-37.71489,METRO BUS
145.02203,-37.71575,METRO BUS
145.0233,-37.7163,METRO BUS
145.02496,-37.71651,METRO BUS
145.02647,-37.7178,METRO BUS
145.0324,-37.63831,METRO BUS
145.02734,-37.71903,METRO BUS
144.37112,-38.23077,METRO BUS
144.37095,-38.23062,METRO BUS
144.37664,-38.23791,METRO BUS
144.37675,-38.23747,METRO BUS
144.37333,-38.23809,METRO BUS
144.37361,-38.23799,METRO BUS
144.36846,-38.24047,METRO BUS
144.36915,-38.23998,METRO BUS
144.36329,-38.24118,METRO BUS
144.36292,-38.24098,METRO BUS
145.02621,-37.71953,METRO BUS
144.35902,-38.24059,METRO BUS
144.35923,-38.24047,METRO BUS
144.35462,-38.24014,METRO BUS
144.35467,-38.23998,METRO BUS
144.34918,-38.23998,METRO BUS
144.34945,-38.23981,METRO BUS
144.34852,-38.2421,METRO BUS
144.34808,-38.24227,METRO BUS
144.34523,-38.24234,METRO BUS
144.34538,-38.24225,METRO BUS
145.02542,-37.72058,METRO BUS
144.34137,-38.24209,METRO BUS
144.34174,-38.24201,METRO BUS
144.33657,-38.24177,METRO BUS
144.33662,-38.24164,METRO BUS
144.33479,-38.24148,METRO BUS
144.33529,-38.22552,METRO BUS
144.33548,-38.22533,METRO BUS
144.32991,-38.22498,METRO BUS
144.33131,-38.22474,METRO BUS
144.32643,-38.22517,METRO BUS
145.02446,-37.72142,METRO BUS
144.32712,-38.22525,METRO BUS
144.32562,-38.22211,METRO BUS
144.32591,-38.2216,METRO BUS
144.32596,-38.21769,METRO BUS
144.326,-38.2187,METRO BUS
144.32631,-38.21567,METRO BUS
145.02266,-37.7222,METRO BUS
144.54749,-37.66714,METRO BUS
144.5442,-37.6663,METRO BUS
144.54401,-37.66617,METRO BUS
144.53948,-37.66561,METRO BUS
144.65779,-37.71679,METRO BUS
144.65745,-37.71697,METRO BUS
144.66358,-37.71824,METRO BUS
144.6619,-37.71735,METRO BUS
144.66323,-37.71892,METRO BUS
144.66331,-37.71951,METRO BUS
145.02307,-37.72433,METRO BUS
144.66242,-37.72194,METRO BUS
144.66246,-37.72416,METRO BUS
144.66679,-37.72595,METRO BUS
144.67131,-37.72638,METRO BUS
144.67584,-37.72312,METRO BUS
144.6762,-37.72084,METRO BUS
144.67549,-37.71901,METRO BUS
144.67225,-37.71788,METRO BUS
144.66963,-37.72184,METRO BUS
144.66655,-37.72176,METRO BUS
145.02272,-37.72572,METRO BUS
144.66306,-37.72126,METRO BUS
144.57361,-37.71446,METRO BUS
144.57428,-37.71441,METRO BUS
144.57826,-37.71489,METRO BUS
144.57843,-37.71502,METRO BUS
144.58597,-37.71484,METRO BUS
144.58591,-37.71496,METRO BUS
144.58851,-37.71513,METRO BUS
144.58841,-37.71525,METRO BUS
144.59319,-37.71567,METRO BUS
145.01957,-37.72772,METRO BUS
144.59309,-37.71581,METRO BUS
144.59815,-37.71621,METRO BUS
144.59846,-37.71644,METRO BUS
144.65439,-37.71972,METRO BUS
144.65502,-37.71832,METRO BUS
144.60405,-37.71281,METRO BUS
144.65141,-37.72927,METRO BUS
144.57302,-37.70279,METRO BUS
145.01709,-37.72938,METRO BUS
144.54465,-38.16838,METRO BUS
144.54596,-38.1705,METRO BUS
144.55067,-38.17169,METRO BUS
144.71028,-38.17878,METRO BUS
144.71471,-38.17934,METRO BUS
144.89501,-37.72569,METRO BUS
144.89526,-37.72618,METRO BUS
144.8819,-37.67288,METRO BUS
145.01502,-37.73084,METRO BUS
144.90623,-37.57122,METRO BUS
144.90659,-37.57112,METRO BUS
144.90228,-37.57078,METRO BUS
144.9026,-37.57066,METRO BUS
144.89698,-37.56952,METRO BUS
144.89714,-37.56966,METRO BUS
144.89609,-37.56695,METRO BUS
144.89641,-37.56713,METRO BUS
145.02968,-37.63807,METRO BUS
145.015,-37.73116,METRO BUS
144.89329,-37.5641,METRO BUS
144.89301,-37.56394,METRO BUS
144.89881,-37.53343,METRO BUS
144.89913,-37.53341,METRO BUS
144.89926,-37.53075,METRO BUS
145.01924,-37.7316,METRO BUS
144.90536,-37.53684,METRO BUS
144.90518,-37.53673,METRO BUS
144.89845,-37.53857,METRO BUS
144.89869,-37.53863,METRO BUS
145.02248,-37.73195,METRO BUS
144.93829,-37.53929,METRO BUS
144.93683,-37.53955,METRO BUS
144.91263,-37.53633,METRO BUS
144.9061,-37.53867,METRO BUS
144.90538,-37.53829,METRO BUS
144.91608,-37.59092,METRO BUS
144.91608,-37.59069,METRO BUS
144.91785,-37.53755,METRO BUS
144.91957,-37.5372,METRO BUS
145.0283,-37.73259,METRO BUS
145.02875,-37.73425,METRO BUS
145.02875,-37.73564,METRO BUS
145.14515,-38.07494,METRO BUS
145.00456,-37.61825,METRO BUS
145.0056,-37.61382,METRO BUS
145.00576,-37.61401,METRO BUS
145.00628,-37.60968,METRO BUS
145.00651,-37.60959,METRO BUS
145.14471,-38.07713,METRO BUS
145.14392,-38.07851,METRO BUS
145.14015,-38.07905,METRO BUS
145.13698,-38.07885,METRO BUS
145.13505,-38.07759,METRO BUS
145.13379,-38.07419,METRO BUS
144.95427,-37.81963,METRO BUS
145.11686,-38.05332,METRO BUS
145.11693,-38.05348,METRO BUS
145.11699,-38.05365,METRO BUS
144.70073,-37.88422,METRO BUS
144.70044,-37.88436,METRO BUS
145.13057,-38.07359,METRO BUS
145.1274,-38.0748,METRO BUS
145.1295,-38.07912,METRO BUS
145.22637,-37.97145,METRO BUS
145.22193,-37.97092,METRO BUS
145.21872,-37.97055,METRO BUS
145.21892,-37.97044,METRO BUS
145.22138,-37.97073,METRO BUS
145.22669,-37.97125,METRO BUS
145.2622,-37.97292,METRO BUS
145.26619,-37.97163,METRO BUS
145.2663,-37.97177,METRO BUS
145.26523,-37.96673,METRO BUS
145.1314,-38.08123,METRO BUS
145.26559,-37.96675,METRO BUS
145.26991,-37.96269,METRO BUS
145.2719,-37.96462,METRO BUS
145.27743,-37.96777,METRO BUS
145.27722,-37.96789,METRO BUS
145.28013,-37.96934,METRO BUS
145.27921,-37.96895,METRO BUS
145.27868,-37.97202,METRO BUS
145.27742,-37.9741,METRO BUS
145.27694,-37.9745,METRO BUS
145.13311,-38.08311,METRO BUS
145.27396,-37.97445,METRO BUS
145.27085,-37.97311,METRO BUS
145.27367,-37.98276,METRO BUS
145.27365,-37.9826,METRO BUS
145.275,-37.9861,METRO BUS
145.27334,-37.98692,METRO BUS
145.27305,-37.9889,METRO BUS
145.2729,-37.9889,METRO BUS
145.27173,-37.99104,METRO BUS
145.13026,-38.08197,METRO BUS
145.27169,-37.99088,METRO BUS
145.26943,-37.99242,METRO BUS
145.26894,-37.99233,METRO BUS
145.26576,-37.99166,METRO BUS
145.26607,-37.9917,METRO BUS
145.26439,-37.99002,METRO BUS
145.26459,-37.99007,METRO BUS
145.26202,-37.98989,METRO BUS
145.25894,-37.98954,METRO BUS
145.25836,-37.98835,METRO BUS
145.12819,-38.07963,METRO BUS
145.2643,-37.98887,METRO BUS
145.31462,-37.98751,METRO BUS
145.31431,-37.98211,METRO BUS
145.1324,-37.93014,METRO BUS
145.13433,-37.93429,METRO BUS
145.13477,-37.93499,METRO BUS
145.13757,-37.93704,METRO BUS
145.12336,-38.07755,METRO BUS
145.12343,-38.0778,METRO BUS
145.12349,-38.07805,METRO BUS
145.12354,-38.0783,METRO BUS
144.87114,-37.75127,METRO BUS
144.87155,-37.74896,METRO BUS
144.87195,-37.74671,METRO BUS
144.87235,-37.74448,METRO BUS
144.87172,-37.74234,METRO BUS
144.86942,-37.74054,METRO BUS
144.86976,-37.73862,METRO BUS
144.87199,-37.73716,METRO BUS
144.8733,-37.73977,METRO BUS
144.8747,-37.74198,METRO BUS
144.8765,-37.74095,METRO BUS
144.87532,-37.73799,METRO BUS
144.87779,-37.73759,METRO BUS
144.87696,-37.73563,METRO BUS
144.73742,-37.76629,METRO BUS
144.87751,-37.73412,METRO BUS
144.87743,-37.73517,METRO BUS
144.8777,-37.73766,METRO BUS
144.87568,-37.73754,METRO BUS
144.87627,-37.74029,METRO BUS
145.12225,-38.07035,METRO BUS
144.87437,-37.74206,METRO BUS
144.87315,-37.73958,METRO BUS
144.87245,-37.73766,METRO BUS
144.87178,-37.74849,METRO BUS
144.91444,-37.75329,METRO BUS
144.86021,-37.74993,METRO BUS
145.12259,-38.06788,METRO BUS
144.73327,-37.74752,METRO BUS
144.73019,-37.7478,METRO BUS
144.72813,-37.74867,METRO BUS
144.72845,-37.74598,METRO BUS
144.72914,-37.74428,METRO BUS
144.73035,-37.74296,METRO BUS
144.73051,-37.74277,METRO BUS
144.72873,-37.74449,METRO BUS
144.7286,-37.74595,METRO BUS
144.72821,-37.74856,METRO BUS
145.1222,-38.06622,METRO BUS
144.73023,-37.7477,METRO BUS
144.73337,-37.74737,METRO BUS
145.12324,-38.06361,METRO BUS
144.95096,-37.30326,METRO BUS
144.95092,-37.292,METRO BUS
144.94915,-37.28762,METRO BUS
144.94922,-37.28722,METRO BUS
144.95107,-37.29182,METRO BUS
144.94262,-37.29511,METRO BUS
144.93462,-37.2939,METRO BUS
144.93545,-37.29181,METRO BUS
144.93294,-37.29094,METRO BUS
144.93052,-37.29144,METRO BUS
145.12487,-38.06223,METRO BUS
144.9516,-37.31062,METRO BUS
144.95792,-37.31235,METRO BUS
144.96253,-37.31235,METRO BUS
144.96461,-37.3114,METRO BUS
144.96695,-37.30938,METRO BUS
144.96603,-37.30572,METRO BUS
144.95797,-37.30114,METRO BUS
144.95308,-37.30056,METRO BUS
144.94956,-37.30015,METRO BUS
144.9472,-37.29785,METRO BUS
145.12616,-38.06093,METRO BUS
144.94622,-37.4753,METRO BUS
144.94257,-37.47444,METRO BUS
144.93974,-37.47539,METRO BUS
144.94027,-37.47897,METRO BUS
145.12492,-38.05862,METRO BUS
145.3402,-38.05119,METRO BUS
145.33972,-38.05155,METRO BUS
145.33773,-38.0638,METRO BUS
145.33536,-38.0739,METRO BUS
145.33555,-38.0752,METRO BUS
145.33437,-38.08152,METRO BUS
145.12341,-38.05583,METRO BUS
145.33268,-38.08868,METRO BUS
145.33196,-38.09277,METRO BUS
145.33281,-38.09049,METRO BUS
145.3312,-38.09728,METRO BUS
145.3322,-38.09399,METRO BUS
145.33141,-38.09847,METRO BUS
145.32953,-38.10661,METRO BUS
145.12187,-38.05488,METRO BUS
145.32879,-38.11001,METRO BUS
145.32981,-38.1066,METRO BUS
145.32816,-38.1136,METRO BUS
145.32866,-38.11184,METRO BUS
145.32708,-38.118,METRO BUS
145.32837,-38.11359,METRO BUS
145.33648,-38.07454,METRO BUS
145.34407,-38.07563,METRO BUS
145.34416,-38.07552,METRO BUS
145.34875,-38.07641,METRO BUS
145.11864,-38.05596,METRO BUS
145.34954,-38.07638,METRO BUS
145.35327,-38.07703,METRO BUS
145.35477,-38.07702,METRO BUS
145.36053,-38.07769,METRO BUS
145.3605,-38.07751,METRO BUS
145.36337,-38.07862,METRO BUS
145.36356,-38.07868,METRO BUS
145.36278,-38.08095,METRO BUS
145.36373,-38.08167,METRO BUS
145.36527,-38.08184,METRO BUS
144.54854,-37.66776,METRO BUS
145.36655,-38.08136,METRO BUS
145.37146,-38.08207,METRO BUS
145.3078,-38.11585,METRO BUS
145.25369,-38.10162,METRO BUS
145.25382,-38.10271,METRO BUS
145.10379,-37.87764,METRO BUS
145.10576,-37.87923,METRO BUS
145.10626,-37.88137,METRO BUS
145.10572,-37.87934,METRO BUS
145.10361,-37.87764,METRO BUS
145.11571,-38.0488,METRO BUS
145.14458,-38.0671,METRO BUS
144.66116,-37.89836,METRO BUS
144.70968,-37.83589,METRO BUS
144.7074,-37.83607,METRO BUS
144.71207,-37.83622,METRO BUS
145.14385,-38.06499,METRO BUS
144.71182,-37.83652,METRO BUS
144.71498,-37.83647,METRO BUS
144.71479,-37.83676,METRO BUS
144.72013,-37.83684,METRO BUS
144.71885,-37.83713,METRO BUS
144.72462,-37.83729,METRO BUS
144.72529,-37.83768,METRO BUS
144.73209,-37.83789,METRO BUS
144.7306,-37.83815,METRO BUS
144.73496,-37.83813,METRO BUS
145.11949,-38.15135,METRO BUS
145.02636,-37.64428,METRO BUS
145.14516,-38.06232,METRO BUS
144.73368,-37.83839,METRO BUS
144.73987,-37.83953,METRO BUS
144.73972,-37.8391,METRO BUS
144.73993,-37.84165,METRO BUS
144.7397,-37.84161,METRO BUS
144.74036,-37.84455,METRO BUS
144.74018,-37.84438,METRO BUS
144.74042,-37.84701,METRO BUS
144.74025,-37.84714,METRO BUS
144.74004,-37.8507,METRO BUS
145.14451,-38.05389,METRO BUS
144.73995,-37.8505,METRO BUS
144.7391,-37.85227,METRO BUS
144.73887,-37.85261,METRO BUS
144.68136,-37.83306,METRO BUS
144.68099,-37.83313,METRO BUS
144.67789,-37.8326,METRO BUS
144.67685,-37.83265,METRO BUS
144.67352,-37.832,METRO BUS
144.67419,-37.83223,METRO BUS
144.66976,-37.83154,METRO BUS
145.14331,-38.05044,METRO BUS
144.66957,-37.8317,METRO BUS
144.66469,-37.83093,METRO BUS
144.66522,-37.83118,METRO BUS
144.65827,-37.83023,METRO BUS
144.65848,-37.83037,METRO BUS
144.65464,-37.82986,METRO BUS
144.65403,-37.83037,METRO BUS
144.65357,-37.8317,METRO BUS
144.65355,-37.83282,METRO BUS
144.65297,-37.83443,METRO BUS
144.65309,-37.83551,METRO BUS
144.65251,-37.83778,METRO BUS
144.65267,-37.83786,METRO BUS
144.65189,-37.84086,METRO BUS
144.65212,-37.84096,METRO BUS
144.65136,-37.84403,METRO BUS
144.65154,-37.84419,METRO BUS
144.65094,-37.84646,METRO BUS
144.65085,-37.84774,METRO BUS
144.65049,-37.84893,METRO BUS
144.65047,-37.84988,METRO BUS
144.64953,-37.85275,METRO BUS
144.64993,-37.85268,METRO BUS
144.64913,-37.85573,METRO BUS
144.64916,-37.8566,METRO BUS
144.6485,-37.85835,METRO BUS
144.6493,-37.85913,METRO BUS
144.65143,-37.85957,METRO BUS
144.65266,-37.85953,METRO BUS
144.65571,-37.85993,METRO BUS
144.65596,-37.85984,METRO BUS
144.65887,-37.86023,METRO BUS
144.65911,-37.86011,METRO BUS
145.09258,-37.60038,METRO BUS
145.09222,-37.60012,METRO BUS
145.22038,-37.81522,METRO BUS
145.22334,-37.81393,METRO BUS
145.08867,-37.60019,METRO BUS
145.08837,-37.60028,METRO BUS
145.08725,-37.60688,METRO BUS
145.08808,-37.6066,METRO BUS
145.08236,-37.60627,METRO BUS
145.08314,-37.60623,METRO BUS
145.07907,-37.60612,METRO BUS
145.07931,-37.60602,METRO BUS
145.14433,-37.80348,METRO BUS
145.07502,-37.6057,METRO BUS
145.07539,-37.60562,METRO BUS
145.07085,-37.60524,METRO BUS
145.07112,-37.60516,METRO BUS
145.07088,-37.60224,METRO BUS
145.07104,-37.60217,METRO BUS
145.07142,-37.59843,METRO BUS
145.07159,-37.59835,METRO BUS
145.03367,-37.59464,METRO BUS
145.1467,-37.80375,METRO BUS
145.03466,-37.59403,METRO BUS
145.03042,-37.60844,METRO BUS
145.03,-37.60807,METRO BUS
145.02405,-37.60781,METRO BUS
145.02676,-37.60798,METRO BUS
145.0157,-37.60706,METRO BUS
145.01551,-37.60687,METRO BUS
145.0053,-37.60602,METRO BUS
145.15094,-37.80422,METRO BUS
145.0065,-37.60585,METRO BUS
144.99768,-37.6054,METRO BUS
144.999,-37.60531,METRO BUS
144.98594,-37.60431,METRO BUS
144.98758,-37.60433,METRO BUS
144.87863,-37.62833,METRO BUS
144.88793,-37.61457,METRO BUS
144.89425,-37.59307,METRO BUS
145.0261,-37.64809,METRO BUS
145.1531,-37.80485,METRO BUS
145.31979,-38.04888,METRO BUS
144.99464,-37.80008,METRO BUS
145.32017,-38.04897,METRO BUS
144.96423,-37.54078,METRO BUS
144.96416,-37.54095,METRO BUS
144.9669,-37.54045,METRO BUS
144.96688,-37.54058,METRO BUS
145.10664,-37.78815,METRO BUS
145.15284,-37.80646,METRO BUS
145.4291,-38.07467,METRO BUS
145.4295,-38.07448,METRO BUS
145.41946,-38.07181,METRO BUS
145.42016,-38.07173,METRO BUS
145.40346,-38.06861,METRO BUS
145.40372,-38.06842,METRO BUS
145.39006,-38.06619,METRO BUS
145.39059,-38.06636,METRO BUS
145.38756,-38.06507,METRO BUS
145.15261,-37.80782,METRO BUS
145.38736,-38.06517,METRO BUS
145.27284,-38.08158,METRO BUS
145.27297,-38.08193,METRO BUS
145.27561,-38.08225,METRO BUS
145.29649,-38.08458,METRO BUS
145.31559,-38.08745,METRO BUS
145.3173,-38.08734,METRO BUS
145.32288,-38.08833,METRO BUS
145.32442,-38.08819,METRO BUS
145.32728,-38.08882,METRO BUS
145.32824,-38.08866,METRO BUS
145.33185,-38.0895,METRO BUS
145.33474,-38.08943,METRO BUS
145.33886,-38.09006,METRO BUS
145.33959,-38.09002,METRO BUS
145.34224,-38.09068,METRO BUS
145.34378,-38.09051,METRO BUS
145.34776,-38.09114,METRO BUS
145.3466,-38.09085,METRO BUS
145.35271,-38.09196,METRO BUS
145.35398,-38.09176,METRO BUS
145.36079,-38.09553,METRO BUS
145.3621,-38.09563,METRO BUS
145.36531,-38.09611,METRO BUS
145.36516,-38.09615,METRO BUS
145.37001,-38.09734,METRO BUS
145.3699,-38.09748,METRO BUS
145.37237,-38.0971,METRO BUS
145.37482,-38.09857,METRO BUS
145.37389,-38.09744,METRO BUS
144.91773,-37.70468,METRO BUS
144.91782,-37.70494,METRO BUS
144.91791,-37.7052,METRO BUS
144.92346,-37.70366,METRO BUS
145.12168,-37.60382,METRO BUS
145.17286,-38.00185,METRO BUS
145.17015,-38.00151,METRO BUS
145.17083,-38.00146,METRO BUS
145.16788,-38.00125,METRO BUS
145.16737,-38.00105,METRO BUS
145.16509,-38.00091,METRO BUS
145.16462,-38.0007,METRO BUS
145.16223,-38.00055,METRO BUS
145.1615,-38.00085,METRO BUS
145.16114,-38.0036,METRO BUS
145.16099,-38.00346,METRO BUS
145.16068,-38.00582,METRO BUS
145.16059,-38.00556,METRO BUS
145.1601,-38.00864,METRO BUS
145.15999,-38.00845,METRO BUS
145.16037,-38.01274,METRO BUS
145.15924,-38.01181,METRO BUS
145.17569,-38.01506,METRO BUS
145.17135,-38.0106,METRO BUS
145.17186,-38.00975,METRO BUS
145.34572,-37.75705,METRO BUS
145.34557,-37.75718,METRO BUS
145.34542,-37.75732,METRO BUS
145.34528,-37.75746,METRO BUS
145.3451,-37.7576,METRO BUS
145.34564,-37.75757,METRO BUS
145.3455,-37.75674,METRO BUS
145.3469,-37.75677,METRO BUS
144.88985,-38.36177,METRO BUS
144.88958,-38.36839,METRO BUS
144.8895,-38.37055,METRO BUS
144.88899,-38.37553,METRO BUS
144.88917,-38.37087,METRO BUS
144.8892,-38.36883,METRO BUS
144.88954,-38.36143,METRO BUS
144.99728,-38.28249,METRO BUS
144.99981,-38.28469,METRO BUS
145.15267,-37.8104,METRO BUS
145.0031,-38.28739,METRO BUS
145.01684,-38.28883,METRO BUS
145.01987,-38.28468,METRO BUS
145.01679,-38.28902,METRO BUS
145.00303,-38.2875,METRO BUS
144.99932,-38.28446,METRO BUS
144.99682,-38.28226,METRO BUS
144.96391,-38.3337,METRO BUS
144.90113,-37.60137,METRO BUS
144.90068,-37.60144,METRO BUS
144.89837,-37.60093,METRO BUS
144.89819,-37.60098,METRO BUS
144.89597,-37.59954,METRO BUS
144.89483,-37.59912,METRO BUS
144.89349,-37.59831,METRO BUS
144.89335,-37.59781,METRO BUS
144.89363,-37.59543,METRO BUS
144.89352,-37.59524,METRO BUS
144.90643,-37.57526,METRO BUS
144.90638,-37.57535,METRO BUS
144.90271,-37.57433,METRO BUS
144.90279,-37.57445,METRO BUS
144.89954,-37.5739,METRO BUS
144.89978,-37.57409,METRO BUS
144.89705,-37.5725,METRO BUS
144.89679,-37.57246,METRO BUS
144.89754,-37.57018,METRO BUS
144.89824,-37.57012,METRO BUS
144.94346,-37.6011,METRO BUS
144.9435,-37.60081,METRO BUS
144.91059,-37.58591,METRO BUS
144.90594,-37.58483,METRO BUS
145.07669,-37.87904,METRO BUS
144.90117,-37.58428,METRO BUS
144.89728,-37.58248,METRO BUS
144.89674,-37.57925,METRO BUS
144.89635,-37.57677,METRO BUS
144.89675,-37.5746,METRO BUS
144.89632,-37.56493,METRO BUS
144.89651,-37.56506,METRO BUS
144.88585,-37.54432,METRO BUS
144.88971,-37.54481,METRO BUS
144.89076,-37.54385,METRO BUS
144.55073,-37.67019,METRO BUS
144.89436,-37.54304,METRO BUS
144.8978,-37.54328,METRO BUS
144.89859,-37.54096,METRO BUS
144.90026,-37.52787,METRO BUS
144.90323,-37.52772,METRO BUS
144.90619,-37.52855,METRO BUS
144.9066,-37.53245,METRO BUS
144.90584,-37.53425,METRO BUS
144.90731,-37.54026,METRO BUS
144.91011,-37.54059,METRO BUS
144.91165,-37.53963,METRO BUS
144.91166,-37.53747,METRO BUS
144.91188,-37.53985,METRO BUS
144.90994,-37.54073,METRO BUS
144.90643,-37.54034,METRO BUS
144.90563,-37.53435,METRO BUS
144.90658,-37.53206,METRO BUS
144.90681,-37.52909,METRO BUS
144.90345,-37.52797,METRO BUS
144.9005,-37.52805,METRO BUS
144.89993,-37.5301,METRO BUS
144.89871,-37.54132,METRO BUS
144.89767,-37.54344,METRO BUS
144.89448,-37.54322,METRO BUS
144.89105,-37.54386,METRO BUS
144.88893,-37.54493,METRO BUS
144.8859,-37.54446,METRO BUS
144.89692,-37.57495,METRO BUS
144.89657,-37.57676,METRO BUS
144.89696,-37.57922,METRO BUS
144.89746,-37.58264,METRO BUS
144.90124,-37.58412,METRO BUS
144.90743,-37.58475,METRO BUS
144.91144,-37.58713,METRO BUS
143.89197,-37.5595,METRO BUS
143.89178,-37.55943,METRO BUS
143.88659,-37.56326,METRO BUS
145.12747,-38.14915,METRO BUS
145.1264,-38.14825,METRO BUS
145.30491,-38.10931,METRO BUS
145.30928,-38.10984,METRO BUS
145.31314,-38.11035,METRO BUS
145.31779,-38.11122,METRO BUS
145.321,-38.11146,METRO BUS
145.32941,-38.1108,METRO BUS
145.33342,-38.11131,METRO BUS
145.33724,-38.11173,METRO BUS
145.33943,-38.11181,METRO BUS
145.34437,-38.11257,METRO BUS
145.34332,-38.11255,METRO BUS
145.3391,-38.11192,METRO BUS
145.33608,-38.11173,METRO BUS
145.32965,-38.11103,METRO BUS
145.32113,-38.1116,METRO BUS
145.317,-38.11113,METRO BUS
145.31427,-38.11058,METRO BUS
145.30897,-38.10993,METRO BUS
145.34694,-38.12095,METRO BUS
145.35189,-38.12158,METRO BUS
144.5979,-37.65645,METRO BUS
145.35802,-38.12231,METRO BUS
145.36116,-38.12271,METRO BUS
145.36585,-38.12328,METRO BUS
145.36972,-38.12379,METRO BUS
145.36968,-38.12393,METRO BUS
145.36399,-38.1234,METRO BUS
145.36078,-38.12286,METRO BUS
145.3562,-38.12242,METRO BUS
145.35068,-38.12158,METRO BUS
145.34763,-38.11232,METRO BUS
145.34657,-38.10951,METRO BUS
145.33338,-38.11144,METRO BUS
145.34562,-38.02997,METRO BUS
145.34341,-38.03342,METRO BUS
145.34304,-38.03368,METRO BUS
145.34305,-38.03528,METRO BUS
145.34276,-38.03515,METRO BUS
145.34546,-38.03827,METRO BUS
145.14229,-37.91634,METRO BUS
145.34554,-38.03816,METRO BUS
145.34423,-38.03908,METRO BUS
145.34452,-38.03945,METRO BUS
145.34464,-38.0396,METRO BUS
145.34476,-38.03976,METRO BUS
145.34431,-38.03966,METRO BUS
145.34416,-38.03945,METRO BUS
145.34391,-38.03911,METRO BUS
145.34378,-38.03896,METRO BUS
145.1459,-37.91681,METRO BUS
145.08425,-37.77935,METRO BUS
145.08361,-37.77926,METRO BUS
145.08303,-37.77881,METRO BUS
145.15238,-37.91764,METRO BUS
145.31027,-38.02096,METRO BUS
145.30974,-38.02101,METRO BUS
145.31314,-38.02482,METRO BUS
145.31314,-38.02399,METRO BUS
145.26491,-38.04824,METRO BUS
145.26441,-38.04851,METRO BUS
145.15726,-37.91821,METRO BUS
145.26385,-38.05323,METRO BUS
145.26377,-38.05188,METRO BUS
145.2626,-38.05956,METRO BUS
145.26275,-38.05682,METRO BUS
145.26138,-38.06444,METRO BUS
145.26126,-38.06398,METRO BUS
145.26052,-38.06753,METRO BUS
145.26021,-38.06998,METRO BUS
145.25999,-38.07011,METRO BUS
145.16125,-37.91875,METRO BUS
145.25877,-38.07741,METRO BUS
145.25875,-38.07635,METRO BUS
145.25821,-38.07913,METRO BUS
145.25834,-38.08064,METRO BUS
145.25533,-38.09541,METRO BUS
145.25464,-38.09784,METRO BUS
145.2548,-38.09805,METRO BUS
145.24975,-38.1074,METRO BUS
145.025,-37.65205,METRO BUS
145.16633,-37.91937,METRO BUS
145.34991,-38.10121,METRO BUS
145.349,-38.10532,METRO BUS
145.1699,-37.91974,METRO BUS
145.34899,-38.10674,METRO BUS
145.18164,-37.92122,METRO BUS
145.18488,-37.92161,METRO BUS
145.0973,-37.85047,METRO BUS
145.0982,-37.85076,METRO BUS
145.09957,-37.85058,METRO BUS
145.10158,-37.85061,METRO BUS
145.10261,-37.85031,METRO BUS
145.10524,-37.85017,METRO BUS
145.10801,-37.84973,METRO BUS
145.18928,-37.92227,METRO BUS
145.16456,-37.80743,METRO BUS
145.19375,-37.92277,METRO BUS
143.78125,-37.54822,METRO BUS
143.77893,-37.5456,METRO BUS
143.77614,-37.54746,METRO BUS
145.20154,-37.92463,METRO BUS
143.77505,-37.54729,METRO BUS
143.77041,-37.54843,METRO BUS
145.20209,-37.92719,METRO BUS
145.38695,-37.72747,METRO BUS
145.38699,-37.72804,METRO BUS
145.38579,-37.72498,METRO BUS
145.53077,-37.66136,METRO BUS
145.53531,-37.66757,METRO BUS
145.0999,-37.82059,METRO BUS
145.10383,-37.82103,METRO BUS
145.1033,-37.82109,METRO BUS
145.16416,-37.80971,METRO BUS
144.94312,-37.60152,METRO BUS
144.943,-37.60167,METRO BUS
144.94355,-37.60204,METRO BUS
144.94318,-37.60139,METRO BUS
145.13085,-37.7678,METRO BUS
145.20501,-37.9328,METRO BUS
144.71241,-37.59486,METRO BUS
144.71208,-37.59462,METRO BUS
144.70751,-37.59249,METRO BUS
144.70769,-37.59247,METRO BUS
144.71605,-37.58535,METRO BUS
144.71587,-37.58547,METRO BUS
144.71945,-37.58571,METRO BUS
144.71935,-37.58584,METRO BUS
144.70785,-37.58556,METRO BUS
144.70789,-37.58601,METRO BUS
145.20502,-37.93428,METRO BUS
144.70709,-37.58901,METRO BUS
144.70717,-37.58987,METRO BUS
144.71301,-37.62853,METRO BUS
144.70697,-37.6257,METRO BUS
144.70674,-37.62535,METRO BUS
144.70244,-37.62634,METRO BUS
144.70291,-37.62605,METRO BUS
144.69945,-37.62573,METRO BUS
144.69965,-37.62566,METRO BUS
144.70007,-37.62167,METRO BUS
145.20184,-37.93617,METRO BUS
144.70024,-37.62192,METRO BUS
144.70384,-37.61377,METRO BUS
144.70403,-37.61363,METRO BUS
144.70147,-37.61521,METRO BUS
144.70136,-37.61472,METRO BUS
144.71297,-37.62841,METRO BUS
144.70046,-37.61873,METRO BUS
144.70091,-37.61865,METRO BUS
145.19963,-37.93712,METRO BUS
144.77269,-37.7776,METRO BUS
144.77248,-37.77754,METRO BUS
144.77218,-37.77778,METRO BUS
144.77239,-37.77783,METRO BUS
144.69497,-37.83267,METRO BUS
145.20189,-37.93831,METRO BUS
144.69472,-37.83241,METRO BUS
144.69497,-37.83245,METRO BUS
144.69522,-37.83248,METRO BUS
144.69547,-37.83251,METRO BUS
144.31869,-38.31533,METRO BUS
144.34172,-38.19812,METRO BUS
144.35367,-38.23208,METRO BUS
144.35439,-38.23158,METRO BUS
144.3551,-38.22792,METRO BUS
145.20428,-37.93852,METRO BUS
144.35533,-38.2276,METRO BUS
144.35584,-38.22421,METRO BUS
144.356,-38.2242,METRO BUS
144.35323,-38.22145,METRO BUS
144.35305,-38.22126,METRO BUS
144.35713,-38.21673,METRO BUS
144.35736,-38.21697,METRO BUS
144.36029,-38.21352,METRO BUS
144.3645,-38.21402,METRO BUS
144.3634,-38.21404,METRO BUS
145.21031,-37.94144,METRO BUS
144.36779,-38.21457,METRO BUS
144.36573,-38.22995,METRO BUS
144.36395,-38.23213,METRO BUS
144.36728,-38.23296,METRO BUS
144.35794,-38.21409,METRO BUS
144.33688,-38.22972,METRO BUS
144.35057,-38.23148,METRO BUS
144.34953,-38.23152,METRO BUS
145.20975,-37.94433,METRO BUS
144.32573,-38.30099,METRO BUS
144.32552,-38.30106,METRO BUS
144.33395,-38.30196,METRO BUS
144.33319,-38.302,METRO BUS
145.20857,-37.95046,METRO BUS
144.34077,-38.30371,METRO BUS
144.34045,-38.30399,METRO BUS
144.33986,-38.30838,METRO BUS
144.33964,-38.30815,METRO BUS
144.33776,-38.31841,METRO BUS
145.20894,-37.95355,METRO BUS
144.32956,-38.31371,METRO BUS
144.32941,-38.31366,METRO BUS
144.32348,-38.33812,METRO BUS
144.31698,-38.326,METRO BUS
144.31621,-38.32578,METRO BUS
145.21407,-37.95416,METRO BUS
144.31182,-38.32155,METRO BUS
144.31328,-38.32159,METRO BUS
144.31713,-38.32217,METRO BUS
144.3173,-38.32204,METRO BUS
145.21754,-37.95604,METRO BUS
144.32921,-38.32357,METRO BUS
144.32502,-38.32294,METRO BUS
144.32496,-38.32306,METRO BUS
144.31832,-38.33787,METRO BUS
144.32917,-38.32342,METRO BUS
145.22108,-37.95778,METRO BUS
145.22272,-37.95938,METRO BUS
144.41608,-37.68822,METRO BUS
144.41645,-37.68795,METRO BUS
144.41299,-37.68827,METRO BUS
144.4111,-37.68676,METRO BUS
144.41485,-37.69269,METRO BUS
144.40766,-37.6873,METRO BUS
144.40344,-37.68744,METRO BUS
145.21611,-37.96042,METRO BUS
144.40288,-37.69107,METRO BUS
144.40707,-37.69038,METRO BUS
144.41085,-37.6894,METRO BUS
144.4325,-37.65993,METRO BUS
144.43263,-37.66001,METRO BUS
144.43346,-37.65806,METRO BUS
144.43336,-37.65827,METRO BUS
144.43699,-37.6582,METRO BUS
144.43717,-37.65833,METRO BUS
145.21536,-37.96167,METRO BUS
144.35575,-38.19787,METRO BUS
144.35559,-38.19804,METRO BUS
144.35542,-38.19823,METRO BUS
144.35526,-38.19839,METRO BUS
145.21377,-37.96448,METRO BUS
144.9619,-37.80012,METRO BUS
144.96299,-37.80024,METRO BUS
144.96223,-37.80016,METRO BUS
144.96007,-37.80005,METRO BUS
144.9604,-37.80008,METRO BUS
144.96071,-37.80011,METRO BUS
144.95643,-37.79965,METRO BUS
145.26291,-38.07948,METRO BUS
145.26275,-38.07928,METRO BUS
145.26261,-38.07909,METRO BUS
145.21602,-37.96499,METRO BUS
144.94171,-37.80152,METRO BUS
144.94188,-37.80129,METRO BUS
144.97314,-37.83325,METRO BUS
144.97266,-37.83361,METRO BUS
144.97364,-37.83293,METRO BUS
144.97411,-37.83311,METRO BUS
144.97656,-37.83935,METRO BUS
145.21757,-37.96707,METRO BUS
144.97661,-37.83877,METRO BUS
144.98278,-37.8341,METRO BUS
144.98088,-37.83398,METRO BUS
144.98356,-37.84536,METRO BUS
145.00718,-37.82809,METRO BUS
145.01181,-37.83487,METRO BUS
145.21737,-37.9692,METRO BUS
145.00455,-37.84085,METRO BUS
145.00468,-37.84117,METRO BUS
145.00376,-37.84469,METRO BUS
145.00405,-37.84438,METRO BUS
145.21724,-37.97104,METRO BUS
144.99929,-37.88411,METRO BUS
144.99909,-37.88566,METRO BUS
145.28101,-37.79518,METRO BUS
145.28085,-37.79528,METRO BUS
145.28056,-37.79547,METRO BUS
145.2801,-37.79566,METRO BUS
145.27981,-37.7959,METRO BUS
145.27961,-37.79602,METRO BUS
145.21662,-37.97422,METRO BUS
145.27945,-37.79609,METRO BUS
145.28075,-37.79556,METRO BUS
145.28056,-37.79566,METRO BUS
145.28017,-37.79589,METRO BUS
145.27989,-37.79604,METRO BUS
145.27971,-37.79614,METRO BUS
145.21599,-37.97748,METRO BUS
145.21566,-37.97937,METRO BUS
145.21525,-37.98158,METRO BUS
145.21472,-37.9843,METRO BUS
145.11606,-38.15929,METRO BUS
145.12035,-37.98742,METRO BUS
145.48601,-38.0801,METRO BUS
145.48581,-38.08008,METRO BUS
145.12108,-37.98373,METRO BUS
145.48587,-38.08021,METRO BUS
145.48569,-38.08018,METRO BUS
145.48553,-38.08014,METRO BUS
145.25343,-38.10936,METRO BUS
145.25267,-38.11038,METRO BUS
145.25171,-38.10955,METRO BUS
144.57391,-37.70963,METRO BUS
144.5737,-37.70955,METRO BUS
145.12158,-37.9812,METRO BUS
144.57249,-37.71715,METRO BUS
144.5723,-37.71702,METRO BUS
144.57277,-37.72275,METRO BUS
144.57286,-37.7239,METRO BUS
144.576,-37.73102,METRO BUS
144.57533,-37.73029,METRO BUS
144.57636,-37.73725,METRO BUS
144.57656,-37.7373,METRO BUS
145.12201,-37.9789,METRO BUS
144.54787,-37.78015,METRO BUS
144.54766,-37.78017,METRO BUS
144.54854,-37.78424,METRO BUS
144.54843,-37.7842,METRO BUS
144.54961,-37.79033,METRO BUS
144.54928,-37.79022,METRO BUS
144.55218,-37.79262,METRO BUS
145.12248,-37.9766,METRO BUS
144.55189,-37.79264,METRO BUS
144.55907,-37.79258,METRO BUS
144.55909,-37.79241,METRO BUS
144.56768,-37.79139,METRO BUS
145.12296,-37.97621,METRO BUS
144.56734,-37.79105,METRO BUS
144.57102,-37.79013,METRO BUS
145.12612,-37.97921,METRO BUS
145.19779,-38.10255,METRO BUS
145.21618,-38.10508,METRO BUS
145.21626,-38.1048,METRO BUS
145.12839,-37.98104,METRO BUS
145.10679,-37.70341,METRO BUS
145.10671,-37.70347,METRO BUS
145.10663,-37.70351,METRO BUS
145.10653,-37.70356,METRO BUS
145.10646,-37.70361,METRO BUS
145.1308,-37.98253,METRO BUS
144.97789,-37.54338,METRO BUS
144.9921,-37.5399,METRO BUS
144.99394,-37.53727,METRO BUS
144.99712,-37.53765,METRO BUS
144.99217,-37.5405,METRO BUS
145.00926,-37.54533,METRO BUS
145.13264,-37.98371,METRO BUS
145.38669,-38.10308,METRO BUS
145.3867,-38.10316,METRO BUS
145.39461,-38.10307,METRO BUS
145.13509,-37.9852,METRO BUS
145.13667,-37.98616,METRO BUS
145.13959,-37.98792,METRO BUS
145.14522,-37.98856,METRO BUS
145.42706,-38.08493,METRO BUS
145.43071,-38.08426,METRO BUS
145.43067,-38.08443,METRO BUS
145.43466,-38.07556,METRO BUS
145.43507,-38.07547,METRO BUS
145.44121,-38.07008,METRO BUS
145.44177,-38.06965,METRO BUS
145.44199,-38.06716,METRO BUS
145.44207,-38.067,METRO BUS
145.14555,-37.98644,METRO BUS
145.44332,-38.06407,METRO BUS
145.44289,-38.06452,METRO BUS
145.44645,-38.06298,METRO BUS
145.46995,-38.06375,METRO BUS
145.46986,-38.06364,METRO BUS
145.47794,-38.06701,METRO BUS
145.47778,-38.06707,METRO BUS
145.47539,-38.07028,METRO BUS
145.14654,-37.9813,METRO BUS
145.32954,-38.10388,METRO BUS
145.33135,-38.10379,METRO BUS
145.33335,-38.10418,METRO BUS
145.33678,-38.10448,METRO BUS
145.33909,-38.10498,METRO BUS
145.3405,-38.1049,METRO BUS
145.34433,-38.10558,METRO BUS
145.14688,-37.97943,METRO BUS
145.34549,-38.10545,METRO BUS
145.34823,-38.106,METRO BUS
145.34984,-38.10593,METRO BUS
145.3535,-38.10651,METRO BUS
145.35381,-38.1064,METRO BUS
145.35806,-38.10709,METRO BUS
145.35941,-38.10701,METRO BUS
145.36493,-38.10774,METRO BUS
145.36534,-38.10672,METRO BUS
145.36141,-38.10102,METRO BUS
145.14766,-37.97572,METRO BUS
145.36201,-38.10016,METRO BUS
145.36738,-38.10086,METRO BUS
145.36607,-38.1006,METRO BUS
145.37201,-38.1014,METRO BUS
145.37157,-38.10124,METRO BUS
145.37692,-38.10275,METRO BUS
145.37695,-38.10267,METRO BUS
145.38276,-38.10458,METRO BUS
145.38127,-38.10428,METRO BUS
145.38955,-38.10245,METRO BUS
145.14844,-37.97188,METRO BUS
145.38997,-38.10238,METRO BUS
145.3013,-38.09947,METRO BUS
145.30128,-38.09964,METRO BUS
144.72843,-37.56713,METRO BUS
145.1026,-37.7722,METRO BUS
145.35709,-38.05716,METRO BUS
145.35747,-38.05714,METRO BUS
145.35712,-38.06038,METRO BUS
145.35732,-38.0607,METRO BUS
145.36411,-38.0632,METRO BUS
145.36157,-38.06275,METRO BUS
145.36712,-38.07408,METRO BUS
145.36645,-38.07493,METRO BUS
145.36347,-38.0772,METRO BUS
145.17957,-37.88706,METRO BUS
145.36283,-38.08238,METRO BUS
145.36153,-38.08646,METRO BUS
145.36177,-38.08749,METRO BUS
145.36095,-38.0894,METRO BUS
145.36137,-38.08972,METRO BUS
145.36044,-38.09206,METRO BUS
145.36054,-38.09361,METRO BUS
145.3599,-38.09498,METRO BUS
145.36019,-38.09631,METRO BUS
145.36049,-38.09995,METRO BUS
145.36007,-38.10085,METRO BUS
145.35749,-38.10122,METRO BUS
145.35635,-38.10131,METRO BUS
145.35068,-38.10056,METRO BUS
145.34832,-38.1099,METRO BUS
145.34806,-38.1101,METRO BUS
145.34782,-38.11233,METRO BUS
145.34678,-38.11673,METRO BUS
145.347,-38.11666,METRO BUS
145.34602,-38.12037,METRO BUS
145.10509,-37.77255,METRO BUS
145.34607,-38.12167,METRO BUS
145.34486,-38.12622,METRO BUS
145.34424,-38.12667,METRO BUS
145.34017,-38.12554,METRO BUS
145.33994,-38.12555,METRO BUS
145.33567,-38.12482,METRO BUS
145.33625,-38.125,METRO BUS
145.33224,-38.12353,METRO BUS
145.36127,-38.063,METRO BUS
144.88153,-37.63566,METRO BUS
144.88135,-37.63386,METRO BUS
144.88212,-37.62973,METRO BUS
144.88261,-37.62928,METRO BUS
144.8931,-37.59173,METRO BUS
144.89457,-37.59119,METRO BUS
144.89533,-37.58818,METRO BUS
144.89524,-37.58876,METRO BUS
144.89712,-37.58352,METRO BUS
144.8973,-37.58381,METRO BUS
144.87868,-37.62817,METRO BUS
144.8785,-37.62378,METRO BUS
144.8877,-37.61803,METRO BUS
144.88778,-37.61824,METRO BUS
144.88687,-37.61436,METRO BUS
145.16478,-37.81174,METRO BUS
145.34403,-38.04112,METRO BUS
145.34418,-38.04096,METRO BUS
145.34545,-38.0449,METRO BUS
145.34573,-38.04496,METRO BUS
145.35022,-38.04821,METRO BUS
145.35042,-38.04806,METRO BUS
145.35605,-38.05004,METRO BUS
145.35705,-38.05024,METRO BUS
145.38813,-38.05625,METRO BUS
145.38561,-38.05544,METRO BUS
145.39756,-38.06753,METRO BUS
145.39775,-38.06737,METRO BUS
145.40677,-38.06917,METRO BUS
145.40849,-38.06926,METRO BUS
145.41329,-38.06986,METRO BUS
145.41357,-38.0697,METRO BUS
145.4259,-38.07361,METRO BUS
145.42615,-38.0735,METRO BUS
145.4343,-38.07472,METRO BUS
145.1534,-37.94992,METRO BUS
145.43614,-38.07479,METRO BUS
145.38883,-38.05897,METRO BUS
145.38903,-38.05919,METRO BUS
145.15565,-37.9516,METRO BUS
144.70875,-37.8352,METRO BUS
144.70951,-37.82961,METRO BUS
144.70979,-37.82974,METRO BUS
144.71007,-37.82551,METRO BUS
144.71024,-37.8265,METRO BUS
144.71072,-37.82113,METRO BUS
144.71075,-37.82259,METRO BUS
144.71194,-37.81718,METRO BUS
145.15801,-37.95423,METRO BUS
144.71151,-37.81765,METRO BUS
144.71566,-37.81833,METRO BUS
144.71492,-37.81829,METRO BUS
144.7205,-37.81874,METRO BUS
144.72019,-37.81882,METRO BUS
145.13253,-37.76548,METRO BUS
145.15704,-37.95933,METRO BUS
144.73836,-37.82398,METRO BUS
144.73691,-37.82404,METRO BUS
144.74498,-37.82454,METRO BUS
144.74344,-37.82458,METRO BUS
144.74887,-37.82566,METRO BUS
144.74841,-37.82588,METRO BUS
144.74791,-37.83297,METRO BUS
144.74768,-37.83145,METRO BUS
144.74721,-37.8386,METRO BUS
145.15647,-37.96231,METRO BUS
144.74674,-37.8386,METRO BUS
144.75685,-37.84,METRO BUS
144.75687,-37.84033,METRO BUS
144.76079,-37.84027,METRO BUS
144.76322,-37.84086,METRO BUS
144.77192,-37.84199,METRO BUS
144.76986,-37.84191,METRO BUS
144.77782,-37.84312,METRO BUS
144.78105,-37.84409,METRO BUS
144.77099,-37.8636,METRO BUS
145.15932,-37.96333,METRO BUS
145.16244,-37.96374,METRO BUS
144.61415,-37.91302,METRO BUS
144.61189,-37.91297,METRO BUS
144.61179,-37.91279,METRO BUS
144.61154,-37.9148,METRO BUS
145.16612,-37.96418,METRO BUS
144.61078,-37.9156,METRO BUS
144.60637,-37.91488,METRO BUS
144.60454,-37.91408,METRO BUS
144.60467,-37.91143,METRO BUS
144.60473,-37.91016,METRO BUS
144.60519,-37.90787,METRO BUS
144.60551,-37.90744,METRO BUS
144.60562,-37.90529,METRO BUS
144.60592,-37.90532,METRO BUS
144.60496,-37.9022,METRO BUS
144.59509,-37.65702,METRO BUS
144.60522,-37.90212,METRO BUS
144.59808,-37.89823,METRO BUS
144.59672,-37.89792,METRO BUS
144.58922,-37.89707,METRO BUS
144.58794,-37.89618,METRO BUS
144.58885,-37.89314,METRO BUS
145.1722,-37.96494,METRO BUS
144.58881,-37.89165,METRO BUS
144.58981,-37.88818,METRO BUS
144.59157,-37.88734,METRO BUS
144.59531,-37.88717,METRO BUS
144.59663,-37.88696,METRO BUS
144.60111,-37.88631,METRO BUS
144.6018,-37.88567,METRO BUS
145.17547,-37.96535,METRO BUS
144.99026,-37.54495,METRO BUS
144.99628,-37.5408,METRO BUS
144.99119,-37.54429,METRO BUS
144.96336,-37.53103,METRO BUS
144.96359,-37.53051,METRO BUS
144.95915,-37.5268,METRO BUS
145.17785,-37.96562,METRO BUS
144.95712,-37.52596,METRO BUS
144.95421,-37.52007,METRO BUS
144.95812,-37.52131,METRO BUS
144.95815,-37.52155,METRO BUS
144.95963,-37.51792,METRO BUS
144.9595,-37.51775,METRO BUS
144.9566,-37.51708,METRO BUS
144.96929,-37.54192,METRO BUS
145.183,-37.96624,METRO BUS
144.96298,-37.53476,METRO BUS
144.96273,-37.5338,METRO BUS
144.96392,-37.52832,METRO BUS
144.96311,-37.52747,METRO BUS
144.95433,-37.5187,METRO BUS
144.95417,-37.51872,METRO BUS
144.95654,-37.51726,METRO BUS
145.186,-37.96657,METRO BUS
145.18907,-37.96695,METRO BUS
145.1926,-37.96719,METRO BUS
145.20132,-37.96847,METRO BUS
144.94908,-37.80082,METRO BUS
144.94679,-37.80068,METRO BUS
145.20436,-37.96883,METRO BUS
145.20755,-37.96921,METRO BUS
145.21186,-37.96971,METRO BUS
145.21468,-37.97005,METRO BUS
144.47832,-38.01871,METRO BUS
144.47313,-38.02638,METRO BUS
144.41337,-38.02831,METRO BUS
144.4132,-38.02826,METRO BUS
145.1672,-37.81203,METRO BUS
145.20881,-37.99818,METRO BUS
145.21036,-37.99899,METRO BUS
145.2138,-37.99938,METRO BUS
145.2175,-37.99984,METRO BUS
145.21738,-38.00321,METRO BUS
145.21662,-38.00742,METRO BUS
145.21423,-38.01938,METRO BUS
145.21346,-38.02316,METRO BUS
145.21293,-38.0259,METRO BUS
145.21194,-38.03088,METRO BUS
145.21115,-38.03499,METRO BUS
145.21039,-38.03877,METRO BUS
145.27321,-37.97374,METRO BUS
145.27111,-37.97553,METRO BUS
145.15985,-38.11294,METRO BUS
145.16497,-38.10696,METRO BUS
145.16801,-38.10477,METRO BUS
145.16974,-38.10269,METRO BUS
145.17286,-38.09891,METRO BUS
145.17625,-38.09474,METRO BUS
145.17902,-38.0913,METRO BUS
145.18111,-38.08843,METRO BUS
145.18342,-38.08554,METRO BUS
145.1928,-38.07425,METRO BUS
145.20018,-38.06524,METRO BUS
145.18136,-37.88737,METRO BUS
145.20524,-38.05906,METRO BUS
145.20946,-38.04343,METRO BUS
145.27041,-37.97758,METRO BUS
144.59249,-37.6592,METRO BUS
145.26729,-37.98193,METRO BUS
145.05016,-37.72832,METRO BUS
144.59252,-37.66064,METRO BUS
144.59273,-37.66244,METRO BUS
145.16059,-38.11934,METRO BUS
145.16229,-38.12246,METRO BUS
145.16222,-38.12381,METRO BUS
145.15928,-38.12429,METRO BUS
145.15581,-38.12425,METRO BUS
145.15312,-38.12328,METRO BUS
145.15086,-38.1242,METRO BUS
145.14784,-38.12378,METRO BUS
145.0297,-37.80187,METRO BUS
145.14559,-38.12352,METRO BUS
145.14396,-38.12224,METRO BUS
145.14145,-38.1233,METRO BUS
145.13978,-38.12444,METRO BUS
145.13715,-38.12632,METRO BUS
145.13485,-38.12777,METRO BUS
145.13084,-38.13132,METRO BUS
145.1301,-38.13301,METRO BUS
145.12878,-38.13605,METRO BUS
145.05287,-37.73742,METRO BUS
144.41358,-38.03585,METRO BUS
144.41477,-38.03763,METRO BUS
144.41452,-38.03751,METRO BUS
144.41346,-38.0359,METRO BUS
144.41241,-38.03254,METRO BUS
144.41375,-38.02505,METRO BUS
144.41387,-38.02518,METRO BUS
144.41246,-38.03306,METRO BUS
144.4144,-38.02252,METRO BUS
144.40983,-38.0222,METRO BUS
144.40582,-38.02013,METRO BUS
144.40511,-38.01898,METRO BUS
144.3999,-38.02104,METRO BUS
144.398,-38.0223,METRO BUS
144.39618,-38.02444,METRO BUS
144.39494,-38.03113,METRO BUS
144.39464,-38.03274,METRO BUS
144.39351,-38.03905,METRO BUS
144.39223,-38.04615,METRO BUS
144.39337,-38.03889,METRO BUS
144.39455,-38.0325,METRO BUS
145.15283,-38.12063,METRO BUS
144.39486,-38.03084,METRO BUS
144.39574,-38.02611,METRO BUS
144.39614,-38.02383,METRO BUS
144.39479,-38.02139,METRO BUS
144.39304,-38.01953,METRO BUS
144.39087,-38.01728,METRO BUS
144.38813,-38.01509,METRO BUS
144.38533,-38.01851,METRO BUS
145.15575,-38.11881,METRO BUS
144.38447,-38.02144,METRO BUS
144.3976,-38.02225,METRO BUS
144.40038,-38.02058,METRO BUS
144.40509,-38.01871,METRO BUS
144.40604,-38.02023,METRO BUS
144.40922,-38.02304,METRO BUS
145.15814,-38.1179,METRO BUS
144.3842,-38.02139,METRO BUS
144.38506,-38.01855,METRO BUS
144.38814,-38.01494,METRO BUS
144.39106,-38.01715,METRO BUS
144.39317,-38.01953,METRO BUS
144.39482,-38.02127,METRO BUS
145.15737,-38.11589,METRO BUS
144.39587,-38.02603,METRO BUS
144.35897,-38.06731,METRO BUS
144.35904,-38.06964,METRO BUS
144.35591,-38.07389,METRO BUS
144.35391,-38.07365,METRO BUS
144.35097,-38.0733,METRO BUS
144.34831,-38.07371,METRO BUS
144.34757,-38.0776,METRO BUS
144.3472,-38.07948,METRO BUS
144.34689,-38.08109,METRO BUS
145.15603,-38.11445,METRO BUS
144.3487,-38.08377,METRO BUS
144.3482,-38.08639,METRO BUS
144.3478,-38.08854,METRO BUS
144.34729,-38.09115,METRO BUS
144.34664,-38.09442,METRO BUS
144.34565,-38.09948,METRO BUS
144.34448,-38.10564,METRO BUS
144.34326,-38.1119,METRO BUS
144.34254,-38.11564,METRO BUS
144.34145,-38.12121,METRO BUS
144.34079,-38.12449,METRO BUS
144.33858,-38.12964,METRO BUS
144.33787,-38.13332,METRO BUS
144.33744,-38.13559,METRO BUS
144.3368,-38.13901,METRO BUS
145.04611,-37.73409,METRO BUS
145.16958,-38.11323,METRO BUS
144.33677,-38.13836,METRO BUS
144.33737,-38.13514,METRO BUS
145.17274,-38.1119,METRO BUS
144.33767,-38.13369,METRO BUS
144.33802,-38.13177,METRO BUS
144.33859,-38.12888,METRO BUS
144.34225,-38.11636,METRO BUS
144.34311,-38.11194,METRO BUS
145.17493,-38.11115,METRO BUS
144.34363,-38.1093,METRO BUS
144.34423,-38.10616,METRO BUS
144.34558,-38.09909,METRO BUS
144.3465,-38.09444,METRO BUS
144.34714,-38.09118,METRO BUS
144.34762,-38.08873,METRO BUS
144.34807,-38.08638,METRO BUS
144.34854,-38.08393,METRO BUS
144.34676,-38.08109,METRO BUS
145.17863,-38.10955,METRO BUS
144.34706,-38.07951,METRO BUS
144.3474,-38.07789,METRO BUS
144.3481,-38.07417,METRO BUS
144.35094,-38.07319,METRO BUS
144.35357,-38.0735,METRO BUS
144.35842,-38.06958,METRO BUS
144.35838,-38.06751,METRO BUS
145.1798,-38.10791,METRO BUS
144.37093,-38.07349,METRO BUS
144.37209,-38.06817,METRO BUS
144.3741,-38.06841,METRO BUS
145.1809,-38.10555,METRO BUS
144.37325,-38.06506,METRO BUS
144.37022,-38.06549,METRO BUS
144.36779,-38.0657,METRO BUS
145.1819,-38.10411,METRO BUS
144.35658,-38.07624,METRO BUS
144.35852,-38.07919,METRO BUS
144.3584,-38.08097,METRO BUS
144.35848,-38.08473,METRO BUS
144.35761,-38.08746,METRO BUS
144.35695,-38.09085,METRO BUS
144.35652,-38.09307,METRO BUS
144.35624,-38.09448,METRO BUS
144.3558,-38.09678,METRO BUS
144.59372,-37.66559,METRO BUS
144.35525,-38.09966,METRO BUS
144.35364,-38.10791,METRO BUS
144.35451,-38.11588,METRO BUS
144.35351,-38.12087,METRO BUS
144.35319,-38.12245,METRO BUS
144.35262,-38.12528,METRO BUS
144.35183,-38.12883,METRO BUS
144.35155,-38.1302,METRO BUS
144.35196,-38.13229,METRO BUS
144.59576,-37.66614,METRO BUS
144.3551,-38.13267,METRO BUS
144.35514,-38.13505,METRO BUS
144.3546,-38.1381,METRO BUS
144.35562,-38.14109,METRO BUS
144.35658,-38.14341,METRO BUS
144.35762,-38.09541,METRO BUS
144.3615,-38.09586,METRO BUS
144.36358,-38.09607,METRO BUS
144.59855,-37.66654,METRO BUS
144.36491,-38.09895,METRO BUS
144.36767,-38.09978,METRO BUS
144.37173,-38.09958,METRO BUS
144.37202,-38.09811,METRO BUS
144.36739,-38.08593,METRO BUS
144.36707,-38.08744,METRO BUS
144.3668,-38.08895,METRO BUS
144.36602,-38.09289,METRO BUS
144.36389,-38.09623,METRO BUS
144.36141,-38.09597,METRO BUS
144.35661,-38.09543,METRO BUS
144.35556,-38.14161,METRO BUS
144.35438,-38.13783,METRO BUS
144.35492,-38.13504,METRO BUS
144.35488,-38.13274,METRO BUS
144.34803,-38.13193,METRO BUS
144.35228,-38.13295,METRO BUS
145.2653,-37.98735,METRO BUS
144.35246,-38.1227,METRO BUS
144.35319,-38.1199,METRO BUS
144.35424,-38.11566,METRO BUS
144.35295,-38.10874,METRO BUS
144.35336,-38.1065,METRO BUS
144.35435,-38.10194,METRO BUS
144.35475,-38.09961,METRO BUS
144.35564,-38.09443,METRO BUS
144.3561,-38.09234,METRO BUS
145.26109,-37.98772,METRO BUS
144.35662,-38.08943,METRO BUS
144.357,-38.08743,METRO BUS
144.35754,-38.08518,METRO BUS
144.35819,-38.08156,METRO BUS
144.35828,-38.07916,METRO BUS
144.35209,-38.14435,METRO BUS
144.3502,-38.14409,METRO BUS
144.34674,-38.14297,METRO BUS
144.34446,-38.14269,METRO BUS
144.3423,-38.14243,METRO BUS
145.25863,-37.98794,METRO BUS
144.33962,-38.14207,METRO BUS
144.33661,-38.14174,METRO BUS
144.33338,-38.1414,METRO BUS
144.33015,-38.14107,METRO BUS
144.32724,-38.14066,METRO BUS
144.32455,-38.14027,METRO BUS
144.32187,-38.13988,METRO BUS
144.31831,-38.13866,METRO BUS
144.3186,-38.13698,METRO BUS
144.3191,-38.13414,METRO BUS
145.25641,-37.98762,METRO BUS
144.3195,-38.13173,METRO BUS
144.32,-38.12897,METRO BUS
144.32083,-38.12468,METRO BUS
144.32108,-38.1233,METRO BUS
144.32143,-38.12068,METRO BUS
144.32171,-38.11901,METRO BUS
144.32269,-38.11746,METRO BUS
144.32455,-38.11773,METRO BUS
144.3318,-38.11866,METRO BUS
145.25605,-37.986,METRO BUS
144.32874,-38.11868,METRO BUS
144.32802,-38.12229,METRO BUS
144.32729,-38.12659,METRO BUS
144.32696,-38.12845,METRO BUS
144.32883,-38.12939,METRO BUS
144.33186,-38.13041,METRO BUS
144.33138,-38.13299,METRO BUS
144.33112,-38.13431,METRO BUS
145.25522,-37.98321,METRO BUS
144.3306,-38.13695,METRO BUS
144.33016,-38.13922,METRO BUS
144.33052,-38.14099,METRO BUS
144.33282,-38.14122,METRO BUS
144.33576,-38.14153,METRO BUS
144.33934,-38.14196,METRO BUS
144.34228,-38.14233,METRO BUS
144.34422,-38.14258,METRO BUS
144.34784,-38.14339,METRO BUS
144.35039,-38.14401,METRO BUS
145.25704,-37.9792,METRO BUS
144.35253,-38.14428,METRO BUS
144.33001,-38.13947,METRO BUS
144.3303,-38.13802,METRO BUS
144.33092,-38.13483,METRO BUS
144.33135,-38.13253,METRO BUS
144.32926,-38.12955,METRO BUS
144.32714,-38.12679,METRO BUS
144.32759,-38.1242,METRO BUS
144.32792,-38.12209,METRO BUS
144.32858,-38.11888,METRO BUS
145.25815,-37.97611,METRO BUS
144.32481,-38.11782,METRO BUS
144.3228,-38.11757,METRO BUS
144.32172,-38.11938,METRO BUS
144.32119,-38.12317,METRO BUS
144.32086,-38.12501,METRO BUS
144.32026,-38.12798,METRO BUS
144.31963,-38.13184,METRO BUS
144.31927,-38.13397,METRO BUS
144.31872,-38.13692,METRO BUS
144.32016,-38.13951,METRO BUS
145.25288,-37.97439,METRO BUS
144.32196,-38.13978,METRO BUS
144.32415,-38.14011,METRO BUS
144.32709,-38.14054,METRO BUS
144.33159,-38.1311,METRO BUS
144.38915,-38.1825,METRO BUS
145.04358,-37.73884,METRO BUS
145.24546,-37.97348,METRO BUS
144.35511,-38.14528,METRO BUS
145.27392,-37.9678,METRO BUS
144.37591,-38.15615,METRO BUS
144.37862,-38.15689,METRO BUS
144.3811,-38.15758,METRO BUS
145.17005,-37.81235,METRO BUS
144.38366,-38.1583,METRO BUS
144.38591,-38.15895,METRO BUS
144.38629,-38.15981,METRO BUS
145.26795,-37.96835,METRO BUS
144.39941,-38.16601,METRO BUS
144.39038,-38.16113,METRO BUS
144.38813,-38.16085,METRO BUS
145.26727,-37.96966,METRO BUS
144.38585,-38.15916,METRO BUS
144.38359,-38.15848,METRO BUS
144.38162,-38.15795,METRO BUS
144.37909,-38.15724,METRO BUS
144.37588,-38.15631,METRO BUS
144.3739,-38.1552,METRO BUS
144.37455,-38.15384,METRO BUS
144.61393,-38.28853,METRO BUS
144.61448,-38.28467,METRO BUS
144.61586,-38.27991,METRO BUS
144.61887,-38.27469,METRO BUS
144.6264,-38.2721,METRO BUS
144.63198,-38.27147,METRO BUS
144.64634,-38.26997,METRO BUS
144.65134,-38.27084,METRO BUS
144.66101,-38.26738,METRO BUS
144.6613,-38.26742,METRO BUS
144.65672,-38.27021,METRO BUS
144.65447,-38.26942,METRO BUS
144.6508,-38.27084,METRO BUS
144.62612,-38.27231,METRO BUS
144.62209,-38.27286,METRO BUS
144.6185,-38.27551,METRO BUS
144.61558,-38.28083,METRO BUS
144.61456,-38.28627,METRO BUS
144.61142,-38.2895,METRO BUS
144.6068,-38.28815,METRO BUS
144.60484,-38.28301,METRO BUS
144.60734,-38.28,METRO BUS
144.60962,-38.27728,METRO BUS
144.61238,-38.27396,METRO BUS
145.25993,-37.973,METRO BUS
144.613,-38.2734,METRO BUS
144.35698,-38.1484,METRO BUS
145.25399,-37.98009,METRO BUS
144.35566,-38.14501,METRO BUS
144.34816,-38.141,METRO BUS
144.34852,-38.13919,METRO BUS
144.34882,-38.1375,METRO BUS
144.34925,-38.13562,METRO BUS
144.34975,-38.1326,METRO BUS
144.34622,-38.13174,METRO BUS
144.34204,-38.13033,METRO BUS
144.3399,-38.12767,METRO BUS
145.25036,-37.98094,METRO BUS
144.33805,-38.12559,METRO BUS
144.3364,-38.12357,METRO BUS
144.33363,-38.12014,METRO BUS
144.33307,-38.11838,METRO BUS
144.33437,-38.11773,METRO BUS
144.33627,-38.11619,METRO BUS
144.33691,-38.11309,METRO BUS
144.33738,-38.11051,METRO BUS
144.33411,-38.10975,METRO BUS
145.2474,-37.98087,METRO BUS
144.33232,-38.10953,METRO BUS
144.33192,-38.10825,METRO BUS
144.33264,-38.10466,METRO BUS
144.33317,-38.10193,METRO BUS
144.33371,-38.09908,METRO BUS
144.33104,-38.09829,METRO BUS
144.32862,-38.09802,METRO BUS
144.32657,-38.09776,METRO BUS
144.32384,-38.09744,METRO BUS
144.32318,-38.09961,METRO BUS
145.24554,-37.98131,METRO BUS
144.32247,-38.1031,METRO BUS
144.32212,-38.10555,METRO BUS
144.32228,-38.10335,METRO BUS
144.32306,-38.0995,METRO BUS
144.32413,-38.09727,METRO BUS
144.32604,-38.09752,METRO BUS
144.32865,-38.09782,METRO BUS
144.33108,-38.09809,METRO BUS
144.33408,-38.09728,METRO BUS
144.33441,-38.09546,METRO BUS
145.24393,-37.97827,METRO BUS
144.33555,-38.08939,METRO BUS
144.33734,-38.08048,METRO BUS
144.33788,-38.07764,METRO BUS
145.24282,-37.97626,METRO BUS
144.3439,-38.07176,METRO BUS
144.34461,-38.06901,METRO BUS
144.34797,-38.06812,METRO BUS
144.34862,-38.06624,METRO BUS
144.34967,-38.0667,METRO BUS
144.34902,-38.07009,METRO BUS
144.34865,-38.07199,METRO BUS
144.34861,-38.07158,METRO BUS
144.34892,-38.06994,METRO BUS
144.34955,-38.06669,METRO BUS
144.34862,-38.06685,METRO BUS
144.34707,-38.06846,METRO BUS
144.34447,-38.06971,METRO BUS
144.34402,-38.07206,METRO BUS
145.16233,-37.89876,METRO BUS
144.33798,-38.07784,METRO BUS
144.33741,-38.08088,METRO BUS
144.33579,-38.08901,METRO BUS
144.33435,-38.09656,METRO BUS
144.33385,-38.09906,METRO BUS
144.33333,-38.10181,METRO BUS
144.33281,-38.10447,METRO BUS
145.16296,-37.89553,METRO BUS
144.33234,-38.10696,METRO BUS
144.33207,-38.10838,METRO BUS
144.33239,-38.10944,METRO BUS
144.33424,-38.10965,METRO BUS
144.33748,-38.11047,METRO BUS
144.33706,-38.11279,METRO BUS
144.33648,-38.11568,METRO BUS
144.33468,-38.11766,METRO BUS
144.33285,-38.11879,METRO BUS
144.33428,-38.12057,METRO BUS
145.16335,-37.89306,METRO BUS
144.33649,-38.12329,METRO BUS
144.34011,-38.12755,METRO BUS
144.34221,-38.13013,METRO BUS
144.3453,-38.13141,METRO BUS
144.34995,-38.13253,METRO BUS
144.3477,-38.1317,METRO BUS
144.3495,-38.13486,METRO BUS
144.34921,-38.13644,METRO BUS
144.34864,-38.13934,METRO BUS
145.16379,-37.8902,METRO BUS
144.36335,-38.15023,METRO BUS
144.36612,-38.15102,METRO BUS
144.36898,-38.15276,METRO BUS
144.37183,-38.15513,METRO BUS
144.37409,-38.15749,METRO BUS
144.37658,-38.16013,METRO BUS
144.37792,-38.16156,METRO BUS
144.38096,-38.16476,METRO BUS
144.3836,-38.16755,METRO BUS
145.04238,-37.7437,METRO BUS
145.16438,-37.88686,METRO BUS
144.38822,-38.16954,METRO BUS
144.39207,-38.1706,METRO BUS
144.39511,-38.17142,METRO BUS
144.39833,-38.17233,METRO BUS
144.399,-38.17276,METRO BUS
144.39416,-38.17142,METRO BUS
145.16465,-37.88532,METRO BUS
144.39087,-38.17051,METRO BUS
144.38737,-38.16954,METRO BUS
144.38423,-38.16856,METRO BUS
144.38228,-38.16666,METRO BUS
144.38079,-38.16487,METRO BUS
144.37849,-38.16248,METRO BUS
144.37669,-38.16058,METRO BUS
144.37406,-38.15782,METRO BUS
144.37187,-38.15551,METRO BUS
144.36981,-38.15372,METRO BUS
145.16521,-37.88224,METRO BUS
144.36542,-38.15108,METRO BUS
144.36348,-38.15048,METRO BUS
144.35508,-38.1481,METRO BUS
144.35006,-38.14718,METRO BUS
144.34789,-38.14694,METRO BUS
144.34685,-38.14864,METRO BUS
144.34661,-38.15004,METRO BUS
144.34577,-38.15438,METRO BUS
144.34528,-38.15703,METRO BUS
144.34486,-38.15923,METRO BUS
144.34105,-38.15921,METRO BUS
144.33851,-38.15891,METRO BUS
144.33681,-38.15871,METRO BUS
144.33452,-38.15844,METRO BUS
144.33247,-38.15821,METRO BUS
144.32695,-38.15753,METRO BUS
144.32314,-38.15706,METRO BUS
144.3225,-38.15566,METRO BUS
144.32455,-38.15479,METRO BUS
144.32791,-38.15467,METRO BUS
145.16355,-37.9053,METRO BUS
144.33167,-38.15513,METRO BUS
144.33396,-38.15295,METRO BUS
144.33438,-38.15082,METRO BUS
144.335,-38.14749,METRO BUS
144.33528,-38.14602,METRO BUS
144.33237,-38.14505,METRO BUS
144.32906,-38.1441,METRO BUS
145.16381,-37.90927,METRO BUS
144.33199,-38.14488,METRO BUS
144.34769,-38.14679,METRO BUS
144.35023,-38.14707,METRO BUS
144.33549,-38.14578,METRO BUS
144.33482,-38.14928,METRO BUS
144.33408,-38.15326,METRO BUS
144.33159,-38.15521,METRO BUS
145.16611,-37.9118,METRO BUS
144.32888,-38.1549,METRO BUS
144.32478,-38.15481,METRO BUS
144.32253,-38.15574,METRO BUS
144.32297,-38.15695,METRO BUS
144.327,-38.15744,METRO BUS
144.33257,-38.15811,METRO BUS
144.33535,-38.15843,METRO BUS
144.3372,-38.15864,METRO BUS
144.33899,-38.15886,METRO BUS
144.34238,-38.15925,METRO BUS
145.16829,-37.91395,METRO BUS
144.34483,-38.15874,METRO BUS
144.3452,-38.15685,METRO BUS
144.34567,-38.15435,METRO BUS
144.34627,-38.15088,METRO BUS
144.34666,-38.14891,METRO BUS
144.36338,-38.15489,METRO BUS
145.17087,-37.91649,METRO BUS
144.36536,-38.15601,METRO BUS
144.36539,-38.15773,METRO BUS
144.36674,-38.15819,METRO BUS
144.36909,-38.15886,METRO BUS
144.36899,-38.16043,METRO BUS
144.36826,-38.16203,METRO BUS
144.37046,-38.16279,METRO BUS
144.37251,-38.16339,METRO BUS
144.37386,-38.16491,METRO BUS
144.3746,-38.16616,METRO BUS
145.17304,-37.91816,METRO BUS
144.37539,-38.16754,METRO BUS
144.37705,-38.17052,METRO BUS
144.37857,-38.17333,METRO BUS
144.37932,-38.17469,METRO BUS
144.38082,-38.1774,METRO BUS
145.04198,-37.74581,METRO BUS
145.17651,-37.91728,METRO BUS
144.3673,-38.18049,METRO BUS
144.36877,-38.18572,METRO BUS
144.37294,-38.18585,METRO BUS
144.37637,-38.18597,METRO BUS
144.38004,-38.18609,METRO BUS
144.38127,-38.18548,METRO BUS
144.38876,-38.18463,METRO BUS
144.38767,-38.18099,METRO BUS
144.38312,-38.18044,METRO BUS
144.38275,-38.1776,METRO BUS
144.38309,-38.1756,METRO BUS
144.38366,-38.17274,METRO BUS
144.38386,-38.17257,METRO BUS
144.38351,-38.17462,METRO BUS
144.38304,-38.17713,METRO BUS
144.38256,-38.17985,METRO BUS
144.38367,-38.18038,METRO BUS
144.38747,-38.18085,METRO BUS
144.39623,-38.18189,METRO BUS
144.40013,-38.18236,METRO BUS
144.39098,-38.17577,METRO BUS
144.39269,-38.17654,METRO BUS
144.39485,-38.17726,METRO BUS
144.39784,-38.17471,METRO BUS
145.19519,-37.92386,METRO BUS
144.40076,-38.18344,METRO BUS
144.40035,-38.1857,METRO BUS
144.39738,-38.18585,METRO BUS
144.39513,-38.18677,METRO BUS
144.39311,-38.18834,METRO BUS
144.39329,-38.18962,METRO BUS
144.39308,-38.19232,METRO BUS
145.19449,-37.92739,METRO BUS
144.39162,-38.195,METRO BUS
144.38937,-38.19612,METRO BUS
144.38705,-38.19393,METRO BUS
144.38768,-38.19052,METRO BUS
144.38827,-38.18735,METRO BUS
144.38189,-38.18218,METRO BUS
144.38055,-38.17719,METRO BUS
144.37875,-38.17391,METRO BUS
144.37693,-38.17068,METRO BUS
144.37579,-38.16851,METRO BUS
145.19408,-37.92952,METRO BUS
144.37429,-38.16584,METRO BUS
144.37248,-38.16348,METRO BUS
144.36828,-38.16231,METRO BUS
144.36902,-38.15976,METRO BUS
144.36726,-38.15855,METRO BUS
144.36485,-38.15786,METRO BUS
144.36522,-38.15588,METRO BUS
144.3631,-38.15504,METRO BUS
145.19318,-37.9334,METRO BUS
144.35857,-38.15226,METRO BUS
144.35722,-38.1552,METRO BUS
144.35524,-38.15947,METRO BUS
144.35458,-38.16102,METRO BUS
144.35341,-38.16352,METRO BUS
144.34825,-38.17007,METRO BUS
144.34586,-38.17109,METRO BUS
144.34126,-38.1705,METRO BUS
144.33906,-38.17024,METRO BUS
144.33645,-38.16992,METRO BUS
144.33561,-38.17305,METRO BUS
144.33469,-38.1745,METRO BUS
144.33128,-38.1741,METRO BUS
144.32734,-38.17364,METRO BUS
144.3232,-38.17313,METRO BUS
144.3193,-38.17266,METRO BUS
145.19297,-37.93779,METRO BUS
144.31255,-38.17184,METRO BUS
144.30932,-38.17106,METRO BUS
144.31069,-38.1667,METRO BUS
144.3129,-38.167,METRO BUS
144.31709,-38.1675,METRO BUS
144.31901,-38.16773,METRO BUS
145.19886,-37.93816,METRO BUS
144.31786,-38.17583,METRO BUS
144.31712,-38.17963,METRO BUS
144.31136,-38.18047,METRO BUS
144.31104,-38.18214,METRO BUS
144.31035,-38.18586,METRO BUS
144.3061,-38.19141,METRO BUS
145.21021,-37.96725,METRO BUS
144.30506,-38.19606,METRO BUS
144.30015,-38.19853,METRO BUS
144.30575,-38.19163,METRO BUS
144.31042,-38.18482,METRO BUS
144.31093,-38.18216,METRO BUS
144.31124,-38.18047,METRO BUS
145.21127,-37.96903,METRO BUS
144.31723,-38.17868,METRO BUS
144.31781,-38.17551,METRO BUS
144.31897,-38.16782,METRO BUS
144.31701,-38.16759,METRO BUS
144.31473,-38.16732,METRO BUS
144.31069,-38.16682,METRO BUS
144.31004,-38.17141,METRO BUS
144.31263,-38.17173,METRO BUS
145.21077,-37.9714,METRO BUS
144.31927,-38.17252,METRO BUS
144.3227,-38.17295,METRO BUS
144.32711,-38.17349,METRO BUS
144.33137,-38.17401,METRO BUS
144.33482,-38.17443,METRO BUS
144.33559,-38.17273,METRO BUS
144.33609,-38.17021,METRO BUS
144.33842,-38.17002,METRO BUS
145.21027,-37.97408,METRO BUS
144.34309,-38.1706,METRO BUS
144.34645,-38.17104,METRO BUS
144.34962,-38.16849,METRO BUS
144.35349,-38.16281,METRO BUS
144.35458,-38.16038,METRO BUS
144.35615,-38.15696,METRO BUS
144.35792,-38.15308,METRO BUS
144.34486,-38.1731,METRO BUS
145.20974,-37.97677,METRO BUS
144.34271,-38.17517,METRO BUS
144.34126,-38.1765,METRO BUS
144.33886,-38.17877,METRO BUS
144.33751,-38.18003,METRO BUS
144.33283,-38.18469,METRO BUS
144.33024,-38.18708,METRO BUS
144.31581,-38.18717,METRO BUS
144.31727,-38.1885,METRO BUS
144.32023,-38.18884,METRO BUS
144.31868,-38.19374,METRO BUS
144.32005,-38.19791,METRO BUS
144.32745,-38.20128,METRO BUS
144.331,-38.20179,METRO BUS
144.34087,-38.20246,METRO BUS
144.32619,-38.20114,METRO BUS
144.32071,-38.19892,METRO BUS
144.319,-38.1935,METRO BUS
145.17364,-37.81278,METRO BUS
144.31984,-38.18967,METRO BUS
144.31633,-38.18844,METRO BUS
144.31591,-38.18587,METRO BUS
144.32983,-38.18704,METRO BUS
144.33256,-38.18452,METRO BUS
144.33411,-38.18299,METRO BUS
145.3031,-38.02679,METRO BUS
145.29632,-38.03098,METRO BUS
144.3452,-38.18022,METRO BUS
144.34482,-38.178,METRO BUS
144.34501,-38.17799,METRO BUS
144.34597,-38.17612,METRO BUS
144.3484,-38.17608,METRO BUS
144.34852,-38.17803,METRO BUS
144.34811,-38.18021,METRO BUS
144.34795,-38.18036,METRO BUS
145.29486,-38.02956,METRO BUS
144.34841,-38.1779,METRO BUS
144.3485,-38.17618,METRO BUS
144.34603,-38.17666,METRO BUS
144.33685,-38.18047,METRO BUS
144.33876,-38.17871,METRO BUS
144.34113,-38.17647,METRO BUS
144.34365,-38.17408,METRO BUS
145.2917,-38.02762,METRO BUS
144.34536,-38.1725,METRO BUS
144.326,-38.1913,METRO BUS
144.32036,-38.19597,METRO BUS
144.31674,-38.19816,METRO BUS
144.31978,-38.19594,METRO BUS
144.32548,-38.19112,METRO BUS
144.35051,-38.16962,METRO BUS
144.34941,-38.19646,METRO BUS
145.28968,-38.02608,METRO BUS
144.34264,-38.1933,METRO BUS
144.34341,-38.1891,METRO BUS
144.34426,-38.18491,METRO BUS
144.34447,-38.18521,METRO BUS
144.3438,-38.18853,METRO BUS
144.34293,-38.19321,METRO BUS
144.34953,-38.19638,METRO BUS
145.28832,-38.02798,METRO BUS
144.35782,-38.19733,METRO BUS
144.36137,-38.19773,METRO BUS
144.36092,-38.19779,METRO BUS
144.35344,-38.19159,METRO BUS
144.35029,-38.17005,METRO BUS
144.3422,-38.19686,METRO BUS
144.34145,-38.20094,METRO BUS
144.34083,-38.20441,METRO BUS
144.34009,-38.20819,METRO BUS
145.28783,-38.03037,METRO BUS
144.33905,-38.20854,METRO BUS
144.337,-38.2083,METRO BUS
144.33487,-38.20804,METRO BUS
144.33173,-38.20767,METRO BUS
144.32775,-38.20779,METRO BUS
144.3234,-38.20849,METRO BUS
144.31918,-38.20984,METRO BUS
145.28432,-38.03043,METRO BUS
144.30188,-38.21152,METRO BUS
144.30171,-38.21174,METRO BUS
144.30231,-38.20848,METRO BUS
144.32666,-38.20437,METRO BUS
144.32854,-38.20461,METRO BUS
144.33085,-38.20443,METRO BUS
144.33121,-38.20249,METRO BUS
144.33134,-38.20262,METRO BUS
144.331,-38.20441,METRO BUS
144.33052,-38.20708,METRO BUS
144.32822,-38.20464,METRO BUS
144.32529,-38.20427,METRO BUS
144.31893,-38.20987,METRO BUS
144.32323,-38.2084,METRO BUS
144.32648,-38.20808,METRO BUS
144.33177,-38.20758,METRO BUS
144.33489,-38.20792,METRO BUS
144.33738,-38.20822,METRO BUS
145.26975,-38.02424,METRO BUS
144.33934,-38.20847,METRO BUS
144.33989,-38.20796,METRO BUS
144.34222,-38.20709,METRO BUS
144.345,-38.2094,METRO BUS
144.34801,-38.20791,METRO BUS
144.34928,-38.206,METRO BUS
144.34665,-38.20231,METRO BUS
144.34729,-38.19872,METRO BUS
144.34741,-38.19874,METRO BUS
144.34665,-38.2026,METRO BUS
144.34834,-38.20579,METRO BUS
144.34805,-38.208,METRO BUS
144.34505,-38.20957,METRO BUS
144.3425,-38.20719,METRO BUS
144.34127,-38.20052,METRO BUS
144.3411,-38.19685,METRO BUS
144.34021,-38.19683,METRO BUS
144.3378,-38.19655,METRO BUS
145.28081,-38.03146,METRO BUS
144.33355,-38.19601,METRO BUS
144.33046,-38.19619,METRO BUS
144.32744,-38.19776,METRO BUS
144.32717,-38.19926,METRO BUS
144.3277,-38.19668,METRO BUS
144.33082,-38.19594,METRO BUS
145.27976,-38.03259,METRO BUS
144.33788,-38.19646,METRO BUS
144.33979,-38.20997,METRO BUS
144.33812,-38.21865,METRO BUS
144.33875,-38.31411,METRO BUS
144.33784,-38.31873,METRO BUS
144.32863,-38.31751,METRO BUS
145.2784,-38.03278,METRO BUS
144.32668,-38.3192,METRO BUS
144.32466,-38.32168,METRO BUS
144.31727,-38.32877,METRO BUS
144.32139,-38.33142,METRO BUS
144.32368,-38.33274,METRO BUS
144.32475,-38.33606,METRO BUS
144.29858,-38.33851,METRO BUS
144.29766,-38.34162,METRO BUS
144.2972,-38.34334,METRO BUS
144.29613,-38.34595,METRO BUS
144.29582,-38.34776,METRO BUS
144.29644,-38.34984,METRO BUS
144.299,-38.34848,METRO BUS
144.30151,-38.34666,METRO BUS
144.30356,-38.34432,METRO BUS
144.30397,-38.34206,METRO BUS
144.30442,-38.33943,METRO BUS
144.30649,-38.33873,METRO BUS
144.32166,-38.33774,METRO BUS
144.32465,-38.33585,METRO BUS
144.32332,-38.33279,METRO BUS
144.32129,-38.33147,METRO BUS
144.31716,-38.33098,METRO BUS
144.31691,-38.329,METRO BUS
144.33784,-38.21863,METRO BUS
144.42379,-38.17927,METRO BUS
144.45622,-38.18702,METRO BUS
144.46351,-38.1888,METRO BUS
144.46833,-38.1928,METRO BUS
144.46991,-38.1904,METRO BUS
145.26872,-38.03131,METRO BUS
144.47251,-38.19095,METRO BUS
144.48636,-38.19652,METRO BUS
144.49036,-38.19863,METRO BUS
144.50816,-38.20816,METRO BUS
144.53631,-38.22297,METRO BUS
144.54069,-38.22529,METRO BUS
144.54155,-38.22811,METRO BUS
144.53553,-38.25719,METRO BUS
144.54124,-38.22871,METRO BUS
144.54037,-38.22551,METRO BUS
144.53615,-38.22326,METRO BUS
144.51364,-38.21121,METRO BUS
144.51455,-38.26711,METRO BUS
144.51245,-38.26296,METRO BUS
144.50745,-38.20811,METRO BUS
144.49021,-38.19891,METRO BUS
144.48595,-38.19666,METRO BUS
144.468,-38.1903,METRO BUS
144.46295,-38.18891,METRO BUS
145.05321,-37.73932,METRO BUS
145.03866,-37.7548,METRO BUS
144.44199,-38.18405,METRO BUS
144.43725,-38.18293,METRO BUS
144.42302,-38.17934,METRO BUS
144.48859,-38.27403,METRO BUS
144.4891,-38.27134,METRO BUS
144.48966,-38.26826,METRO BUS
144.49773,-38.26824,METRO BUS
144.49687,-38.27089,METRO BUS
144.49472,-38.27526,METRO BUS
144.49305,-38.28247,METRO BUS
144.52731,-38.26595,METRO BUS
144.52348,-38.26445,METRO BUS
144.52351,-38.2634,METRO BUS
144.52459,-38.25937,METRO BUS
144.52518,-38.25668,METRO BUS
144.52521,-38.25705,METRO BUS
144.52479,-38.25903,METRO BUS
144.52375,-38.26306,METRO BUS
144.52744,-38.26592,METRO BUS
144.54374,-38.25848,METRO BUS
144.55726,-38.25952,METRO BUS
144.55659,-38.25984,METRO BUS
144.55002,-38.26105,METRO BUS
145.25528,-38.03821,METRO BUS
144.54226,-38.2658,METRO BUS
144.5427,-38.26572,METRO BUS
145.25903,-38.03918,METRO BUS
144.54981,-38.26118,METRO BUS
144.54762,-38.25807,METRO BUS
144.54237,-38.25846,METRO BUS
145.26287,-38.04038,METRO BUS
144.52511,-38.26795,METRO BUS
144.51416,-38.26974,METRO BUS
144.49298,-38.28259,METRO BUS
144.38811,-38.15712,METRO BUS
144.4043,-38.16176,METRO BUS
145.2649,-38.04064,METRO BUS
144.42468,-38.16839,METRO BUS
144.43924,-38.17199,METRO BUS
144.45278,-38.1736,METRO BUS
144.45775,-38.17419,METRO BUS
144.46681,-38.17749,METRO BUS
144.4709,-38.18667,METRO BUS
144.47428,-38.18703,METRO BUS
145.11545,-38.16072,METRO BUS
144.47555,-38.18092,METRO BUS
145.21506,-37.98501,METRO BUS
144.4667,-38.17554,METRO BUS
144.47604,-38.17633,METRO BUS
144.49518,-38.17857,METRO BUS
144.51355,-38.18082,METRO BUS
144.54118,-38.18425,METRO BUS
144.55311,-38.18163,METRO BUS
144.55827,-38.17908,METRO BUS
144.56203,-38.17849,METRO BUS
144.56652,-38.17628,METRO BUS
145.03762,-37.75696,METRO BUS
145.22211,-37.98581,METRO BUS
144.56962,-38.17392,METRO BUS
144.57145,-38.16955,METRO BUS
144.55438,-38.16245,METRO BUS
144.5546,-38.16126,METRO BUS
144.55512,-38.15863,METRO BUS
144.55544,-38.1571,METRO BUS
144.55859,-38.157,METRO BUS
145.22461,-37.9861,METRO BUS
144.56258,-38.15748,METRO BUS
144.56719,-38.15804,METRO BUS
144.57307,-38.15873,METRO BUS
145.22845,-37.98652,METRO BUS
144.57407,-38.15605,METRO BUS
144.5746,-38.15329,METRO BUS
144.57515,-38.15034,METRO BUS
144.57548,-38.14872,METRO BUS
145.23427,-37.98717,METRO BUS
144.57556,-38.14883,METRO BUS
144.57464,-38.15375,METRO BUS
144.57417,-38.15617,METRO BUS
144.57325,-38.161,METRO BUS
144.572,-38.1674,METRO BUS
145.23824,-37.98763,METRO BUS
144.57158,-38.16959,METRO BUS
144.57319,-38.17065,METRO BUS
144.57506,-38.16873,METRO BUS
144.57763,-38.1651,METRO BUS
144.58228,-38.16025,METRO BUS
144.59251,-38.15085,METRO BUS
144.59643,-38.14686,METRO BUS
144.61082,-38.13691,METRO BUS
144.61569,-38.13396,METRO BUS
144.62715,-38.12718,METRO BUS
145.23991,-37.9854,METRO BUS
144.63533,-38.12216,METRO BUS
144.63814,-38.11944,METRO BUS
144.64247,-38.11673,METRO BUS
144.64669,-38.11499,METRO BUS
144.65318,-38.11497,METRO BUS
144.65697,-38.1178,METRO BUS
144.66151,-38.11599,METRO BUS
144.66387,-38.11627,METRO BUS
145.24042,-37.98273,METRO BUS
144.6667,-38.11662,METRO BUS
144.66845,-38.11683,METRO BUS
144.66994,-38.1154,METRO BUS
144.71167,-38.13969,METRO BUS
144.71619,-38.16476,METRO BUS
145.24084,-37.98057,METRO BUS
144.70187,-38.17736,METRO BUS
144.70752,-38.17507,METRO BUS
144.7125,-38.17313,METRO BUS
144.71442,-38.17234,METRO BUS
144.71662,-38.17148,METRO BUS
144.71713,-38.1673,METRO BUS
144.71625,-38.16533,METRO BUS
144.71575,-38.15691,METRO BUS
145.24166,-37.97645,METRO BUS
144.71582,-38.15332,METRO BUS
144.71536,-38.14427,METRO BUS
144.71147,-38.13974,METRO BUS
144.70421,-38.12988,METRO BUS
144.69959,-38.12875,METRO BUS
144.69736,-38.12698,METRO BUS
144.69527,-38.12428,METRO BUS
144.69194,-38.12049,METRO BUS
145.24201,-37.97468,METRO BUS
144.68781,-38.11883,METRO BUS
144.6838,-38.1177,METRO BUS
144.679,-38.11626,METRO BUS
144.67435,-38.11569,METRO BUS
144.67008,-38.11543,METRO BUS
144.66873,-38.11703,METRO BUS
144.66671,-38.1168,METRO BUS
144.66345,-38.11637,METRO BUS
144.66127,-38.11611,METRO BUS
144.65704,-38.1179,METRO BUS
145.24258,-37.97157,METRO BUS
144.65169,-38.11498,METRO BUS
144.64719,-38.115,METRO BUS
144.64267,-38.11674,METRO BUS
144.63829,-38.11943,METRO BUS
144.6357,-38.12194,METRO BUS
144.62489,-38.12868,METRO BUS
144.62268,-38.12998,METRO BUS
145.24328,-37.96795,METRO BUS
144.61571,-38.13409,METRO BUS
144.61087,-38.13698,METRO BUS
144.59642,-38.14703,METRO BUS
144.5927,-38.15084,METRO BUS
144.58218,-38.16042,METRO BUS
144.57789,-38.16505,METRO BUS
144.57518,-38.16891,METRO BUS
144.57356,-38.1705,METRO BUS
144.56987,-38.17393,METRO BUS
144.56652,-38.1765,METRO BUS
145.24421,-37.9671,METRO BUS
144.56202,-38.17863,METRO BUS
144.55811,-38.17924,METRO BUS
144.55332,-38.18163,METRO BUS
144.54953,-38.18563,METRO BUS
144.51231,-38.18093,METRO BUS
144.4968,-38.17906,METRO BUS
144.47587,-38.1766,METRO BUS
144.46675,-38.17522,METRO BUS
144.46245,-38.17502,METRO BUS
145.24832,-37.96733,METRO BUS
144.45767,-38.17448,METRO BUS
144.45379,-38.17403,METRO BUS
144.43925,-38.17227,METRO BUS
144.43146,-38.17134,METRO BUS
144.42308,-38.1678,METRO BUS
144.39721,-38.16017,METRO BUS
144.35977,-38.14452,METRO BUS
145.25406,-37.96783,METRO BUS
145.25731,-37.96855,METRO BUS
145.26067,-37.96867,METRO BUS
145.26294,-37.96542,METRO BUS
145.26573,-37.96307,METRO BUS
145.2713,-37.96373,METRO BUS
145.21179,-37.94041,METRO BUS
145.21497,-37.94081,METRO BUS
145.21876,-37.94222,METRO BUS
145.21918,-37.94457,METRO BUS
145.21731,-37.94615,METRO BUS
145.21622,-37.94857,METRO BUS
145.2199,-37.95018,METRO BUS
145.03659,-37.76176,METRO BUS
145.22216,-37.95174,METRO BUS
145.22287,-37.95471,METRO BUS
145.22507,-37.95561,METRO BUS
145.22446,-37.96419,METRO BUS
145.22388,-37.96716,METRO BUS
145.2231,-37.97226,METRO BUS
145.22277,-37.97783,METRO BUS
145.22609,-37.97821,METRO BUS
145.0356,-37.76399,METRO BUS
145.22647,-37.98032,METRO BUS
145.22583,-37.98373,METRO BUS
145.2255,-37.98545,METRO BUS
145.26107,-37.97849,METRO BUS
145.26535,-37.97946,METRO BUS
145.10892,-37.77308,METRO BUS
145.27492,-37.98625,METRO BUS
145.03519,-37.76586,METRO BUS
145.17528,-37.81299,METRO BUS
145.17948,-37.81187,METRO BUS
145.18401,-37.80967,METRO BUS
145.18681,-37.80833,METRO BUS
145.1895,-37.80702,METRO BUS
145.196,-37.81226,METRO BUS
145.19985,-37.81206,METRO BUS
145.20453,-37.81188,METRO BUS
145.20552,-37.81047,METRO BUS
145.20918,-37.81135,METRO BUS
145.03434,-37.76689,METRO BUS
145.21058,-37.81299,METRO BUS
145.21832,-37.80898,METRO BUS
145.21717,-37.80737,METRO BUS
145.21458,-37.8059,METRO BUS
145.21495,-37.80375,METRO BUS
145.21702,-37.80149,METRO BUS
145.22005,-37.80119,METRO BUS
145.22393,-37.80199,METRO BUS
145.22739,-37.80879,METRO BUS
145.03036,-37.76647,METRO BUS
145.22614,-37.80507,METRO BUS
144.99775,-37.80038,METRO BUS
144.99992,-37.80058,METRO BUS
145.00171,-37.80074,METRO BUS
145.00719,-37.80187,METRO BUS
145.01158,-37.80375,METRO BUS
145.01566,-37.80552,METRO BUS
145.0194,-37.80675,METRO BUS
145.02292,-37.80685,METRO BUS
145.02547,-37.80713,METRO BUS
145.02706,-37.76793,METRO BUS
145.02884,-37.80723,METRO BUS
145.02942,-37.80418,METRO BUS
145.02999,-37.80124,METRO BUS
145.03083,-37.79893,METRO BUS
145.03341,-37.79749,METRO BUS
145.03582,-37.79609,METRO BUS
145.03769,-37.79387,METRO BUS
145.05409,-37.74162,METRO BUS
145.02574,-37.77522,METRO BUS
145.03916,-37.79253,METRO BUS
146.4313,-38.23715,METRO BUS
146.4235,-38.23689,METRO BUS
146.42077,-38.23863,METRO BUS
146.42128,-38.23564,METRO BUS
146.42108,-38.23275,METRO BUS
145.04295,-37.79117,METRO BUS
146.42373,-38.22626,METRO BUS
146.41298,-38.2333,METRO BUS
146.41019,-38.23525,METRO BUS
146.40728,-38.23447,METRO BUS
145.04549,-37.79146,METRO BUS
146.40553,-38.23695,METRO BUS
146.392,-38.2358,METRO BUS
146.39881,-38.23749,METRO BUS
146.39902,-38.23754,METRO BUS
146.39872,-38.23762,METRO BUS
146.39862,-38.23758,METRO BUS
146.39838,-38.23757,METRO BUS
145.04784,-37.79173,METRO BUS
146.40494,-38.23761,METRO BUS
146.40731,-38.23436,METRO BUS
146.41007,-38.2351,METRO BUS
146.41277,-38.23336,METRO BUS
146.41429,-38.2313,METRO BUS
146.41455,-38.23084,METRO BUS
145.05037,-37.79195,METRO BUS
146.42376,-38.22681,METRO BUS
146.42117,-38.23294,METRO BUS
145.05362,-37.79232,METRO BUS
146.42005,-38.23444,METRO BUS
146.42013,-38.23872,METRO BUS
146.4319,-38.23141,METRO BUS
146.4326,-38.22798,METRO BUS
145.05645,-37.79264,METRO BUS
146.42789,-38.22756,METRO BUS
146.42313,-38.22862,METRO BUS
146.42306,-38.22495,METRO BUS
146.42472,-38.22202,METRO BUS
146.42785,-38.22245,METRO BUS
146.42828,-38.2219,METRO BUS
146.42888,-38.22017,METRO BUS
146.42773,-38.21894,METRO BUS
145.05882,-37.79289,METRO BUS
146.42554,-38.21786,METRO BUS
146.42022,-38.21719,METRO BUS
146.41921,-38.22085,METRO BUS
145.06073,-37.7931,METRO BUS
146.41908,-38.22085,METRO BUS
146.42026,-38.21708,METRO BUS
145.06325,-37.79338,METRO BUS
146.42563,-38.21778,METRO BUS
146.42776,-38.21887,METRO BUS
146.42897,-38.22019,METRO BUS
146.42852,-38.2218,METRO BUS
146.42768,-38.22263,METRO BUS
146.42458,-38.22212,METRO BUS
146.42315,-38.22498,METRO BUS
145.2274,-37.80631,METRO BUS
146.42766,-38.22765,METRO BUS
146.43292,-38.22816,METRO BUS
146.43183,-38.23298,METRO BUS
146.25986,-38.174,METRO BUS
146.26518,-38.17572,METRO BUS
145.22639,-37.80362,METRO BUS
146.26628,-38.17834,METRO BUS
146.26193,-38.17872,METRO BUS
145.17701,-37.81087,METRO BUS
146.25373,-38.18841,METRO BUS
146.25434,-38.18306,METRO BUS
146.25505,-38.17967,METRO BUS
146.26206,-38.17848,METRO BUS
146.26561,-38.178,METRO BUS
146.26159,-38.18031,METRO BUS
146.2617,-38.18322,METRO BUS
146.26132,-38.18582,METRO BUS
145.16859,-37.80749,METRO BUS
146.2566,-38.18587,METRO BUS
146.25499,-38.18589,METRO BUS
146.24987,-38.18657,METRO BUS
146.24992,-38.18831,METRO BUS
144.92428,-37.77007,METRO BUS
146.27764,-38.18351,METRO BUS
146.296,-38.18525,METRO BUS
146.295,-38.1843,METRO BUS
146.29587,-38.18704,METRO BUS
146.29548,-38.19078,METRO BUS
144.9238,-37.77281,METRO BUS
146.29346,-38.19432,METRO BUS
146.29127,-38.19227,METRO BUS
146.28216,-38.18644,METRO BUS
146.27735,-38.18348,METRO BUS
146.2793,-38.1815,METRO BUS
144.92362,-37.77396,METRO BUS
146.28071,-38.18044,METRO BUS
146.29001,-38.1769,METRO BUS
144.92319,-37.77658,METRO BUS
146.29344,-38.17362,METRO BUS
146.29496,-38.17587,METRO BUS
146.29548,-38.17911,METRO BUS
146.30036,-38.17707,METRO BUS
146.30207,-38.17264,METRO BUS
146.30395,-38.17433,METRO BUS
144.92267,-37.77958,METRO BUS
146.30475,-38.17672,METRO BUS
146.30289,-38.17891,METRO BUS
146.30093,-38.18036,METRO BUS
146.2844,-38.1792,METRO BUS
146.281,-38.1805,METRO BUS
146.29636,-38.1823,METRO BUS
144.92239,-37.7812,METRO BUS
146.308,-38.1723,METRO BUS
146.36197,-38.16243,METRO BUS
146.35995,-38.1608,METRO BUS
146.35991,-38.15885,METRO BUS
144.92214,-37.78267,METRO BUS
146.36648,-38.16205,METRO BUS
146.30601,-38.1724,METRO BUS
146.2963,-38.18245,METRO BUS
146.29149,-38.18465,METRO BUS
146.28851,-38.18604,METRO BUS
144.92168,-37.7853,METRO BUS
146.42034,-38.31262,METRO BUS
146.32668,-38.32312,METRO BUS
146.27396,-38.37862,METRO BUS
146.40637,-38.23884,METRO BUS
144.92144,-37.78675,METRO BUS
146.40946,-38.2397,METRO BUS
146.4328,-38.23441,METRO BUS
146.43667,-38.23533,METRO BUS
146.43571,-38.25053,METRO BUS
146.4219,-38.30166,METRO BUS
146.41702,-38.30866,METRO BUS
146.41665,-38.31184,METRO BUS
146.42654,-38.31151,METRO BUS
144.92232,-37.78936,METRO BUS
146.42503,-38.32122,METRO BUS
146.42343,-38.3227,METRO BUS
146.42053,-38.32319,METRO BUS
146.422,-38.31916,METRO BUS
146.41263,-38.31082,METRO BUS
144.92015,-37.7908,METRO BUS
146.41297,-38.30876,METRO BUS
146.43697,-38.23532,METRO BUS
146.40855,-38.23975,METRO BUS
146.40531,-38.23884,METRO BUS
146.43753,-38.23329,METRO BUS
144.90951,-37.79534,METRO BUS
146.47621,-38.21753,METRO BUS
146.5041,-38.20672,METRO BUS
146.51562,-38.20388,METRO BUS
144.9062,-37.79495,METRO BUS
146.52036,-38.20271,METRO BUS
146.52905,-38.20059,METRO BUS
146.53273,-38.19866,METRO BUS
146.53528,-38.19546,METRO BUS
146.53837,-38.19474,METRO BUS
146.53384,-38.19154,METRO BUS
144.90404,-37.79602,METRO BUS
146.52479,-38.18884,METRO BUS
146.52461,-38.18745,METRO BUS
146.52403,-38.18598,METRO BUS
144.90371,-37.79795,METRO BUS
146.52129,-38.18681,METRO BUS
146.51797,-38.18703,METRO BUS
146.51463,-38.18534,METRO BUS
145.11467,-38.16255,METRO BUS
146.53398,-38.19154,METRO BUS
146.53311,-38.1929,METRO BUS
146.52825,-38.19248,METRO BUS
146.52524,-38.19222,METRO BUS
146.52165,-38.19194,METRO BUS
144.99278,-37.92783,METRO BUS
146.50622,-38.19262,METRO BUS
146.50928,-38.19329,METRO BUS
146.51413,-38.19339,METRO BUS
146.52527,-38.19212,METRO BUS
146.52827,-38.19239,METRO BUS
146.53303,-38.19278,METRO BUS
146.549,-38.1941,METRO BUS
146.55142,-38.19371,METRO BUS
146.55465,-38.19905,METRO BUS
146.55855,-38.19978,METRO BUS
146.55585,-38.20349,METRO BUS
144.99442,-37.92454,METRO BUS
146.55852,-38.19987,METRO BUS
146.55465,-38.19916,METRO BUS
144.99372,-37.92196,METRO BUS
146.55204,-38.19894,METRO BUS
146.5516,-38.19725,METRO BUS
146.55146,-38.19384,METRO BUS
146.54916,-38.19422,METRO BUS
146.53291,-38.19891,METRO BUS
146.53821,-38.20086,METRO BUS
146.55624,-38.20716,METRO BUS
146.555,-38.20911,METRO BUS
146.55228,-38.20937,METRO BUS
146.5432,-38.20138,METRO BUS
146.53784,-38.20091,METRO BUS
146.53404,-38.19927,METRO BUS
146.52909,-38.20083,METRO BUS
146.521,-38.2029,METRO BUS
146.51746,-38.20368,METRO BUS
146.50355,-38.20714,METRO BUS
146.47638,-38.21789,METRO BUS
146.43649,-38.23392,METRO BUS
146.43297,-38.23471,METRO BUS
146.39396,-38.23652,METRO BUS
146.38769,-38.23478,METRO BUS
146.38439,-38.2337,METRO BUS
146.38379,-38.23365,METRO BUS
146.56,-38.2073,METRO BUS
146.55691,-38.20552,METRO BUS
146.55395,-38.20647,METRO BUS
146.55104,-38.20606,METRO BUS
146.5344,-38.19456,METRO BUS
144.99258,-37.90714,METRO BUS
146.55233,-38.18736,METRO BUS
144.99316,-37.90392,METRO BUS
144.7488,-37.74757,METRO BUS
146.51568,-38.19624,METRO BUS
146.52779,-38.19756,METRO BUS
144.74926,-37.74966,METRO BUS
146.53205,-38.19792,METRO BUS
146.524,-38.2027,METRO BUS
146.5296,-38.20132,METRO BUS
144.75085,-37.75148,METRO BUS
146.52082,-38.2057,METRO BUS
146.52166,-38.20428,METRO BUS
146.52599,-38.20453,METRO BUS
144.75272,-37.75348,METRO BUS
144.75528,-37.75691,METRO BUS
144.75524,-37.75943,METRO BUS
144.35512,-38.14499,METRO BUS
144.75989,-37.76488,METRO BUS
144.76294,-37.76627,METRO BUS
144.76653,-37.76789,METRO BUS
144.76883,-37.76896,METRO BUS
144.77093,-37.76971,METRO BUS
144.77388,-37.77027,METRO BUS
144.77825,-37.77087,METRO BUS
144.55625,-37.69276,METRO BUS
144.79023,-37.77084,METRO BUS
144.79949,-37.77189,METRO BUS
144.80197,-37.77318,METRO BUS
144.80379,-37.77408,METRO BUS
144.81043,-37.77501,METRO BUS
144.81484,-37.77554,METRO BUS
144.81721,-37.77583,METRO BUS
144.28034,-38.08951,METRO BUS
144.82276,-37.77661,METRO BUS
144.82282,-37.77928,METRO BUS
144.82218,-37.78305,METRO BUS
144.8237,-37.78501,METRO BUS
144.82618,-37.78529,METRO BUS
144.27988,-38.08929,METRO BUS
144.91993,-37.8364,METRO BUS
145.11341,-38.16272,METRO BUS
145.11292,-37.77365,METRO BUS
145.19835,-37.98245,METRO BUS
144.23421,-38.07693,METRO BUS
144.92248,-37.83614,METRO BUS
145.11497,-37.77439,METRO BUS
145.18231,-37.98042,METRO BUS
145.17954,-37.98099,METRO BUS
145.17665,-37.98418,METRO BUS
145.17625,-37.98669,METRO BUS
145.17581,-37.98911,METRO BUS
145.05335,-37.74261,METRO BUS
144.92496,-37.83638,METRO BUS
145.17546,-37.99068,METRO BUS
145.17359,-37.99156,METRO BUS
145.17151,-37.99078,METRO BUS
145.17015,-37.98902,METRO BUS
145.11786,-37.77619,METRO BUS
145.1667,-37.98076,METRO BUS
145.16544,-37.98075,METRO BUS
145.16494,-37.9831,METRO BUS
145.16454,-37.98505,METRO BUS
144.9274,-37.83656,METRO BUS
145.16413,-37.9872,METRO BUS
145.16368,-37.98951,METRO BUS
145.16324,-37.99204,METRO BUS
145.1581,-37.99256,METRO BUS
145.15274,-37.99197,METRO BUS
145.14868,-37.9915,METRO BUS
145.14579,-37.99115,METRO BUS
145.13901,-37.99035,METRO BUS
145.1358,-37.98999,METRO BUS
145.12835,-37.98915,METRO BUS
145.12548,-37.98881,METRO BUS
145.12054,-37.98818,METRO BUS
145.1163,-37.98755,METRO BUS
145.11122,-37.98692,METRO BUS
145.10755,-37.98647,METRO BUS
145.10357,-37.98597,METRO BUS
145.09922,-37.98544,METRO BUS
145.09672,-37.98513,METRO BUS
144.93407,-37.83469,METRO BUS
145.09286,-37.98466,METRO BUS
145.08908,-37.98423,METRO BUS
145.08596,-37.98384,METRO BUS
145.08307,-37.98349,METRO BUS
145.07976,-37.98308,METRO BUS
145.07684,-37.98271,METRO BUS
145.0711,-37.98386,METRO BUS
145.07077,-37.9857,METRO BUS
145.0694,-37.98749,METRO BUS
145.06797,-37.98606,METRO BUS
144.93944,-37.83937,METRO BUS
145.06625,-37.98405,METRO BUS
145.0599,-37.98072,METRO BUS
145.05713,-37.98044,METRO BUS
145.05325,-37.97794,METRO BUS
145.05348,-37.97682,METRO BUS
145.054,-37.97386,METRO BUS
145.0544,-37.97173,METRO BUS
145.05528,-37.96714,METRO BUS
145.05589,-37.96388,METRO BUS
144.94212,-37.83868,METRO BUS
145.36,-37.82959,METRO BUS
145.05739,-37.95586,METRO BUS
145.05788,-37.95319,METRO BUS
145.05843,-37.95027,METRO BUS
145.05881,-37.94839,METRO BUS
145.05843,-37.94723,METRO BUS
145.05574,-37.94685,METRO BUS
145.05078,-37.94619,METRO BUS
144.9436,-37.83704,METRO BUS
145.04741,-37.94517,METRO BUS
145.04791,-37.94253,METRO BUS
145.04796,-37.94079,METRO BUS
145.04856,-37.9379,METRO BUS
145.04829,-37.93481,METRO BUS
145.04387,-37.93426,METRO BUS
145.03691,-37.93528,METRO BUS
145.03002,-37.9326,METRO BUS
145.02794,-37.93232,METRO BUS
145.02431,-37.93186,METRO BUS
144.9461,-37.8348,METRO BUS
145.02121,-37.93144,METRO BUS
145.01969,-37.93126,METRO BUS
145.01529,-37.93075,METRO BUS
145.01217,-37.93039,METRO BUS
145.00993,-37.9301,METRO BUS
145.00609,-37.92965,METRO BUS
145.00466,-37.92951,METRO BUS
145.00164,-37.92861,METRO BUS
145.0021,-37.92633,METRO BUS
145.00294,-37.922,METRO BUS
144.94926,-37.83401,METRO BUS
145.00071,-37.92036,METRO BUS
144.99837,-37.91922,METRO BUS
144.9986,-37.91045,METRO BUS
145.00227,-37.93654,METRO BUS
145.00642,-37.93702,METRO BUS
145.01076,-37.93752,METRO BUS
145.01359,-37.93791,METRO BUS
144.95173,-37.83282,METRO BUS
145.01527,-37.93832,METRO BUS
145.01433,-37.93978,METRO BUS
145.01148,-37.9397,METRO BUS
145.01095,-37.94282,METRO BUS
145.01152,-37.9451,METRO BUS
145.01409,-37.94541,METRO BUS
145.01726,-37.94581,METRO BUS
145.01946,-37.94607,METRO BUS
145.02153,-37.94634,METRO BUS
145.02464,-37.94674,METRO BUS
144.9536,-37.83133,METRO BUS
145.02733,-37.94704,METRO BUS
145.02954,-37.94734,METRO BUS
145.03147,-37.94754,METRO BUS
145.03409,-37.94787,METRO BUS
145.03643,-37.94814,METRO BUS
145.03811,-37.94833,METRO BUS
145.04091,-37.94868,METRO BUS
145.04161,-37.95066,METRO BUS
145.04213,-37.95314,METRO BUS
145.04225,-37.95509,METRO BUS
144.95499,-37.83016,METRO BUS
145.04575,-37.95677,METRO BUS
145.05952,-37.96597,METRO BUS
145.06322,-37.96642,METRO BUS
145.06589,-37.96672,METRO BUS
145.07158,-37.96741,METRO BUS
145.07516,-37.9679,METRO BUS
145.07872,-37.96825,METRO BUS
145.08319,-37.96879,METRO BUS
144.95743,-37.82808,METRO BUS
145.0892,-37.96958,METRO BUS
145.11996,-37.7775,METRO BUS
145.10128,-37.97103,METRO BUS
145.10388,-37.97141,METRO BUS
145.10832,-37.97198,METRO BUS
145.11347,-37.97259,METRO BUS
145.49192,-38.07916,METRO BUS
145.49342,-38.07678,METRO BUS
144.95974,-37.82602,METRO BUS
145.49409,-38.0737,METRO BUS
145.49362,-38.07151,METRO BUS
145.4807,-38.07168,METRO BUS
145.47738,-38.07143,METRO BUS
144.96875,-37.80695,METRO BUS
145.47118,-38.07592,METRO BUS
145.46934,-38.07668,METRO BUS
145.46799,-38.07376,METRO BUS
145.46766,-38.07128,METRO BUS
145.46686,-38.06917,METRO BUS
145.46663,-38.06684,METRO BUS
145.46477,-38.06494,METRO BUS
145.46174,-38.06363,METRO BUS
144.96911,-37.80482,METRO BUS
145.43638,-38.06324,METRO BUS
145.41891,-38.06264,METRO BUS
145.41434,-38.06118,METRO BUS
145.40819,-38.05999,METRO BUS
145.40567,-38.05954,METRO BUS
145.39047,-38.05676,METRO BUS
145.37922,-38.05418,METRO BUS
144.96955,-37.8023,METRO BUS
145.36483,-38.04269,METRO BUS
145.36165,-38.04052,METRO BUS
145.35888,-38.03876,METRO BUS
145.35319,-38.03518,METRO BUS
145.34847,-38.0321,METRO BUS
145.34593,-38.0313,METRO BUS
145.34016,-38.031,METRO BUS
145.33518,-38.03007,METRO BUS
144.96984,-37.80069,METRO BUS
145.33141,-38.02963,METRO BUS
145.01784,-37.9311,METRO BUS
145.04,-37.93375,METRO BUS
145.05384,-37.98002,METRO BUS
145.13183,-37.98956,METRO BUS
145.16179,-37.99301,METRO BUS
145.1696,-37.98725,METRO BUS
145.17725,-37.98117,METRO BUS
145.1868,-37.97434,METRO BUS
144.97033,-37.79776,METRO BUS
144.99674,-37.9097,METRO BUS
144.99345,-37.912,METRO BUS
145.00145,-37.92011,METRO BUS
145.00306,-37.9218,METRO BUS
145.00232,-37.92584,METRO BUS
145.00176,-37.92862,METRO BUS
145.00467,-37.92932,METRO BUS
145.00702,-37.92957,METRO BUS
145.00957,-37.92988,METRO BUS
144.97081,-37.79498,METRO BUS
145.0119,-37.93014,METRO BUS
145.01514,-37.93049,METRO BUS
145.01789,-37.93084,METRO BUS
145.02179,-37.9313,METRO BUS
145.02426,-37.93166,METRO BUS
145.02651,-37.93191,METRO BUS
145.03101,-37.93241,METRO BUS
145.04337,-37.93399,METRO BUS
145.05848,-37.74421,METRO BUS
144.97117,-37.79294,METRO BUS
145.04606,-37.93428,METRO BUS
143.81722,-37.52781,METRO BUS
143.8186,-37.53322,METRO BUS
143.82301,-37.53206,METRO BUS
143.82323,-37.53459,METRO BUS
143.82289,-37.53631,METRO BUS
145.04903,-37.93584,METRO BUS
143.82306,-37.53913,METRO BUS
143.82549,-37.53941,METRO BUS
143.82753,-37.53966,METRO BUS
143.83019,-37.53998,METRO BUS
143.83452,-37.5405,METRO BUS
143.83666,-37.54076,METRO BUS
143.83921,-37.54106,METRO BUS
143.84333,-37.54233,METRO BUS
145.04862,-37.93807,METRO BUS
143.84466,-37.54383,METRO BUS
143.84598,-37.54639,METRO BUS
143.84723,-37.5488,METRO BUS
143.84947,-37.55049,METRO BUS
143.84912,-37.55236,METRO BUS
143.8488,-37.55424,METRO BUS
143.84831,-37.55692,METRO BUS
143.84793,-37.55902,METRO BUS
143.84824,-37.56063,METRO BUS
145.04806,-37.94085,METRO BUS
143.85021,-37.56087,METRO BUS
143.85242,-37.56113,METRO BUS
143.85447,-37.56137,METRO BUS
143.85685,-37.56166,METRO BUS
143.85827,-37.56181,METRO BUS
143.8209,-37.52648,METRO BUS
143.82483,-37.53247,METRO BUS
143.82355,-37.53156,METRO BUS
145.04793,-37.94297,METRO BUS
143.82416,-37.52841,METRO BUS
143.82443,-37.52705,METRO BUS
143.8293,-37.52058,METRO BUS
143.83244,-37.52083,METRO BUS
143.8344,-37.52106,METRO BUS
143.83458,-37.52366,METRO BUS
145.04751,-37.94518,METRO BUS
143.83419,-37.52576,METRO BUS
143.83638,-37.53365,METRO BUS
143.84043,-37.53415,METRO BUS
143.84307,-37.53446,METRO BUS
143.8476,-37.53501,METRO BUS
143.85143,-37.53545,METRO BUS
143.85588,-37.53595,METRO BUS
145.04974,-37.94597,METRO BUS
143.85951,-37.53813,METRO BUS
143.86156,-37.53952,METRO BUS
143.86175,-37.54108,METRO BUS
143.8613,-37.54336,METRO BUS
143.86075,-37.54642,METRO BUS
143.86033,-37.54861,METRO BUS
143.85992,-37.55075,METRO BUS
145.05182,-37.94624,METRO BUS
143.86205,-37.56318,METRO BUS
145.05532,-37.94669,METRO BUS
143.85974,-37.55069,METRO BUS
143.86001,-37.54921,METRO BUS
143.86055,-37.54625,METRO BUS
143.86113,-37.54332,METRO BUS
145.05896,-37.9485,METRO BUS
143.86159,-37.54092,METRO BUS
143.86141,-37.5397,METRO BUS
143.85948,-37.53753,METRO BUS
143.85612,-37.53619,METRO BUS
143.85146,-37.53562,METRO BUS
143.84754,-37.53517,METRO BUS
143.84342,-37.53468,METRO BUS
143.84026,-37.53431,METRO BUS
143.83625,-37.53384,METRO BUS
144.97145,-37.79128,METRO BUS
145.05859,-37.9503,METRO BUS
143.83197,-37.53331,METRO BUS
143.8219,-37.54159,METRO BUS
143.82082,-37.54722,METRO BUS
143.82003,-37.55127,METRO BUS
143.81972,-37.55297,METRO BUS
143.82032,-37.55612,METRO BUS
145.05802,-37.95316,METRO BUS
143.82272,-37.5571,METRO BUS
143.82846,-37.55843,METRO BUS
143.83249,-37.55887,METRO BUS
143.83646,-37.55935,METRO BUS
143.83983,-37.55965,METRO BUS
143.84272,-37.55998,METRO BUS
143.84499,-37.56026,METRO BUS
143.85566,-37.56192,METRO BUS
143.85215,-37.56154,METRO BUS
145.05755,-37.95576,METRO BUS
143.84804,-37.56105,METRO BUS
143.83943,-37.56005,METRO BUS
143.83673,-37.55963,METRO BUS
143.83376,-37.55927,METRO BUS
143.83179,-37.55903,METRO BUS
143.82797,-37.55857,METRO BUS
143.82321,-37.55771,METRO BUS
143.81912,-37.55474,METRO BUS
143.81978,-37.55127,METRO BUS
143.82058,-37.54707,METRO BUS
143.82116,-37.544,METRO BUS
143.82169,-37.54131,METRO BUS
143.82234,-37.53778,METRO BUS
143.82307,-37.53412,METRO BUS
145.05589,-37.96495,METRO BUS
143.81369,-37.55855,METRO BUS
143.81283,-37.55659,METRO BUS
143.8125,-37.55527,METRO BUS
143.8101,-37.55499,METRO BUS
143.80684,-37.55461,METRO BUS
143.80396,-37.55427,METRO BUS
145.05524,-37.96823,METRO BUS
143.80076,-37.55389,METRO BUS
143.79845,-37.55362,METRO BUS
143.79671,-37.55343,METRO BUS
143.79876,-37.54692,METRO BUS
143.80249,-37.54849,METRO BUS
143.80265,-37.5491,METRO BUS
145.05457,-37.97178,METRO BUS
143.80429,-37.54979,METRO BUS
143.81735,-37.55489,METRO BUS
143.81451,-37.57924,METRO BUS
143.80855,-37.57953,METRO BUS
143.80795,-37.58297,METRO BUS
145.05415,-37.97388,METRO BUS
143.81553,-37.58538,METRO BUS
143.81842,-37.58572,METRO BUS
143.82634,-37.58415,METRO BUS
143.82656,-37.58296,METRO BUS
143.827,-37.58136,METRO BUS
143.82742,-37.5794,METRO BUS
145.05372,-37.97649,METRO BUS
143.82803,-37.57611,METRO BUS
143.82841,-37.57397,METRO BUS
143.83921,-37.56408,METRO BUS
143.84332,-37.56457,METRO BUS
143.84691,-37.56321,METRO BUS
143.8471,-37.56341,METRO BUS
143.84404,-37.56483,METRO BUS
143.83918,-37.56427,METRO BUS
144.97182,-37.78916,METRO BUS
145.05394,-37.97987,METRO BUS
143.82858,-37.57399,METRO BUS
143.82821,-37.57612,METRO BUS
143.82762,-37.5794,METRO BUS
143.86394,-37.45692,METRO BUS
143.86104,-37.45846,METRO BUS
143.8555,-37.46148,METRO BUS
145.05771,-37.98034,METRO BUS
143.84783,-37.47294,METRO BUS
143.84711,-37.48217,METRO BUS
143.84845,-37.48758,METRO BUS
143.84748,-37.49337,METRO BUS
143.84679,-37.49717,METRO BUS
143.8458,-37.50244,METRO BUS
143.84534,-37.5057,METRO BUS
143.84608,-37.50915,METRO BUS
145.06045,-37.98068,METRO BUS
143.84669,-37.51227,METRO BUS
143.8483,-37.52679,METRO BUS
143.84944,-37.53066,METRO BUS
143.84949,-37.53498,METRO BUS
143.84956,-37.53774,METRO BUS
143.85033,-37.54383,METRO BUS
143.85049,-37.54892,METRO BUS
143.85341,-37.55413,METRO BUS
143.85516,-37.55906,METRO BUS
143.85187,-37.55296,METRO BUS
143.85021,-37.54886,METRO BUS
143.85049,-37.54713,METRO BUS
143.85002,-37.54377,METRO BUS
143.84932,-37.53774,METRO BUS
143.84924,-37.53486,METRO BUS
143.84921,-37.53065,METRO BUS
143.84798,-37.52687,METRO BUS
143.84638,-37.51205,METRO BUS
145.06652,-37.9842,METRO BUS
143.8458,-37.50901,METRO BUS
143.84501,-37.50532,METRO BUS
143.84657,-37.49691,METRO BUS
143.84728,-37.49301,METRO BUS
143.84821,-37.48728,METRO BUS
143.84658,-37.4813,METRO BUS
143.84775,-37.47251,METRO BUS
143.85543,-37.4613,METRO BUS
143.86066,-37.45844,METRO BUS
145.06808,-37.98605,METRO BUS
143.86449,-37.45629,METRO BUS
143.88847,-37.44427,METRO BUS
143.89188,-37.4357,METRO BUS
143.89222,-37.43107,METRO BUS
143.89316,-37.42909,METRO BUS
143.89391,-37.42635,METRO BUS
143.89433,-37.42455,METRO BUS
143.89482,-37.42219,METRO BUS
143.89459,-37.42046,METRO BUS
145.06977,-37.98767,METRO BUS
143.89337,-37.41684,METRO BUS
143.89212,-37.41455,METRO BUS
143.89059,-37.41176,METRO BUS
143.88913,-37.41005,METRO BUS
143.88822,-37.40859,METRO BUS
143.88938,-37.41008,METRO BUS
143.89082,-37.41178,METRO BUS
143.89226,-37.41443,METRO BUS
143.89366,-37.41673,METRO BUS
145.07064,-37.98561,METRO BUS
143.89481,-37.42064,METRO BUS
143.89502,-37.42196,METRO BUS
143.89443,-37.42457,METRO BUS
143.89407,-37.42637,METRO BUS
143.89333,-37.42911,METRO BUS
143.89229,-37.43139,METRO BUS
143.89208,-37.43568,METRO BUS
143.88865,-37.44441,METRO BUS
143.85863,-37.55772,METRO BUS
143.85849,-37.55866,METRO BUS
145.07103,-37.98352,METRO BUS
143.84768,-37.55902,METRO BUS
143.84808,-37.5567,METRO BUS
143.84846,-37.55461,METRO BUS
143.84884,-37.55281,METRO BUS
143.84924,-37.55033,METRO BUS
143.84713,-37.54915,METRO BUS
143.84596,-37.54684,METRO BUS
143.84512,-37.54522,METRO BUS
145.07683,-37.98261,METRO BUS
143.84315,-37.54239,METRO BUS
143.84183,-37.54159,METRO BUS
143.83951,-37.54131,METRO BUS
143.83661,-37.54096,METRO BUS
143.83461,-37.54072,METRO BUS
143.83204,-37.54042,METRO BUS
143.82901,-37.54005,METRO BUS
143.82441,-37.53949,METRO BUS
144.97204,-37.78782,METRO BUS
145.16521,-37.98096,METRO BUS
143.86041,-37.53253,METRO BUS
143.86088,-37.5302,METRO BUS
143.8613,-37.52802,METRO BUS
143.86121,-37.52565,METRO BUS
143.85718,-37.52517,METRO BUS
143.85442,-37.52484,METRO BUS
143.8545,-37.52326,METRO BUS
143.85819,-37.52243,METRO BUS
143.86142,-37.52343,METRO BUS
145.08287,-37.98337,METRO BUS
143.86206,-37.52478,METRO BUS
143.8614,-37.52826,METRO BUS
143.86103,-37.53021,METRO BUS
143.86046,-37.53322,METRO BUS
145.08615,-37.98374,METRO BUS
143.86455,-37.55845,METRO BUS
143.86485,-37.55678,METRO BUS
143.86542,-37.55378,METRO BUS
143.86573,-37.5521,METRO BUS
145.08922,-37.98412,METRO BUS
143.86737,-37.54968,METRO BUS
143.87289,-37.54967,METRO BUS
143.87428,-37.54231,METRO BUS
143.87529,-37.53941,METRO BUS
143.875,-37.53841,METRO BUS
143.87159,-37.53799,METRO BUS
145.0929,-37.98457,METRO BUS
143.86797,-37.53759,METRO BUS
143.86706,-37.54113,METRO BUS
143.86654,-37.54398,METRO BUS
143.86648,-37.54619,METRO BUS
143.86659,-37.54812,METRO BUS
143.86558,-37.55361,METRO BUS
143.86495,-37.55705,METRO BUS
143.8698,-37.55835,METRO BUS
145.09677,-37.98499,METRO BUS
143.8734,-37.55747,METRO BUS
143.8761,-37.55653,METRO BUS
143.8786,-37.55565,METRO BUS
143.8807,-37.55498,METRO BUS
143.89375,-37.55317,METRO BUS
143.89635,-37.55318,METRO BUS
143.90005,-37.55237,METRO BUS
145.09922,-37.98534,METRO BUS
143.90194,-37.55181,METRO BUS
145.10361,-37.98588,METRO BUS
143.87384,-37.56144,METRO BUS
143.86933,-37.56223,METRO BUS
143.86597,-37.56424,METRO BUS
143.86783,-37.56541,METRO BUS
143.87985,-37.56587,METRO BUS
143.88382,-37.56598,METRO BUS
143.88575,-37.56572,METRO BUS
145.10733,-37.98635,METRO BUS
143.89348,-37.56688,METRO BUS
143.89027,-37.5661,METRO BUS
143.88319,-37.56611,METRO BUS
143.88716,-37.56565,METRO BUS
143.87971,-37.56597,METRO BUS
145.11076,-37.9866,METRO BUS
143.86771,-37.56548,METRO BUS
143.86336,-37.56558,METRO BUS
143.86303,-37.56735,METRO BUS
143.86353,-37.56994,METRO BUS
143.8648,-37.57138,METRO BUS
143.86441,-37.57412,METRO BUS
143.86618,-37.57463,METRO BUS
144.97253,-37.78485,METRO BUS
143.88495,-37.57296,METRO BUS
143.88776,-37.57338,METRO BUS
143.89137,-37.57404,METRO BUS
143.87934,-37.56926,METRO BUS
145.11665,-37.98726,METRO BUS
143.87868,-37.57173,METRO BUS
143.86643,-37.57474,METRO BUS
143.86427,-37.57412,METRO BUS
143.86475,-37.57127,METRO BUS
145.12117,-37.98804,METRO BUS
143.8634,-37.57007,METRO BUS
143.86328,-37.56526,METRO BUS
143.86897,-37.56794,METRO BUS
143.87037,-37.56953,METRO BUS
143.86884,-37.57554,METRO BUS
143.86825,-37.57856,METRO BUS
143.86811,-37.58162,METRO BUS
143.86737,-37.58592,METRO BUS
145.12584,-37.9886,METRO BUS
143.86693,-37.58971,METRO BUS
143.8673,-37.59224,METRO BUS
143.86788,-37.59632,METRO BUS
143.86829,-37.59984,METRO BUS
143.86869,-37.60251,METRO BUS
143.86908,-37.6052,METRO BUS
143.86975,-37.60938,METRO BUS
143.87533,-37.61826,METRO BUS
143.87763,-37.62071,METRO BUS
143.87983,-37.62466,METRO BUS
145.12882,-37.98896,METRO BUS
143.88088,-37.6284,METRO BUS
143.89122,-37.62634,METRO BUS
143.88104,-37.6328,METRO BUS
143.88612,-37.64412,METRO BUS
143.88573,-37.64532,METRO BUS
143.88498,-37.64753,METRO BUS
143.8846,-37.64865,METRO BUS
143.88388,-37.65078,METRO BUS
143.88313,-37.65303,METRO BUS
143.88219,-37.65587,METRO BUS
145.13181,-37.98934,METRO BUS
143.88138,-37.65786,METRO BUS
143.88214,-37.65556,METRO BUS
143.883,-37.65294,METRO BUS
143.88375,-37.65065,METRO BUS
143.88429,-37.64891,METRO BUS
143.88484,-37.64736,METRO BUS
143.88559,-37.64513,METRO BUS
143.88087,-37.63372,METRO BUS
145.13515,-37.98972,METRO BUS
143.88598,-37.64364,METRO BUS
143.87983,-37.62792,METRO BUS
143.8775,-37.62095,METRO BUS
143.87469,-37.6178,METRO BUS
143.86979,-37.6101,METRO BUS
143.86892,-37.60547,METRO BUS
143.86847,-37.60251,METRO BUS
143.8681,-37.60027,METRO BUS
145.13841,-37.99009,METRO BUS
143.8676,-37.59608,METRO BUS
143.86717,-37.59288,METRO BUS
143.86682,-37.59014,METRO BUS
143.86716,-37.58594,METRO BUS
143.86792,-37.58162,METRO BUS
143.86808,-37.57738,METRO BUS
143.8687,-37.57522,METRO BUS
143.8702,-37.56955,METRO BUS
143.86875,-37.56781,METRO BUS
143.862,-37.5704,METRO BUS
143.86062,-37.57155,METRO BUS
143.85797,-37.57379,METRO BUS
143.85571,-37.57568,METRO BUS
143.85565,-37.57557,METRO BUS
143.85782,-37.57375,METRO BUS
143.86019,-37.57176,METRO BUS
143.85261,-37.57779,METRO BUS
143.85075,-37.57891,METRO BUS
143.85214,-37.582,METRO BUS
145.1499,-37.99132,METRO BUS
143.85179,-37.584,METRO BUS
143.85326,-37.58411,METRO BUS
143.85454,-37.58207,METRO BUS
143.85791,-37.58191,METRO BUS
143.86089,-37.58184,METRO BUS
143.85894,-37.57972,METRO BUS
143.85714,-37.57767,METRO BUS
143.86202,-37.57022,METRO BUS
143.84669,-37.56551,METRO BUS
144.97293,-37.78236,METRO BUS
145.16709,-37.98098,METRO BUS
143.84647,-37.56671,METRO BUS
143.84609,-37.56881,METRO BUS
143.84571,-37.57086,METRO BUS
143.84532,-37.5731,METRO BUS
143.84368,-37.57717,METRO BUS
143.84136,-37.58118,METRO BUS
143.84106,-37.58598,METRO BUS
143.84111,-37.58876,METRO BUS
143.8412,-37.59303,METRO BUS
145.15867,-37.99242,METRO BUS
143.84125,-37.5959,METRO BUS
143.84132,-37.59834,METRO BUS
143.83545,-37.60539,METRO BUS
145.07497,-37.87946,METRO BUS
143.83998,-37.60716,METRO BUS
143.84038,-37.6044,METRO BUS
143.84074,-37.6019,METRO BUS
143.84098,-37.5996,METRO BUS
143.84093,-37.59649,METRO BUS
143.84088,-37.59296,METRO BUS
143.84079,-37.58866,METRO BUS
143.84075,-37.5859,METRO BUS
145.16308,-37.992,METRO BUS
143.84069,-37.58313,METRO BUS
143.84155,-37.58021,METRO BUS
143.84292,-37.57785,METRO BUS
143.84442,-37.57574,METRO BUS
143.84541,-37.57145,METRO BUS
143.84572,-37.56965,METRO BUS
143.84627,-37.56658,METRO BUS
143.84649,-37.56536,METRO BUS
143.85445,-37.56422,METRO BUS
143.83802,-37.56587,METRO BUS
143.8366,-37.57344,METRO BUS
143.83608,-37.57623,METRO BUS
143.83577,-37.57823,METRO BUS
143.8352,-37.58115,METRO BUS
145.16354,-37.98956,METRO BUS
143.80715,-37.58732,METRO BUS
145.16404,-37.98699,METRO BUS
143.80671,-37.58957,METRO BUS
143.81101,-37.58967,METRO BUS
143.8143,-37.58912,METRO BUS
143.81754,-37.58864,METRO BUS
143.82079,-37.58812,METRO BUS
143.82669,-37.58711,METRO BUS
143.83252,-37.58627,METRO BUS
143.83424,-37.5855,METRO BUS
143.83488,-37.58188,METRO BUS
143.83547,-37.57867,METRO BUS
145.16449,-37.9849,METRO BUS
143.83597,-37.57608,METRO BUS
143.83637,-37.57382,METRO BUS
143.83706,-37.56992,METRO BUS
143.83781,-37.56593,METRO BUS
145.1648,-37.98308,METRO BUS
144.24088,-36.80787,METRO BUS
144.24172,-36.80999,METRO BUS
144.97333,-37.77989,METRO BUS
144.24422,-36.79507,METRO BUS
144.24434,-36.79394,METRO BUS
144.2442,-36.79212,METRO BUS
144.24436,-36.79077,METRO BUS
144.24506,-36.7886,METRO BUS
144.24628,-36.78594,METRO BUS
145.17026,-37.98901,METRO BUS
144.24733,-36.7836,METRO BUS
144.24889,-36.78143,METRO BUS
144.24961,-36.78044,METRO BUS
144.25147,-36.77836,METRO BUS
144.25337,-36.77662,METRO BUS
144.2551,-36.7751,METRO BUS
144.2566,-36.77398,METRO BUS
144.25977,-36.77177,METRO BUS
144.26279,-36.77032,METRO BUS
144.26465,-36.76877,METRO BUS
144.2657,-36.76761,METRO BUS
144.26794,-36.76568,METRO BUS
145.17458,-37.99184,METRO BUS
144.26944,-36.76464,METRO BUS
144.26615,-36.76761,METRO BUS
144.26449,-36.76927,METRO BUS
144.26286,-36.77053,METRO BUS
144.26118,-36.7714,METRO BUS
144.25772,-36.77343,METRO BUS
144.25566,-36.77499,METRO BUS
144.25395,-36.77645,METRO BUS
144.25218,-36.77805,METRO BUS
145.17534,-37.99073,METRO BUS
144.25014,-36.78015,METRO BUS
144.24864,-36.78215,METRO BUS
144.24752,-36.78381,METRO BUS
144.24654,-36.78603,METRO BUS
144.24523,-36.78893,METRO BUS
144.24458,-36.79107,METRO BUS
144.2445,-36.7923,METRO BUS
144.24451,-36.79506,METRO BUS
144.24399,-36.7973,METRO BUS
144.24374,-36.79837,METRO BUS
145.1757,-37.98899,METRO BUS
144.2429,-36.80128,METRO BUS
144.2421,-36.80421,METRO BUS
144.24158,-36.80637,METRO BUS
144.23951,-36.81421,METRO BUS
144.23339,-36.81793,METRO BUS
144.23383,-36.8129,METRO BUS
144.23667,-36.80902,METRO BUS
144.23789,-36.79405,METRO BUS
144.23594,-36.79128,METRO BUS
144.24103,-36.78817,METRO BUS
145.17612,-37.98667,METRO BUS
144.24225,-36.78613,METRO BUS
145.17656,-37.98398,METRO BUS
144.25273,-36.75896,METRO BUS
144.25924,-36.75741,METRO BUS
144.26351,-36.76068,METRO BUS
144.2663,-36.7592,METRO BUS
145.17955,-37.98092,METRO BUS
144.26636,-36.7594,METRO BUS
144.25297,-36.75911,METRO BUS
145.18255,-37.98038,METRO BUS
144.97566,-37.7787,METRO BUS
145.12342,-37.78053,METRO BUS
144.24237,-36.78624,METRO BUS
144.2414,-36.78787,METRO BUS
144.23612,-36.79124,METRO BUS
144.23823,-36.79422,METRO BUS
144.82847,-37.78819,METRO BUS
144.23238,-36.78619,METRO BUS
144.24135,-36.78072,METRO BUS
144.24225,-36.77929,METRO BUS
144.24469,-36.77529,METRO BUS
144.24554,-36.77389,METRO BUS
144.24815,-36.77315,METRO BUS
144.24791,-36.77323,METRO BUS
144.24568,-36.77389,METRO BUS
144.24474,-36.77543,METRO BUS
144.24236,-36.77931,METRO BUS
144.24117,-36.78127,METRO BUS
144.27936,-36.76032,METRO BUS
144.19881,-36.75149,METRO BUS
144.27794,-36.76975,METRO BUS
144.28009,-36.77229,METRO BUS
144.25665,-36.78165,METRO BUS
144.25825,-36.78141,METRO BUS
144.25979,-36.77834,METRO BUS
144.27142,-36.76417,METRO BUS
144.28802,-36.76537,METRO BUS
145.00984,-37.89816,METRO BUS
144.29046,-36.76757,METRO BUS
144.29159,-36.76857,METRO BUS
144.28877,-36.78286,METRO BUS
144.2887,-36.78563,METRO BUS
144.28807,-36.78871,METRO BUS
144.28786,-36.79273,METRO BUS
144.97867,-37.77905,METRO BUS
144.28778,-36.79499,METRO BUS
144.28766,-36.79788,METRO BUS
144.28786,-36.79944,METRO BUS
144.28916,-36.80218,METRO BUS
144.29135,-36.80274,METRO BUS
144.29149,-36.8016,METRO BUS
144.28931,-36.80052,METRO BUS
144.28771,-36.79954,METRO BUS
144.28852,-36.78564,METRO BUS
144.29044,-36.77321,METRO BUS
144.29173,-36.7698,METRO BUS
144.2901,-36.76744,METRO BUS
144.28682,-36.76455,METRO BUS
144.28383,-36.76195,METRO BUS
144.27968,-36.76086,METRO BUS
144.28347,-36.76391,METRO BUS
144.28451,-36.76543,METRO BUS
144.2853,-36.76699,METRO BUS
144.28611,-36.76862,METRO BUS
144.28593,-36.7718,METRO BUS
144.28569,-36.77339,METRO BUS
144.2853,-36.77602,METRO BUS
144.28486,-36.7789,METRO BUS
144.28515,-36.79612,METRO BUS
144.28467,-36.7909,METRO BUS
144.28454,-36.78773,METRO BUS
144.28488,-36.78539,METRO BUS
144.28529,-36.78267,METRO BUS
144.28468,-36.77857,METRO BUS
144.28492,-36.77683,METRO BUS
144.28535,-36.77388,METRO BUS
144.28563,-36.77202,METRO BUS
144.28574,-36.7685,METRO BUS
144.28493,-36.76683,METRO BUS
144.28429,-36.7655,METRO BUS
144.28323,-36.75612,METRO BUS
144.28558,-36.75441,METRO BUS
144.28767,-36.75288,METRO BUS
144.28904,-36.75179,METRO BUS
144.29223,-36.75466,METRO BUS
144.28957,-36.7515,METRO BUS
144.28649,-36.75403,METRO BUS
144.28464,-36.75535,METRO BUS
144.28262,-36.75682,METRO BUS
145.00622,-37.90605,METRO BUS
144.281,-36.75799,METRO BUS
144.28946,-36.75778,METRO BUS
144.29297,-36.75734,METRO BUS
144.29457,-36.75765,METRO BUS
145.00119,-37.93725,METRO BUS
145.00295,-37.93652,METRO BUS
144.30437,-36.77456,METRO BUS
144.30085,-36.77702,METRO BUS
144.29511,-36.77642,METRO BUS
144.30427,-36.77432,METRO BUS
145.00674,-37.93698,METRO BUS
144.29428,-36.75782,METRO BUS
144.28915,-36.75802,METRO BUS
144.28242,-36.76198,METRO BUS
144.28526,-36.75991,METRO BUS
144.29795,-36.75907,METRO BUS
144.29701,-36.7609,METRO BUS
144.29664,-36.76218,METRO BUS
144.98327,-37.77956,METRO BUS
145.01133,-37.93751,METRO BUS
144.29981,-36.7637,METRO BUS
144.30203,-36.76453,METRO BUS
144.30555,-36.76586,METRO BUS
144.30936,-36.76649,METRO BUS
144.31329,-36.7663,METRO BUS
144.31657,-36.76699,METRO BUS
144.31847,-36.76827,METRO BUS
144.31682,-36.77214,METRO BUS
144.31216,-36.7759,METRO BUS
144.30958,-36.77592,METRO BUS
145.01339,-37.93782,METRO BUS
144.70768,-38.18974,METRO BUS
144.30906,-36.77537,METRO BUS
144.31198,-36.77585,METRO BUS
144.31426,-36.77411,METRO BUS
144.31709,-36.77112,METRO BUS
144.31828,-36.7685,METRO BUS
144.31633,-36.76707,METRO BUS
144.31317,-36.76644,METRO BUS
144.30931,-36.76661,METRO BUS
144.30439,-36.7656,METRO BUS
145.01527,-37.93854,METRO BUS
144.3018,-36.76461,METRO BUS
144.29978,-36.76385,METRO BUS
144.29833,-36.7633,METRO BUS
144.29662,-36.76155,METRO BUS
144.29785,-36.75887,METRO BUS
144.34131,-36.80383,METRO BUS
144.339,-36.80529,METRO BUS
144.34942,-36.80606,METRO BUS
144.35835,-36.80573,METRO BUS
145.01161,-37.93972,METRO BUS
144.35343,-36.8047,METRO BUS
144.3023,-36.75029,METRO BUS
144.3176,-36.75504,METRO BUS
144.31755,-36.75834,METRO BUS
145.01105,-37.94259,METRO BUS
144.27504,-36.75667,METRO BUS
144.27292,-36.75599,METRO BUS
144.26775,-36.75636,METRO BUS
144.26229,-36.75545,METRO BUS
144.2594,-36.75219,METRO BUS
144.25832,-36.74837,METRO BUS
144.25787,-36.74578,METRO BUS
144.25818,-36.74356,METRO BUS
144.25871,-36.74071,METRO BUS
144.25852,-36.73653,METRO BUS
145.01163,-37.94503,METRO BUS
144.25795,-36.735,METRO BUS
144.25722,-36.73309,METRO BUS
144.25832,-36.7295,METRO BUS
144.25856,-36.72626,METRO BUS
144.2575,-36.723,METRO BUS
144.25671,-36.72109,METRO BUS
144.24973,-36.71784,METRO BUS
145.01405,-37.94534,METRO BUS
144.24682,-36.71667,METRO BUS
144.24894,-36.71409,METRO BUS
144.25182,-36.71718,METRO BUS
144.25466,-36.71916,METRO BUS
144.25716,-36.72152,METRO BUS
144.25797,-36.72356,METRO BUS
144.2588,-36.72662,METRO BUS
144.25856,-36.72934,METRO BUS
144.25746,-36.7325,METRO BUS
145.01721,-37.94573,METRO BUS
144.25836,-36.73556,METRO BUS
144.25907,-36.7374,METRO BUS
144.25851,-36.7443,METRO BUS
144.25882,-36.74122,METRO BUS
144.25817,-36.74592,METRO BUS
144.25872,-36.74902,METRO BUS
144.25949,-36.75177,METRO BUS
144.26143,-36.75427,METRO BUS
144.26442,-36.75563,METRO BUS
144.27216,-36.75614,METRO BUS
145.01946,-37.94599,METRO BUS
144.27443,-36.75551,METRO BUS
144.27542,-36.75671,METRO BUS
144.27551,-36.7544,METRO BUS
144.2775,-36.75336,METRO BUS
144.28024,-36.75192,METRO BUS
144.2835,-36.75279,METRO BUS
144.27866,-36.74744,METRO BUS
144.27704,-36.74604,METRO BUS
145.05811,-37.74646,METRO BUS
144.98711,-37.77998,METRO BUS
145.0229,-37.94645,METRO BUS
144.2735,-36.74299,METRO BUS
144.27029,-36.73918,METRO BUS
144.26764,-36.73661,METRO BUS
144.26637,-36.73531,METRO BUS
144.26456,-36.73355,METRO BUS
144.2634,-36.73144,METRO BUS
144.26217,-36.72844,METRO BUS
144.26499,-36.72699,METRO BUS
144.26809,-36.72613,METRO BUS
144.27094,-36.72531,METRO BUS
145.02696,-37.94694,METRO BUS
144.26801,-36.72377,METRO BUS
144.26644,-36.72308,METRO BUS
144.26356,-36.72183,METRO BUS
144.2608,-36.72018,METRO BUS
144.26126,-36.71834,METRO BUS
144.26225,-36.71728,METRO BUS
144.26197,-36.71599,METRO BUS
144.26048,-36.71535,METRO BUS
145.02971,-37.94727,METRO BUS
144.26094,-36.72034,METRO BUS
144.26378,-36.7218,METRO BUS
144.26641,-36.72295,METRO BUS
144.26847,-36.72386,METRO BUS
144.27096,-36.72542,METRO BUS
144.26805,-36.72625,METRO BUS
144.265,-36.72713,METRO BUS
145.03121,-37.94743,METRO BUS
144.26224,-36.72865,METRO BUS
144.26389,-36.73177,METRO BUS
144.26475,-36.7335,METRO BUS
144.2667,-36.73534,METRO BUS
144.26843,-36.73711,METRO BUS
144.27133,-36.74004,METRO BUS
144.27308,-36.74223,METRO BUS
144.27511,-36.74429,METRO BUS
144.27773,-36.74626,METRO BUS
144.27861,-36.74716,METRO BUS
145.03384,-37.94773,METRO BUS
144.2801,-36.75225,METRO BUS
144.27712,-36.75385,METRO BUS
144.28492,-36.74873,METRO BUS
144.28917,-36.7453,METRO BUS
144.28986,-36.74299,METRO BUS
144.2921,-36.73904,METRO BUS
145.03603,-37.948,METRO BUS
144.29199,-36.73685,METRO BUS
144.2877,-36.73185,METRO BUS
144.28476,-36.73257,METRO BUS
144.28153,-36.73405,METRO BUS
144.27821,-36.73442,METRO BUS
145.03833,-37.94826,METRO BUS
144.27811,-36.73421,METRO BUS
144.28154,-36.73388,METRO BUS
144.28468,-36.73245,METRO BUS
144.28776,-36.7317,METRO BUS
144.29119,-36.73137,METRO BUS
144.29211,-36.73596,METRO BUS
144.29221,-36.73937,METRO BUS
144.29098,-36.74197,METRO BUS
145.04176,-37.94866,METRO BUS
144.28988,-36.74322,METRO BUS
144.28938,-36.74539,METRO BUS
144.2873,-36.7469,METRO BUS
144.28502,-36.7489,METRO BUS
144.27296,-36.75403,METRO BUS
144.27157,-36.7523,METRO BUS
144.2707,-36.7512,METRO BUS
145.04538,-37.9491,METRO BUS
144.26411,-36.74946,METRO BUS
145.04172,-37.95056,METRO BUS
144.26428,-36.74942,METRO BUS
144.98883,-37.78147,METRO BUS
145.04208,-37.95286,METRO BUS
144.26613,-36.74747,METRO BUS
144.27068,-36.75091,METRO BUS
144.272,-36.75256,METRO BUS
144.27315,-36.75398,METRO BUS
145.0422,-37.95576,METRO BUS
144.29132,-36.74889,METRO BUS
144.2946,-36.74461,METRO BUS
144.29672,-36.74186,METRO BUS
144.29903,-36.73887,METRO BUS
144.30035,-36.73718,METRO BUS
145.04599,-37.95667,METRO BUS
144.30292,-36.7338,METRO BUS
144.30502,-36.73111,METRO BUS
144.30638,-36.72935,METRO BUS
144.30832,-36.72682,METRO BUS
144.31094,-36.72347,METRO BUS
144.31261,-36.71989,METRO BUS
144.31288,-36.71868,METRO BUS
144.31384,-36.71479,METRO BUS
144.31504,-36.71016,METRO BUS
144.31561,-36.70748,METRO BUS
144.31615,-36.70455,METRO BUS
144.31694,-36.70051,METRO BUS
144.31797,-36.69508,METRO BUS
144.3185,-36.69225,METRO BUS
144.31936,-36.68777,METRO BUS
144.32078,-36.68097,METRO BUS
144.32258,-36.67393,METRO BUS
144.3293,-36.66817,METRO BUS
144.33196,-36.66591,METRO BUS
144.33408,-36.66412,METRO BUS
144.33767,-36.6611,METRO BUS
144.34163,-36.65782,METRO BUS
144.344,-36.6558,METRO BUS
144.34841,-36.65212,METRO BUS
144.34847,-36.65233,METRO BUS
144.34395,-36.65609,METRO BUS
144.34171,-36.65796,METRO BUS
144.33797,-36.66111,METRO BUS
144.33378,-36.66468,METRO BUS
144.332,-36.66619,METRO BUS
145.05565,-37.96706,METRO BUS
144.33021,-36.66768,METRO BUS
144.32367,-36.67315,METRO BUS
144.32093,-36.68138,METRO BUS
144.31968,-36.68767,METRO BUS
144.31871,-36.69232,METRO BUS
144.3181,-36.6955,METRO BUS
144.31707,-36.7009,METRO BUS
144.32179,-36.70926,METRO BUS
144.3255,-36.7066,METRO BUS
145.0595,-37.96581,METRO BUS
144.31924,-36.70559,METRO BUS
144.31615,-36.70577,METRO BUS
144.31581,-36.70758,METRO BUS
144.31535,-36.70998,METRO BUS
144.31433,-36.71392,METRO BUS
144.31328,-36.71821,METRO BUS
144.31289,-36.72006,METRO BUS
144.31227,-36.72217,METRO BUS
144.3101,-36.72489,METRO BUS
145.06337,-37.96629,METRO BUS
144.30869,-36.72678,METRO BUS
144.30655,-36.72951,METRO BUS
144.30477,-36.73182,METRO BUS
144.30282,-36.73435,METRO BUS
144.30047,-36.7374,METRO BUS
144.29853,-36.73991,METRO BUS
144.29625,-36.74287,METRO BUS
144.29446,-36.7451,METRO BUS
145.06691,-37.96672,METRO BUS
144.29247,-36.74774,METRO BUS
144.29656,-36.75074,METRO BUS
145.0711,-37.96724,METRO BUS
144.99105,-37.78298,METRO BUS
145.07539,-37.96775,METRO BUS
145.07911,-37.96826,METRO BUS
145.08247,-37.96862,METRO BUS
145.08638,-37.96911,METRO BUS
145.09003,-37.96955,METRO BUS
145.1012,-37.97093,METRO BUS
145.10931,-37.97194,METRO BUS
145.11271,-37.97233,METRO BUS
145.12319,-37.97628,METRO BUS
145.12636,-37.97929,METRO BUS
144.99184,-37.7856,METRO BUS
145.12872,-37.98114,METRO BUS
145.13144,-37.98284,METRO BUS
145.13406,-37.98439,METRO BUS
145.00208,-37.90551,METRO BUS
145.13692,-37.98614,METRO BUS
145.13979,-37.98791,METRO BUS
145.14286,-37.99052,METRO BUS
145.14582,-37.99082,METRO BUS
145.15299,-37.99168,METRO BUS
144.99655,-37.90481,METRO BUS
144.99413,-37.786,METRO BUS
145.16207,-37.99278,METRO BUS
145.16574,-37.99327,METRO BUS
145.16922,-37.99371,METRO BUS
145.18269,-37.9948,METRO BUS
145.18867,-37.99328,METRO BUS
145.19542,-37.99152,METRO BUS
144.99745,-37.78104,METRO BUS
145.20215,-37.98493,METRO BUS
145.20484,-37.98681,METRO BUS
145.20782,-37.9887,METRO BUS
145.21725,-37.98771,METRO BUS
145.21863,-37.98906,METRO BUS
145.2208,-37.99138,METRO BUS
145.00017,-37.78138,METRO BUS
145.22303,-37.99375,METRO BUS
145.22622,-37.99606,METRO BUS
145.22893,-37.99636,METRO BUS
143.89073,-37.42266,METRO BUS
145.23078,-37.99624,METRO BUS
145.23397,-37.99547,METRO BUS
145.23733,-37.99495,METRO BUS
145.23938,-37.99515,METRO BUS
145.24188,-37.99522,METRO BUS
145.24424,-37.99535,METRO BUS
145.24728,-37.99607,METRO BUS
145.00324,-37.78177,METRO BUS
145.25163,-37.9965,METRO BUS
145.25516,-37.99757,METRO BUS
145.25769,-37.99935,METRO BUS
145.26121,-38.00002,METRO BUS
145.26426,-38.00039,METRO BUS
145.2666,-38.0007,METRO BUS
145.26893,-38.00101,METRO BUS
144.99653,-37.91574,METRO BUS
145.27309,-38.00151,METRO BUS
145.00541,-37.78202,METRO BUS
145.27411,-38.00644,METRO BUS
145.27913,-38.00898,METRO BUS
145.28429,-38.01128,METRO BUS
145.29063,-38.01437,METRO BUS
145.29471,-38.01739,METRO BUS
145.29949,-38.02089,METRO BUS
145.30494,-38.02489,METRO BUS
145.30986,-38.02663,METRO BUS
145.00938,-37.78253,METRO BUS
145.31519,-38.02729,METRO BUS
145.32562,-38.02861,METRO BUS
144.28296,-36.76525,METRO BUS
145.32881,-38.02895,METRO BUS
145.33173,-38.02939,METRO BUS
145.33546,-38.02988,METRO BUS
145.34027,-38.0307,METRO BUS
145.34495,-38.03088,METRO BUS
145.34862,-38.03173,METRO BUS
145.35273,-38.03458,METRO BUS
145.05731,-37.75024,METRO BUS
145.01006,-37.77956,METRO BUS
145.35578,-38.03661,METRO BUS
145.36102,-38.03996,METRO BUS
145.36252,-38.0409,METRO BUS
145.36529,-38.04259,METRO BUS
145.36722,-38.04447,METRO BUS
145.37813,-38.05333,METRO BUS
145.38989,-38.05627,METRO BUS
145.01027,-37.77841,METRO BUS
145.40567,-38.05921,METRO BUS
145.40921,-38.05988,METRO BUS
145.41564,-38.06112,METRO BUS
145.41926,-38.06226,METRO BUS
145.43743,-38.06357,METRO BUS
145.46332,-38.06382,METRO BUS
145.47714,-38.07115,METRO BUS
145.01077,-37.77562,METRO BUS
145.4816,-38.07147,METRO BUS
145.49372,-38.07136,METRO BUS
145.49354,-38.07707,METRO BUS
145.49195,-38.07931,METRO BUS
145.46674,-38.06691,METRO BUS
145.46703,-38.06916,METRO BUS
145.46796,-38.07163,METRO BUS
145.01117,-37.77384,METRO BUS
145.46809,-38.07391,METRO BUS
145.46937,-38.07661,METRO BUS
145.47096,-38.07595,METRO BUS
145.4741,-38.07521,METRO BUS
145.27871,-38.00808,METRO BUS
145.27949,-38.0053,METRO BUS
145.28607,-38.00476,METRO BUS
145.01146,-37.77043,METRO BUS
145.28957,-38.00585,METRO BUS
145.29076,-38.00749,METRO BUS
145.29176,-38.00857,METRO BUS
145.29107,-38.01186,METRO BUS
145.28281,-38.00456,METRO BUS
144.99383,-37.90046,METRO BUS
144.99418,-37.89869,METRO BUS
144.99457,-37.89652,METRO BUS
144.99497,-37.89453,METRO BUS
144.99547,-37.89173,METRO BUS
145.0116,-37.76844,METRO BUS
144.99682,-37.88736,METRO BUS
145.0003,-37.88511,METRO BUS
144.23428,-38.07694,METRO BUS
144.99685,-37.88249,METRO BUS
144.99727,-37.88035,METRO BUS
144.99765,-37.87834,METRO BUS
144.99786,-37.87722,METRO BUS
145.17713,-37.9812,METRO BUS
144.83294,-37.79616,METRO BUS
144.83089,-37.79593,METRO BUS
144.82871,-37.79568,METRO BUS
144.82247,-37.80046,METRO BUS
144.42174,-37.6715,METRO BUS
144.42084,-37.67624,METRO BUS
144.41901,-37.67634,METRO BUS
144.41664,-37.67506,METRO BUS
144.41688,-37.67226,METRO BUS
145.01339,-37.76468,METRO BUS
144.41841,-37.66979,METRO BUS
144.42131,-37.66987,METRO BUS
144.42425,-37.67111,METRO BUS
144.42912,-37.67299,METRO BUS
144.43599,-37.68725,METRO BUS
144.42841,-37.68623,METRO BUS
144.43123,-37.68625,METRO BUS
144.42842,-37.68637,METRO BUS
144.43424,-37.68137,METRO BUS
144.81841,-37.79825,METRO BUS
144.42865,-37.67298,METRO BUS
144.42482,-37.67148,METRO BUS
144.42277,-37.66951,METRO BUS
144.83074,-37.79398,METRO BUS
144.43346,-37.65043,METRO BUS
144.42955,-37.64557,METRO BUS
144.43408,-37.65081,METRO BUS
144.4379,-37.666,METRO BUS
144.43714,-37.66964,METRO BUS
144.83107,-37.79221,METRO BUS
144.43537,-37.67501,METRO BUS
144.437,-37.6697,METRO BUS
144.43775,-37.66588,METRO BUS
144.43688,-37.65332,METRO BUS
144.83144,-37.78998,METRO BUS
144.4229,-37.66927,METRO BUS
145.85914,-38.13729,METRO BUS
145.84374,-38.12096,METRO BUS
145.93243,-38.16065,METRO BUS
145.93134,-38.16388,METRO BUS
145.93735,-38.14666,METRO BUS
145.92591,-38.15106,METRO BUS
145.9351,-38.16016,METRO BUS
145.94013,-38.16138,METRO BUS
145.9449,-38.16131,METRO BUS
145.94535,-38.15822,METRO BUS
145.94664,-38.15691,METRO BUS
145.94091,-38.15396,METRO BUS
145.93841,-38.15296,METRO BUS
144.82513,-37.79861,METRO BUS
144.83552,-37.789,METRO BUS
144.83868,-37.78936,METRO BUS
144.84125,-37.78965,METRO BUS
144.84457,-37.79001,METRO BUS
145.01981,-37.76536,METRO BUS
144.84868,-37.79114,METRO BUS
144.85142,-37.79148,METRO BUS
144.85444,-37.79183,METRO BUS
144.85837,-37.7922,METRO BUS
144.8637,-37.79206,METRO BUS
144.86609,-37.79234,METRO BUS
145.05688,-37.75279,METRO BUS
145.02455,-37.76583,METRO BUS
144.86858,-37.79262,METRO BUS
144.87065,-37.79287,METRO BUS
144.87343,-37.7932,METRO BUS
145.30307,-38.01969,METRO BUS
145.38098,-38.21373,METRO BUS
144.87491,-37.79336,METRO BUS
145.3773,-38.21062,METRO BUS
145.37315,-38.20709,METRO BUS
145.37489,-38.20727,METRO BUS
145.37767,-38.21062,METRO BUS
145.38154,-38.21365,METRO BUS
144.87856,-37.7941,METRO BUS
144.88037,-37.795,METRO BUS
145.02699,-37.76614,METRO BUS
144.88262,-37.79585,METRO BUS
144.88567,-37.79613,METRO BUS
145.11281,-38.16414,METRO BUS
144.9072,-37.80074,METRO BUS
144.91367,-37.80152,METRO BUS
145.16656,-37.78045,METRO BUS
145.16798,-37.7817,METRO BUS
145.17504,-37.78201,METRO BUS
145.2962,-38.03093,METRO BUS
145.29478,-38.02963,METRO BUS
145.29151,-38.02748,METRO BUS
145.28981,-38.02616,METRO BUS
145.28841,-38.02808,METRO BUS
145.28791,-38.03045,METRO BUS
145.28445,-38.0306,METRO BUS
145.26946,-38.02457,METRO BUS
145.28089,-38.03157,METRO BUS
145.2851,-38.11179,METRO BUS
145.291,-38.12809,METRO BUS
145.29601,-38.13265,METRO BUS
145.29845,-38.13438,METRO BUS
145.30736,-38.14094,METRO BUS
145.27984,-38.03279,METRO BUS
145.3131,-38.14524,METRO BUS
145.31098,-38.19782,METRO BUS
145.30912,-38.20659,METRO BUS
145.30756,-38.21199,METRO BUS
145.31207,-38.21251,METRO BUS
145.33953,-38.21142,METRO BUS
145.31613,-38.22026,METRO BUS
145.31391,-38.22155,METRO BUS
145.27763,-38.03281,METRO BUS
145.31329,-38.22468,METRO BUS
144.99412,-38.3089,METRO BUS
145.26862,-38.03141,METRO BUS
145.03004,-37.80007,METRO BUS
145.25494,-38.03806,METRO BUS
145.25922,-38.03917,METRO BUS
145.26296,-38.04028,METRO BUS
145.2659,-38.04065,METRO BUS
145.17471,-37.78429,METRO BUS
145.17661,-37.78521,METRO BUS
145.17821,-37.78682,METRO BUS
144.99391,-38.30901,METRO BUS
145.14381,-37.78593,METRO BUS
145.14425,-37.78317,METRO BUS
145.1446,-37.7809,METRO BUS
145.14536,-37.77649,METRO BUS
145.14602,-37.77352,METRO BUS
145.14071,-37.77117,METRO BUS
145.14188,-37.76966,METRO BUS
145.14533,-37.76883,METRO BUS
145.14933,-37.77151,METRO BUS
145.15833,-37.77388,METRO BUS
145.16096,-37.77054,METRO BUS
145.16194,-37.76822,METRO BUS
145.28487,-38.10957,METRO BUS
145.29506,-38.13352,METRO BUS
145.29455,-38.13627,METRO BUS
145.16242,-37.7674,METRO BUS
145.29419,-38.13827,METRO BUS
145.29356,-38.14161,METRO BUS
145.2924,-38.14781,METRO BUS
145.29128,-38.15699,METRO BUS
145.30352,-38.15854,METRO BUS
145.3073,-38.15901,METRO BUS
145.31074,-38.15944,METRO BUS
145.31355,-38.15979,METRO BUS
145.31797,-38.16034,METRO BUS
145.16352,-37.7662,METRO BUS
145.32135,-38.14702,METRO BUS
145.32343,-38.1372,METRO BUS
145.32446,-38.1185,METRO BUS
145.32994,-38.13211,METRO BUS
145.32631,-38.13253,METRO BUS
145.34413,-38.2108,METRO BUS
145.34299,-38.21382,METRO BUS
145.16517,-37.76497,METRO BUS
145.34178,-38.21464,METRO BUS
145.33848,-38.21435,METRO BUS
145.33991,-38.21296,METRO BUS
145.31099,-38.22552,METRO BUS
145.30858,-38.22422,METRO BUS
145.31632,-38.22011,METRO BUS
145.34014,-38.21293,METRO BUS
145.33862,-38.21429,METRO BUS
145.34243,-38.21403,METRO BUS
145.34399,-38.21084,METRO BUS
145.0371,-37.76009,METRO BUS
144.83481,-37.78513,METRO BUS
145.34104,-38.21103,METRO BUS
145.31625,-38.15279,METRO BUS
145.3121,-38.14485,METRO BUS
145.30632,-38.14089,METRO BUS
145.29744,-38.1344,METRO BUS
145.29479,-38.13228,METRO BUS
145.29224,-38.14777,METRO BUS
145.294,-38.1382,METRO BUS
144.83775,-37.78547,METRO BUS
145.29058,-38.1282,METRO BUS
145.28939,-38.12518,METRO BUS
144.84088,-37.78586,METRO BUS
144.84249,-37.78601,METRO BUS
144.84527,-37.78633,METRO BUS
144.85014,-37.78674,METRO BUS
144.85283,-37.78632,METRO BUS
144.85672,-37.78555,METRO BUS
144.85983,-37.78593,METRO BUS
144.86166,-37.78614,METRO BUS
145.03735,-37.75855,METRO BUS
144.86595,-37.7863,METRO BUS
144.86852,-37.78353,METRO BUS
144.84649,-37.78307,METRO BUS
144.84685,-37.7809,METRO BUS
144.84712,-37.77942,METRO BUS
144.84985,-37.77925,METRO BUS
144.85155,-37.77946,METRO BUS
144.85515,-37.77989,METRO BUS
144.85702,-37.78011,METRO BUS
144.85979,-37.78042,METRO BUS
144.86221,-37.78072,METRO BUS
144.86567,-37.78148,METRO BUS
144.86809,-37.78248,METRO BUS
144.87011,-37.7833,METRO BUS
144.87248,-37.78422,METRO BUS
144.87594,-37.78561,METRO BUS
144.87971,-37.78714,METRO BUS
144.88259,-37.78832,METRO BUS
144.88561,-37.78954,METRO BUS
145.05929,-37.75527,METRO BUS
144.88799,-37.79051,METRO BUS
144.88902,-37.79449,METRO BUS
145.92871,-38.17535,METRO BUS
144.88836,-37.79818,METRO BUS
144.89152,-37.79877,METRO BUS
144.89473,-37.80026,METRO BUS
144.6656,-37.87561,METRO BUS
144.89699,-37.8011,METRO BUS
144.83293,-37.77967,METRO BUS
145.03926,-37.75333,METRO BUS
144.83507,-37.77758,METRO BUS
144.83756,-37.77785,METRO BUS
144.84138,-37.77827,METRO BUS
144.84371,-37.77854,METRO BUS
144.86509,-37.7834,METRO BUS
144.86463,-37.78601,METRO BUS
144.86405,-37.78936,METRO BUS
144.86356,-37.79185,METRO BUS
144.86314,-37.79379,METRO BUS
145.03977,-37.75052,METRO BUS
144.86297,-37.79576,METRO BUS
144.86644,-37.79615,METRO BUS
144.869,-37.79644,METRO BUS
144.87173,-37.79673,METRO BUS
144.8744,-37.79705,METRO BUS
144.87752,-37.7974,METRO BUS
144.88117,-37.7978,METRO BUS
144.88435,-37.79811,METRO BUS
144.88734,-37.79838,METRO BUS
144.89894,-37.80384,METRO BUS
145.04152,-37.7483,METRO BUS
144.90236,-37.80448,METRO BUS
144.90473,-37.80516,METRO BUS
144.92004,-37.80776,METRO BUS
144.93741,-37.80984,METRO BUS
145.00282,-37.848,METRO BUS
145.0059,-37.8484,METRO BUS
145.00955,-37.84887,METRO BUS
145.01227,-37.84994,METRO BUS
145.01194,-37.85228,METRO BUS
145.01162,-37.85404,METRO BUS
145.01106,-37.85741,METRO BUS
145.01063,-37.85978,METRO BUS
145.01001,-37.8635,METRO BUS
145.00962,-37.8657,METRO BUS
145.00928,-37.86743,METRO BUS
145.00875,-37.87021,METRO BUS
145.0081,-37.87363,METRO BUS
145.00773,-37.87545,METRO BUS
145.00731,-37.87773,METRO BUS
145.00682,-37.88011,METRO BUS
145.00622,-37.88322,METRO BUS
144.63764,-37.89616,METRO BUS
145.04263,-37.74229,METRO BUS
145.00591,-37.8847,METRO BUS
145.00587,-37.88668,METRO BUS
144.883,-37.68388,METRO BUS
145.21406,-37.98744,METRO BUS
145.00564,-37.88851,METRO BUS
145.00539,-37.88973,METRO BUS
145.00592,-37.89095,METRO BUS
144.92862,-37.64345,METRO BUS
144.89267,-37.73752,METRO BUS
145.19337,-37.81207,METRO BUS
144.95875,-37.79201,METRO BUS
145.19308,-37.80941,METRO BUS
145.19209,-37.80732,METRO BUS
145.19001,-37.80498,METRO BUS
145.18845,-37.80321,METRO BUS
145.18473,-37.801,METRO BUS
145.18066,-37.79791,METRO BUS
145.17755,-37.79459,METRO BUS
145.17555,-37.79248,METRO BUS
145.17452,-37.79139,METRO BUS
145.16794,-37.78976,METRO BUS
145.22477,-37.81678,METRO BUS
145.17501,-37.81857,METRO BUS
145.16471,-37.78939,METRO BUS
145.16274,-37.78913,METRO BUS
145.29641,-37.8829,METRO BUS
145.16146,-37.78899,METRO BUS
145.27423,-37.88187,METRO BUS
145.15774,-37.78853,METRO BUS
145.15355,-37.78803,METRO BUS
145.1492,-37.78753,METRO BUS
145.14586,-37.78714,METRO BUS
145.1431,-37.78681,METRO BUS
145.13856,-37.78632,METRO BUS
145.1357,-37.78657,METRO BUS
145.13172,-37.78725,METRO BUS
145.12862,-37.78724,METRO BUS
145.12492,-37.78656,METRO BUS
145.06807,-37.79291,METRO BUS
145.12583,-37.78716,METRO BUS
145.12119,-37.78791,METRO BUS
145.11691,-37.78778,METRO BUS
145.11409,-37.78748,METRO BUS
145.11012,-37.78753,METRO BUS
145.10665,-37.78796,METRO BUS
145.08534,-37.79443,METRO BUS
145.09013,-37.79292,METRO BUS
145.09285,-37.79202,METRO BUS
145.09609,-37.79098,METRO BUS
145.12023,-37.98734,METRO BUS
145.06121,-37.75554,METRO BUS
145.04887,-37.7344,METRO BUS
145.10016,-37.78961,METRO BUS
144.81144,-38.37442,METRO BUS
144.78556,-38.37912,METRO BUS
144.78411,-38.36389,METRO BUS
144.78045,-38.36168,METRO BUS
144.77052,-38.36836,METRO BUS
144.75674,-38.35749,METRO BUS
145.07836,-37.79389,METRO BUS
144.744,-38.33726,METRO BUS
144.74253,-38.34783,METRO BUS
144.74923,-38.35255,METRO BUS
144.75225,-38.35469,METRO BUS
144.75799,-38.35857,METRO BUS
144.76144,-38.36199,METRO BUS
144.77531,-38.36549,METRO BUS
144.78042,-38.36154,METRO BUS
144.7833,-38.36581,METRO BUS
144.78473,-38.36724,METRO BUS
145.07229,-37.79286,METRO BUS
144.78703,-38.3727,METRO BUS
144.78631,-38.37623,METRO BUS
144.78571,-38.37932,METRO BUS
144.79195,-38.3796,METRO BUS
144.79581,-38.37929,METRO BUS
144.80065,-38.37851,METRO BUS
144.8081,-38.37656,METRO BUS
144.81645,-38.37819,METRO BUS
144.81239,-38.40196,METRO BUS
144.81604,-38.39453,METRO BUS
144.70363,-37.56364,METRO BUS
144.843,-38.3768,METRO BUS
144.85165,-38.37701,METRO BUS
144.8528,-38.37513,METRO BUS
144.85664,-38.37045,METRO BUS
144.8598,-38.37076,METRO BUS
144.86168,-38.37168,METRO BUS
144.8672,-38.37049,METRO BUS
144.87485,-38.37024,METRO BUS
144.87817,-38.36882,METRO BUS
144.877,-38.3718,METRO BUS
144.87969,-38.36701,METRO BUS
144.88021,-38.3649,METRO BUS
144.88454,-38.36443,METRO BUS
144.8897,-38.36514,METRO BUS
145.14259,-37.7979,METRO BUS
144.89056,-38.36378,METRO BUS
144.89236,-38.36389,METRO BUS
145.16001,-37.79898,METRO BUS
144.89445,-38.36123,METRO BUS
144.86898,-38.37183,METRO BUS
144.84712,-38.37701,METRO BUS
144.83688,-38.37629,METRO BUS
144.83277,-38.37502,METRO BUS
144.82831,-38.37341,METRO BUS
145.16065,-37.79576,METRO BUS
145.04975,-37.73079,METRO BUS
145.16103,-37.79377,METRO BUS
144.89198,-38.36077,METRO BUS
145.16137,-37.79194,METRO BUS
144.88462,-37.66446,METRO BUS
144.885,-37.66431,METRO BUS
145.16173,-37.78976,METRO BUS
145.16228,-37.78715,METRO BUS
145.16281,-37.78412,METRO BUS
144.29275,-36.7313,METRO BUS
145.07153,-37.89105,METRO BUS
145.06497,-37.89014,METRO BUS
145.06201,-37.8898,METRO BUS
145.0574,-37.88929,METRO BUS
145.05747,-37.88921,METRO BUS
145.06255,-37.88979,METRO BUS
145.06602,-37.89021,METRO BUS
145.0721,-37.89098,METRO BUS
145.16315,-37.78204,METRO BUS
144.66455,-37.90319,METRO BUS
145.13563,-37.62015,METRO BUS
145.13072,-37.61358,METRO BUS
145.26468,-37.8644,METRO BUS
145.2467,-37.77363,METRO BUS
145.23671,-37.78546,METRO BUS
145.23724,-37.78274,METRO BUS
145.16412,-37.77665,METRO BUS
144.7736,-37.69728,METRO BUS
144.77389,-37.69696,METRO BUS
144.66952,-37.9056,METRO BUS
144.70118,-37.56296,METRO BUS
145.24262,-37.89376,METRO BUS
145.2265,-37.89841,METRO BUS
144.60971,-38.27742,METRO BUS
145.16445,-37.77473,METRO BUS
144.60707,-38.2805,METRO BUS
144.60502,-38.28313,METRO BUS
144.60732,-38.28829,METRO BUS
144.61139,-38.28941,METRO BUS
144.62209,-38.2727,METRO BUS
144.65443,-38.26925,METRO BUS
144.65678,-38.27004,METRO BUS
144.64634,-38.27013,METRO BUS
144.63197,-38.27161,METRO BUS
144.66929,-38.26536,METRO BUS
145.16496,-37.77207,METRO BUS
145.20379,-37.82956,METRO BUS
145.26769,-37.84181,METRO BUS
145.26755,-37.84166,METRO BUS
145.12195,-38.14712,METRO BUS
145.26789,-37.84237,METRO BUS
145.23513,-38.01847,METRO BUS
145.23562,-38.01845,METRO BUS
145.19977,-38.0356,METRO BUS
145.19975,-38.03546,METRO BUS
145.16549,-37.76914,METRO BUS
145.19563,-38.03506,METRO BUS
145.19572,-38.03494,METRO BUS
145.19418,-38.03662,METRO BUS
145.19401,-38.03657,METRO BUS
145.18736,-38.03734,METRO BUS
145.18749,-38.0374,METRO BUS
145.35432,-37.75991,METRO BUS
145.3578,-37.76279,METRO BUS
145.35681,-37.76257,METRO BUS
145.03268,-37.79772,METRO BUS
145.16592,-37.76681,METRO BUS
144.69949,-37.56341,METRO BUS
145.35458,-37.75793,METRO BUS
145.0964,-37.84297,METRO BUS
145.09418,-37.84273,METRO BUS
145.1713,-37.764,METRO BUS
145.09214,-37.84209,METRO BUS
145.09254,-37.83949,METRO BUS
145.09318,-37.83634,METRO BUS
145.14189,-37.77008,METRO BUS
144.94309,-37.6018,METRO BUS
144.69814,-37.56593,METRO BUS
144.69967,-37.56713,METRO BUS
144.70185,-37.56772,METRO BUS
145.17276,-37.76363,METRO BUS
144.93246,-37.64023,METRO BUS
144.93211,-37.6403,METRO BUS
144.93494,-37.63914,METRO BUS
144.93498,-37.63897,METRO BUS
144.93501,-37.63879,METRO BUS
145.17378,-37.76156,METRO BUS
144.90583,-37.593,METRO BUS
144.92053,-37.5966,METRO BUS
144.9258,-37.59718,METRO BUS
144.92587,-37.59747,METRO BUS
144.92109,-37.597,METRO BUS
144.95223,-37.29064,METRO BUS
144.95558,-37.28949,METRO BUS
144.96087,-37.2879,METRO BUS
145.17366,-37.75858,METRO BUS
144.96065,-37.28812,METRO BUS
144.95652,-37.28936,METRO BUS
144.97163,-37.40563,METRO BUS
144.98638,-37.4171,METRO BUS
144.98792,-37.41742,METRO BUS
145.17358,-37.75558,METRO BUS
145.16515,-37.71685,METRO BUS
145.16531,-37.71522,METRO BUS
144.94773,-37.82927,METRO BUS
145.23007,-37.79706,METRO BUS
145.17005,-38.13823,METRO BUS
145.16914,-38.13653,METRO BUS
145.16554,-38.13665,METRO BUS
145.17518,-37.75175,METRO BUS
145.16323,-38.13802,METRO BUS
145.13701,-38.14314,METRO BUS
144.95181,-37.29859,METRO BUS
145.18488,-37.74837,METRO BUS
145.18358,-38.30931,METRO BUS
145.17606,-38.22453,METRO BUS
145.10401,-38.38444,METRO BUS
145.10325,-38.38466,METRO BUS
145.06567,-38.40635,METRO BUS
145.2014,-38.36427,METRO BUS
145.18789,-37.749,METRO BUS
145.1692,-38.24964,METRO BUS
145.16943,-38.25038,METRO BUS
145.17725,-38.22545,METRO BUS
145.15073,-37.82046,METRO BUS
144.60069,-37.65669,METRO BUS
144.59756,-37.65632,METRO BUS
144.59443,-37.65743,METRO BUS
144.59237,-37.65913,METRO BUS
145.19087,-37.7491,METRO BUS
144.59245,-37.66072,METRO BUS
144.59264,-37.66237,METRO BUS
144.59335,-37.66539,METRO BUS
144.59641,-37.66639,METRO BUS
144.80052,-37.74361,METRO BUS
144.93215,-37.29368,METRO BUS
144.76705,-37.7927,METRO BUS
144.76437,-37.79274,METRO BUS
145.05118,-37.72605,METRO BUS
145.1945,-37.74908,METRO BUS
144.76138,-37.79097,METRO BUS
144.75991,-37.78887,METRO BUS
144.75761,-37.78558,METRO BUS
144.75765,-37.78659,METRO BUS
144.76016,-37.78893,METRO BUS
144.76182,-37.7912,METRO BUS
144.76448,-37.79258,METRO BUS
144.76696,-37.79265,METRO BUS
145.16713,-37.67335,METRO BUS
144.99023,-38.318,METRO BUS
145.1981,-37.74952,METRO BUS
144.99031,-38.31811,METRO BUS
144.99201,-38.31602,METRO BUS
144.65553,-37.90092,METRO BUS
144.66672,-37.88115,METRO BUS
144.67985,-37.86162,METRO BUS
145.20033,-37.7481,METRO BUS
145.201,-37.74566,METRO BUS
145.20479,-37.74569,METRO BUS
144.69988,-37.571,METRO BUS
145.38504,-37.9374,METRO BUS
145.39209,-37.93861,METRO BUS
144.97763,-38.32802,METRO BUS
144.97764,-38.32814,METRO BUS
144.98035,-38.32614,METRO BUS
144.98043,-38.32625,METRO BUS
144.98436,-38.32343,METRO BUS
144.98442,-38.3235,METRO BUS
145.20709,-37.74676,METRO BUS
144.98759,-38.32078,METRO BUS
144.98768,-38.32085,METRO BUS
144.99206,-38.31602,METRO BUS
144.99417,-38.31285,METRO BUS
144.99428,-38.31275,METRO BUS
144.95866,-37.70189,METRO BUS
145.13369,-38.13162,METRO BUS
145.23885,-37.8692,METRO BUS
145.2387,-37.86917,METRO BUS
145.2103,-37.74645,METRO BUS
145.09564,-37.78244,METRO BUS
144.69725,-37.57072,METRO BUS
145.2106,-37.7434,METRO BUS
145.21334,-37.74083,METRO BUS
146.48281,-38.14908,METRO BUS
145.27494,-37.79882,METRO BUS
145.27498,-37.79864,METRO BUS
145.14183,-37.76473,METRO BUS
145.12534,-38.14382,METRO BUS
145.21707,-37.80154,METRO BUS
144.90104,-37.80019,METRO BUS
145.21599,-37.73985,METRO BUS
144.90027,-37.80099,METRO BUS
145.12365,-38.14488,METRO BUS
145.1142,-37.64983,METRO BUS
145.15073,-38.12424,METRO BUS
145.12825,-38.13766,METRO BUS
145.1292,-38.13656,METRO BUS
145.12921,-38.13623,METRO BUS
145.13024,-38.13385,METRO BUS
145.13032,-38.13397,METRO BUS
145.21962,-37.73744,METRO BUS
145.1315,-38.13096,METRO BUS
145.13157,-38.13109,METRO BUS
145.13514,-38.1279,METRO BUS
145.1497,-38.1187,METRO BUS
145.18483,-38.09856,METRO BUS
145.1849,-38.09861,METRO BUS
145.18684,-38.0955,METRO BUS
145.18717,-38.09557,METRO BUS
145.18746,-38.09159,METRO BUS
145.18805,-38.08882,METRO BUS
145.22308,-37.73688,METRO BUS
145.18835,-38.08702,METRO BUS
145.18849,-38.08703,METRO BUS
145.18677,-38.08643,METRO BUS
145.18683,-38.08633,METRO BUS
145.1895,-38.08671,METRO BUS
145.19333,-38.08712,METRO BUS
145.19668,-38.08755,METRO BUS
145.19913,-38.08783,METRO BUS
145.19901,-38.09258,METRO BUS
145.22907,-37.7389,METRO BUS
144.28521,-36.74573,METRO BUS
144.28327,-36.74233,METRO BUS
144.31668,-36.74714,METRO BUS
144.31921,-36.74343,METRO BUS
144.32261,-36.7461,METRO BUS
144.3202,-36.74915,METRO BUS
145.23081,-37.74194,METRO BUS
144.2835,-36.75332,METRO BUS
145.23391,-37.74449,METRO BUS
145.23555,-37.74697,METRO BUS
144.29502,-36.77611,METRO BUS
144.30097,-36.77694,METRO BUS
145.23539,-37.74852,METRO BUS
144.23501,-36.80458,METRO BUS
144.23594,-36.78556,METRO BUS
145.23443,-37.75234,METRO BUS
144.23918,-36.78778,METRO BUS
144.25054,-36.77271,METRO BUS
144.27453,-36.7666,METRO BUS
145.2325,-37.7565,METRO BUS
144.2507,-36.77281,METRO BUS
144.23905,-36.78776,METRO BUS
144.23579,-36.78557,METRO BUS
144.23269,-36.78579,METRO BUS
145.04634,-37.72086,METRO BUS
145.23421,-37.75995,METRO BUS
144.23516,-36.80449,METRO BUS
145.23745,-37.7641,METRO BUS
144.29701,-36.72704,METRO BUS
144.30065,-36.7265,METRO BUS
144.30206,-36.72379,METRO BUS
144.30383,-36.72122,METRO BUS
144.30692,-36.71786,METRO BUS
144.3078,-36.71378,METRO BUS
144.30842,-36.71028,METRO BUS
144.30952,-36.70492,METRO BUS
144.3148,-36.70491,METRO BUS
145.24416,-37.76807,METRO BUS
145.51549,-37.94458,METRO BUS
145.51515,-37.94463,METRO BUS
144.32319,-36.70608,METRO BUS
144.31916,-36.70506,METRO BUS
144.30972,-36.70496,METRO BUS
144.30866,-36.71021,METRO BUS
144.30789,-36.7143,METRO BUS
144.30733,-36.71719,METRO BUS
145.24551,-37.77006,METRO BUS
144.30388,-36.72144,METRO BUS
144.30221,-36.72368,METRO BUS
144.30083,-36.72632,METRO BUS
144.29707,-36.72721,METRO BUS
144.25051,-36.71616,METRO BUS
144.25388,-36.71344,METRO BUS
145.24452,-37.77115,METRO BUS
144.25578,-36.71231,METRO BUS
144.26272,-36.71013,METRO BUS
144.27668,-36.71714,METRO BUS
144.28013,-36.71951,METRO BUS
144.28385,-36.72207,METRO BUS
144.29188,-36.7283,METRO BUS
144.29208,-36.7309,METRO BUS
144.2921,-36.73407,METRO BUS
145.24654,-37.77313,METRO BUS
144.29195,-36.73398,METRO BUS
144.29196,-36.73072,METRO BUS
144.29164,-36.72793,METRO BUS
144.28367,-36.7221,METRO BUS
144.28109,-36.72033,METRO BUS
144.27623,-36.71697,METRO BUS
144.25697,-36.71178,METRO BUS
145.2465,-37.77446,METRO BUS
144.25396,-36.71354,METRO BUS
144.28676,-36.7798,METRO BUS
144.29453,-36.76922,METRO BUS
144.29699,-36.77084,METRO BUS
144.29662,-36.77238,METRO BUS
144.26349,-36.76091,METRO BUS
144.29408,-36.77911,METRO BUS
145.244,-37.77596,METRO BUS
144.24856,-36.7655,METRO BUS
144.24961,-36.76793,METRO BUS
144.24359,-36.77732,METRO BUS
144.29235,-36.78327,METRO BUS
145.24117,-37.77724,METRO BUS
144.24068,-36.78357,METRO BUS
144.24313,-36.78428,METRO BUS
144.29076,-36.78164,METRO BUS
144.24263,-36.78427,METRO BUS
144.241,-36.78381,METRO BUS
145.23841,-37.77874,METRO BUS
144.24353,-36.77722,METRO BUS
144.2493,-36.76805,METRO BUS
144.2483,-36.76525,METRO BUS
144.25322,-36.71902,METRO BUS
144.23665,-36.80928,METRO BUS
144.23375,-36.81329,METRO BUS
144.22905,-36.8168,METRO BUS
145.23769,-37.78056,METRO BUS
144.23372,-36.81786,METRO BUS
144.29525,-36.7513,METRO BUS
144.24895,-36.75956,METRO BUS
144.23564,-36.76116,METRO BUS
144.22671,-36.75773,METRO BUS
144.22293,-36.75324,METRO BUS
144.22029,-36.75221,METRO BUS
145.23781,-37.78741,METRO BUS
144.19931,-36.75657,METRO BUS
144.20409,-36.74286,METRO BUS
144.2202,-36.75215,METRO BUS
144.22288,-36.75295,METRO BUS
145.23952,-37.78631,METRO BUS
144.22365,-36.75582,METRO BUS
144.22721,-36.75786,METRO BUS
144.23591,-36.76101,METRO BUS
144.24937,-36.75937,METRO BUS
144.33865,-36.80537,METRO BUS
144.33813,-36.80057,METRO BUS
145.24062,-37.7849,METRO BUS
144.33994,-36.7955,METRO BUS
144.33767,-36.79684,METRO BUS
144.33825,-36.80052,METRO BUS
145.24611,-37.78663,METRO BUS
144.34114,-36.80402,METRO BUS
145.34426,-37.77519,METRO BUS
144.28296,-36.76455,METRO BUS
144.28311,-36.76473,METRO BUS
144.94264,-37.80681,METRO BUS
145.24351,-37.78497,METRO BUS
145.24789,-37.78832,METRO BUS
145.24481,-37.79222,METRO BUS
145.24232,-37.79422,METRO BUS
145.25793,-37.91397,METRO BUS
145.25781,-37.91411,METRO BUS
145.08697,-37.65122,METRO BUS
145.24081,-37.79504,METRO BUS
144.7743,-37.70094,METRO BUS
144.90101,-37.7882,METRO BUS
144.89975,-37.7865,METRO BUS
144.89763,-37.78543,METRO BUS
144.89507,-37.78512,METRO BUS
144.89175,-37.7847,METRO BUS
145.07871,-37.88454,METRO BUS
145.2387,-37.7964,METRO BUS
144.89152,-37.78109,METRO BUS
144.88843,-37.77605,METRO BUS
144.88731,-37.77604,METRO BUS
144.8913,-37.78143,METRO BUS
144.89228,-37.78489,METRO BUS
144.89438,-37.78515,METRO BUS
144.89752,-37.78554,METRO BUS
144.90061,-37.78671,METRO BUS
144.90107,-37.78833,METRO BUS
144.90119,-37.80139,METRO BUS
145.23645,-37.79857,METRO BUS
144.28311,-36.76503,METRO BUS
144.28314,-36.76491,METRO BUS
144.28258,-36.76414,METRO BUS
145.23394,-37.80109,METRO BUS
144.88938,-37.79237,METRO BUS
144.92695,-37.6064,METRO BUS
144.92504,-37.60674,METRO BUS
144.9201,-37.60715,METRO BUS
145.23253,-37.80248,METRO BUS
144.92502,-37.60672,METRO BUS
144.92685,-37.60635,METRO BUS
144.91248,-37.59491,METRO BUS
144.96826,-37.40523,METRO BUS
144.91484,-37.59537,METRO BUS
145.23042,-37.80523,METRO BUS
144.86884,-37.72872,METRO BUS
144.96659,-37.73709,METRO BUS
144.96549,-37.73444,METRO BUS
144.96396,-37.73079,METRO BUS
144.96348,-37.72622,METRO BUS
145.23056,-37.8072,METRO BUS
144.96514,-37.70704,METRO BUS
144.96167,-37.70667,METRO BUS
144.96077,-37.70113,METRO BUS
144.9644,-37.70153,METRO BUS
144.96513,-37.70162,METRO BUS
144.96078,-37.70115,METRO BUS
144.96164,-37.70664,METRO BUS
144.96436,-37.70701,METRO BUS
145.23064,-37.80868,METRO BUS
144.96383,-37.72611,METRO BUS
144.96407,-37.73082,METRO BUS
144.96526,-37.73372,METRO BUS
144.9668,-37.73728,METRO BUS
144.23758,-36.81865,METRO BUS
144.22887,-36.81681,METRO BUS
144.24261,-36.80113,METRO BUS
144.24361,-36.79774,METRO BUS
144.23826,-36.81779,METRO BUS
144.23922,-36.81414,METRO BUS
144.24864,-36.7951,METRO BUS
144.29803,-36.77834,METRO BUS
144.36272,-36.79984,METRO BUS
144.36613,-36.79977,METRO BUS
144.37255,-36.79659,METRO BUS
144.37942,-36.79649,METRO BUS
144.36659,-36.78835,METRO BUS
144.35991,-36.78753,METRO BUS
144.35404,-36.78886,METRO BUS
145.13021,-37.75794,METRO BUS
144.35305,-36.79367,METRO BUS
144.35238,-36.79675,METRO BUS
144.35897,-36.79888,METRO BUS
144.36279,-36.80007,METRO BUS
144.99067,-37.67926,METRO BUS
144.99048,-37.68236,METRO BUS
144.9949,-37.68404,METRO BUS
144.99731,-37.68511,METRO BUS
144.99991,-37.6845,METRO BUS
144.99975,-37.6813,METRO BUS
145.1444,-37.76577,METRO BUS
145.00275,-37.68161,METRO BUS
144.30392,-36.74714,METRO BUS
144.2717,-36.76418,METRO BUS
144.96419,-37.8116,METRO BUS
144.96157,-37.81654,METRO BUS
144.861,-37.74054,METRO BUS
145.19878,-37.96824,METRO BUS
144.86537,-37.84453,METRO BUS
144.86388,-37.84299,METRO BUS
144.86423,-37.8409,METRO BUS
144.8458,-37.83571,METRO BUS
144.84263,-37.83478,METRO BUS
144.84321,-37.83149,METRO BUS
145.15,-37.76597,METRO BUS
144.85104,-37.8273,METRO BUS
144.85528,-37.82774,METRO BUS
144.85694,-37.82902,METRO BUS
144.86146,-37.83257,METRO BUS
144.86481,-37.83293,METRO BUS
144.86802,-37.83326,METRO BUS
144.87096,-37.83359,METRO BUS
144.87342,-37.83386,METRO BUS
144.87394,-37.8315,METRO BUS
144.87178,-37.83126,METRO BUS
145.15455,-37.76744,METRO BUS
144.86805,-37.8309,METRO BUS
144.87506,-37.82839,METRO BUS
144.87383,-37.82651,METRO BUS
144.87051,-37.82614,METRO BUS
144.87026,-37.82379,METRO BUS
144.87335,-37.82325,METRO BUS
144.87402,-37.822,METRO BUS
144.87713,-37.82234,METRO BUS
144.87866,-37.82134,METRO BUS
144.87342,-37.82351,METRO BUS
145.15571,-37.77006,METRO BUS
144.8702,-37.82384,METRO BUS
144.87079,-37.8261,METRO BUS
144.87405,-37.82635,METRO BUS
144.87514,-37.82848,METRO BUS
144.86956,-37.82856,METRO BUS
144.86798,-37.82895,METRO BUS
144.86831,-37.83084,METRO BUS
144.87194,-37.83124,METRO BUS
144.8811,-37.81635,METRO BUS
144.8614,-37.83268,METRO BUS
144.85679,-37.82899,METRO BUS
144.85505,-37.82779,METRO BUS
144.88028,-37.8126,METRO BUS
144.85105,-37.82732,METRO BUS
144.87832,-37.81231,METRO BUS
144.84676,-37.82692,METRO BUS
144.87552,-37.81198,METRO BUS
144.84324,-37.83144,METRO BUS
144.87171,-37.8116,METRO BUS
144.86788,-37.81269,METRO BUS
145.14345,-37.78792,METRO BUS
144.86519,-37.81348,METRO BUS
144.86384,-37.81416,METRO BUS
144.84273,-37.83491,METRO BUS
144.86351,-37.81583,METRO BUS
144.84591,-37.83558,METRO BUS
144.86442,-37.84092,METRO BUS
144.86389,-37.84392,METRO BUS
144.86578,-37.8445,METRO BUS
144.86838,-37.84476,METRO BUS
145.15051,-38.1195,METRO BUS
145.14302,-37.79024,METRO BUS
144.86632,-37.81649,METRO BUS
144.8684,-37.81771,METRO BUS
144.87189,-37.81905,METRO BUS
144.88145,-37.81625,METRO BUS
144.77183,-37.71676,METRO BUS
144.77194,-37.71655,METRO BUS
144.88897,-37.70943,METRO BUS
144.89292,-37.70905,METRO BUS
144.89483,-37.70697,METRO BUS
145.14244,-37.79359,METRO BUS
144.89379,-37.70473,METRO BUS
144.89545,-37.70272,METRO BUS
144.89824,-37.70051,METRO BUS
144.89935,-37.70123,METRO BUS
144.89947,-37.69926,METRO BUS
144.90167,-37.70012,METRO BUS
144.90007,-37.70217,METRO BUS
144.89802,-37.70397,METRO BUS
144.89969,-37.70462,METRO BUS
144.9034,-37.70263,METRO BUS
144.90091,-37.70611,METRO BUS
144.89858,-37.70739,METRO BUS
144.89297,-37.70918,METRO BUS
144.88895,-37.70942,METRO BUS
145.3233,-37.91688,METRO BUS
145.14183,-37.80177,METRO BUS
144.69478,-37.5709,METRO BUS
144.69478,-37.57265,METRO BUS
144.69748,-37.57193,METRO BUS
144.69955,-37.57263,METRO BUS
144.9985,-37.74269,METRO BUS
144.93954,-37.7385,METRO BUS
144.90429,-37.73347,METRO BUS
144.90683,-37.73883,METRO BUS
144.90798,-37.74069,METRO BUS
144.87143,-37.80186,METRO BUS
145.14145,-37.80378,METRO BUS
144.87092,-37.80433,METRO BUS
144.87027,-37.80764,METRO BUS
144.83273,-37.75556,METRO BUS
144.83232,-37.75783,METRO BUS
144.83177,-37.76107,METRO BUS
144.82919,-37.775,METRO BUS
144.82872,-37.77856,METRO BUS
144.83607,-37.79652,METRO BUS
144.83947,-37.79838,METRO BUS
144.83896,-37.80126,METRO BUS
145.14119,-37.80533,METRO BUS
144.83826,-37.80508,METRO BUS
144.84379,-37.80843,METRO BUS
144.84725,-37.81425,METRO BUS
144.9506,-37.72534,METRO BUS
144.94985,-37.72981,METRO BUS
144.95107,-37.73258,METRO BUS
144.95532,-37.7331,METRO BUS
144.9599,-37.73342,METRO BUS
144.96339,-37.73373,METRO BUS
144.83205,-37.86464,METRO BUS
145.14051,-37.80892,METRO BUS
144.83008,-37.8673,METRO BUS
144.96244,-37.7338,METRO BUS
144.95918,-37.73346,METRO BUS
144.95535,-37.7331,METRO BUS
144.9513,-37.73275,METRO BUS
144.94989,-37.72928,METRO BUS
144.95047,-37.72532,METRO BUS
144.83272,-37.86461,METRO BUS
144.84912,-37.82055,METRO BUS
144.84713,-37.81408,METRO BUS
145.1401,-37.81101,METRO BUS
144.84253,-37.80839,METRO BUS
144.83813,-37.80493,METRO BUS
144.83924,-37.79884,METRO BUS
144.8388,-37.80131,METRO BUS
144.836,-37.79662,METRO BUS
144.82999,-37.77926,METRO BUS
144.82908,-37.77475,METRO BUS
144.8317,-37.7607,METRO BUS
144.83221,-37.75769,METRO BUS
144.83268,-37.75487,METRO BUS
145.13982,-37.81288,METRO BUS
144.91187,-37.74739,METRO BUS
144.90815,-37.74153,METRO BUS
144.90654,-37.73893,METRO BUS
144.99663,-37.74439,METRO BUS
144.99814,-37.74254,METRO BUS
145.02599,-37.74035,METRO BUS
144.83282,-37.78737,METRO BUS
144.83259,-37.78727,METRO BUS
145.06168,-37.7571,METRO BUS
145.13942,-37.81513,METRO BUS
145.00627,-37.71628,METRO BUS
144.89867,-37.80086,METRO BUS
144.90036,-37.80099,METRO BUS
143.89278,-37.57018,METRO BUS
145.07455,-37.62849,METRO BUS
145.07184,-37.6288,METRO BUS
145.13899,-37.81724,METRO BUS
145.07435,-37.62861,METRO BUS
145.07189,-37.62893,METRO BUS
144.93116,-37.64185,METRO BUS
144.93014,-37.64346,METRO BUS
144.93115,-37.64259,METRO BUS
144.92983,-37.64361,METRO BUS
143.81493,-37.55414,METRO BUS
145.14576,-37.80966,METRO BUS
143.78803,-37.54291,METRO BUS
145.12873,-37.90519,METRO BUS
145.12872,-37.9051,METRO BUS
144.8055,-37.87092,METRO BUS
145.1499,-37.8101,METRO BUS
145.157,-37.81459,METRO BUS
145.18365,-37.76911,METRO BUS
144.89468,-37.70698,METRO BUS
145.1745,-37.76439,METRO BUS
145.17816,-37.76481,METRO BUS
145.18256,-37.76595,METRO BUS
145.29257,-38.05292,METRO BUS
144.88413,-37.80229,METRO BUS
144.9484,-37.81084,METRO BUS
144.94735,-37.81103,METRO BUS
145.18364,-37.77224,METRO BUS
145.21647,-37.90217,METRO BUS
145.21402,-37.90399,METRO BUS
145.37608,-37.78411,METRO BUS
144.9411,-37.81184,METRO BUS
145.183,-37.77588,METRO BUS
145.18241,-37.77918,METRO BUS
144.47085,-38.17934,METRO BUS
144.47458,-38.17966,METRO BUS
144.46957,-38.18996,METRO BUS
144.4688,-38.19131,METRO BUS
144.46159,-38.19067,METRO BUS
144.4581,-38.18981,METRO BUS
144.45518,-38.18787,METRO BUS
145.14474,-37.98936,METRO BUS
145.18206,-37.78119,METRO BUS
145.18171,-37.7845,METRO BUS
145.25805,-37.97627,METRO BUS
145.33681,-38.05961,METRO BUS
145.18108,-37.78686,METRO BUS
145.18053,-37.78949,METRO BUS
144.70244,-37.57392,METRO BUS
145.18012,-37.79176,METRO BUS
145.17957,-37.79511,METRO BUS
145.3104,-38.02523,METRO BUS
145.31075,-38.02568,METRO BUS
144.47594,-38.17978,METRO BUS
144.47523,-38.18366,METRO BUS
144.47444,-38.1872,METRO BUS
145.17878,-37.79868,METRO BUS
144.47168,-38.18679,METRO BUS
144.46663,-38.17744,METRO BUS
144.40181,-38.17329,METRO BUS
145.17845,-37.80053,METRO BUS
144.89276,-37.82139,METRO BUS
145.25172,-37.9297,METRO BUS
145.25187,-37.92959,METRO BUS
145.17808,-37.80541,METRO BUS
144.72164,-37.56344,METRO BUS
145.17783,-37.80721,METRO BUS
145.28525,-38.05032,METRO BUS
145.16187,-37.79713,METRO BUS
145.16153,-37.79724,METRO BUS
145.18269,-37.85625,METRO BUS
145.14617,-37.98172,METRO BUS
145.17688,-37.81409,METRO BUS
144.51409,-38.21106,METRO BUS
144.66327,-38.26531,METRO BUS
145.46593,-37.94726,METRO BUS
145.46585,-37.94722,METRO BUS
145.1766,-37.81587,METRO BUS
144.43792,-38.18272,METRO BUS
144.51395,-38.26971,METRO BUS
145.17661,-37.82044,METRO BUS
144.31479,-36.70505,METRO BUS
144.71859,-37.56102,METRO BUS
144.71567,-37.56238,METRO BUS
145.14275,-37.72632,METRO BUS
144.33237,-38.24722,METRO BUS
144.71111,-37.55847,METRO BUS
145.14695,-37.97787,METRO BUS
144.76488,-37.87034,METRO BUS
144.69467,-37.57086,METRO BUS
144.28533,-36.76018,METRO BUS
144.8116,-37.87069,METRO BUS
144.5126,-38.26286,METRO BUS
144.38822,-38.16077,METRO BUS
144.94265,-37.80694,METRO BUS
144.33264,-38.24797,METRO BUS
144.31795,-38.3309,METRO BUS
144.13341,-37.30993,METRO BUS
144.1281,-37.30201,METRO BUS
145.14749,-37.97514,METRO BUS
145.10419,-37.77553,METRO BUS
145.10461,-37.77321,METRO BUS
145.10462,-37.77344,METRO BUS
145.10426,-37.77555,METRO BUS
144.73318,-37.88328,METRO BUS
144.73302,-37.88327,METRO BUS
144.73781,-37.88519,METRO BUS
144.33527,-38.09173,METRO BUS
144.93242,-37.57836,METRO BUS
144.35852,-38.15852,METRO BUS
145.17037,-37.78161,METRO BUS
145.17482,-37.77842,METRO BUS
145.17477,-37.77667,METRO BUS
145.17524,-37.77535,METRO BUS
145.17794,-37.7764,METRO BUS
145.17617,-37.7811,METRO BUS
145.10368,-37.77867,METRO BUS
145.09469,-37.7725,METRO BUS
145.09265,-37.7709,METRO BUS
145.08948,-37.76993,METRO BUS
145.08688,-37.76873,METRO BUS
145.08426,-37.76768,METRO BUS
145.0819,-37.76689,METRO BUS
145.09297,-37.76546,METRO BUS
145.09503,-37.76478,METRO BUS
145.09538,-37.7586,METRO BUS
145.09561,-37.76171,METRO BUS
145.09595,-37.75977,METRO BUS
145.09273,-37.75791,METRO BUS
145.0895,-37.75771,METRO BUS
145.09485,-37.75529,METRO BUS
145.17322,-37.78022,METRO BUS
145.09315,-37.75563,METRO BUS
145.08935,-37.75745,METRO BUS
145.09256,-37.75785,METRO BUS
145.09557,-37.76178,METRO BUS
145.09516,-37.76401,METRO BUS
145.08216,-37.76688,METRO BUS
145.08432,-37.76788,METRO BUS
145.08686,-37.76874,METRO BUS
145.08963,-37.76994,METRO BUS
145.10382,-37.77853,METRO BUS
145.10329,-37.78163,METRO BUS
145.10406,-37.78491,METRO BUS
145.17621,-37.78107,METRO BUS
145.1753,-37.77537,METRO BUS
145.17456,-37.77655,METRO BUS
145.1749,-37.77842,METRO BUS
145.17287,-37.78048,METRO BUS
145.11852,-37.65017,METRO BUS
145.10328,-37.78142,METRO BUS
145.10364,-37.78464,METRO BUS
145.09536,-37.75853,METRO BUS
144.69713,-37.57063,METRO BUS
144.70004,-37.57093,METRO BUS
145.33875,-38.05664,METRO BUS
145.14828,-37.97126,METRO BUS
144.70145,-37.56836,METRO BUS
145.33055,-38.05883,METRO BUS
145.62365,-37.79141,METRO BUS
145.17777,-37.77664,METRO BUS
145.18073,-38.38689,METRO BUS
145.18078,-38.38691,METRO BUS
145.17745,-37.77921,METRO BUS
145.17745,-37.7792,METRO BUS
145.01559,-37.67142,METRO BUS
144.30855,-38.33702,METRO BUS
144.30923,-38.33474,METRO BUS
144.30671,-38.33319,METRO BUS
143.83443,-37.59286,METRO BUS
143.83213,-37.59288,METRO BUS
143.83602,-37.60239,METRO BUS
145.1292,-37.70009,METRO BUS
143.83996,-37.59885,METRO BUS
143.83748,-37.59878,METRO BUS
143.833,-37.59276,METRO BUS
143.83168,-37.58657,METRO BUS
143.8275,-37.58722,METRO BUS
145.16631,-37.78029,METRO BUS
144.87562,-37.82218,METRO BUS
144.9764,-37.74651,METRO BUS
144.99572,-37.71512,METRO BUS
145.00341,-37.73057,METRO BUS
144.99656,-37.71183,METRO BUS
145.00204,-37.71594,METRO BUS
145.00093,-37.7282,METRO BUS
143.86367,-37.55923,METRO BUS
143.84066,-37.52869,METRO BUS
144.95922,-37.81327,METRO BUS
144.25431,-36.78086,METRO BUS
144.37022,-38.15218,METRO BUS
144.26804,-36.77749,METRO BUS
144.27067,-36.78013,METRO BUS
144.27333,-36.77656,METRO BUS
144.2779,-36.77551,METRO BUS
144.2735,-36.77671,METRO BUS
144.26932,-36.77914,METRO BUS
144.26748,-36.77686,METRO BUS
144.25987,-36.77783,METRO BUS
144.25886,-36.78111,METRO BUS
144.25399,-36.78088,METRO BUS
144.40253,-38.1728,METRO BUS
145.14947,-37.96549,METRO BUS
144.54188,-38.25937,METRO BUS
144.56892,-37.67964,METRO BUS
145.18369,-38.10168,METRO BUS
145.18369,-38.10163,METRO BUS
144.85633,-37.83154,METRO BUS
145.15034,-37.96162,METRO BUS
144.21687,-36.74867,METRO BUS
145.02001,-37.72733,METRO BUS
144.22832,-36.76015,METRO BUS
144.22808,-36.7603,METRO BUS
144.21666,-36.7487,METRO BUS
144.68113,-37.9219,METRO BUS
145.12499,-38.132,METRO BUS
145.01611,-37.62225,METRO BUS
145.0156,-37.62643,METRO BUS
145.01533,-37.6286,METRO BUS
145.01632,-37.63006,METRO BUS
145.01942,-37.63056,METRO BUS
145.02239,-37.6298,METRO BUS
145.02535,-37.62815,METRO BUS
145.0275,-37.6282,METRO BUS
145.02522,-37.6283,METRO BUS
145.02147,-37.6308,METRO BUS
145.01943,-37.6307,METRO BUS
145.01597,-37.63001,METRO BUS
145.01532,-37.62794,METRO BUS
145.0157,-37.62545,METRO BUS
145.01595,-37.62212,METRO BUS
144.9718,-37.79079,METRO BUS
144.92835,-37.60867,METRO BUS
144.92745,-37.61234,METRO BUS
144.92701,-37.61404,METRO BUS
144.3484,-38.14063,METRO BUS
144.3349,-38.19603,METRO BUS
145.00434,-37.72007,METRO BUS
145.1605,-37.90326,METRO BUS
145.13785,-37.02433,METRO BUS
145.13639,-37.76322,METRO BUS
144.65373,-37.8906,METRO BUS
144.62071,-37.88574,METRO BUS
145.14225,-37.76544,METRO BUS
145.49421,-38.07392,METRO BUS
145.12776,-37.02016,METRO BUS
145.09973,-37.03116,METRO BUS
145.03858,-37.00354,METRO BUS
145.03346,-37.00203,METRO BUS
145.0315,-37.0017,METRO BUS
145.033,-36.99963,METRO BUS
145.151,-37.95828,METRO BUS
145.18535,-37.99406,METRO BUS
145.04201,-37.00266,METRO BUS
145.07128,-37.02913,METRO BUS
145.126,-37.0207,METRO BUS
144.68494,-37.96039,METRO BUS
144.64491,-37.88625,METRO BUS
144.66759,-37.9094,METRO BUS
144.6952,-37.87833,METRO BUS
145.11844,-37.97304,METRO BUS
145.10547,-37.97144,METRO BUS
145.09259,-37.96985,METRO BUS
145.32725,-38.02907,METRO BUS
145.31618,-38.02775,METRO BUS
145.31215,-38.02727,METRO BUS
145.30926,-38.02697,METRO BUS
145.15141,-37.95611,METRO BUS
145.30447,-38.02483,METRO BUS
144.2947,-36.76944,METRO BUS
145.29944,-38.0213,METRO BUS
144.31641,-36.70461,METRO BUS
145.294,-38.01734,METRO BUS
145.28913,-38.01398,METRO BUS
144.89373,-37.68094,METRO BUS
144.9086,-37.68154,METRO BUS
144.69957,-37.56717,METRO BUS
144.69805,-37.56565,METRO BUS
145.11301,-37.70951,METRO BUS
145.11783,-37.71042,METRO BUS
145.28412,-38.01163,METRO BUS
145.53525,-37.68355,METRO BUS
145.54152,-37.68605,METRO BUS
145.17729,-37.81135,METRO BUS
145.17546,-37.82229,METRO BUS
145.27928,-38.00935,METRO BUS
145.1747,-37.82589,METRO BUS
145.11509,-38.03658,METRO BUS
145.11007,-38.03813,METRO BUS
144.8908,-37.71426,METRO BUS
144.8833,-37.70379,METRO BUS
144.88226,-37.68759,METRO BUS
145.27361,-38.00437,METRO BUS
145.14892,-37.79371,METRO BUS
145.14871,-37.79363,METRO BUS
144.61111,-38.27109,METRO BUS
144.61117,-38.27101,METRO BUS
144.90089,-37.68074,METRO BUS
145.27303,-38.0016,METRO BUS
144.9192,-37.68289,METRO BUS
145.36401,-37.86382,METRO BUS
145.51571,-37.65719,METRO BUS
143.88304,-37.57691,METRO BUS
143.81455,-37.52937,METRO BUS
145.26885,-38.00106,METRO BUS
143.81007,-37.55489,METRO BUS
143.81234,-37.55518,METRO BUS
143.79455,-37.54567,METRO BUS
143.7907,-37.54405,METRO BUS
143.78664,-37.5447,METRO BUS
143.78776,-37.55225,METRO BUS
143.79046,-37.55256,METRO BUS
145.26671,-38.00079,METRO BUS
145.26396,-38.00047,METRO BUS
145.26145,-38.00016,METRO BUS
145.13085,-37.02166,METRO BUS
145.02949,-37.00018,METRO BUS
145.03017,-36.99868,METRO BUS
145.03748,-36.99962,METRO BUS
145.25809,-37.99962,METRO BUS
145.13089,-37.02161,METRO BUS
145.14006,-37.02132,METRO BUS
145.14268,-37.02387,METRO BUS
145.25502,-37.99757,METRO BUS
145.25153,-37.99659,METRO BUS
145.00901,-37.89198,METRO BUS
145.24435,-37.99556,METRO BUS
145.24188,-37.99535,METRO BUS
145.15184,-37.95192,METRO BUS
145.23886,-37.99526,METRO BUS
145.23612,-37.99511,METRO BUS
145.234,-37.99558,METRO BUS
145.23144,-37.99621,METRO BUS
145.22888,-37.9965,METRO BUS
145.22549,-37.99609,METRO BUS
145.22284,-37.99393,METRO BUS
145.2207,-37.9916,METRO BUS
145.21835,-37.98913,METRO BUS
145.217,-37.98765,METRO BUS
145.15348,-37.94976,METRO BUS
145.20941,-37.9897,METRO BUS
145.20766,-37.98878,METRO BUS
145.20482,-37.98694,METRO BUS
145.94821,-38.15787,METRO BUS
145.20194,-37.98497,METRO BUS
145.84289,-38.12033,METRO BUS
145.14473,-37.76564,METRO BUS
145.19552,-37.9917,METRO BUS
145.14503,-37.02553,METRO BUS
145.14474,-37.02708,METRO BUS
145.14875,-37.03174,METRO BUS
145.15073,-37.03109,METRO BUS
145.15187,-37.02929,METRO BUS
145.15323,-37.03167,METRO BUS
145.15353,-37.03447,METRO BUS
145.15265,-37.03663,METRO BUS
145.15061,-37.03593,METRO BUS
145.15014,-37.0334,METRO BUS
145.1489,-37.03347,METRO BUS
145.14626,-37.03437,METRO BUS
145.14243,-37.03378,METRO BUS
145.13866,-37.03231,METRO BUS
145.1381,-37.03075,METRO BUS
145.13848,-37.02891,METRO BUS
145.15623,-37.9519,METRO BUS
145.18837,-37.99343,METRO BUS
145.02777,-36.9905,METRO BUS
146.55225,-38.20928,METRO BUS
145.33957,-37.91116,METRO BUS
146.52092,-38.20576,METRO BUS
145.18564,-37.9942,METRO BUS
146.41593,-38.3132,METRO BUS
146.41581,-38.31784,METRO BUS
146.42204,-38.31932,METRO BUS
146.42054,-38.32305,METRO BUS
146.42328,-38.32254,METRO BUS
145.18288,-37.99494,METRO BUS
146.42485,-38.32112,METRO BUS
146.42336,-38.22842,METRO BUS
146.52391,-38.20255,METRO BUS
146.52952,-38.20118,METRO BUS
145.11163,-38.16996,METRO BUS
146.51877,-38.19169,METRO BUS
146.55577,-38.20815,METRO BUS
146.55603,-38.20717,METRO BUS
145.14822,-37.71306,METRO BUS
146.5557,-38.20349,METRO BUS
145.146,-37.72053,METRO BUS
145.17379,-37.99341,METRO BUS
145.169,-37.99389,METRO BUS
145.16447,-37.99332,METRO BUS
145.15022,-37.7659,METRO BUS
145.29103,-38.01155,METRO BUS
145.29164,-38.00844,METRO BUS
145.15814,-37.95407,METRO BUS
145.2858,-38.00483,METRO BUS
145.28284,-38.00469,METRO BUS
145.27955,-38.00556,METRO BUS
146.54337,-38.2013,METRO BUS
145.27884,-38.00815,METRO BUS
145.15209,-37.95395,METRO BUS
145.06913,-37.64491,METRO BUS
145.06926,-37.64543,METRO BUS
145.14021,-38.10598,METRO BUS
145.14048,-38.1044,METRO BUS
145.14484,-38.10072,METRO BUS
145.15108,-38.10135,METRO BUS
145.15172,-38.10004,METRO BUS
145.1605,-38.09774,METRO BUS
145.16568,-38.09838,METRO BUS
145.15472,-37.76733,METRO BUS
145.17026,-38.09896,METRO BUS
145.17157,-38.09949,METRO BUS
145.16506,-38.09856,METRO BUS
145.10994,-38.0383,METRO BUS
145.1586,-38.09777,METRO BUS
145.15174,-38.10007,METRO BUS
145.15031,-38.10133,METRO BUS
145.14491,-38.10073,METRO BUS
145.15577,-37.77038,METRO BUS
145.1555,-37.77197,METRO BUS
145.14378,-37.78761,METRO BUS
145.15769,-37.95653,METRO BUS
145.14325,-37.79029,METRO BUS
145.1425,-37.7936,METRO BUS
145.14237,-37.79774,METRO BUS
145.14205,-37.80161,METRO BUS
145.14162,-37.80378,METRO BUS
145.14122,-37.806,METRO BUS
145.14074,-37.80857,METRO BUS
145.14021,-37.81113,METRO BUS
145.14002,-37.81268,METRO BUS
145.13953,-37.81517,METRO BUS
145.15717,-37.95932,METRO BUS
145.13911,-37.81716,METRO BUS
145.1457,-37.80977,METRO BUS
145.14924,-37.81015,METRO BUS
145.15722,-37.81302,METRO BUS
145.15634,-37.81693,METRO BUS
145.18352,-37.76902,METRO BUS
145.17331,-37.76446,METRO BUS
145.12231,-37.97669,METRO BUS
145.15651,-37.96246,METRO BUS
145.17822,-37.76505,METRO BUS
145.18238,-37.76624,METRO BUS
145.18359,-37.77174,METRO BUS
145.18286,-37.77521,METRO BUS
145.18222,-37.77902,METRO BUS
145.18205,-37.7812,METRO BUS
145.18124,-37.78534,METRO BUS
145.18099,-37.78647,METRO BUS
145.18042,-37.78929,METRO BUS
145.17992,-37.79204,METRO BUS
145.17942,-37.79509,METRO BUS
145.17855,-37.79842,METRO BUS
146.41805,-38.22822,METRO BUS
145.17829,-37.79991,METRO BUS
146.41614,-38.30685,METRO BUS
146.41628,-38.30447,METRO BUS
146.41219,-38.22714,METRO BUS
145.17753,-37.8072,METRO BUS
146.55222,-38.19879,METRO BUS
146.41474,-38.22307,METRO BUS
145.17506,-37.80825,METRO BUS
145.17141,-37.8078,METRO BUS
146.48775,-38.26661,METRO BUS
146.48031,-38.27276,METRO BUS
145.15956,-37.96325,METRO BUS
145.17646,-37.81452,METRO BUS
146.43156,-38.22486,METRO BUS
145.18175,-37.81969,METRO BUS
146.56193,-38.19815,METRO BUS
146.56679,-38.19854,METRO BUS
146.57063,-38.19421,METRO BUS
145.18536,-37.81821,METRO BUS
146.57424,-38.19268,METRO BUS
146.5775,-38.1954,METRO BUS
146.43152,-38.22506,METRO BUS
146.41501,-38.22312,METRO BUS
146.41281,-38.22686,METRO BUS
146.43531,-38.22619,METRO BUS
145.0864,-37.96924,METRO BUS
146.40047,-38.23272,METRO BUS
146.4005,-38.23288,METRO BUS
145.11772,-37.97309,METRO BUS
146.4098,-38.2298,METRO BUS
146.41019,-38.22977,METRO BUS
145.29654,-38.0192,METRO BUS
146.48023,-38.27238,METRO BUS
146.43423,-38.2219,METRO BUS
146.43429,-38.22217,METRO BUS
145.16226,-37.9636,METRO BUS
146.2531,-38.19214,METRO BUS
146.24941,-38.19174,METRO BUS
146.24144,-38.18459,METRO BUS
146.25007,-38.18437,METRO BUS
146.28766,-38.17628,METRO BUS
146.28753,-38.17644,METRO BUS
146.24504,-38.19075,METRO BUS
146.24552,-38.18866,METRO BUS
146.24221,-38.18705,METRO BUS
146.2406,-38.1883,METRO BUS
145.1943,-37.81639,METRO BUS
145.19325,-37.81241,METRO BUS
145.07909,-37.62882,METRO BUS
145.08413,-37.63005,METRO BUS
145.08731,-37.63146,METRO BUS
145.09214,-37.63216,METRO BUS
145.09309,-37.63234,METRO BUS
145.19335,-37.81365,METRO BUS
145.0885,-37.63192,METRO BUS
145.0842,-37.63026,METRO BUS
145.07971,-37.62914,METRO BUS
145.09318,-37.63003,METRO BUS
145.09287,-37.62733,METRO BUS
145.09255,-37.6228,METRO BUS
145.09268,-37.62292,METRO BUS
145.09258,-37.62765,METRO BUS
145.09345,-37.63012,METRO BUS
145.09226,-37.61291,METRO BUS
145.19301,-37.80989,METRO BUS
145.09234,-37.61278,METRO BUS
145.08916,-37.59831,METRO BUS
145.09079,-37.59335,METRO BUS
145.08906,-37.59863,METRO BUS
145.09979,-37.59136,METRO BUS
145.19144,-37.80696,METRO BUS
145.09952,-37.59129,METRO BUS
145.12015,-37.59115,METRO BUS
145.1203,-37.59121,METRO BUS
145.16591,-37.96401,METRO BUS
145.19001,-37.80523,METRO BUS
145.11657,-37.58835,METRO BUS
145.13839,-37.02623,METRO BUS
145.17454,-37.82515,METRO BUS
145.13544,-37.02011,METRO BUS
145.13442,-37.01712,METRO BUS
145.14467,-37.01413,METRO BUS
145.14649,-37.01418,METRO BUS
145.18685,-37.80239,METRO BUS
145.17499,-37.82279,METRO BUS
145.14644,-37.01647,METRO BUS
145.14648,-37.0182,METRO BUS
145.15183,-37.01691,METRO BUS
145.1754,-37.82061,METRO BUS
145.15973,-37.01474,METRO BUS
145.1168,-37.58848,METRO BUS
145.15462,-37.01616,METRO BUS
145.15186,-37.01693,METRO BUS
145.18297,-37.8003,METRO BUS
145.06956,-37.02797,METRO BUS
145.15714,-37.02728,METRO BUS
145.15645,-37.03057,METRO BUS
145.15547,-37.03456,METRO BUS
145.15062,-37.03333,METRO BUS
145.14518,-37.02992,METRO BUS
145.47587,-37.94034,METRO BUS
145.37102,-37.96019,METRO BUS
145.17727,-37.79463,METRO BUS
145.48739,-37.93627,METRO BUS
145.11778,-37.71059,METRO BUS
145.11175,-37.70842,METRO BUS
145.07311,-37.68576,METRO BUS
145.07659,-37.68566,METRO BUS
145.17538,-37.7926,METRO BUS
145.07577,-37.68343,METRO BUS
145.07445,-37.68095,METRO BUS
145.07267,-37.67942,METRO BUS
145.07162,-37.68166,METRO BUS
145.06994,-37.68215,METRO BUS
145.17368,-37.7909,METRO BUS
145.03537,-37.80781,METRO BUS
145.02382,-37.82135,METRO BUS
145.02649,-37.82091,METRO BUS
145.03022,-37.79426,METRO BUS
145.02902,-37.80919,METRO BUS
145.02692,-37.81928,METRO BUS
144.90933,-37.68184,METRO BUS
144.89984,-37.68088,METRO BUS
145.16988,-37.79015,METRO BUS
144.89232,-37.68102,METRO BUS
144.88307,-37.68508,METRO BUS
144.88263,-37.68756,METRO BUS
145.13215,-37.61246,METRO BUS
145.02959,-38.23218,METRO BUS
145.02965,-38.23203,METRO BUS
145.16797,-37.78995,METRO BUS
145.16475,-37.78957,METRO BUS
145.16088,-37.78912,METRO BUS
145.17033,-37.9646,METRO BUS
145.15753,-37.78872,METRO BUS
145.15314,-37.78818,METRO BUS
145.14902,-37.7877,METRO BUS
145.14466,-37.78722,METRO BUS
145.13822,-37.7865,METRO BUS
145.13549,-37.78679,METRO BUS
145.13221,-37.78737,METRO BUS
145.12873,-37.78745,METRO BUS
145.12592,-37.78744,METRO BUS
145.12147,-37.78804,METRO BUS
145.1724,-37.96487,METRO BUS
145.11661,-37.78795,METRO BUS
145.1131,-37.7876,METRO BUS
145.11043,-37.78767,METRO BUS
145.08616,-37.79429,METRO BUS
145.0898,-37.79315,METRO BUS
145.09325,-37.79204,METRO BUS
145.09638,-37.79103,METRO BUS
145.10051,-37.78972,METRO BUS
145.07814,-37.79398,METRO BUS
145.14817,-37.71324,METRO BUS
145.17937,-38.11535,METRO BUS
145.14399,-37.9953,METRO BUS
144.6996,-37.56316,METRO BUS
145.14228,-38.00381,METRO BUS
145.07233,-37.793,METRO BUS
145.17587,-37.96527,METRO BUS
144.96178,-37.81251,METRO BUS
144.95547,-37.81435,METRO BUS
145.14183,-37.79878,METRO BUS
145.15926,-37.80172,METRO BUS
145.16017,-37.79897,METRO BUS
145.16046,-37.79746,METRO BUS
145.16078,-37.79578,METRO BUS
145.16118,-37.79374,METRO BUS
145.16158,-37.79164,METRO BUS
145.16194,-37.78981,METRO BUS
145.17791,-37.96552,METRO BUS
145.1625,-37.78704,METRO BUS
145.16299,-37.78418,METRO BUS
144.34664,-36.77512,METRO BUS
145.16358,-37.78102,METRO BUS
144.34526,-38.18054,METRO BUS
144.3436,-38.19574,METRO BUS
144.33088,-38.20192,METRO BUS
144.3436,-38.19582,METRO BUS
145.16422,-37.77724,METRO BUS
144.31145,-38.21003,METRO BUS
144.31197,-38.20753,METRO BUS
144.34631,-38.2043,METRO BUS
145.16503,-37.77255,METRO BUS
144.31192,-38.20868,METRO BUS
144.31328,-38.21097,METRO BUS
144.31682,-38.21053,METRO BUS
144.3297,-38.2073,METRO BUS
144.34633,-38.20426,METRO BUS
144.31644,-38.21066,METRO BUS
144.31221,-38.21117,METRO BUS
144.40297,-38.17056,METRO BUS
145.16553,-37.76984,METRO BUS
144.40091,-38.1697,METRO BUS
144.39941,-38.16818,METRO BUS
144.36937,-38.15214,METRO BUS
144.40519,-38.17427,METRO BUS
144.41609,-38.17745,METRO BUS
145.0684,-37.6424,METRO BUS
145.0683,-37.64261,METRO BUS
145.16641,-37.7649,METRO BUS
145.3379,-37.90011,METRO BUS
144.8802,-37.77565,METRO BUS
144.8666,-37.78132,METRO BUS
144.68491,-37.86826,METRO BUS
145.2706,-38.11137,METRO BUS
144.70129,-37.56283,METRO BUS
144.70326,-37.56338,METRO BUS
145.1737,-37.76248,METRO BUS
145.21131,-37.81711,METRO BUS
145.20655,-37.81666,METRO BUS
145.20468,-37.81647,METRO BUS
145.19856,-37.81583,METRO BUS
145.18784,-37.81731,METRO BUS
145.18113,-37.81824,METRO BUS
145.16602,-37.81829,METRO BUS
145.16196,-37.81815,METRO BUS
145.15666,-37.81785,METRO BUS
145.183,-37.96611,METRO BUS
145.17385,-37.75857,METRO BUS
145.15413,-37.81821,METRO BUS
145.15697,-37.81411,METRO BUS
145.15926,-37.80287,METRO BUS
144.88379,-37.68206,METRO BUS
144.88428,-37.6811,METRO BUS
145.11311,-37.72252,METRO BUS
145.11356,-37.71994,METRO BUS
145.1144,-37.68805,METRO BUS
145.17363,-37.75632,METRO BUS
145.1236,-37.66466,METRO BUS
145.10917,-37.65187,METRO BUS
145.09663,-37.65217,METRO BUS
145.17516,-37.75199,METRO BUS
145.08989,-37.79257,METRO BUS
145.09026,-37.79006,METRO BUS
145.09092,-37.78718,METRO BUS
145.18368,-37.74846,METRO BUS
145.08872,-37.78494,METRO BUS
145.09096,-37.78714,METRO BUS
145.08997,-37.79243,METRO BUS
144.99388,-37.64877,METRO BUS
144.9795,-37.64726,METRO BUS
144.69373,-37.57725,METRO BUS
144.925,-37.66063,METRO BUS
145.18915,-37.74936,METRO BUS
144.92221,-37.66431,METRO BUS
144.92329,-37.6668,METRO BUS
144.92344,-37.67317,METRO BUS
144.69765,-37.58586,METRO BUS
144.92306,-37.67315,METRO BUS
144.92309,-37.66702,METRO BUS
144.92217,-37.6629,METRO BUS
144.92493,-37.66031,METRO BUS
144.95497,-37.64368,METRO BUS
144.98102,-37.64701,METRO BUS
144.99597,-37.64859,METRO BUS
144.69927,-37.58693,METRO BUS
145.09707,-37.65212,METRO BUS
145.11008,-37.65147,METRO BUS
145.19475,-37.74921,METRO BUS
145.12491,-37.66011,METRO BUS
145.12623,-37.67182,METRO BUS
145.12479,-37.67843,METRO BUS
145.19905,-37.74981,METRO BUS
145.11531,-37.68773,METRO BUS
145.10781,-37.70023,METRO BUS
145.20048,-37.74815,METRO BUS
145.11355,-37.72057,METRO BUS
145.20113,-37.74573,METRO BUS
145.06057,-37.73088,METRO BUS
145.20963,-37.9948,METRO BUS
145.20394,-37.74549,METRO BUS
145.20708,-37.74697,METRO BUS
145.11316,-37.72281,METRO BUS
145.21032,-37.7471,METRO BUS
144.70213,-37.58655,METRO BUS
145.16646,-37.81807,METRO BUS
145.16985,-37.81818,METRO BUS
144.71262,-37.57864,METRO BUS
145.17575,-37.81831,METRO BUS
145.18109,-37.818,METRO BUS
145.21078,-37.74404,METRO BUS
145.1844,-37.81755,METRO BUS
145.18946,-37.81684,METRO BUS
145.1982,-37.81559,METRO BUS
145.20582,-37.81636,METRO BUS
145.21294,-37.81708,METRO BUS
145.22335,-37.81684,METRO BUS
144.71238,-37.57876,METRO BUS
145.01728,-37.65226,METRO BUS
144.93507,-37.63847,METRO BUS
145.21297,-37.74106,METRO BUS
145.216,-37.73993,METRO BUS
145.21755,-37.73908,METRO BUS
145.21958,-37.73761,METRO BUS
145.22221,-37.73703,METRO BUS
144.70234,-37.58674,METRO BUS
145.14735,-37.75385,METRO BUS
145.16803,-37.74988,METRO BUS
145.21115,-37.87697,METRO BUS
145.22665,-37.73722,METRO BUS
145.18919,-37.96683,METRO BUS
145.22928,-37.73923,METRO BUS
145.23072,-37.74215,METRO BUS
145.0997,-37.75599,METRO BUS
145.11023,-37.75663,METRO BUS
144.23891,-36.81644,METRO BUS
144.31327,-36.78175,METRO BUS
144.31525,-36.7827,METRO BUS
145.23302,-37.74438,METRO BUS
144.69959,-37.58708,METRO BUS
144.34649,-38.17154,METRO BUS
145.23517,-37.74605,METRO BUS
145.23427,-37.75261,METRO BUS
145.23244,-37.75634,METRO BUS
144.96401,-37.74102,METRO BUS
145.23394,-37.75978,METRO BUS
145.34799,-37.9531,METRO BUS
145.12855,-38.04663,METRO BUS
144.69746,-37.58571,METRO BUS
144.69956,-37.58369,METRO BUS
145.23775,-37.76473,METRO BUS
144.33907,-38.31128,METRO BUS
144.70049,-37.58211,METRO BUS
144.33865,-38.31366,METRO BUS
145.24245,-37.76796,METRO BUS
145.22633,-37.80353,METRO BUS
145.02528,-37.78858,METRO BUS
145.24434,-37.7682,METRO BUS
144.70011,-37.58062,METRO BUS
144.69708,-37.5803,METRO BUS
144.69425,-37.58001,METRO BUS
145.19262,-37.96703,METRO BUS
145.24578,-37.76989,METRO BUS
145.24481,-37.77187,METRO BUS
145.24605,-37.77442,METRO BUS
145.2054,-38.13837,METRO BUS
145.2896,-38.09889,METRO BUS
145.24421,-37.77589,METRO BUS
144.70517,-37.56206,METRO BUS
145.24165,-37.77617,METRO BUS
145.23952,-37.77818,METRO BUS
145.02564,-37.78858,METRO BUS
145.23765,-37.78756,METRO BUS
145.29549,-38.15753,METRO BUS
144.73392,-37.88458,METRO BUS
144.73398,-37.88477,METRO BUS
145.23957,-37.78646,METRO BUS
145.24201,-37.78487,METRO BUS
145.24607,-37.78674,METRO BUS
144.73405,-37.88103,METRO BUS
144.73399,-37.88149,METRO BUS
145.08823,-37.78485,METRO BUS
145.19741,-37.96783,METRO BUS
145.24787,-37.78765,METRO BUS
145.24554,-37.79154,METRO BUS
144.71521,-37.56746,METRO BUS
145.14598,-37.76097,METRO BUS
145.09581,-37.78392,METRO BUS
145.38445,-37.73374,METRO BUS
145.38649,-37.73062,METRO BUS
145.24254,-37.7939,METRO BUS
145.38589,-37.72483,METRO BUS
144.71657,-37.56906,METRO BUS
144.71693,-37.57068,METRO BUS
144.71454,-37.57197,METRO BUS
144.62423,-37.88441,METRO BUS
144.62291,-37.88329,METRO BUS
144.71473,-37.57176,METRO BUS
144.6767,-37.85689,METRO BUS
144.67692,-37.85699,METRO BUS
145.24064,-37.795,METRO BUS
144.62183,-37.88798,METRO BUS
144.63617,-37.90265,METRO BUS
144.63262,-37.90223,METRO BUS
144.62688,-37.90163,METRO BUS
144.62689,-37.90149,METRO BUS
144.63178,-37.90201,METRO BUS
144.63622,-37.9025,METRO BUS
144.61373,-37.88074,METRO BUS
145.23854,-37.79636,METRO BUS
144.74387,-37.85386,METRO BUS
144.74392,-37.85373,METRO BUS
144.67566,-37.85534,METRO BUS
144.66766,-37.90933,METRO BUS
144.60777,-37.87632,METRO BUS
144.6582,-37.91109,METRO BUS
144.72711,-37.85023,METRO BUS
144.64683,-37.89785,METRO BUS
144.61679,-37.88207,METRO BUS
144.80355,-37.82955,METRO BUS
145.23627,-37.79854,METRO BUS
144.65735,-37.90778,METRO BUS
144.71686,-37.57059,METRO BUS
144.71671,-37.56935,METRO BUS
144.71514,-37.56753,METRO BUS
144.73014,-37.85267,METRO BUS
144.73248,-37.88743,METRO BUS
144.73224,-37.88706,METRO BUS
144.62363,-37.88961,METRO BUS
145.23307,-37.80177,METRO BUS
144.61257,-37.89054,METRO BUS
144.61254,-37.89036,METRO BUS
144.65663,-37.90927,METRO BUS
144.62514,-37.89786,METRO BUS
144.62502,-37.89796,METRO BUS
144.62281,-37.89433,METRO BUS
144.73713,-37.60055,METRO BUS
144.79786,-37.8144,METRO BUS
145.23028,-37.8054,METRO BUS
144.67058,-37.83634,METRO BUS
144.67023,-37.83649,METRO BUS
144.67576,-37.90887,METRO BUS
144.73279,-37.5987,METRO BUS
144.67999,-37.86198,METRO BUS
144.79793,-37.82908,METRO BUS
144.73144,-37.59951,METRO BUS
144.72513,-37.59869,METRO BUS
144.78211,-37.81467,METRO BUS
144.65019,-37.88879,METRO BUS
145.23048,-37.809,METRO BUS
144.65077,-37.88875,METRO BUS
144.72397,-37.59609,METRO BUS
144.67302,-37.90748,METRO BUS
144.67313,-37.90747,METRO BUS
144.61312,-37.87754,METRO BUS
144.65991,-37.9057,METRO BUS
144.63155,-37.88336,METRO BUS
145.22727,-37.81247,METRO BUS
144.63154,-37.88346,METRO BUS
144.72831,-37.586,METRO BUS
144.72992,-37.58479,METRO BUS
144.65102,-37.90243,METRO BUS
144.73221,-37.58561,METRO BUS
144.62802,-37.88295,METRO BUS
144.62749,-37.88298,METRO BUS
144.73219,-37.89064,METRO BUS
144.73449,-37.58324,METRO BUS
144.73384,-37.58208,METRO BUS
145.20108,-37.96833,METRO BUS
144.61223,-37.87671,METRO BUS
144.62067,-37.88574,METRO BUS
144.81501,-37.82101,METRO BUS
144.80534,-37.82353,METRO BUS
144.79719,-37.82565,METRO BUS
144.72851,-37.89564,METRO BUS
144.72812,-37.89628,METRO BUS
144.701,-37.89319,METRO BUS
144.70106,-37.89267,METRO BUS
144.70042,-37.88701,METRO BUS
144.70056,-37.88687,METRO BUS
144.72616,-37.58553,METRO BUS
144.72417,-37.58811,METRO BUS
144.72708,-37.85124,METRO BUS
144.66275,-37.90976,METRO BUS
144.72424,-37.59154,METRO BUS
144.72364,-37.5939,METRO BUS
144.81296,-37.81565,METRO BUS
144.64755,-37.88839,METRO BUS
144.64566,-37.8883,METRO BUS
144.72876,-37.89382,METRO BUS
144.72844,-37.89451,METRO BUS
144.61244,-37.87929,METRO BUS
144.72412,-37.59607,METRO BUS
144.67132,-37.85362,METRO BUS
144.67134,-37.8537,METRO BUS
144.72513,-37.59851,METRO BUS
144.6243,-37.8831,METRO BUS
144.6243,-37.88324,METRO BUS
144.77362,-37.82274,METRO BUS
144.65724,-37.90795,METRO BUS
144.72769,-37.84586,METRO BUS
144.72787,-37.84585,METRO BUS
144.73562,-37.85311,METRO BUS
144.73542,-37.85297,METRO BUS
144.62339,-37.89324,METRO BUS
144.73145,-37.59937,METRO BUS
144.65079,-37.90236,METRO BUS
144.78016,-37.82333,METRO BUS
144.77237,-37.81815,METRO BUS
144.77845,-37.81668,METRO BUS
144.67594,-37.90904,METRO BUS
144.68032,-37.86014,METRO BUS
144.73232,-37.8902,METRO BUS
144.67178,-37.90791,METRO BUS
144.7336,-37.60039,METRO BUS
145.26192,-37.83923,METRO BUS
145.06945,-37.82066,METRO BUS
145.19432,-37.77404,METRO BUS
145.20417,-37.96873,METRO BUS
145.14045,-37.68674,METRO BUS
144.88389,-37.75091,METRO BUS
144.82132,-37.70674,METRO BUS
144.87099,-37.7305,METRO BUS
144.80505,-37.69985,METRO BUS
145.19012,-38.15893,METRO BUS
145.42751,-37.88323,METRO BUS
145.093,-38.18874,METRO BUS
145.01019,-38.29311,METRO BUS
145.00991,-38.29327,METRO BUS
144.8855,-37.74553,METRO BUS
144.66516,-37.89621,METRO BUS
145.08864,-37.74115,METRO BUS
145.20758,-37.96911,METRO BUS
145.02528,-37.75496,METRO BUS
145.18405,-37.74798,METRO BUS
145.29519,-37.88929,METRO BUS
145.26661,-37.91364,METRO BUS
144.73561,-37.60149,METRO BUS
144.71136,-37.5584,METRO BUS
144.71573,-37.56206,METRO BUS
144.71992,-37.56151,METRO BUS
144.72179,-37.56328,METRO BUS
144.71939,-37.56495,METRO BUS
144.72938,-37.56277,METRO BUS
145.02624,-37.7291,METRO BUS
144.8596,-37.7247,METRO BUS
144.73068,-37.57193,METRO BUS
145.11785,-38.04995,METRO BUS
145.11594,-38.04882,METRO BUS
145.20927,-37.96932,METRO BUS
145.22596,-37.7929,METRO BUS
145.31082,-38.19781,METRO BUS
144.66117,-37.8986,METRO BUS
145.04623,-37.76716,METRO BUS
144.82496,-38.37315,METRO BUS
144.82357,-38.37171,METRO BUS
144.82138,-38.37135,METRO BUS
144.81858,-38.37196,METRO BUS
144.81699,-38.38195,METRO BUS
144.8175,-38.38958,METRO BUS
144.82144,-38.41184,METRO BUS
144.82702,-38.41474,METRO BUS
144.83002,-38.41515,METRO BUS
144.83292,-38.41929,METRO BUS
144.83681,-38.4212,METRO BUS
144.83462,-38.41603,METRO BUS
144.82006,-38.41104,METRO BUS
144.81227,-38.40159,METRO BUS
144.81602,-38.39589,METRO BUS
144.81721,-38.38912,METRO BUS
144.8166,-38.3785,METRO BUS
144.81829,-38.37208,METRO BUS
144.82025,-38.37136,METRO BUS
144.82325,-38.3716,METRO BUS
144.82486,-38.37321,METRO BUS
144.82844,-38.37333,METRO BUS
145.55072,-37.95259,METRO BUS
145.54763,-37.96798,METRO BUS
145.54685,-37.9714,METRO BUS
145.53419,-37.97753,METRO BUS
145.52481,-37.99994,METRO BUS
145.51438,-38.00601,METRO BUS
145.51116,-38.01437,METRO BUS
145.50173,-38.02489,METRO BUS
145.4945,-38.02926,METRO BUS
145.2143,-37.9699,METRO BUS
145.50173,-38.03849,METRO BUS
145.49901,-38.05205,METRO BUS
145.4981,-38.05608,METRO BUS
145.49795,-38.05603,METRO BUS
145.49908,-38.05094,METRO BUS
145.50135,-38.03814,METRO BUS
145.49421,-38.02921,METRO BUS
145.50384,-38.02275,METRO BUS
145.51226,-38.01403,METRO BUS
145.51423,-38.00594,METRO BUS
145.52589,-37.99932,METRO BUS
145.53406,-37.97753,METRO BUS
145.54637,-37.97159,METRO BUS
145.54747,-37.9679,METRO BUS
144.81663,-38.3827,METRO BUS
145.42716,-38.06507,METRO BUS
145.11389,-37.84638,METRO BUS
144.95935,-37.31601,METRO BUS
144.93692,-37.59066,METRO BUS
144.93552,-37.58718,METRO BUS
144.92539,-37.57423,METRO BUS
144.92684,-37.57249,METRO BUS
144.92884,-37.57307,METRO BUS
144.93642,-37.58755,METRO BUS
144.93713,-37.591,METRO BUS
144.30593,-38.20259,METRO BUS
144.35341,-38.19692,METRO BUS
144.96208,-37.3153,METRO BUS
144.9064,-37.58544,METRO BUS
144.90722,-37.58277,METRO BUS
144.92532,-37.5803,METRO BUS
144.90681,-37.58406,METRO BUS
144.63616,-37.9081,METRO BUS
144.63624,-37.90704,METRO BUS
145.10668,-37.70398,METRO BUS
145.01558,-37.6525,METRO BUS
145.01744,-37.65214,METRO BUS
145.20846,-37.97813,METRO BUS
145.20857,-37.97821,METRO BUS
144.5765,-37.68868,METRO BUS
144.57083,-37.68802,METRO BUS
144.5681,-37.68767,METRO BUS
144.57637,-37.68856,METRO BUS
144.57095,-37.68787,METRO BUS
144.5681,-37.68759,METRO BUS
145.17623,-38.14316,METRO BUS
144.7195,-37.56469,METRO BUS
145.04933,-38.23418,METRO BUS
145.02962,-38.22969,METRO BUS
144.93504,-37.63864,METRO BUS
145.16854,-37.76284,METRO BUS
145.16892,-37.76288,METRO BUS
145.16762,-37.76284,METRO BUS
145.16739,-37.76253,METRO BUS
144.5439,-37.6754,METRO BUS
144.54788,-37.67408,METRO BUS
144.54409,-37.67414,METRO BUS
144.54783,-37.67394,METRO BUS
145.10478,-37.70474,METRO BUS
145.13885,-37.94971,METRO BUS
146.39408,-38.23819,METRO BUS
146.39862,-38.23979,METRO BUS
146.39811,-38.23993,METRO BUS
146.38952,-38.23781,METRO BUS
145.0609,-37.72887,METRO BUS
144.9657,-37.64569,METRO BUS
145.02525,-37.78273,METRO BUS
145.06075,-37.73061,METRO BUS
145.02573,-37.78309,METRO BUS
146.15475,-38.20795,METRO BUS
146.19415,-38.20041,METRO BUS
146.19407,-38.20031,METRO BUS
145.62921,-38.08544,METRO BUS
145.57062,-38.08214,METRO BUS
145.13804,-38.1466,METRO BUS
145.67384,-38.09137,METRO BUS
145.71505,-38.09899,METRO BUS
145.85578,-38.13165,METRO BUS
145.76685,-38.11133,METRO BUS
145.42561,-38.06463,METRO BUS
144.69355,-37.57731,METRO BUS
144.35822,-38.15808,METRO BUS
144.36316,-38.06741,METRO BUS
144.30365,-38.21546,METRO BUS
145.20901,-37.99796,METRO BUS
144.91429,-37.75963,METRO BUS
144.91946,-37.75323,METRO BUS
144.32191,-38.30343,METRO BUS
144.32006,-38.30838,METRO BUS
144.32973,-38.26335,METRO BUS
144.3352,-38.23448,METRO BUS
144.29925,-38.16884,METRO BUS
144.30257,-38.16171,METRO BUS
144.30517,-38.16199,METRO BUS
144.30878,-38.16145,METRO BUS
144.31328,-38.15211,METRO BUS
144.31201,-38.14993,METRO BUS
144.30849,-38.15267,METRO BUS
144.31125,-38.15302,METRO BUS
144.30936,-38.16141,METRO BUS
144.30512,-38.16209,METRO BUS
145.0525,-37.67734,METRO BUS
144.30236,-38.16182,METRO BUS
145.05011,-37.67714,METRO BUS
144.32469,-38.10966,METRO BUS
144.326,-38.11079,METRO BUS
145.0381,-37.67579,METRO BUS
144.32456,-38.32157,METRO BUS
144.32564,-38.31967,METRO BUS
144.32853,-38.3174,METRO BUS
145.36972,-37.85422,METRO BUS
145.37349,-37.85499,METRO BUS
145.37773,-37.86794,METRO BUS
145.20729,-38.00647,METRO BUS
145.03435,-37.6754,METRO BUS
145.38058,-37.87223,METRO BUS
145.39848,-37.87397,METRO BUS
145.3995,-37.87397,METRO BUS
145.38098,-37.87295,METRO BUS
144.3294,-38.26281,METRO BUS
145.03235,-37.67604,METRO BUS
144.33499,-38.23339,METRO BUS
144.33834,-38.21606,METRO BUS
144.33862,-38.21616,METRO BUS
145.02934,-37.67688,METRO BUS
144.66925,-38.26474,METRO BUS
145.36988,-37.85429,METRO BUS
145.37758,-37.86772,METRO BUS
145.02649,-37.67754,METRO BUS
145.37342,-37.85547,METRO BUS
144.36334,-38.06733,METRO BUS
145.0238,-37.67816,METRO BUS
144.37218,-38.06818,METRO BUS
144.37975,-38.05124,METRO BUS
145.02113,-37.67879,METRO BUS
144.37986,-38.05156,METRO BUS
144.39613,-38.03392,METRO BUS
144.39882,-38.03428,METRO BUS
144.39962,-38.03655,METRO BUS
144.3964,-38.03619,METRO BUS
145.01902,-37.67899,METRO BUS
144.318,-38.31446,METRO BUS
144.32008,-38.30729,METRO BUS
144.92607,-37.7706,METRO BUS
144.93084,-37.773,METRO BUS
145.20669,-38.00933,METRO BUS
144.93974,-37.77464,METRO BUS
144.9424,-37.77495,METRO BUS
144.37331,-38.06501,METRO BUS
144.37018,-38.06539,METRO BUS
144.36774,-38.06588,METRO BUS
144.9448,-37.77525,METRO BUS
144.35627,-38.14332,METRO BUS
144.65901,-38.1173,METRO BUS
144.3601,-38.14858,METRO BUS
144.36047,-38.14811,METRO BUS
144.94834,-37.77572,METRO BUS
144.66556,-38.26494,METRO BUS
144.47444,-38.19179,METRO BUS
144.95072,-37.77597,METRO BUS
144.52316,-38.25612,METRO BUS
144.51579,-38.25512,METRO BUS
144.5216,-38.25582,METRO BUS
144.51699,-38.25519,METRO BUS
144.50765,-38.25532,METRO BUS
144.50778,-38.25529,METRO BUS
144.50741,-38.25734,METRO BUS
144.50733,-38.25728,METRO BUS
144.50891,-38.26037,METRO BUS
144.95233,-37.77616,METRO BUS
144.51492,-38.26618,METRO BUS
144.50921,-38.26072,METRO BUS
144.95465,-37.77646,METRO BUS
144.95753,-37.7768,METRO BUS
144.48729,-38.28072,METRO BUS
144.48746,-38.28071,METRO BUS
144.48827,-38.27624,METRO BUS
144.48823,-38.27651,METRO BUS
144.48732,-38.27426,METRO BUS
144.4859,-38.27364,METRO BUS
144.95978,-37.7771,METRO BUS
144.45786,-38.2669,METRO BUS
144.45679,-38.26672,METRO BUS
144.42404,-38.2594,METRO BUS
144.42424,-38.25934,METRO BUS
144.37113,-38.2258,METRO BUS
144.37059,-38.22409,METRO BUS
144.35397,-38.18211,METRO BUS
144.5004,-38.28013,METRO BUS
144.96658,-37.7779,METRO BUS
144.49948,-38.28085,METRO BUS
144.50878,-38.27298,METRO BUS
144.3544,-38.1815,METRO BUS
144.35343,-38.19226,METRO BUS
144.49065,-38.28235,METRO BUS
144.49076,-38.28222,METRO BUS
144.97026,-37.77831,METRO BUS
144.58068,-38.14811,METRO BUS
144.58239,-38.14992,METRO BUS
144.5822,-38.15126,METRO BUS
144.55346,-38.16694,METRO BUS
144.65892,-38.11747,METRO BUS
144.71763,-38.14769,METRO BUS
144.71772,-38.14783,METRO BUS
144.97469,-37.77962,METRO BUS
144.4806,-38.17714,METRO BUS
144.48089,-38.17686,METRO BUS
144.39704,-38.15986,METRO BUS
144.39018,-38.1581,METRO BUS
144.39061,-38.15797,METRO BUS
144.38109,-38.1555,METRO BUS
144.37938,-38.15474,METRO BUS
144.41477,-38.16465,METRO BUS
144.97298,-37.78472,METRO BUS
144.41629,-38.16468,METRO BUS
145.13216,-38.01172,METRO BUS
145.11866,-38.00911,METRO BUS
145.10436,-38.005,METRO BUS
145.10244,-38.00108,METRO BUS
145.10138,-38.00325,METRO BUS
144.97534,-37.78498,METRO BUS
145.09824,-38.00174,METRO BUS
145.09604,-38.00155,METRO BUS
145.09162,-38.00299,METRO BUS
145.09193,-38.0027,METRO BUS
145.09637,-38.00141,METRO BUS
145.10131,-38.00098,METRO BUS
145.1047,-38.00386,METRO BUS
145.11832,-38.00892,METRO BUS
145.13235,-38.01144,METRO BUS
144.97958,-37.78547,METRO BUS
145.02474,-37.78057,METRO BUS
145.02513,-37.78156,METRO BUS
145.0693,-37.73133,METRO BUS
145.06949,-37.73097,METRO BUS
145.12185,-37.97212,METRO BUS
145.12472,-37.96815,METRO BUS
145.1315,-37.95981,METRO BUS
144.98128,-37.78565,METRO BUS
145.13915,-37.96074,METRO BUS
145.14844,-37.96189,METRO BUS
145.14809,-37.96193,METRO BUS
145.13837,-37.96076,METRO BUS
145.13193,-37.95998,METRO BUS
145.1247,-37.96846,METRO BUS
145.12201,-37.97209,METRO BUS
145.20402,-37.98989,METRO BUS
145.19822,-37.99113,METRO BUS
145.19981,-37.99053,METRO BUS
144.72831,-37.57403,METRO BUS
145.01839,-37.90893,METRO BUS
145.01835,-37.90881,METRO BUS
144.73028,-37.57209,METRO BUS
144.95322,-37.81945,METRO BUS
144.95341,-37.81918,METRO BUS
145.02334,-37.79025,METRO BUS
144.72955,-37.56948,METRO BUS
144.72823,-37.56714,METRO BUS
144.72877,-37.56487,METRO BUS
144.72914,-37.56265,METRO BUS
144.77459,-37.70107,METRO BUS
144.726,-37.56202,METRO BUS
144.35651,-38.07617,METRO BUS
144.35651,-38.07626,METRO BUS
145.20948,-37.98958,METRO BUS
144.35533,-38.14504,METRO BUS
144.72466,-37.56526,METRO BUS
144.35537,-38.14505,METRO BUS
144.35543,-38.14506,METRO BUS
145.2113,-37.70229,METRO BUS
145.21261,-37.70178,METRO BUS
144.92665,-37.61672,METRO BUS
145.26831,-38.04811,METRO BUS
145.27287,-38.03148,METRO BUS
144.7247,-37.56697,METRO BUS
145.27312,-38.03163,METRO BUS
145.29096,-38.04531,METRO BUS
145.28825,-38.0422,METRO BUS
145.28774,-38.03815,METRO BUS
145.28846,-38.04226,METRO BUS
144.72256,-37.56987,METRO BUS
145.29127,-38.04543,METRO BUS
145.30484,-38.10944,METRO BUS
145.30168,-38.10905,METRO BUS
145.30142,-38.10576,METRO BUS
145.30177,-38.10393,METRO BUS
145.29837,-38.10181,METRO BUS
145.25102,-38.05735,METRO BUS
145.28743,-38.09853,METRO BUS
144.721,-37.57051,METRO BUS
145.25209,-38.05417,METRO BUS
145.29874,-38.10161,METRO BUS
145.30198,-38.10403,METRO BUS
145.30162,-38.10586,METRO BUS
145.30255,-38.10905,METRO BUS
145.29482,-38.10089,METRO BUS
145.29642,-38.10246,METRO BUS
144.71849,-37.57155,METRO BUS
145.49759,-38.06051,METRO BUS
145.50219,-38.06047,METRO BUS
145.50503,-38.05996,METRO BUS
145.50781,-38.06099,METRO BUS
145.50741,-38.06308,METRO BUS
145.4963,-38.06877,METRO BUS
144.71614,-37.57276,METRO BUS
145.46122,-38.07967,METRO BUS
145.46553,-38.07894,METRO BUS
145.48738,-38.05902,METRO BUS
145.48569,-38.0609,METRO BUS
145.34749,-38.05465,METRO BUS
145.48816,-38.06888,METRO BUS
145.48818,-38.06883,METRO BUS
145.48461,-38.06737,METRO BUS
145.48063,-38.06856,METRO BUS
145.47852,-38.06495,METRO BUS
145.48382,-38.06172,METRO BUS
145.48569,-38.06078,METRO BUS
145.48829,-38.05929,METRO BUS
145.47523,-38.07002,METRO BUS
144.71046,-37.57689,METRO BUS
145.37375,-38.05151,METRO BUS
145.43781,-38.07041,METRO BUS
145.44323,-38.06891,METRO BUS
145.44368,-38.06859,METRO BUS
145.43747,-38.07048,METRO BUS
145.37364,-38.05159,METRO BUS
145.48651,-38.08624,METRO BUS
145.48046,-38.08739,METRO BUS
145.48048,-38.08731,METRO BUS
144.70822,-37.5752,METRO BUS
145.48648,-38.08624,METRO BUS
145.48475,-38.07414,METRO BUS
145.44647,-38.06294,METRO BUS
145.47393,-38.06226,METRO BUS
145.4749,-38.06371,METRO BUS
144.70552,-37.57433,METRO BUS
145.47665,-38.06555,METRO BUS
145.48497,-38.07339,METRO BUS
145.2555,-38.05152,METRO BUS
145.26595,-38.02788,METRO BUS
145.2659,-38.02815,METRO BUS
145.26557,-38.04507,METRO BUS
145.26651,-38.0477,METRO BUS
144.70257,-37.57402,METRO BUS
145.27176,-38.04844,METRO BUS
144.93976,-37.77618,METRO BUS
144.93902,-37.77815,METRO BUS
144.94132,-37.77916,METRO BUS
144.69963,-37.57288,METRO BUS
144.94674,-37.77904,METRO BUS
144.95085,-37.78065,METRO BUS
144.95477,-37.78331,METRO BUS
144.95959,-37.78527,METRO BUS
144.9576,-37.79774,METRO BUS
144.9591,-37.78498,METRO BUS
144.95495,-37.78357,METRO BUS
144.95069,-37.78062,METRO BUS
144.94657,-37.77909,METRO BUS
144.94085,-37.77895,METRO BUS
144.69688,-37.57209,METRO BUS
144.93929,-37.77842,METRO BUS
144.93968,-37.77617,METRO BUS
144.939,-37.77472,METRO BUS
145.34997,-38.05492,METRO BUS
145.35222,-38.05637,METRO BUS
145.3391,-38.0633,METRO BUS
145.33887,-38.0681,METRO BUS
145.3415,-38.06948,METRO BUS
145.34567,-38.07181,METRO BUS
144.69469,-37.57272,METRO BUS
145.35075,-38.0718,METRO BUS
145.35031,-38.06803,METRO BUS
145.35185,-38.06461,METRO BUS
145.3507,-38.06054,METRO BUS
145.35339,-38.05858,METRO BUS
145.35381,-38.05812,METRO BUS
145.3513,-38.05995,METRO BUS
145.35172,-38.06397,METRO BUS
145.34943,-38.07198,METRO BUS
145.3443,-38.07169,METRO BUS
145.34139,-38.06941,METRO BUS
145.3388,-38.06798,METRO BUS
145.3847,-38.05864,METRO BUS
145.37978,-38.05268,METRO BUS
145.38172,-38.04966,METRO BUS
145.38004,-38.04522,METRO BUS
145.37683,-38.04503,METRO BUS
145.37272,-38.04189,METRO BUS
145.36946,-38.04162,METRO BUS
145.3618,-38.03807,METRO BUS
145.36377,-38.03565,METRO BUS
145.35868,-38.03233,METRO BUS
145.35679,-38.03108,METRO BUS
145.34946,-38.0279,METRO BUS
145.36918,-38.04139,METRO BUS
145.37296,-38.04201,METRO BUS
145.37688,-38.04507,METRO BUS
145.38,-38.04515,METRO BUS
145.38176,-38.04966,METRO BUS
144.98456,-37.78341,METRO BUS
145.37977,-38.0527,METRO BUS
145.30815,-38.0664,METRO BUS
145.31038,-38.06906,METRO BUS
145.31307,-38.07164,METRO BUS
145.31082,-38.06143,METRO BUS
145.3137,-38.05773,METRO BUS
144.98838,-37.78493,METRO BUS
145.31449,-38.05649,METRO BUS
145.3376,-38.05056,METRO BUS
145.33181,-38.04986,METRO BUS
145.32718,-38.04929,METRO BUS
145.31461,-38.04973,METRO BUS
145.31421,-38.05135,METRO BUS
145.31462,-38.05654,METRO BUS
145.31366,-38.05775,METRO BUS
145.31122,-38.06038,METRO BUS
144.98954,-37.78672,METRO BUS
145.31184,-38.07165,METRO BUS
145.31054,-38.06966,METRO BUS
145.30789,-38.06627,METRO BUS
145.33335,-38.01801,METRO BUS
145.33529,-38.01612,METRO BUS
145.33505,-38.01352,METRO BUS
145.33029,-38.01255,METRO BUS
145.32355,-38.01492,METRO BUS
145.33031,-38.0126,METRO BUS
144.9906,-37.78828,METRO BUS
145.33531,-38.01366,METRO BUS
145.33547,-38.0161,METRO BUS
145.33332,-38.01803,METRO BUS
145.33195,-38.01936,METRO BUS
145.32961,-38.01908,METRO BUS
145.32854,-38.0218,METRO BUS
145.33159,-38.02361,METRO BUS
145.33407,-38.02274,METRO BUS
145.33329,-38.02369,METRO BUS
145.33487,-38.06835,METRO BUS
144.91605,-37.68158,METRO BUS
145.333,-38.06707,METRO BUS
145.33407,-38.06394,METRO BUS
145.33335,-38.06139,METRO BUS
145.34463,-38.05891,METRO BUS
145.34682,-38.05771,METRO BUS
145.35916,-38.04411,METRO BUS
145.35622,-38.04422,METRO BUS
145.35222,-38.04342,METRO BUS
145.34981,-38.0411,METRO BUS
145.34659,-38.04052,METRO BUS
144.91814,-37.67899,METRO BUS
145.34686,-38.04071,METRO BUS
145.35007,-38.04081,METRO BUS
145.35264,-38.04341,METRO BUS
145.35613,-38.04411,METRO BUS
145.35911,-38.044,METRO BUS
145.35497,-38.05386,METRO BUS
145.35259,-38.05234,METRO BUS
145.34932,-38.05193,METRO BUS
145.34664,-38.05797,METRO BUS
145.34432,-38.05893,METRO BUS
144.92172,-37.67774,METRO BUS
145.33335,-38.06137,METRO BUS
145.33419,-38.06386,METRO BUS
145.33302,-38.06724,METRO BUS
145.3344,-38.0682,METRO BUS
145.3391,-38.06324,METRO BUS
145.04096,-37.87727,METRO BUS
144.92341,-37.67135,METRO BUS
145.49342,-37.65176,METRO BUS
145.4821,-37.65485,METRO BUS
143.86301,-37.5619,METRO BUS
143.80938,-37.57858,METRO BUS
143.8085,-37.55155,METRO BUS
143.82155,-37.54333,METRO BUS
143.81971,-37.53943,METRO BUS
144.92172,-37.66224,METRO BUS
143.80343,-37.55407,METRO BUS
143.80672,-37.55449,METRO BUS
143.88261,-37.6243,METRO BUS
143.88161,-37.65754,METRO BUS
143.88118,-37.66215,METRO BUS
143.85427,-37.56428,METRO BUS
143.83716,-37.5699,METRO BUS
144.92126,-37.65982,METRO BUS
145.45768,-38.08443,METRO BUS
145.21532,-38.0156,METRO BUS
144.92452,-37.65682,METRO BUS
145.10744,-38.01639,METRO BUS
145.10751,-38.01633,METRO BUS
145.46686,-38.0812,METRO BUS
144.92497,-37.65551,METRO BUS
143.88951,-37.62363,METRO BUS
143.83131,-37.60985,METRO BUS
143.83276,-37.6105,METRO BUS
145.08984,-38.00863,METRO BUS
143.84583,-37.50233,METRO BUS
144.92474,-37.65363,METRO BUS
145.05514,-37.96527,METRO BUS
144.92247,-37.65252,METRO BUS
145.27783,-38.00969,METRO BUS
145.27796,-38.00974,METRO BUS
144.92104,-37.65154,METRO BUS
143.88812,-37.42405,METRO BUS
144.92159,-37.64982,METRO BUS
144.91991,-37.64846,METRO BUS
143.86464,-37.56201,METRO BUS
145.21025,-37.96714,METRO BUS
145.34705,-37.95527,METRO BUS
145.49204,-38.06011,METRO BUS
143.83135,-37.60568,METRO BUS
144.93626,-37.65978,METRO BUS
144.91706,-37.6492,METRO BUS
144.93654,-37.65987,METRO BUS
144.70743,-37.84414,METRO BUS
144.71033,-37.84268,METRO BUS
144.7113,-37.8417,METRO BUS
144.91424,-37.64922,METRO BUS
144.71561,-37.84202,METRO BUS
144.72094,-37.84251,METRO BUS
144.72486,-37.84276,METRO BUS
144.72422,-37.84285,METRO BUS
144.72105,-37.84263,METRO BUS
144.71555,-37.84217,METRO BUS
144.71218,-37.84185,METRO BUS
144.71021,-37.84283,METRO BUS
144.7076,-37.84416,METRO BUS
144.91198,-37.64823,METRO BUS
145.21095,-37.98696,METRO BUS
145.21056,-37.98624,METRO BUS
145.21461,-38.01922,METRO BUS
144.91332,-37.64507,METRO BUS
144.93259,-37.57517,METRO BUS
144.92885,-37.57315,METRO BUS
144.92681,-37.57258,METRO BUS
144.92556,-37.57369,METRO BUS
144.92409,-37.57575,METRO BUS
144.91928,-37.57529,METRO BUS
144.92411,-37.57573,METRO BUS
144.90991,-37.57929,METRO BUS
144.91389,-37.64276,METRO BUS
144.90608,-37.58766,METRO BUS
144.90906,-37.58052,METRO BUS
145.27881,-37.97189,METRO BUS
144.90606,-37.58827,METRO BUS
145.05913,-37.72929,METRO BUS
145.31072,-37.98471,METRO BUS
145.23689,-37.78511,METRO BUS
145.23732,-37.78285,METRO BUS
145.2376,-37.78017,METRO BUS
144.9194,-37.63966,METRO BUS
144.92392,-37.63862,METRO BUS
144.92354,-37.63704,METRO BUS
145.01766,-37.66626,METRO BUS
145.01807,-37.90621,METRO BUS
145.01202,-37.90072,METRO BUS
144.92194,-37.63509,METRO BUS
145.01912,-37.9024,METRO BUS
144.9194,-37.63308,METRO BUS
144.60474,-37.87653,METRO BUS
144.87097,-37.73019,METRO BUS
144.92008,-37.62937,METRO BUS
144.9218,-37.62724,METRO BUS
145.06025,-37.73291,METRO BUS
145.21388,-38.02294,METRO BUS
144.92385,-37.62456,METRO BUS
145.05356,-37.67728,METRO BUS
144.92421,-37.622,METRO BUS
145.26727,-37.85933,METRO BUS
144.93734,-37.69815,METRO BUS
144.75652,-37.6944,METRO BUS
144.7557,-37.69826,METRO BUS
144.75599,-37.70107,METRO BUS
144.75662,-37.70422,METRO BUS
144.75637,-37.7065,METRO BUS
144.75509,-37.70833,METRO BUS
144.75539,-37.71424,METRO BUS
144.75875,-37.72075,METRO BUS
144.75508,-37.71645,METRO BUS
144.75363,-37.71081,METRO BUS
144.93075,-37.62016,METRO BUS
144.74941,-37.71085,METRO BUS
144.74528,-37.71056,METRO BUS
144.74223,-37.71024,METRO BUS
144.74606,-37.73002,METRO BUS
144.75896,-37.71743,METRO BUS
144.75997,-37.72409,METRO BUS
144.7609,-37.72896,METRO BUS
144.75639,-37.7302,METRO BUS
144.75201,-37.73018,METRO BUS
144.73449,-37.73379,METRO BUS
144.93303,-37.62378,METRO BUS
144.73181,-37.73676,METRO BUS
144.73155,-37.74354,METRO BUS
144.73055,-37.74008,METRO BUS
144.73505,-37.7433,METRO BUS
144.73047,-37.74002,METRO BUS
144.73158,-37.74354,METRO BUS
144.73165,-37.73669,METRO BUS
144.73383,-37.73362,METRO BUS
144.73946,-37.73544,METRO BUS
144.74635,-37.72986,METRO BUS
144.933,-37.62633,METRO BUS
144.75226,-37.72996,METRO BUS
144.75641,-37.73005,METRO BUS
144.7608,-37.72904,METRO BUS
144.75975,-37.724,METRO BUS
144.75868,-37.72084,METRO BUS
144.75886,-37.71733,METRO BUS
144.75512,-37.71662,METRO BUS
144.75537,-37.71397,METRO BUS
144.92911,-37.63401,METRO BUS
145.07226,-37.7282,METRO BUS
144.76837,-37.87061,METRO BUS
144.77557,-37.87124,METRO BUS
144.97454,-37.86105,METRO BUS
146.43806,-38.23919,METRO BUS
146.43788,-38.2392,METRO BUS
146.42172,-38.30163,METRO BUS
144.93164,-37.63607,METRO BUS
146.33739,-38.32643,METRO BUS
146.32383,-38.32899,METRO BUS
146.32375,-38.32867,METRO BUS
146.33775,-38.32648,METRO BUS
144.88783,-37.86767,METRO BUS
146.54118,-38.29794,METRO BUS
146.48081,-38.14891,METRO BUS
146.2892,-38.17613,METRO BUS
146.36077,-38.15943,METRO BUS
146.35964,-38.16057,METRO BUS
146.36214,-38.16253,METRO BUS
146.35566,-38.15834,METRO BUS
146.35577,-38.15835,METRO BUS
144.73903,-37.73514,METRO BUS
146.26788,-38.38438,METRO BUS
145.2132,-38.02633,METRO BUS
144.97859,-37.8589,METRO BUS
146.46972,-38.27148,METRO BUS
146.4697,-38.27152,METRO BUS
144.8034,-37.74472,METRO BUS
144.9314,-37.64745,METRO BUS
144.93049,-37.64664,METRO BUS
146.57553,-38.19735,METRO BUS
146.53859,-38.19814,METRO BUS
146.56656,-38.19873,METRO BUS
144.9804,-37.86295,METRO BUS
146.56185,-38.19842,METRO BUS
146.52956,-38.1908,METRO BUS
146.51229,-38.18395,METRO BUS
146.50881,-38.18449,METRO BUS
146.51019,-38.18287,METRO BUS
146.51522,-38.18329,METRO BUS
146.52039,-38.18375,METRO BUS
146.5261,-38.18399,METRO BUS
146.53122,-38.18306,METRO BUS
146.53437,-38.18788,METRO BUS
146.53041,-38.20139,METRO BUS
146.53199,-38.20551,METRO BUS
146.52732,-38.207,METRO BUS
146.5185,-38.2108,METRO BUS
146.51457,-38.20762,METRO BUS
146.51732,-38.20582,METRO BUS
146.54651,-38.20225,METRO BUS
146.54681,-38.20669,METRO BUS
146.54821,-38.20871,METRO BUS
146.559,-38.20795,METRO BUS
146.55075,-38.20485,METRO BUS
146.51289,-38.18956,METRO BUS
146.50864,-38.18846,METRO BUS
146.50713,-38.18628,METRO BUS
146.51541,-38.19813,METRO BUS
146.41305,-38.31836,METRO BUS
146.41032,-38.31678,METRO BUS
146.41072,-38.31285,METRO BUS
144.98094,-37.87087,METRO BUS
146.41749,-38.30112,METRO BUS
146.54394,-38.19196,METRO BUS
146.54165,-38.19046,METRO BUS
146.53927,-38.18906,METRO BUS
146.54285,-38.18458,METRO BUS
146.5452,-38.18304,METRO BUS
146.54461,-38.17888,METRO BUS
146.5511,-38.18344,METRO BUS
144.98223,-37.87292,METRO BUS
146.39692,-38.2339,METRO BUS
146.41823,-38.22248,METRO BUS
146.404,-38.23065,METRO BUS
146.404,-38.23084,METRO BUS
146.41808,-38.22257,METRO BUS
146.39621,-38.23386,METRO BUS
146.26746,-38.18083,METRO BUS
146.27074,-38.18501,METRO BUS
146.43623,-38.22572,METRO BUS
144.9837,-37.87618,METRO BUS
146.26947,-38.18209,METRO BUS
146.26912,-38.18744,METRO BUS
146.43752,-38.22237,METRO BUS
146.27033,-38.19444,METRO BUS
146.26856,-38.19234,METRO BUS
146.26906,-38.18768,METRO BUS
146.26713,-38.18003,METRO BUS
144.98317,-37.87873,METRO BUS
146.26903,-38.19189,METRO BUS
146.2653,-38.16577,METRO BUS
146.26802,-38.16604,METRO BUS
146.26395,-38.16692,METRO BUS
146.26434,-38.1701,METRO BUS
146.26736,-38.17418,METRO BUS
146.41816,-38.22804,METRO BUS
146.43769,-38.22231,METRO BUS
144.98254,-37.88193,METRO BUS
146.27535,-38.18204,METRO BUS
146.28925,-38.1755,METRO BUS
146.29365,-38.17776,METRO BUS
146.29652,-38.18169,METRO BUS
146.29193,-38.18939,METRO BUS
146.38895,-38.23833,METRO BUS
146.3935,-38.23802,METRO BUS
146.25166,-38.18299,METRO BUS
146.27474,-38.18189,METRO BUS
145.21291,-38.0278,METRO BUS
144.98346,-37.88298,METRO BUS
146.51954,-38.19887,METRO BUS
146.52285,-38.19717,METRO BUS
146.54508,-38.19485,METRO BUS
146.54542,-38.19474,METRO BUS
146.3903,-38.23744,METRO BUS
146.42462,-38.3096,METRO BUS
146.25857,-38.18896,METRO BUS
146.25718,-38.19154,METRO BUS
146.24398,-38.18462,METRO BUS
144.98472,-37.88372,METRO BUS
146.24822,-38.18454,METRO BUS
146.42459,-38.3101,METRO BUS
146.36418,-38.16215,METRO BUS
146.36646,-38.16202,METRO BUS
146.36441,-38.16248,METRO BUS
146.29603,-38.1868,METRO BUS
146.29483,-38.17597,METRO BUS
144.98606,-37.88455,METRO BUS
146.29072,-38.17489,METRO BUS
146.43576,-38.24995,METRO BUS
145.09975,-37.03086,METRO BUS
145.27625,-37.83196,METRO BUS
145.27349,-37.83372,METRO BUS
145.27165,-37.83439,METRO BUS
145.2761,-37.83193,METRO BUS
144.98954,-37.88663,METRO BUS
145.306,-37.75717,METRO BUS
145.30534,-37.75907,METRO BUS
145.3001,-37.76016,METRO BUS
145.30013,-37.76015,METRO BUS
145.30536,-37.75903,METRO BUS
145.30598,-37.75704,METRO BUS
145.30967,-37.81987,METRO BUS
145.27545,-37.77522,METRO BUS
145.27436,-37.78106,METRO BUS
145.27439,-37.78106,METRO BUS
144.99126,-37.88827,METRO BUS
145.27542,-37.77527,METRO BUS
145.34745,-37.75939,METRO BUS
145.16472,-37.76508,METRO BUS
144.99083,-37.89067,METRO BUS
144.99054,-37.89222,METRO BUS
144.99011,-37.89439,METRO BUS
144.98981,-37.89603,METRO BUS
144.98939,-37.89842,METRO BUS
144.67655,-37.86197,METRO BUS
144.9887,-37.90195,METRO BUS
144.98879,-37.90393,METRO BUS
144.99224,-37.90431,METRO BUS
144.81744,-37.81686,METRO BUS
145.03177,-37.6523,METRO BUS
145.03148,-37.65231,METRO BUS
145.03079,-37.65234,METRO BUS
145.03038,-37.65222,METRO BUS
145.03002,-37.65235,METRO BUS
145.03027,-37.65242,METRO BUS
145.02614,-37.7735,METRO BUS
144.99213,-37.90938,METRO BUS
145.02571,-37.77582,METRO BUS
145.02525,-37.7784,METRO BUS
145.1102,-38.0381,METRO BUS
145.20659,-37.74678,METRO BUS
145.05433,-37.80956,METRO BUS
146.39064,-38.16306,METRO BUS
146.3899,-38.16285,METRO BUS
145.03384,-37.80561,METRO BUS
145.077,-37.64208,METRO BUS
145.08214,-37.64297,METRO BUS
145.08618,-37.63786,METRO BUS
145.08126,-37.6359,METRO BUS
145.07411,-37.635,METRO BUS
145.07035,-37.63345,METRO BUS
145.06852,-37.63172,METRO BUS
145.06585,-37.6284,METRO BUS
145.0684,-37.62543,METRO BUS
145.07317,-37.62541,METRO BUS
145.07204,-37.62211,METRO BUS
145.06925,-37.6204,METRO BUS
145.06513,-37.62261,METRO BUS
145.06782,-37.6246,METRO BUS
145.06588,-37.62818,METRO BUS
145.06848,-37.63152,METRO BUS
145.07033,-37.63354,METRO BUS
145.07441,-37.63506,METRO BUS
145.08228,-37.63602,METRO BUS
145.0862,-37.6384,METRO BUS
145.08233,-37.6431,METRO BUS
145.0766,-37.64217,METRO BUS
145.08947,-37.61189,METRO BUS
145.088,-37.60727,METRO BUS
145.08767,-37.60297,METRO BUS
145.0536,-37.79962,METRO BUS
145.08784,-37.60294,METRO BUS
145.08814,-37.60752,METRO BUS
145.09623,-37.59998,METRO BUS
145.07895,-37.6552,METRO BUS
145.0787,-37.65475,METRO BUS
145.05616,-37.79994,METRO BUS
145.06769,-37.64921,METRO BUS
145.06772,-37.64932,METRO BUS
145.06747,-37.64923,METRO BUS
145.06726,-37.64926,METRO BUS
145.06706,-37.6494,METRO BUS
145.0675,-37.64935,METRO BUS
145.06729,-37.64938,METRO BUS
145.21171,-38.03389,METRO BUS
145.0591,-37.80033,METRO BUS
145.06741,-37.64959,METRO BUS
145.06719,-37.64961,METRO BUS
145.06697,-37.64964,METRO BUS
145.0641,-37.64506,METRO BUS
145.06449,-37.64509,METRO BUS
145.06216,-37.80071,METRO BUS
145.06593,-37.80116,METRO BUS
145.06076,-37.72843,METRO BUS
144.75073,-37.80957,METRO BUS
144.75101,-37.81094,METRO BUS
145.30395,-38.0196,METRO BUS
145.06882,-37.80156,METRO BUS
144.75774,-37.78211,METRO BUS
144.75787,-37.78231,METRO BUS
145.07221,-37.80191,METRO BUS
144.37739,-38.23625,METRO BUS
144.37855,-38.23719,METRO BUS
145.07006,-37.6788,METRO BUS
145.07547,-37.80239,METRO BUS
145.31103,-38.0059,METRO BUS
146.75872,-38.3809,METRO BUS
146.75901,-38.38161,METRO BUS
145.05233,-37.70706,METRO BUS
145.05471,-37.70471,METRO BUS
144.95789,-37.79553,METRO BUS
144.95832,-37.79182,METRO BUS
145.07754,-37.80271,METRO BUS
144.95824,-37.79578,METRO BUS
145.03021,-38.29517,METRO BUS
145.08027,-37.80307,METRO BUS
144.44239,-38.18381,METRO BUS
144.70853,-38.18211,METRO BUS
145.0824,-37.80332,METRO BUS
145.07204,-37.72823,METRO BUS
144.92819,-37.72964,METRO BUS
145.08763,-37.80402,METRO BUS
145.21051,-38.03994,METRO BUS
145.09026,-37.80436,METRO BUS
144.30706,-38.20204,METRO BUS
145.09345,-37.80445,METRO BUS
145.09582,-37.80399,METRO BUS
144.90871,-37.70859,METRO BUS
144.92386,-37.72151,METRO BUS
144.92851,-37.72203,METRO BUS
144.93184,-37.72246,METRO BUS
144.93185,-37.72663,METRO BUS
145.09874,-37.80395,METRO BUS
144.90879,-37.70876,METRO BUS
144.92338,-37.72141,METRO BUS
144.92864,-37.72215,METRO BUS
144.93159,-37.72252,METRO BUS
144.93184,-37.72672,METRO BUS
145.10351,-37.80248,METRO BUS
145.26429,-38.11087,METRO BUS
145.17644,-37.82046,METRO BUS
145.29496,-38.1333,METRO BUS
145.31516,-38.05689,METRO BUS
145.10585,-37.80176,METRO BUS
145.45989,-37.92384,METRO BUS
145.10866,-37.80134,METRO BUS
145.13937,-38.13651,METRO BUS
145.12528,-37.78928,METRO BUS
145.12513,-37.7893,METRO BUS
145.11011,-37.80113,METRO BUS
144.88095,-37.63515,METRO BUS
145.11369,-37.80055,METRO BUS
143.80941,-37.55138,METRO BUS
145.11752,-37.79996,METRO BUS
145.12931,-37.58669,METRO BUS
145.12904,-37.58673,METRO BUS
145.20978,-38.04362,METRO BUS
145.11949,-37.79491,METRO BUS
145.12081,-37.79355,METRO BUS
144.63116,-38.12495,METRO BUS
145.01708,-37.6521,METRO BUS
145.01692,-37.65222,METRO BUS
145.01747,-37.65228,METRO BUS
144.43195,-37.64297,METRO BUS
144.42473,-37.65807,METRO BUS
145.12193,-37.79181,METRO BUS
145.12558,-37.79104,METRO BUS
144.78532,-37.68994,METRO BUS
145.12605,-37.79364,METRO BUS
144.75515,-37.89084,METRO BUS
144.75587,-37.88837,METRO BUS
144.7535,-37.89993,METRO BUS
144.75374,-37.89951,METRO BUS
144.75263,-37.90595,METRO BUS
144.7525,-37.90525,METRO BUS
144.75178,-37.90889,METRO BUS
144.7581,-37.91052,METRO BUS
144.75817,-37.91081,METRO BUS
145.12673,-37.7968,METRO BUS
144.76501,-37.91145,METRO BUS
144.76501,-37.9113,METRO BUS
144.77059,-37.91203,METRO BUS
144.77057,-37.91188,METRO BUS
144.77605,-37.91061,METRO BUS
144.77559,-37.90988,METRO BUS
144.77742,-37.91274,METRO BUS
144.72755,-37.90047,METRO BUS
145.12736,-37.79878,METRO BUS
144.72701,-37.90499,METRO BUS
144.72654,-37.90783,METRO BUS
144.72641,-37.90766,METRO BUS
144.73102,-37.90901,METRO BUS
144.73107,-37.90935,METRO BUS
144.73354,-37.91048,METRO BUS
144.73332,-37.91059,METRO BUS
144.73815,-37.9105,METRO BUS
144.7381,-37.91064,METRO BUS
145.12722,-37.80027,METRO BUS
144.74129,-37.90961,METRO BUS
144.74163,-37.90735,METRO BUS
144.74237,-37.90411,METRO BUS
144.7425,-37.90427,METRO BUS
144.74233,-37.90123,METRO BUS
144.74242,-37.90098,METRO BUS
144.7529,-37.90988,METRO BUS
144.77763,-37.91272,METRO BUS
145.12682,-37.80235,METRO BUS
144.72718,-37.90126,METRO BUS
144.72683,-37.90542,METRO BUS
144.74127,-37.91055,METRO BUS
144.74184,-37.90756,METRO BUS
144.757,-37.88153,METRO BUS
144.75705,-37.88192,METRO BUS
144.75808,-37.87573,METRO BUS
144.75816,-37.87587,METRO BUS
145.12653,-37.80374,METRO BUS
144.7478,-37.88055,METRO BUS
144.74792,-37.88155,METRO BUS
144.74836,-37.8779,METRO BUS
144.74854,-37.87772,METRO BUS
144.70097,-37.7416,METRO BUS
144.70117,-37.74171,METRO BUS
144.74737,-37.86972,METRO BUS
144.74705,-37.86977,METRO BUS
144.74767,-37.86966,METRO BUS
145.12631,-37.80493,METRO BUS
144.74808,-37.86955,METRO BUS
144.74833,-37.86948,METRO BUS
145.12615,-37.80638,METRO BUS
144.35384,-38.18937,METRO BUS
144.33356,-38.24094,METRO BUS
144.33379,-38.24187,METRO BUS
144.33861,-38.12583,METRO BUS
144.34056,-38.12582,METRO BUS
144.34056,-38.12472,METRO BUS
144.3413,-38.12133,METRO BUS
144.34194,-38.11778,METRO BUS
144.94266,-37.81226,METRO BUS
144.68881,-37.84491,METRO BUS
145.12586,-37.80813,METRO BUS
144.354,-38.18924,METRO BUS
145.23077,-37.81248,METRO BUS
145.12534,-37.81095,METRO BUS
145.12499,-37.81292,METRO BUS
144.94402,-37.76203,METRO BUS
144.94427,-37.75984,METRO BUS
144.94047,-37.75939,METRO BUS
144.94009,-37.76078,METRO BUS
144.94461,-37.76219,METRO BUS
144.94926,-37.76266,METRO BUS
144.94871,-37.76268,METRO BUS
145.12457,-37.81514,METRO BUS
144.95283,-37.76309,METRO BUS
144.95284,-37.76317,METRO BUS
144.95656,-37.76354,METRO BUS
144.95654,-37.76362,METRO BUS
144.96157,-37.77614,METRO BUS
144.96302,-37.77503,METRO BUS
144.72727,-37.69332,METRO BUS
144.72974,-37.69228,METRO BUS
144.73972,-37.68554,METRO BUS
144.73039,-37.69109,METRO BUS
145.12408,-37.81766,METRO BUS
144.85418,-37.72806,METRO BUS
145.11758,-37.80343,METRO BUS
145.11714,-37.80564,METRO BUS
145.20722,-38.05646,METRO BUS
145.11648,-37.80933,METRO BUS
144.5392,-38.23908,METRO BUS
144.53929,-38.23988,METRO BUS
144.32701,-38.1994,METRO BUS
144.30289,-38.20561,METRO BUS
145.116,-37.81212,METRO BUS
144.38854,-38.022,METRO BUS
144.38956,-38.02567,METRO BUS
144.385,-38.0275,METRO BUS
144.38242,-38.02933,METRO BUS
144.37937,-38.03055,METRO BUS
144.37855,-38.03214,METRO BUS
144.38315,-38.03267,METRO BUS
144.38629,-38.03061,METRO BUS
144.38646,-38.02811,METRO BUS
144.38847,-38.02577,METRO BUS
145.11767,-37.81411,METRO BUS
145.11958,-37.81435,METRO BUS
145.11943,-37.81709,METRO BUS
145.04235,-37.79712,METRO BUS
145.05,-37.79909,METRO BUS
144.7145,-37.87655,METRO BUS
144.70999,-37.87832,METRO BUS
146.39938,-38.23521,METRO BUS
144.82694,-37.78751,METRO BUS
144.8216,-37.78481,METRO BUS
144.8195,-37.7846,METRO BUS
144.91011,-37.57157,METRO BUS
144.91057,-37.57169,METRO BUS
144.81293,-37.78395,METRO BUS
144.91911,-37.57546,METRO BUS
144.92663,-37.59381,METRO BUS
144.92665,-37.59451,METRO BUS
144.92598,-37.58691,METRO BUS
144.92602,-37.5872,METRO BUS
144.91966,-37.58587,METRO BUS
144.91786,-37.58617,METRO BUS
144.9174,-37.58685,METRO BUS
144.91657,-37.58719,METRO BUS
144.90883,-37.58944,METRO BUS
144.8094,-37.78355,METRO BUS
144.90892,-37.58976,METRO BUS
144.91552,-37.59063,METRO BUS
144.91554,-37.59086,METRO BUS
144.9167,-37.59311,METRO BUS
144.91685,-37.59325,METRO BUS
144.80661,-37.7833,METRO BUS
145.15281,-37.03287,METRO BUS
145.14388,-37.03478,METRO BUS
145.13809,-37.01988,METRO BUS
144.43437,-37.68152,METRO BUS
144.80424,-37.78301,METRO BUS
144.43485,-37.67806,METRO BUS
144.43493,-37.67815,METRO BUS
144.4237,-37.68682,METRO BUS
144.42386,-37.6867,METRO BUS
144.41869,-37.69379,METRO BUS
144.41515,-37.69486,METRO BUS
144.80205,-37.78279,METRO BUS
144.41214,-37.69374,METRO BUS
144.42296,-37.66642,METRO BUS
144.4231,-37.66664,METRO BUS
144.42401,-37.66153,METRO BUS
144.42432,-37.66042,METRO BUS
144.42454,-37.65806,METRO BUS
144.42168,-37.65311,METRO BUS
144.42897,-37.64262,METRO BUS
144.7993,-37.78252,METRO BUS
144.79659,-37.78222,METRO BUS
145.48935,-38.08275,METRO BUS
145.47483,-38.08674,METRO BUS
145.47074,-38.08377,METRO BUS
145.46681,-38.08095,METRO BUS
145.46413,-38.07857,METRO BUS
145.46209,-38.07896,METRO BUS
145.46349,-38.08365,METRO BUS
145.45294,-38.08382,METRO BUS
145.45018,-38.08164,METRO BUS
145.13996,-37.73276,METRO BUS
145.20074,-38.06507,METRO BUS
144.79296,-37.78188,METRO BUS
145.44818,-38.07916,METRO BUS
145.44255,-38.07707,METRO BUS
145.43931,-38.07496,METRO BUS
145.43824,-38.07215,METRO BUS
145.43919,-38.07479,METRO BUS
145.44262,-38.0768,METRO BUS
145.44818,-38.07899,METRO BUS
145.45044,-38.08226,METRO BUS
145.45341,-38.08381,METRO BUS
145.45862,-38.08449,METRO BUS
145.46342,-38.08338,METRO BUS
145.47092,-38.08366,METRO BUS
145.47625,-38.08669,METRO BUS
145.48911,-38.0825,METRO BUS
145.47339,-38.07516,METRO BUS
145.45216,-38.06835,METRO BUS
145.45172,-38.06866,METRO BUS
146.56107,-38.20027,METRO BUS
146.55945,-38.20194,METRO BUS
146.55667,-38.20111,METRO BUS
144.77382,-37.77636,METRO BUS
144.77415,-37.77414,METRO BUS
144.7745,-37.77153,METRO BUS
144.77475,-37.76933,METRO BUS
144.90927,-37.59386,METRO BUS
144.9004,-37.59263,METRO BUS
144.89449,-37.5924,METRO BUS
144.77509,-37.76712,METRO BUS
144.77556,-37.76417,METRO BUS
144.77169,-37.76235,METRO BUS
145.22727,-37.81432,METRO BUS
144.77081,-37.76394,METRO BUS
144.90463,-37.59317,METRO BUS
144.91534,-37.59088,METRO BUS
144.91571,-37.59068,METRO BUS
144.99283,-37.83396,METRO BUS
145.1919,-37.81805,METRO BUS
145.19169,-37.81806,METRO BUS
145.19256,-37.8183,METRO BUS
145.19234,-37.81832,METRO BUS
145.19212,-37.81835,METRO BUS
145.18985,-38.26513,METRO BUS
145.18964,-38.26496,METRO BUS
144.9149,-37.57263,METRO BUS
144.91452,-37.5725,METRO BUS
144.90984,-37.57709,METRO BUS
144.90894,-37.57648,METRO BUS
144.76814,-37.76221,METRO BUS
144.6824,-37.87441,METRO BUS
144.68243,-37.87425,METRO BUS
144.68245,-37.87406,METRO BUS
144.68252,-37.87442,METRO BUS
144.68257,-37.8743,METRO BUS
144.68258,-37.87415,METRO BUS
144.68229,-37.8743,METRO BUS
144.76978,-37.7615,METRO BUS
143.84347,-37.56048,METRO BUS
144.94793,-37.83819,METRO BUS
144.9454,-37.84343,METRO BUS
144.94278,-37.84514,METRO BUS
144.93889,-37.8437,METRO BUS
144.93893,-37.84347,METRO BUS
144.94198,-37.8446,METRO BUS
144.94514,-37.84338,METRO BUS
144.94791,-37.83779,METRO BUS
144.76618,-37.75956,METRO BUS
145.31664,-38.0025,METRO BUS
144.68701,-37.87813,METRO BUS
144.66162,-37.89134,METRO BUS
144.76353,-37.75817,METRO BUS
144.66182,-37.89088,METRO BUS
144.69289,-37.97396,METRO BUS
144.70436,-37.96587,METRO BUS
144.69666,-37.9531,METRO BUS
144.6881,-37.95092,METRO BUS
144.68819,-37.94463,METRO BUS
145.02875,-37.74047,METRO BUS
145.02855,-37.74044,METRO BUS
144.7619,-37.75676,METRO BUS
145.02835,-37.74041,METRO BUS
145.0281,-37.74029,METRO BUS
145.02873,-37.74058,METRO BUS
145.02852,-37.74055,METRO BUS
145.02833,-37.74053,METRO BUS
145.02806,-37.74043,METRO BUS
145.02875,-37.74066,METRO BUS
145.02816,-37.74061,METRO BUS
145.19145,-37.81808,METRO BUS
144.76083,-37.75554,METRO BUS
144.87711,-37.70807,METRO BUS
144.87477,-37.70757,METRO BUS
144.87314,-37.7076,METRO BUS
144.87078,-37.71026,METRO BUS
144.87043,-37.71021,METRO BUS
144.86595,-37.71474,METRO BUS
144.86612,-37.71448,METRO BUS
144.86192,-37.71388,METRO BUS
144.86194,-37.71363,METRO BUS
144.7617,-37.75313,METRO BUS
144.85957,-37.71082,METRO BUS
144.85992,-37.71061,METRO BUS
144.85676,-37.70944,METRO BUS
144.85668,-37.70927,METRO BUS
144.85275,-37.70901,METRO BUS
144.85242,-37.70885,METRO BUS
144.8507,-37.70626,METRO BUS
144.85095,-37.70612,METRO BUS
144.85187,-37.70224,METRO BUS
144.85199,-37.70229,METRO BUS
144.76208,-37.75137,METRO BUS
144.85666,-37.69692,METRO BUS
144.85677,-37.69694,METRO BUS
144.86318,-37.69257,METRO BUS
144.86341,-37.69276,METRO BUS
144.87591,-37.69481,METRO BUS
144.92768,-37.63083,METRO BUS
144.92257,-37.63218,METRO BUS
144.91924,-37.63172,METRO BUS
145.19337,-38.07407,METRO BUS
144.7663,-37.75135,METRO BUS
144.92273,-37.62077,METRO BUS
144.91932,-37.62012,METRO BUS
144.9164,-37.61797,METRO BUS
144.90875,-37.61527,METRO BUS
144.9088,-37.61484,METRO BUS
144.91153,-37.61653,METRO BUS
144.91803,-37.61907,METRO BUS
144.92056,-37.62032,METRO BUS
144.92073,-37.63246,METRO BUS
144.92447,-37.63149,METRO BUS
144.76906,-37.75152,METRO BUS
144.92864,-37.63114,METRO BUS
144.92459,-37.63995,METRO BUS
144.92435,-37.64011,METRO BUS
144.43511,-37.64461,METRO BUS
144.43544,-37.64806,METRO BUS
145.01614,-37.72947,METRO BUS
144.43699,-37.65326,METRO BUS
144.43355,-37.6621,METRO BUS
144.43358,-37.66203,METRO BUS
144.43812,-37.66251,METRO BUS
144.43796,-37.66262,METRO BUS
144.4401,-37.67406,METRO BUS
144.44039,-37.6742,METRO BUS
144.44052,-37.67303,METRO BUS
144.44046,-37.67292,METRO BUS
144.43689,-37.67264,METRO BUS
145.01427,-37.72757,METRO BUS
144.43713,-37.67256,METRO BUS
145.32642,-38.10327,METRO BUS
145.32483,-38.10338,METRO BUS
145.32029,-38.1024,METRO BUS
145.316,-38.10189,METRO BUS
145.31183,-38.10143,METRO BUS
145.30583,-38.1001,METRO BUS
145.29755,-38.09921,METRO BUS
145.29627,-38.09879,METRO BUS
145.30595,-38.09998,METRO BUS
145.01469,-37.72521,METRO BUS
145.31215,-38.10132,METRO BUS
145.316,-38.10177,METRO BUS
145.32063,-38.10239,METRO BUS
145.28525,-38.09829,METRO BUS
144.95841,-37.81024,METRO BUS
144.4375,-37.65498,METRO BUS
145.01558,-37.72374,METRO BUS
145.22908,-37.81533,METRO BUS
144.91081,-37.59402,METRO BUS
145.01612,-37.72109,METRO BUS
145.01526,-37.71975,METRO BUS
145.01235,-37.71908,METRO BUS
145.01222,-37.71737,METRO BUS
145.00816,-37.71286,METRO BUS
145.00917,-37.70704,METRO BUS
145.0084,-37.70494,METRO BUS
145.07698,-37.7297,METRO BUS
145.007,-37.70343,METRO BUS
145.0764,-37.72976,METRO BUS
144.71406,-37.59562,METRO BUS
145.005,-37.70136,METRO BUS
145.00602,-37.69893,METRO BUS
144.71382,-37.59423,METRO BUS
145.0082,-37.69768,METRO BUS
145.01106,-37.69594,METRO BUS
145.18309,-38.08641,METRO BUS
145.01217,-37.68963,METRO BUS
145.01256,-37.6872,METRO BUS
145.01325,-37.68312,METRO BUS
145.01459,-37.6758,METRO BUS
145.0149,-37.67421,METRO BUS
145.01585,-37.66907,METRO BUS
145.0168,-37.66503,METRO BUS
146.28643,-38.17389,METRO BUS
146.28681,-38.17387,METRO BUS
145.0179,-37.66235,METRO BUS
145.18126,-38.08889,METRO BUS
145.01895,-37.65995,METRO BUS
144.2006,-38.0494,METRO BUS
144.20183,-38.05024,METRO BUS
145.02022,-37.65675,METRO BUS
144.80403,-37.73525,METRO BUS
144.80489,-37.73441,METRO BUS
144.80841,-37.73148,METRO BUS
144.80852,-37.73157,METRO BUS
144.81029,-37.73001,METRO BUS
144.81035,-37.73009,METRO BUS
144.79659,-37.7268,METRO BUS
144.81282,-37.73827,METRO BUS
145.02212,-37.65397,METRO BUS
144.81509,-37.73849,METRO BUS
144.81978,-37.73911,METRO BUS
144.81999,-37.73908,METRO BUS
144.81595,-37.74998,METRO BUS
144.81587,-37.7499,METRO BUS
144.81546,-37.75314,METRO BUS
144.81534,-37.75319,METRO BUS
144.81422,-37.75597,METRO BUS
144.81383,-37.75625,METRO BUS
144.80769,-37.75558,METRO BUS
144.80777,-37.75554,METRO BUS
144.8058,-37.7531,METRO BUS
144.80589,-37.75306,METRO BUS
144.77927,-37.76033,METRO BUS
144.77948,-37.76023,METRO BUS
144.77434,-37.75972,METRO BUS
144.77502,-37.7599,METRO BUS
144.76949,-37.74077,METRO BUS
144.77013,-37.74101,METRO BUS
144.77371,-37.74125,METRO BUS
145.01562,-37.65218,METRO BUS
144.77328,-37.7413,METRO BUS
144.7678,-37.72341,METRO BUS
144.76929,-37.72159,METRO BUS
144.76805,-37.72466,METRO BUS
144.83298,-37.7645,METRO BUS
144.83295,-37.7646,METRO BUS
144.83736,-37.76497,METRO BUS
144.83716,-37.76505,METRO BUS
144.84183,-37.76548,METRO BUS
144.84201,-37.76559,METRO BUS
144.9242,-37.76421,METRO BUS
144.84225,-37.76772,METRO BUS
144.84196,-37.77039,METRO BUS
144.84166,-37.77224,METRO BUS
144.84154,-37.77213,METRO BUS
144.84267,-37.76612,METRO BUS
144.84221,-37.76872,METRO BUS
144.4377,-37.655,METRO BUS
144.77644,-37.75934,METRO BUS
144.77716,-37.75502,METRO BUS
144.92581,-37.7626,METRO BUS
144.77796,-37.75065,METRO BUS
144.77844,-37.74699,METRO BUS
144.7794,-37.74125,METRO BUS
144.78013,-37.73715,METRO BUS
144.78094,-37.73351,METRO BUS
144.78139,-37.73097,METRO BUS
144.78141,-37.72576,METRO BUS
144.7806,-37.72181,METRO BUS
144.78086,-37.71648,METRO BUS
144.77835,-37.71235,METRO BUS
144.92761,-37.76276,METRO BUS
144.77797,-37.71035,METRO BUS
144.77872,-37.71251,METRO BUS
144.78034,-37.71512,METRO BUS
144.7809,-37.72191,METRO BUS
144.78171,-37.72563,METRO BUS
144.78155,-37.73141,METRO BUS
144.7812,-37.73362,METRO BUS
144.78032,-37.7379,METRO BUS
144.77975,-37.74099,METRO BUS
144.77898,-37.74528,METRO BUS
144.93005,-37.76307,METRO BUS
144.7784,-37.74994,METRO BUS
144.77768,-37.75409,METRO BUS
144.77714,-37.75743,METRO BUS
144.77612,-37.76383,METRO BUS
144.35725,-38.15455,METRO BUS
144.82055,-37.79486,METRO BUS
144.82012,-37.79465,METRO BUS
144.81745,-37.79491,METRO BUS
144.81713,-37.79471,METRO BUS
144.81189,-37.7947,METRO BUS
144.93327,-37.76341,METRO BUS
144.8114,-37.79442,METRO BUS
144.80725,-37.79701,METRO BUS
144.80727,-37.79644,METRO BUS
144.79058,-37.79318,METRO BUS
144.7943,-37.79395,METRO BUS
144.79843,-37.79341,METRO BUS
144.79907,-37.79121,METRO BUS
144.79964,-37.79118,METRO BUS
144.79477,-37.79074,METRO BUS
144.79488,-37.79067,METRO BUS
145.17936,-38.09148,METRO BUS
144.93458,-37.76363,METRO BUS
144.79131,-37.79029,METRO BUS
144.79107,-37.78558,METRO BUS
144.79133,-37.785,METRO BUS
145.03432,-37.79452,METRO BUS
145.03242,-37.79351,METRO BUS
145.0313,-37.79265,METRO BUS
145.03459,-37.79455,METRO BUS
144.82549,-37.79656,METRO BUS
144.80982,-37.78841,METRO BUS
144.80624,-37.78804,METRO BUS
144.93994,-37.76428,METRO BUS
144.8026,-37.78764,METRO BUS
144.79908,-37.78726,METRO BUS
144.79409,-37.78673,METRO BUS
144.75414,-37.78129,METRO BUS
144.96559,-37.6453,METRO BUS
144.87111,-37.76972,METRO BUS
144.87278,-37.76945,METRO BUS
144.77277,-37.78241,METRO BUS
144.77329,-37.78153,METRO BUS
144.75,-37.81626,METRO BUS
144.94422,-37.76481,METRO BUS
144.75014,-37.81688,METRO BUS
144.7498,-37.68312,METRO BUS
144.74609,-37.68254,METRO BUS
144.74623,-37.68248,METRO BUS
144.74131,-37.68276,METRO BUS
144.74148,-37.68259,METRO BUS
144.73053,-37.68867,METRO BUS
144.73129,-37.68621,METRO BUS
144.73592,-37.68673,METRO BUS
144.73828,-37.68659,METRO BUS
144.94708,-37.76519,METRO BUS
144.73959,-37.6855,METRO BUS
144.94986,-37.76548,METRO BUS
144.81633,-37.74715,METRO BUS
144.77362,-37.70008,METRO BUS
144.78853,-37.73958,METRO BUS
144.95279,-37.76585,METRO BUS
144.79174,-37.73996,METRO BUS
144.79194,-37.74285,METRO BUS
144.30606,-38.21547,METRO BUS
144.30604,-38.21537,METRO BUS
144.31245,-38.2046,METRO BUS
144.31221,-38.20437,METRO BUS
144.32062,-36.70661,METRO BUS
144.29795,-38.16603,METRO BUS
144.74533,-37.88589,METRO BUS
144.74495,-37.88605,METRO BUS
144.99135,-37.89174,METRO BUS
144.75142,-37.88659,METRO BUS
144.75198,-37.88684,METRO BUS
144.32448,-38.20143,METRO BUS
144.32454,-38.2022,METRO BUS
144.90165,-37.80131,METRO BUS
144.9018,-37.80124,METRO BUS
144.902,-37.80116,METRO BUS
144.3072,-36.77445,METRO BUS
145.93216,-38.1651,METRO BUS
145.9324,-38.16515,METRO BUS
144.9601,-37.76671,METRO BUS
145.93267,-38.1652,METRO BUS
146.57338,-38.19962,METRO BUS
145.92349,-38.15509,METRO BUS
145.87863,-38.14171,METRO BUS
145.87818,-38.14156,METRO BUS
144.81203,-37.73812,METRO BUS
144.81536,-37.7386,METRO BUS
144.29812,-38.16612,METRO BUS
144.29733,-38.16341,METRO BUS
144.96166,-37.76694,METRO BUS
144.29743,-38.16341,METRO BUS
144.29861,-38.16116,METRO BUS
144.2985,-38.16123,METRO BUS
144.29948,-38.16886,METRO BUS
145.19356,-37.81399,METRO BUS
144.31508,-38.19876,METRO BUS
144.42719,-38.18013,METRO BUS
144.4255,-38.18003,METRO BUS
144.96262,-37.76548,METRO BUS
144.35319,-38.19375,METRO BUS
144.35305,-38.19368,METRO BUS
146.42042,-38.31264,METRO BUS
145.17743,-38.09394,METRO BUS
144.96559,-37.76579,METRO BUS
144.68238,-37.8745,METRO BUS
144.6824,-37.87444,METRO BUS
144.92438,-37.76617,METRO BUS
144.30264,-38.20747,METRO BUS
144.96747,-37.76596,METRO BUS
144.42105,-37.66987,METRO BUS
144.87985,-37.72882,METRO BUS
145.25582,-37.97813,METRO BUS
145.25576,-37.97802,METRO BUS
144.58238,-38.15005,METRO BUS
144.97842,-37.80821,METRO BUS
144.98399,-37.80882,METRO BUS
144.96951,-37.76617,METRO BUS
144.98998,-37.8094,METRO BUS
144.98932,-37.80993,METRO BUS
144.98292,-37.80923,METRO BUS
144.97721,-37.8086,METRO BUS
146.55044,-38.17958,METRO BUS
146.28504,-38.17892,METRO BUS
146.53366,-38.18457,METRO BUS
146.54538,-38.29938,METRO BUS
144.97249,-37.76653,METRO BUS
144.69626,-37.83485,METRO BUS
144.69491,-37.835,METRO BUS
144.95128,-37.79694,METRO BUS
144.95107,-37.79619,METRO BUS
144.97545,-37.76681,METRO BUS
144.95584,-37.8056,METRO BUS
144.95624,-37.80553,METRO BUS
144.86823,-37.68959,METRO BUS
144.8681,-37.68968,METRO BUS
146.52042,-38.20964,METRO BUS
144.35629,-38.15728,METRO BUS
144.97675,-37.76694,METRO BUS
144.9707,-37.7357,METRO BUS
144.9708,-37.7389,METRO BUS
144.94901,-37.7357,METRO BUS
144.9488,-37.7327,METRO BUS
144.9451,-37.7323,METRO BUS
144.9424,-37.732,METRO BUS
144.9379,-37.7315,METRO BUS
144.935,-37.7312,METRO BUS
144.9319,-37.7308,METRO BUS
144.9317,-37.7307,METRO BUS
144.98001,-37.76732,METRO BUS
144.93496,-37.7311,METRO BUS
144.939,-37.7315,METRO BUS
144.94249,-37.7319,METRO BUS
144.9452,-37.7322,METRO BUS
144.9487,-37.7325,METRO BUS
144.9491,-37.7363,METRO BUS
144.9707,-37.7391,METRO BUS
144.9705,-37.7357,METRO BUS
144.31099,-38.21345,METRO BUS
144.3108,-38.21326,METRO BUS
144.98262,-37.76732,METRO BUS
146.55209,-38.19476,METRO BUS
145.12825,-37.9632,METRO BUS
145.12865,-37.96306,METRO BUS
144.98612,-37.7677,METRO BUS
144.96724,-37.73712,METRO BUS
144.98866,-37.76803,METRO BUS
145.15663,-37.70412,METRO BUS
145.17602,-38.09567,METRO BUS
144.99283,-37.76855,METRO BUS
144.9947,-37.7688,METRO BUS
144.99828,-37.7692,METRO BUS
145.00242,-37.76973,METRO BUS
145.00525,-37.77006,METRO BUS
145.00749,-37.77033,METRO BUS
144.85906,-37.74049,METRO BUS
145.01131,-37.77077,METRO BUS
145.01514,-37.77121,METRO BUS
145.01876,-37.77164,METRO BUS
145.02123,-37.77185,METRO BUS
145.17238,-38.1001,METRO BUS
145.02431,-37.77223,METRO BUS
145.02611,-37.77241,METRO BUS
144.9217,-37.67934,METRO BUS
145.02715,-37.77255,METRO BUS
145.08334,-37.88775,METRO BUS
145.0835,-37.88781,METRO BUS
145.0835,-37.88797,METRO BUS
145.08348,-37.88814,METRO BUS
145.08362,-37.88814,METRO BUS
145.08363,-37.88799,METRO BUS
145.08369,-37.88761,METRO BUS
145.02877,-37.77268,METRO BUS
145.08365,-37.88782,METRO BUS
145.08386,-37.88787,METRO BUS
145.0838,-37.88816,METRO BUS
144.73939,-37.8533,METRO BUS
144.7402,-37.85353,METRO BUS
145.03135,-37.77295,METRO BUS
144.65661,-37.83628,METRO BUS
145.03847,-37.61282,METRO BUS
145.03092,-37.61246,METRO BUS
145.03019,-37.61666,METRO BUS
145.02976,-37.61901,METRO BUS
145.02899,-37.62364,METRO BUS
145.02932,-37.6195,METRO BUS
145.03016,-37.61482,METRO BUS
145.03196,-37.61206,METRO BUS
145.03196,-37.77537,METRO BUS
145.01934,-37.65079,METRO BUS
145.01979,-37.64738,METRO BUS
145.02064,-37.64316,METRO BUS
145.0213,-37.63976,METRO BUS
145.02048,-37.637,METRO BUS
145.01482,-37.63531,METRO BUS
145.01472,-37.63216,METRO BUS
145.01703,-37.62032,METRO BUS
145.01881,-37.61765,METRO BUS
145.01933,-37.61538,METRO BUS
144.99276,-37.89227,METRO BUS
145.01625,-37.61227,METRO BUS
145.01425,-37.61067,METRO BUS
145.0171,-37.61265,METRO BUS
145.01949,-37.61507,METRO BUS
145.0189,-37.61788,METRO BUS
145.01702,-37.62047,METRO BUS
145.01467,-37.63145,METRO BUS
145.01483,-37.63597,METRO BUS
145.02016,-37.63668,METRO BUS
145.02137,-37.63977,METRO BUS
144.99247,-37.89378,METRO BUS
145.02077,-37.64316,METRO BUS
145.01999,-37.64762,METRO BUS
145.0195,-37.65058,METRO BUS
145.02856,-37.62855,METRO BUS
145.02875,-37.62839,METRO BUS
145.01158,-37.62939,METRO BUS
145.00567,-37.63004,METRO BUS
145.00458,-37.62709,METRO BUS
145.00477,-37.62474,METRO BUS
145.00502,-37.6204,METRO BUS
144.99211,-37.89573,METRO BUS
145.005,-37.61909,METRO BUS
145.00542,-37.62102,METRO BUS
145.00493,-37.62531,METRO BUS
145.0049,-37.62727,METRO BUS
145.00622,-37.63008,METRO BUS
145.01092,-37.62932,METRO BUS
144.99429,-37.89614,METRO BUS
145.01766,-37.65216,METRO BUS
144.85039,-37.67415,METRO BUS
144.85047,-37.67444,METRO BUS
144.85051,-37.67473,METRO BUS
144.85055,-37.6749,METRO BUS
145.05962,-37.73654,METRO BUS
145.24559,-37.9733,METRO BUS
144.99718,-37.89649,METRO BUS
144.99997,-37.89682,METRO BUS
145.14102,-37.73166,METRO BUS
144.92463,-37.743,METRO BUS
145.14673,-37.72707,METRO BUS
144.9023,-37.801,METRO BUS
144.90246,-37.80097,METRO BUS
144.40554,-38.25713,METRO BUS
144.40704,-38.25713,METRO BUS
145.04633,-37.7206,METRO BUS
145.14591,-37.72424,METRO BUS
144.34701,-38.14279,METRO BUS
144.30536,-38.19266,METRO BUS
144.3054,-38.19382,METRO BUS
145.28247,-38.08327,METRO BUS
144.71445,-37.85136,METRO BUS
144.33654,-38.22517,METRO BUS
144.33675,-38.22624,METRO BUS
144.45582,-38.18496,METRO BUS
144.45591,-38.18548,METRO BUS
144.9741,-37.86567,METRO BUS
145.19378,-37.81878,METRO BUS
144.17217,-38.04542,METRO BUS
144.35184,-38.16108,METRO BUS
144.35188,-38.161,METRO BUS
144.34746,-38.15997,METRO BUS
144.34695,-38.15977,METRO BUS
144.38437,-38.16995,METRO BUS
145.01492,-37.73124,METRO BUS
145.01804,-37.6522,METRO BUS
145.1056,-37.7028,METRO BUS
144.97759,-37.86721,METRO BUS
145.16996,-38.10304,METRO BUS
145.10987,-37.70657,METRO BUS
145.11502,-37.71361,METRO BUS
145.11426,-37.71748,METRO BUS
145.11935,-37.71793,METRO BUS
145.12073,-37.71756,METRO BUS
145.12427,-37.71992,METRO BUS
145.12396,-37.72419,METRO BUS
145.12451,-37.72626,METRO BUS
145.17818,-37.97345,METRO BUS
145.17804,-37.97353,METRO BUS
145.17818,-37.97656,METRO BUS
145.1779,-37.97712,METRO BUS
145.17525,-37.99561,METRO BUS
145.17496,-37.99594,METRO BUS
145.17376,-38.00273,METRO BUS
145.17386,-38.00119,METRO BUS
145.12645,-37.72808,METRO BUS
145.17245,-38.00542,METRO BUS
145.1732,-38.00483,METRO BUS
145.16836,-38.00497,METRO BUS
145.16772,-38.00475,METRO BUS
145.16137,-38.00419,METRO BUS
145.16205,-38.00414,METRO BUS
145.15574,-38.00435,METRO BUS
145.15559,-38.00433,METRO BUS
145.15082,-38.0045,METRO BUS
145.15058,-38.00441,METRO BUS
145.12957,-37.72979,METRO BUS
145.1451,-38.00357,METRO BUS
145.14311,-38.00313,METRO BUS
145.13551,-38.01552,METRO BUS
145.13484,-38.01523,METRO BUS
145.16817,-38.10518,METRO BUS
145.13413,-37.73174,METRO BUS
145.13626,-37.74608,METRO BUS
145.10368,-37.58734,METRO BUS
145.31518,-37.50996,METRO BUS
145.29895,-38.06653,METRO BUS
145.13547,-37.75059,METRO BUS
145.13506,-37.75351,METRO BUS
145.00754,-37.71617,METRO BUS
144.88206,-37.64014,METRO BUS
144.8821,-37.64004,METRO BUS
144.88454,-37.62273,METRO BUS
144.88455,-37.62287,METRO BUS
144.88882,-37.62303,METRO BUS
145.13468,-37.75579,METRO BUS
144.87971,-37.62239,METRO BUS
144.87948,-37.62223,METRO BUS
144.87829,-37.62409,METRO BUS
144.45534,-38.18785,METRO BUS
144.31102,-36.7593,METRO BUS
144.30824,-36.75807,METRO BUS
144.30832,-36.75507,METRO BUS
145.13392,-37.76033,METRO BUS
144.30848,-36.75511,METRO BUS
144.30843,-36.7582,METRO BUS
144.38885,-36.65257,METRO BUS
144.81102,-37.75981,METRO BUS
144.80607,-37.73363,METRO BUS
145.13356,-37.76244,METRO BUS
144.80227,-37.73668,METRO BUS
144.80258,-37.73629,METRO BUS
145.13307,-37.76508,METRO BUS
144.66675,-37.86158,METRO BUS
145.13173,-37.76712,METRO BUS
145.21414,-37.81936,METRO BUS
145.16482,-38.10743,METRO BUS
145.12941,-37.77047,METRO BUS
143.86927,-37.56203,METRO BUS
143.85376,-37.56678,METRO BUS
143.89717,-37.55327,METRO BUS
143.89351,-37.55365,METRO BUS
143.80892,-37.59012,METRO BUS
143.89404,-37.55647,METRO BUS
143.8938,-37.55596,METRO BUS
145.12686,-37.77419,METRO BUS
143.87622,-37.54933,METRO BUS
143.8538,-37.5677,METRO BUS
143.81802,-37.57965,METRO BUS
143.88557,-37.56585,METRO BUS
143.8823,-37.55466,METRO BUS
143.88199,-37.55484,METRO BUS
143.87326,-37.55765,METRO BUS
143.88587,-37.56351,METRO BUS
145.12404,-37.77852,METRO BUS
143.79627,-37.55323,METRO BUS
143.8136,-37.55841,METRO BUS
143.78856,-37.55253,METRO BUS
143.87343,-37.56908,METRO BUS
143.8733,-37.56899,METRO BUS
143.87849,-37.57207,METRO BUS
143.90233,-37.55181,METRO BUS
143.87396,-37.56118,METRO BUS
143.87776,-37.56261,METRO BUS
143.87792,-37.56271,METRO BUS
143.8745,-37.54939,METRO BUS
143.81289,-37.5895,METRO BUS
143.78657,-37.54368,METRO BUS
143.81865,-37.55691,METRO BUS
143.81761,-37.55887,METRO BUS
143.81752,-37.55897,METRO BUS
143.8181,-37.55548,METRO BUS
143.85144,-37.56966,METRO BUS
143.8504,-37.57004,METRO BUS
145.13776,-37.78776,METRO BUS
143.87862,-37.56867,METRO BUS
143.88542,-37.56949,METRO BUS
143.87922,-37.55557,METRO BUS
143.86975,-37.55852,METRO BUS
143.86998,-37.54273,METRO BUS
143.86634,-37.54371,METRO BUS
143.8665,-37.54773,METRO BUS
143.86806,-37.54991,METRO BUS
143.88244,-37.55322,METRO BUS
143.88229,-37.55318,METRO BUS
145.13748,-37.78948,METRO BUS
143.87766,-37.57552,METRO BUS
143.87822,-37.57622,METRO BUS
143.88439,-37.57339,METRO BUS
143.88345,-37.57663,METRO BUS
143.81023,-37.57864,METRO BUS
143.81975,-37.58351,METRO BUS
143.81368,-37.58244,METRO BUS
143.81413,-37.58016,METRO BUS
143.80761,-37.58374,METRO BUS
143.80815,-37.5809,METRO BUS
145.13692,-37.79228,METRO BUS
143.82117,-37.58821,METRO BUS
143.81672,-37.58888,METRO BUS
143.84677,-37.57339,METRO BUS
143.84706,-37.57281,METRO BUS
143.82554,-37.53235,METRO BUS
145.13184,-37.91464,METRO BUS
145.13845,-37.79279,METRO BUS
144.75694,-38.3575,METRO BUS
144.77064,-38.36828,METRO BUS
144.78418,-38.36396,METRO BUS
144.78481,-38.36715,METRO BUS
144.81165,-38.37421,METRO BUS
144.82441,-38.37248,METRO BUS
144.83299,-38.37509,METRO BUS
144.83701,-38.37621,METRO BUS
144.84715,-38.37691,METRO BUS
144.85341,-38.37208,METRO BUS
145.14087,-37.79299,METRO BUS
144.86907,-38.37178,METRO BUS
144.87169,-38.37051,METRO BUS
145.41119,-38.07043,METRO BUS
145.14533,-37.79231,METRO BUS
145.14853,-37.71339,METRO BUS
145.14858,-37.7132,METRO BUS
145.14723,-37.79284,METRO BUS
145.15119,-37.7964,METRO BUS
145.1539,-37.79715,METRO BUS
144.75208,-37.79882,METRO BUS
144.75241,-37.80006,METRO BUS
145.15589,-37.79743,METRO BUS
144.37381,-38.15321,METRO BUS
144.3201,-36.69628,METRO BUS
144.28972,-36.76939,METRO BUS
145.15743,-37.79764,METRO BUS
144.29073,-36.76959,METRO BUS
144.78549,-37.82321,METRO BUS
144.37311,-38.23013,METRO BUS
144.57251,-37.66176,METRO BUS
144.57263,-37.66209,METRO BUS
144.32751,-38.18965,METRO BUS
144.32789,-38.18884,METRO BUS
145.16558,-37.79754,METRO BUS
144.80003,-37.74482,METRO BUS
144.80015,-37.74497,METRO BUS
144.80027,-37.74512,METRO BUS
144.80039,-37.74527,METRO BUS
144.79971,-37.74508,METRO BUS
144.79925,-37.74465,METRO BUS
144.80115,-37.74445,METRO BUS
144.8008,-37.74382,METRO BUS
145.16921,-37.79677,METRO BUS
145.13178,-37.91401,METRO BUS
144.95189,-37.72295,METRO BUS
145.13174,-37.91421,METRO BUS
145.13172,-37.9144,METRO BUS
145.06031,-37.79285,METRO BUS
145.17073,-37.79141,METRO BUS
144.29307,-36.73114,METRO BUS
144.79089,-37.78802,METRO BUS
144.61761,-37.87762,METRO BUS
144.61747,-37.87729,METRO BUS
144.74744,-37.88632,METRO BUS
145.1915,-37.80164,METRO BUS
144.74691,-37.88508,METRO BUS
145.11414,-37.60193,METRO BUS
144.95541,-37.31111,METRO BUS
145.13774,-37.02501,METRO BUS
145.19509,-37.7974,METRO BUS
145.1413,-37.02169,METRO BUS
145.14291,-37.03196,METRO BUS
145.19822,-37.79228,METRO BUS
144.91158,-37.6788,METRO BUS
144.91168,-37.67869,METRO BUS
145.2033,-37.78573,METRO BUS
145.21031,-37.78131,METRO BUS
144.30584,-36.77334,METRO BUS
144.57787,-38.14784,METRO BUS
144.57809,-38.14787,METRO BUS
145.211,-37.77826,METRO BUS
144.75384,-37.78794,METRO BUS
144.75421,-37.78702,METRO BUS
145.20737,-38.00497,METRO BUS
145.16974,-37.96464,METRO BUS
144.37342,-38.23158,METRO BUS
145.2146,-37.77778,METRO BUS
144.79075,-37.78768,METRO BUS
145.70482,-37.25817,METRO BUS
145.70492,-37.25732,METRO BUS
145.73606,-37.4667,METRO BUS
145.73562,-37.46587,METRO BUS
144.98133,-37.84527,METRO BUS
145.00401,-37.64944,METRO BUS
145.00481,-37.64991,METRO BUS
144.88459,-38.36449,METRO BUS
144.87757,-38.37082,METRO BUS
145.21766,-37.77893,METRO BUS
145.21991,-37.77934,METRO BUS
144.87486,-38.37019,METRO BUS
144.87572,-38.37393,METRO BUS
144.87696,-38.37168,METRO BUS
144.87757,-38.37082,METRO BUS
144.87819,-38.3688,METRO BUS
145.22379,-37.78091,METRO BUS
145.10266,-37.86718,METRO BUS
145.10215,-37.85436,METRO BUS
145.225,-37.78155,METRO BUS
145.06307,-37.92975,METRO BUS
144.37228,-38.1532,METRO BUS
144.37302,-38.15531,METRO BUS
145.37932,-37.75337,METRO BUS
143.80469,-37.59324,METRO BUS
145.22758,-37.78323,METRO BUS
145.22944,-37.78392,METRO BUS
145.23483,-37.78662,METRO BUS
145.23621,-37.78748,METRO BUS
144.88933,-38.36509,METRO BUS
144.88052,-38.36491,METRO BUS
144.8798,-38.36703,METRO BUS
144.87159,-38.37069,METRO BUS
144.86736,-38.37055,METRO BUS
144.86173,-38.37182,METRO BUS
144.85948,-38.37083,METRO BUS
144.85653,-38.37056,METRO BUS
144.85358,-38.37202,METRO BUS
144.85292,-38.37517,METRO BUS
145.23605,-37.79007,METRO BUS
144.85161,-38.37712,METRO BUS
144.84282,-38.37695,METRO BUS
144.82431,-38.37228,METRO BUS
144.81349,-38.3739,METRO BUS
144.80836,-38.37663,METRO BUS
144.80115,-38.37872,METRO BUS
144.79619,-38.37937,METRO BUS
144.7923,-38.37979,METRO BUS
144.78602,-38.37634,METRO BUS
144.78687,-38.37249,METRO BUS
145.23556,-37.793,METRO BUS
144.78317,-38.36582,METRO BUS
144.77545,-38.36557,METRO BUS
144.76129,-38.36212,METRO BUS
144.75787,-38.35872,METRO BUS
144.75211,-38.35485,METRO BUS
144.74924,-38.35282,METRO BUS
144.74238,-38.34794,METRO BUS
144.71327,-37.59828,METRO BUS
145.23353,-37.79367,METRO BUS
144.71346,-37.59883,METRO BUS
144.13885,-37.31859,METRO BUS
145.23179,-37.79144,METRO BUS
145.22878,-37.79133,METRO BUS
146.39962,-38.235,METRO BUS
144.89886,-37.73983,METRO BUS
144.92446,-37.58622,METRO BUS
144.92461,-37.58611,METRO BUS
144.92016,-37.58579,METRO BUS
144.81728,-37.78428,METRO BUS
144.81705,-37.78437,METRO BUS
145.22796,-37.79217,METRO BUS
144.81636,-37.74752,METRO BUS
145.22645,-37.79284,METRO BUS
144.35226,-36.81163,METRO BUS
144.10381,-37.58097,METRO BUS
144.10396,-37.58098,METRO BUS
145.22683,-37.79587,METRO BUS
145.23172,-37.79756,METRO BUS
144.94903,-37.82116,METRO BUS
144.94912,-37.82044,METRO BUS
145.23259,-37.79808,METRO BUS
145.39864,-38.05792,METRO BUS
145.39722,-38.05806,METRO BUS
144.90707,-37.82907,METRO BUS
145.07313,-37.64963,METRO BUS
145.07093,-37.64966,METRO BUS
144.90883,-37.82782,METRO BUS
144.91151,-37.82625,METRO BUS
144.98535,-37.82839,METRO BUS
144.77596,-37.71061,METRO BUS
144.90665,-37.82464,METRO BUS
144.90282,-37.82733,METRO BUS
144.90108,-37.82953,METRO BUS
145.16338,-37.76713,METRO BUS
145.29487,-38.07698,METRO BUS
144.90053,-37.82998,METRO BUS
145.29331,-38.07863,METRO BUS
146.42156,-38.23569,METRO BUS
144.90288,-37.82695,METRO BUS
145.46689,-37.65806,METRO BUS
145.46678,-37.6583,METRO BUS
145.5299,-37.64751,METRO BUS
145.52998,-37.64741,METRO BUS
145.56062,-37.64888,METRO BUS
145.55889,-37.64819,METRO BUS
144.90654,-37.82452,METRO BUS
144.90876,-37.74385,METRO BUS
144.9134,-37.82187,METRO BUS
144.43632,-37.68732,METRO BUS
144.43664,-37.6874,METRO BUS
144.22488,-37.60406,METRO BUS
144.22515,-37.60408,METRO BUS
144.9164,-37.82127,METRO BUS
144.538,-38.24684,METRO BUS
144.5378,-38.24629,METRO BUS
144.91902,-37.82087,METRO BUS
144.96964,-37.54143,METRO BUS
144.97001,-37.54156,METRO BUS
144.90977,-37.67449,METRO BUS
144.90944,-37.67534,METRO BUS
144.92824,-37.72982,METRO BUS
144.13311,-37.30953,METRO BUS
144.13868,-37.31091,METRO BUS
144.92474,-37.82068,METRO BUS
145.21094,-37.98383,METRO BUS
145.211,-37.98374,METRO BUS
144.12794,-37.37784,METRO BUS
145.94617,-38.16694,METRO BUS
144.92713,-37.82093,METRO BUS
145.94573,-38.16703,METRO BUS
145.05526,-37.96734,METRO BUS
145.05511,-37.96798,METRO BUS
144.93034,-37.82148,METRO BUS
145.05538,-37.96742,METRO BUS
145.05526,-37.96804,METRO BUS
144.10505,-37.62789,METRO BUS
144.12783,-37.30193,METRO BUS
144.30383,-38.33879,METRO BUS
144.93246,-37.82193,METRO BUS
144.36111,-36.80456,METRO BUS
144.20401,-37.59166,METRO BUS
144.20419,-37.59165,METRO BUS
144.19785,-37.57907,METRO BUS
144.19809,-37.57899,METRO BUS
144.14028,-37.35816,METRO BUS
145.25322,-37.97421,METRO BUS
144.93637,-37.82273,METRO BUS
144.94103,-37.82369,METRO BUS
144.94506,-37.82507,METRO BUS
144.92089,-37.82142,METRO BUS
144.92146,-37.82315,METRO BUS
144.92228,-37.82586,METRO BUS
144.14004,-37.35853,METRO BUS
144.12294,-37.3963,METRO BUS
144.92386,-37.8309,METRO BUS
144.11658,-37.41956,METRO BUS
144.12916,-37.44552,METRO BUS
144.15086,-37.47999,METRO BUS
144.18769,-37.55481,METRO BUS
144.10481,-37.61638,METRO BUS
144.10397,-37.6016,METRO BUS
144.92438,-37.83251,METRO BUS
145.95469,-38.16771,METRO BUS
145.95463,-38.16782,METRO BUS
145.16079,-38.11937,METRO BUS
144.92557,-37.83476,METRO BUS
144.54625,-38.25879,METRO BUS
144.54633,-38.25889,METRO BUS
145.35272,-37.9088,METRO BUS
144.36855,-38.21394,METRO BUS
144.36989,-38.2148,METRO BUS
144.42172,-37.65532,METRO BUS
144.88987,-37.64266,METRO BUS
144.89027,-37.64264,METRO BUS
143.85987,-37.55839,METRO BUS
143.8602,-37.55862,METRO BUS
143.86021,-37.5584,METRO BUS
145.20732,-37.78474,METRO BUS
144.93069,-37.83377,METRO BUS
144.9872,-38.2925,METRO BUS
144.93339,-37.83327,METRO BUS
145.01977,-38.2859,METRO BUS
144.9359,-37.83279,METRO BUS
144.93792,-37.8324,METRO BUS
144.7339,-37.86666,METRO BUS
144.76547,-38.36473,METRO BUS
144.76544,-38.36451,METRO BUS
144.54107,-38.18452,METRO BUS
144.38223,-38.2418,METRO BUS
144.38321,-38.2429,METRO BUS
144.93976,-37.83203,METRO BUS
144.94173,-37.83164,METRO BUS
144.94374,-37.83127,METRO BUS
145.16204,-38.1216,METRO BUS
144.94618,-37.83015,METRO BUS
144.70987,-37.87809,METRO BUS
144.7146,-37.87619,METRO BUS
144.71759,-37.87502,METRO BUS
144.72609,-37.87146,METRO BUS
144.76572,-37.75139,METRO BUS
145.16269,-38.12384,METRO BUS
144.74649,-37.88891,METRO BUS
144.74581,-37.89232,METRO BUS
144.74477,-37.89434,METRO BUS
145.24975,-38.10894,METRO BUS
145.24794,-38.10891,METRO BUS
144.94625,-37.74888,METRO BUS
144.94536,-37.76953,METRO BUS
144.94509,-37.75705,METRO BUS
144.9463,-37.74978,METRO BUS
144.76225,-37.75148,METRO BUS
144.9446,-37.7473,METRO BUS
145.31342,-37.78482,METRO BUS
144.75486,-37.8925,METRO BUS
145.2515,-38.11502,METRO BUS
145.25133,-38.11492,METRO BUS
146.71442,-38.35152,METRO BUS
146.71462,-38.34952,METRO BUS
145.15931,-38.1244,METRO BUS
144.75607,-37.88584,METRO BUS
144.37017,-38.10009,METRO BUS
144.60224,-37.71339,METRO BUS
144.6023,-37.7133,METRO BUS
144.36864,-38.20853,METRO BUS
144.36315,-38.19859,METRO BUS
144.36798,-38.20751,METRO BUS
144.36282,-38.19866,METRO BUS
145.27078,-38.01763,METRO BUS
145.27077,-38.01777,METRO BUS
145.27073,-38.01802,METRO BUS
145.27103,-38.01765,METRO BUS
145.27111,-38.01743,METRO BUS
145.27116,-38.01721,METRO BUS
145.11828,-37.79845,METRO BUS
143.8164,-37.5332,METRO BUS
144.93989,-37.29474,METRO BUS
145.12301,-37.79015,METRO BUS
145.12221,-37.79158,METRO BUS
145.12111,-37.79339,METRO BUS
144.35316,-38.18063,METRO BUS
144.35289,-38.18077,METRO BUS
144.35424,-38.1845,METRO BUS
144.35475,-38.18535,METRO BUS
144.35518,-38.18724,METRO BUS
145.1199,-37.79471,METRO BUS
145.11713,-37.80011,METRO BUS
145.12616,-38.37382,METRO BUS
145.00449,-38.30404,METRO BUS
145.03739,-37.74115,METRO BUS
145.11382,-37.80063,METRO BUS
145.11113,-37.80104,METRO BUS
145.10875,-37.80145,METRO BUS
145.10634,-37.80179,METRO BUS
145.10307,-37.80291,METRO BUS
145.09567,-37.80411,METRO BUS
145.4678,-38.06242,METRO BUS
145.22935,-37.81526,METRO BUS
145.09323,-37.80461,METRO BUS
145.09019,-37.80446,METRO BUS
145.0874,-37.8041,METRO BUS
145.08255,-37.80356,METRO BUS
145.14952,-37.64859,METRO BUS
145.14978,-37.64837,METRO BUS
145.02275,-37.71189,METRO BUS
145.02311,-37.71026,METRO BUS
145.02133,-37.70931,METRO BUS
145.08024,-37.80314,METRO BUS
145.23497,-37.74946,METRO BUS
146.42335,-38.31877,METRO BUS
146.42312,-38.31878,METRO BUS
146.71669,-38.47411,METRO BUS
146.71716,-38.47287,METRO BUS
145.07758,-37.8028,METRO BUS
145.0756,-37.80257,METRO BUS
145.0047,-38.30389,METRO BUS
145.07202,-37.80201,METRO BUS
145.06864,-37.80166,METRO BUS
145.06568,-37.80125,METRO BUS
145.06288,-37.80089,METRO BUS
145.05917,-37.80044,METRO BUS
145.05603,-37.80005,METRO BUS
145.04361,-37.74182,METRO BUS
145.05356,-37.79974,METRO BUS
145.11927,-37.81715,METRO BUS
145.1198,-37.8146,METRO BUS
145.11804,-37.81427,METRO BUS
145.11583,-37.81213,METRO BUS
145.11636,-37.80914,METRO BUS
145.04698,-37.74218,METRO BUS
145.11696,-37.80581,METRO BUS
145.11735,-37.80374,METRO BUS
145.11769,-37.80189,METRO BUS
144.75979,-37.87253,METRO BUS
145.00001,-37.74487,METRO BUS
145.00061,-37.74477,METRO BUS
145.04131,-37.79692,METRO BUS
143.80556,-37.49607,METRO BUS
143.80588,-37.49742,METRO BUS
146.53761,-38.19885,METRO BUS
145.12456,-37.81444,METRO BUS
145.12488,-37.8127,METRO BUS
145.12525,-37.81065,METRO BUS
145.12573,-37.80803,METRO BUS
145.126,-37.8064,METRO BUS
145.0713,-37.79184,METRO BUS
145.12614,-37.80508,METRO BUS
145.12641,-37.80364,METRO BUS
145.12687,-37.80122,METRO BUS
145.12707,-37.7986,METRO BUS
145.12606,-37.79513,METRO BUS
145.0585,-37.8594,METRO BUS
145.12557,-37.79188,METRO BUS
145.29495,-38.08654,METRO BUS
145.29495,-38.08839,METRO BUS
145.2938,-38.09244,METRO BUS
145.29425,-38.09217,METRO BUS
145.29267,-38.1011,METRO BUS
145.29074,-38.10974,METRO BUS
145.29089,-38.1109,METRO BUS
145.29006,-38.11036,METRO BUS
145.294,-38.11431,METRO BUS
145.29394,-38.11452,METRO BUS
145.29101,-38.11392,METRO BUS
145.28924,-38.11397,METRO BUS
145.28996,-38.11322,METRO BUS
145.29009,-38.11466,METRO BUS
145.28934,-38.11847,METRO BUS
144.76191,-37.75331,METRO BUS
145.28895,-38.12047,METRO BUS
144.76099,-37.7557,METRO BUS
144.76368,-37.75809,METRO BUS
144.76483,-37.75915,METRO BUS
145.09714,-37.60098,METRO BUS
144.7195,-37.62822,METRO BUS
144.76603,-37.7595,METRO BUS
144.71945,-37.62807,METRO BUS
144.71951,-37.628,METRO BUS
144.71941,-37.62825,METRO BUS
144.76895,-37.75906,METRO BUS
144.77063,-37.76397,METRO BUS
144.77222,-37.76227,METRO BUS
144.77522,-37.76262,METRO BUS
144.77544,-37.76721,METRO BUS
145.04129,-37.73588,METRO BUS
145.05915,-37.74018,METRO BUS
145.07331,-37.78964,METRO BUS
144.77463,-37.77141,METRO BUS
144.76842,-37.86529,METRO BUS
144.76875,-37.86512,METRO BUS
144.75766,-37.87872,METRO BUS
144.75736,-37.87931,METRO BUS
144.75635,-37.88576,METRO BUS
144.75685,-37.89655,METRO BUS
144.76053,-37.89264,METRO BUS
144.76299,-37.88948,METRO BUS
144.76556,-37.88658,METRO BUS
144.77095,-37.88867,METRO BUS
144.77263,-37.89072,METRO BUS
144.77425,-37.89387,METRO BUS
144.77565,-37.89769,METRO BUS
144.77791,-37.89893,METRO BUS
144.77946,-37.90158,METRO BUS
144.7765,-37.90379,METRO BUS
144.77165,-37.90267,METRO BUS
144.76597,-37.90445,METRO BUS
144.76205,-37.90152,METRO BUS
144.75659,-37.89679,METRO BUS
144.77429,-37.77415,METRO BUS
144.74079,-37.88557,METRO BUS
144.74098,-37.88536,METRO BUS
144.73831,-37.88509,METRO BUS
144.73673,-37.8797,METRO BUS
144.73654,-37.87971,METRO BUS
144.7404,-37.88033,METRO BUS
144.74068,-37.88031,METRO BUS
144.74464,-37.88073,METRO BUS
144.74471,-37.88085,METRO BUS
144.72655,-37.88411,METRO BUS
144.774,-37.77617,METRO BUS
144.72367,-37.88392,METRO BUS
144.71962,-37.88361,METRO BUS
144.71861,-37.88569,METRO BUS
144.7179,-37.8899,METRO BUS
144.71743,-37.89294,METRO BUS
144.679,-37.84656,METRO BUS
144.6792,-37.8468,METRO BUS
144.71699,-37.89522,METRO BUS
144.71707,-37.89523,METRO BUS
144.71736,-37.89291,METRO BUS
144.7178,-37.88992,METRO BUS
144.71855,-37.88566,METRO BUS
144.72067,-37.88335,METRO BUS
144.72375,-37.88359,METRO BUS
144.72777,-37.88391,METRO BUS
144.65763,-37.90493,METRO BUS
144.65761,-37.9047,METRO BUS
144.65274,-37.90252,METRO BUS
144.65267,-37.90225,METRO BUS
144.64854,-37.8998,METRO BUS
144.7928,-37.78171,METRO BUS
144.64865,-37.89966,METRO BUS
144.62951,-37.89328,METRO BUS
144.62938,-37.89283,METRO BUS
144.67996,-37.85845,METRO BUS
144.67966,-37.85834,METRO BUS
144.73572,-37.867,METRO BUS
144.73556,-37.86681,METRO BUS
144.73146,-37.86204,METRO BUS
144.73129,-37.86071,METRO BUS
144.73056,-37.85763,METRO BUS
144.79643,-37.78212,METRO BUS
144.73068,-37.85746,METRO BUS
144.70793,-37.8412,METRO BUS
144.70808,-37.84149,METRO BUS
144.70848,-37.83791,METRO BUS
144.70865,-37.83811,METRO BUS
144.70471,-37.8359,METRO BUS
144.70464,-37.83557,METRO BUS
144.70108,-37.83578,METRO BUS
144.70102,-37.83531,METRO BUS
144.68537,-37.83374,METRO BUS
144.79926,-37.7824,METRO BUS
144.68509,-37.8336,METRO BUS
144.68185,-37.83441,METRO BUS
144.68175,-37.83393,METRO BUS
144.68108,-37.83669,METRO BUS
144.68134,-37.83761,METRO BUS
144.67999,-37.84295,METRO BUS
144.68013,-37.84288,METRO BUS
144.68068,-37.83936,METRO BUS
144.68099,-37.83935,METRO BUS
144.72631,-37.85248,METRO BUS
144.80229,-37.78273,METRO BUS
144.71897,-37.85167,METRO BUS
144.71817,-37.85158,METRO BUS
144.7142,-37.85121,METRO BUS
144.71033,-37.85098,METRO BUS
144.71126,-37.85092,METRO BUS
144.70518,-37.8504,METRO BUS
144.70462,-37.85012,METRO BUS
144.70248,-37.85015,METRO BUS
144.70115,-37.84981,METRO BUS
144.80525,-37.78306,METRO BUS
144.69648,-37.84946,METRO BUS
144.6972,-37.84943,METRO BUS
144.69309,-37.84905,METRO BUS
144.69343,-37.84894,METRO BUS
144.68789,-37.84908,METRO BUS
144.68811,-37.84093,METRO BUS
144.68795,-37.84077,METRO BUS
144.68384,-37.8407,METRO BUS
144.68399,-37.84057,METRO BUS
144.67997,-37.84016,METRO BUS
145.03602,-37.79554,METRO BUS
144.80679,-37.78321,METRO BUS
144.68012,-37.84001,METRO BUS
144.67685,-37.83981,METRO BUS
144.67669,-37.83963,METRO BUS
144.67463,-37.83957,METRO BUS
144.67437,-37.83942,METRO BUS
144.66573,-37.83608,METRO BUS
144.66537,-37.83599,METRO BUS
144.66033,-37.83559,METRO BUS
144.66035,-37.83548,METRO BUS
144.80899,-37.78344,METRO BUS
144.65813,-37.83535,METRO BUS
144.65602,-37.83881,METRO BUS
144.65581,-37.83917,METRO BUS
144.65595,-37.84177,METRO BUS
144.65591,-37.84187,METRO BUS
144.65615,-37.84448,METRO BUS
144.65598,-37.84455,METRO BUS
144.65836,-37.84516,METRO BUS
144.65863,-37.84533,METRO BUS
144.66047,-37.84634,METRO BUS
144.81288,-37.78381,METRO BUS
144.66043,-37.84623,METRO BUS
144.6606,-37.84926,METRO BUS
144.66056,-37.84926,METRO BUS
144.66224,-37.85184,METRO BUS
144.6622,-37.85193,METRO BUS
144.66458,-37.85219,METRO BUS
144.66487,-37.85232,METRO BUS
144.66763,-37.85241,METRO BUS
144.66737,-37.85258,METRO BUS
144.69088,-37.86928,METRO BUS
144.81951,-37.78451,METRO BUS
144.69099,-37.86991,METRO BUS
144.69492,-37.86419,METRO BUS
144.69799,-37.86417,METRO BUS
144.69859,-37.86384,METRO BUS
144.74303,-37.86658,METRO BUS
144.74081,-37.86646,METRO BUS
144.74873,-37.86658,METRO BUS
144.74593,-37.86768,METRO BUS
144.62202,-37.90094,METRO BUS
144.62299,-37.90102,METRO BUS
144.82162,-37.78474,METRO BUS
144.6164,-37.90029,METRO BUS
144.61746,-37.90035,METRO BUS
144.61352,-37.89999,METRO BUS
144.61431,-37.89998,METRO BUS
144.61042,-37.89845,METRO BUS
144.61056,-37.89841,METRO BUS
144.61068,-37.8943,METRO BUS
144.61074,-37.8958,METRO BUS
144.61137,-37.89207,METRO BUS
144.61143,-37.89208,METRO BUS
145.01996,-37.6581,METRO BUS
144.61329,-37.88847,METRO BUS
144.6135,-37.8885,METRO BUS
144.60926,-37.88703,METRO BUS
144.60988,-37.88707,METRO BUS
144.61526,-37.87723,METRO BUS
144.61515,-37.87705,METRO BUS
144.61162,-37.87679,METRO BUS
144.60794,-37.87984,METRO BUS
144.60772,-37.88038,METRO BUS
144.60812,-37.87783,METRO BUS
145.09543,-37.85093,METRO BUS
144.608,-37.87793,METRO BUS
144.6049,-37.87667,METRO BUS
144.59659,-37.87226,METRO BUS
144.59773,-37.87534,METRO BUS
144.60206,-37.87699,METRO BUS
144.64011,-37.88887,METRO BUS
145.09573,-37.85083,METRO BUS
144.64015,-37.88842,METRO BUS
144.64083,-37.89116,METRO BUS
144.64058,-37.89097,METRO BUS
144.66203,-37.88865,METRO BUS
144.66231,-37.88842,METRO BUS
144.66289,-37.88444,METRO BUS
144.66308,-37.8845,METRO BUS
144.6636,-37.87979,METRO BUS
144.6639,-37.87921,METRO BUS
144.66405,-37.87726,METRO BUS
145.09584,-37.8487,METRO BUS
144.66423,-37.87716,METRO BUS
144.66467,-37.8736,METRO BUS
144.66675,-37.86244,METRO BUS
144.67785,-37.86515,METRO BUS
144.67814,-37.86602,METRO BUS
144.67913,-37.86982,METRO BUS
144.67908,-37.86983,METRO BUS
144.6772,-37.87159,METRO BUS
144.67655,-37.87412,METRO BUS
144.67076,-37.88861,METRO BUS
145.09597,-37.84879,METRO BUS
144.67094,-37.88866,METRO BUS
144.66808,-37.88604,METRO BUS
144.66795,-37.88531,METRO BUS
144.6682,-37.88328,METRO BUS
144.6682,-37.88357,METRO BUS
144.6858,-37.86169,METRO BUS
144.68552,-37.86201,METRO BUS
144.68198,-37.88211,METRO BUS
144.6808,-37.88919,METRO BUS
144.67621,-37.87692,METRO BUS
144.68341,-37.87013,METRO BUS
144.68902,-37.84545,METRO BUS
144.68981,-37.83997,METRO BUS
144.69,-37.84001,METRO BUS
144.69043,-37.837,METRO BUS
144.69066,-37.83717,METRO BUS
144.6873,-37.85333,METRO BUS
144.68711,-37.8534,METRO BUS
144.68643,-37.85801,METRO BUS
144.68617,-37.85977,METRO BUS
144.68601,-37.8595,METRO BUS
144.68252,-37.88027,METRO BUS
144.68233,-37.87995,METRO BUS
144.68158,-37.88586,METRO BUS
144.68137,-37.88593,METRO BUS
144.67808,-37.89217,METRO BUS
144.67818,-37.89197,METRO BUS
144.67445,-37.8936,METRO BUS
144.67432,-37.89352,METRO BUS
144.67021,-37.89534,METRO BUS
144.67013,-37.89521,METRO BUS
144.64501,-37.89993,METRO BUS
144.64526,-37.89992,METRO BUS
144.63767,-37.89613,METRO BUS
144.63572,-37.89523,METRO BUS
144.63457,-37.89454,METRO BUS
144.63272,-37.89373,METRO BUS
144.63244,-37.89342,METRO BUS
144.62811,-37.89002,METRO BUS
144.62804,-37.88959,METRO BUS
144.62549,-37.88605,METRO BUS
144.62633,-37.88689,METRO BUS
144.62109,-37.88136,METRO BUS
144.62061,-37.88062,METRO BUS
144.61409,-37.87402,METRO BUS
144.61394,-37.87348,METRO BUS
144.70058,-37.88918,METRO BUS
144.70081,-37.89007,METRO BUS
144.73119,-37.85321,METRO BUS
144.67023,-37.84628,METRO BUS
144.66947,-37.84701,METRO BUS
144.74758,-37.85563,METRO BUS
144.7472,-37.85576,METRO BUS
144.74801,-37.85825,METRO BUS
144.74786,-37.85834,METRO BUS
144.74803,-37.86296,METRO BUS
144.74782,-37.86624,METRO BUS
145.09642,-37.84277,METRO BUS
144.73218,-37.85271,METRO BUS
144.7221,-37.85199,METRO BUS
144.72186,-37.85178,METRO BUS
144.68189,-37.88417,METRO BUS
144.69489,-37.83193,METRO BUS
144.69462,-37.83189,METRO BUS
144.69495,-37.83179,METRO BUS
144.69465,-37.83176,METRO BUS
144.60871,-37.87355,METRO BUS
144.60867,-37.87382,METRO BUS
144.60855,-37.87442,METRO BUS
144.60887,-37.87355,METRO BUS
144.60883,-37.87382,METRO BUS
144.60877,-37.87411,METRO BUS
144.64008,-37.89745,METRO BUS
145.09475,-37.84272,METRO BUS
144.64149,-37.89806,METRO BUS
144.74648,-37.86686,METRO BUS
144.72546,-37.85214,METRO BUS
144.74785,-37.86157,METRO BUS
143.83649,-37.59842,METRO BUS
143.83544,-37.5955,METRO BUS
143.83565,-37.59506,METRO BUS
143.82624,-37.59296,METRO BUS
143.82778,-37.59285,METRO BUS
143.82553,-37.58917,METRO BUS
143.82564,-37.58941,METRO BUS
145.09229,-37.84214,METRO BUS
143.82702,-37.58189,METRO BUS
143.8264,-37.58522,METRO BUS
143.83032,-37.57196,METRO BUS
143.83089,-37.57216,METRO BUS
143.83564,-37.5726,METRO BUS
143.83425,-37.57255,METRO BUS
143.8398,-37.57273,METRO BUS
143.83998,-37.57269,METRO BUS
145.05962,-37.74605,METRO BUS
145.0926,-37.83992,METRO BUS
143.81468,-37.52909,METRO BUS
143.81764,-37.52741,METRO BUS
143.82126,-37.52635,METRO BUS
143.82524,-37.52386,METRO BUS
143.82549,-37.52141,METRO BUS
143.82569,-37.52171,METRO BUS
143.82836,-37.52055,METRO BUS
143.83356,-37.52104,METRO BUS
143.83424,-37.52401,METRO BUS
143.83373,-37.5272,METRO BUS
143.83639,-37.52813,METRO BUS
143.83823,-37.52848,METRO BUS
143.84076,-37.52878,METRO BUS
143.84154,-37.53248,METRO BUS
143.84081,-37.53771,METRO BUS
143.84056,-37.5375,METRO BUS
143.84703,-37.54198,METRO BUS
143.84612,-37.54209,METRO BUS
143.84546,-37.59945,METRO BUS
145.09327,-37.83641,METRO BUS
143.86691,-37.60317,METRO BUS
143.86661,-37.60331,METRO BUS
145.09548,-37.83532,METRO BUS
145.09567,-37.83535,METRO BUS
145.09612,-37.83253,METRO BUS
143.82457,-37.52747,METRO BUS
143.82415,-37.52949,METRO BUS
145.09621,-37.83225,METRO BUS
145.09712,-37.82626,METRO BUS
143.8007,-37.55374,METRO BUS
143.86484,-37.55167,METRO BUS
143.86438,-37.55171,METRO BUS
144.23834,-36.80585,METRO BUS
144.23868,-36.80588,METRO BUS
144.23234,-36.80365,METRO BUS
144.23244,-36.80374,METRO BUS
144.23382,-36.78825,METRO BUS
145.06172,-37.74484,METRO BUS
144.23428,-36.78861,METRO BUS
144.26116,-36.77589,METRO BUS
144.26142,-36.77588,METRO BUS
144.2803,-36.77324,METRO BUS
144.34345,-36.66301,METRO BUS
144.34351,-36.66318,METRO BUS
144.3496,-36.66353,METRO BUS
144.22083,-36.73491,METRO BUS
144.27773,-36.71235,METRO BUS
144.27776,-36.71252,METRO BUS
144.23342,-36.80147,METRO BUS
144.23332,-36.8016,METRO BUS
144.23929,-36.79763,METRO BUS
144.23952,-36.79768,METRO BUS
144.26308,-36.77477,METRO BUS
144.25755,-36.71522,METRO BUS
144.2577,-36.71537,METRO BUS
145.10528,-37.82117,METRO BUS
144.26326,-36.77457,METRO BUS
144.2508,-36.70742,METRO BUS
144.24951,-36.70742,METRO BUS
144.24707,-36.70831,METRO BUS
144.24707,-36.70831,METRO BUS
144.24847,-36.71204,METRO BUS
144.24769,-36.71087,METRO BUS
144.24855,-36.71459,METRO BUS
144.2471,-36.71642,METRO BUS
145.10576,-37.82139,METRO BUS
144.25109,-36.71752,METRO BUS
144.27743,-36.77573,METRO BUS
144.2877,-36.78764,METRO BUS
144.2923,-36.78519,METRO BUS
144.29244,-36.78531,METRO BUS
144.29393,-36.77901,METRO BUS
144.29392,-36.77448,METRO BUS
144.29382,-36.7743,METRO BUS
144.29152,-36.77091,METRO BUS
144.27804,-36.77069,METRO BUS
145.10791,-37.82142,METRO BUS
144.27593,-36.76094,METRO BUS
144.31149,-36.75907,METRO BUS
144.31563,-36.75933,METRO BUS
144.31559,-36.75959,METRO BUS
145.10807,-37.82167,METRO BUS
144.25268,-36.7631,METRO BUS
144.25258,-36.76329,METRO BUS
144.25662,-36.76253,METRO BUS
144.257,-36.76262,METRO BUS
145.11014,-37.82174,METRO BUS
144.26155,-36.70931,METRO BUS
144.26804,-36.7112,METRO BUS
144.27877,-36.73692,METRO BUS
144.27859,-36.73703,METRO BUS
144.28283,-36.74121,METRO BUS
144.2821,-36.74027,METRO BUS
144.28515,-36.74526,METRO BUS
144.2685,-36.71136,METRO BUS
144.27364,-36.70967,METRO BUS
145.10992,-37.82184,METRO BUS
144.27406,-36.70961,METRO BUS
144.27983,-36.70797,METRO BUS
144.29361,-36.75301,METRO BUS
144.30087,-36.75342,METRO BUS
144.30261,-36.75005,METRO BUS
144.27957,-36.70833,METRO BUS
144.27849,-36.71128,METRO BUS
144.32221,-36.69847,METRO BUS
144.32207,-36.69642,METRO BUS
145.06321,-37.74402,METRO BUS
145.1136,-37.82213,METRO BUS
144.32166,-36.70196,METRO BUS
144.32167,-36.70128,METRO BUS
144.31977,-36.71213,METRO BUS
144.32088,-36.70532,METRO BUS
144.31766,-36.75124,METRO BUS
144.3175,-36.75123,METRO BUS
144.31744,-36.75488,METRO BUS
144.31738,-36.75747,METRO BUS
145.11332,-37.82225,METRO BUS
144.35509,-36.80896,METRO BUS
144.35641,-36.80859,METRO BUS
144.35234,-36.81179,METRO BUS
144.35023,-36.81215,METRO BUS
145.10997,-38.17223,METRO BUS
144.3496,-36.81203,METRO BUS
144.34822,-36.80697,METRO BUS
144.34761,-36.80873,METRO BUS
144.34718,-36.8086,METRO BUS
144.34773,-36.81132,METRO BUS
144.34763,-36.81144,METRO BUS
144.34467,-36.81121,METRO BUS
144.34241,-36.81133,METRO BUS
144.34435,-36.80179,METRO BUS
144.34435,-36.80167,METRO BUS
145.10724,-38.17265,METRO BUS
144.3412,-36.80065,METRO BUS
144.34122,-36.80059,METRO BUS
144.33684,-36.79976,METRO BUS
144.33685,-36.80002,METRO BUS
144.34038,-36.79456,METRO BUS
144.33928,-36.79594,METRO BUS
144.20876,-36.74285,METRO BUS
144.20763,-36.7453,METRO BUS
144.2074,-36.74526,METRO BUS
144.20444,-36.74645,METRO BUS
145.10633,-38.17144,METRO BUS
144.20522,-36.74612,METRO BUS
144.19933,-36.74351,METRO BUS
144.19911,-36.74664,METRO BUS
144.20717,-36.75331,METRO BUS
144.20603,-36.75063,METRO BUS
144.20466,-36.74969,METRO BUS
144.20386,-36.7479,METRO BUS
144.26351,-36.75273,METRO BUS
144.26358,-36.75284,METRO BUS
144.26691,-36.74711,METRO BUS
144.26972,-36.7468,METRO BUS
144.26946,-36.74681,METRO BUS
144.26579,-36.75184,METRO BUS
144.26552,-36.75181,METRO BUS
144.2596,-36.71538,METRO BUS
144.26274,-36.71632,METRO BUS
144.29626,-36.77286,METRO BUS
145.01907,-37.66014,METRO BUS
144.35279,-36.8088,METRO BUS
144.35279,-36.80904,METRO BUS
144.29265,-36.78357,METRO BUS
144.29096,-36.78157,METRO BUS
144.29109,-36.77954,METRO BUS
144.29106,-36.77914,METRO BUS
145.01786,-37.66299,METRO BUS
144.2966,-36.75088,METRO BUS
144.2992,-36.74958,METRO BUS
144.29928,-36.74971,METRO BUS
144.30213,-36.74777,METRO BUS
144.30196,-36.7481,METRO BUS
144.30098,-36.75282,METRO BUS
144.30529,-36.75437,METRO BUS
144.30483,-36.75447,METRO BUS
145.01694,-37.66517,METRO BUS
144.45363,-38.19651,METRO BUS
144.45355,-38.19623,METRO BUS
144.45427,-38.19909,METRO BUS
144.45822,-38.19978,METRO BUS
144.45452,-38.20126,METRO BUS
145.01602,-37.66909,METRO BUS
144.4592,-38.18998,METRO BUS
144.39059,-38.16107,METRO BUS
144.46217,-38.19073,METRO BUS
144.46245,-38.19283,METRO BUS
144.46227,-38.19301,METRO BUS
144.46219,-38.19567,METRO BUS
144.462,-38.19556,METRO BUS
144.46505,-38.19771,METRO BUS
144.46486,-38.19779,METRO BUS
144.46767,-38.19528,METRO BUS
145.06647,-37.74274,METRO BUS
145.02635,-37.7791,METRO BUS
144.46787,-38.19492,METRO BUS
144.46824,-38.19279,METRO BUS
144.46478,-38.18653,METRO BUS
144.46482,-38.18706,METRO BUS
144.46517,-38.1844,METRO BUS
144.46544,-38.18409,METRO BUS
144.46625,-38.18033,METRO BUS
144.4788,-38.17962,METRO BUS
144.7166,-38.17164,METRO BUS
144.47265,-38.17973,METRO BUS
145.01504,-37.67436,METRO BUS
144.47591,-38.1822,METRO BUS
144.47581,-38.17969,METRO BUS
144.47506,-38.18339,METRO BUS
144.35986,-38.14478,METRO BUS
144.57188,-38.16782,METRO BUS
144.57299,-38.16205,METRO BUS
144.57595,-38.15049,METRO BUS
144.57641,-38.15063,METRO BUS
145.01466,-37.67633,METRO BUS
144.58138,-38.15113,METRO BUS
144.58057,-38.14806,METRO BUS
144.57252,-38.15893,METRO BUS
144.56662,-38.15816,METRO BUS
144.56212,-38.15765,METRO BUS
144.55767,-38.1571,METRO BUS
144.55538,-38.15789,METRO BUS
144.55475,-38.16119,METRO BUS
144.55389,-38.16579,METRO BUS
144.54605,-38.17015,METRO BUS
144.55009,-38.1715,METRO BUS
144.55234,-38.17354,METRO BUS
144.55222,-38.17346,METRO BUS
144.55131,-38.17899,METRO BUS
144.5512,-38.17897,METRO BUS
144.55068,-38.18479,METRO BUS
144.70452,-38.13147,METRO BUS
144.7044,-38.13149,METRO BUS
144.70393,-38.1348,METRO BUS
145.01311,-37.68522,METRO BUS
144.70378,-38.13466,METRO BUS
144.70354,-38.13698,METRO BUS
144.70342,-38.13679,METRO BUS
144.7076,-38.13763,METRO BUS
144.70868,-38.13787,METRO BUS
144.71431,-38.17249,METRO BUS
144.71103,-38.17377,METRO BUS
144.70992,-38.1774,METRO BUS
145.01259,-37.68826,METRO BUS
144.54521,-38.26541,METRO BUS
144.54498,-38.26544,METRO BUS
144.53787,-38.26514,METRO BUS
144.53763,-38.2652,METRO BUS
144.53615,-38.26649,METRO BUS
144.53616,-38.26665,METRO BUS
144.53019,-38.26776,METRO BUS
144.53042,-38.26764,METRO BUS
144.49224,-38.27484,METRO BUS
144.49663,-38.27105,METRO BUS
144.49772,-38.26845,METRO BUS
144.49451,-38.26765,METRO BUS
144.49461,-38.2676,METRO BUS
144.48987,-38.26749,METRO BUS
144.48916,-38.27163,METRO BUS
144.48872,-38.27384,METRO BUS
144.49064,-38.27478,METRO BUS
144.32783,-38.30816,METRO BUS
145.01175,-37.69364,METRO BUS
144.32852,-38.3083,METRO BUS
144.33009,-38.31083,METRO BUS
144.3298,-38.31058,METRO BUS
145.01056,-37.69661,METRO BUS
144.3238,-38.32629,METRO BUS
144.32369,-38.32614,METRO BUS
144.32148,-38.308,METRO BUS
144.3229,-38.30787,METRO BUS
144.30532,-38.20013,METRO BUS
144.30552,-38.20006,METRO BUS
145.00585,-37.69926,METRO BUS
144.3165,-38.18247,METRO BUS
144.31667,-38.18234,METRO BUS
144.37522,-38.1538,METRO BUS
144.39311,-38.16216,METRO BUS
144.39296,-38.16211,METRO BUS
145.06765,-37.74476,METRO BUS
145.00506,-37.70114,METRO BUS
144.39601,-38.16549,METRO BUS
144.39532,-38.16552,METRO BUS
144.3989,-38.16585,METRO BUS
144.40017,-38.16955,METRO BUS
144.40312,-38.17057,METRO BUS
144.40279,-38.17228,METRO BUS
144.39096,-38.17356,METRO BUS
144.3908,-38.17359,METRO BUS
144.38931,-38.18256,METRO BUS
144.38889,-38.18464,METRO BUS
145.00705,-37.70329,METRO BUS
144.38834,-38.18768,METRO BUS
144.38775,-38.19066,METRO BUS
144.38718,-38.19393,METRO BUS
144.38956,-38.19607,METRO BUS
144.39164,-38.19414,METRO BUS
144.39294,-38.19231,METRO BUS
144.3926,-38.18871,METRO BUS
144.39489,-38.18684,METRO BUS
144.39778,-38.18576,METRO BUS
144.40026,-38.18541,METRO BUS
145.00872,-37.70499,METRO BUS
144.40061,-38.18345,METRO BUS
144.39908,-38.18237,METRO BUS
144.39661,-38.18206,METRO BUS
144.39133,-38.17593,METRO BUS
144.39397,-38.17726,METRO BUS
144.39888,-38.17502,METRO BUS
144.40077,-38.17721,METRO BUS
144.4007,-38.17686,METRO BUS
144.39938,-38.1793,METRO BUS
144.39969,-38.17902,METRO BUS
145.00921,-37.70785,METRO BUS
144.39711,-38.18063,METRO BUS
144.39735,-38.18037,METRO BUS
144.38198,-38.18255,METRO BUS
144.38149,-38.18551,METRO BUS
144.37904,-38.18616,METRO BUS
144.37301,-38.18597,METRO BUS
144.37017,-38.18585,METRO BUS
144.3671,-38.18065,METRO BUS
145.00867,-37.71083,METRO BUS
144.39839,-38.02298,METRO BUS
144.39957,-38.02317,METRO BUS
144.40765,-38.02393,METRO BUS
144.40798,-38.02412,METRO BUS
144.38801,-38.05167,METRO BUS
144.38663,-38.0514,METRO BUS
144.37759,-38.05533,METRO BUS
144.37747,-38.0552,METRO BUS
144.37007,-38.0567,METRO BUS
144.3705,-38.05664,METRO BUS
144.36198,-38.05578,METRO BUS
144.36015,-38.05545,METRO BUS
144.35854,-38.05582,METRO BUS
144.37667,-38.06925,METRO BUS
144.36855,-38.07917,METRO BUS
144.36826,-38.07995,METRO BUS
145.01195,-37.71927,METRO BUS
144.36541,-38.09468,METRO BUS
144.36664,-38.08852,METRO BUS
144.36715,-38.08577,METRO BUS
144.36302,-38.08476,METRO BUS
144.36298,-38.08465,METRO BUS
144.34066,-38.07204,METRO BUS
144.34114,-38.07201,METRO BUS
144.3389,-38.07302,METRO BUS
144.33864,-38.07374,METRO BUS
144.33846,-38.07546,METRO BUS
145.01528,-37.71967,METRO BUS
144.33668,-38.08467,METRO BUS
144.33644,-38.08486,METRO BUS
144.35053,-38.12282,METRO BUS
144.34877,-38.11633,METRO BUS
144.34898,-38.11619,METRO BUS
144.34929,-38.11358,METRO BUS
144.34955,-38.11312,METRO BUS
144.34648,-38.11123,METRO BUS
144.34542,-38.11098,METRO BUS
144.33926,-38.11033,METRO BUS
145.01627,-37.72109,METRO BUS
144.34036,-38.11037,METRO BUS
144.32906,-38.11717,METRO BUS
144.32898,-38.11698,METRO BUS
145.01571,-37.72396,METRO BUS
144.33583,-38.2289,METRO BUS
144.37461,-38.07025,METRO BUS
144.33203,-38.16118,METRO BUS
144.33169,-38.16128,METRO BUS
144.3301,-38.16874,METRO BUS
144.36466,-38.09863,METRO BUS
144.32394,-38.16841,METRO BUS
144.32411,-38.16834,METRO BUS
144.327,-38.16864,METRO BUS
144.31059,-38.16455,METRO BUS
145.06953,-37.74493,METRO BUS
145.01478,-37.72519,METRO BUS
144.31067,-38.16477,METRO BUS
144.3119,-38.15723,METRO BUS
144.30059,-38.17057,METRO BUS
144.30035,-38.17048,METRO BUS
144.30358,-38.1692,METRO BUS
144.30339,-38.16946,METRO BUS
144.3123,-38.17592,METRO BUS
144.3121,-38.17589,METRO BUS
145.02516,-37.77834,METRO BUS
144.69898,-37.86097,METRO BUS
144.36487,-38.099,METRO BUS
144.36489,-38.09898,METRO BUS
144.65471,-37.72873,METRO BUS
144.65911,-37.73083,METRO BUS
144.66606,-37.73364,METRO BUS
144.65482,-37.72889,METRO BUS
144.46974,-38.18896,METRO BUS
144.33608,-38.23038,METRO BUS
144.39265,-38.16408,METRO BUS
144.39278,-38.16389,METRO BUS
144.32996,-38.14467,METRO BUS
144.32963,-38.14177,METRO BUS
145.02605,-37.77348,METRO BUS
144.32973,-38.14167,METRO BUS
144.34756,-38.14502,METRO BUS
144.34747,-38.1447,METRO BUS
144.36635,-38.0677,METRO BUS
144.36618,-38.0676,METRO BUS
144.97118,-37.80748,METRO BUS
144.97502,-37.80784,METRO BUS
144.97254,-37.80809,METRO BUS
144.23785,-36.80164,METRO BUS
144.23782,-36.80184,METRO BUS
145.02475,-37.77235,METRO BUS
144.25996,-36.75731,METRO BUS
144.26842,-36.75625,METRO BUS
144.26873,-36.75792,METRO BUS
144.26883,-36.75813,METRO BUS
143.78772,-37.55525,METRO BUS
143.78497,-37.55458,METRO BUS
143.90479,-37.55116,METRO BUS
143.90533,-37.55063,METRO BUS
143.91352,-37.54904,METRO BUS
143.91605,-37.55045,METRO BUS
145.02173,-37.772,METRO BUS
143.91328,-37.55283,METRO BUS
143.91019,-37.55073,METRO BUS
143.84437,-37.59942,METRO BUS
143.84421,-37.57313,METRO BUS
145.01988,-37.77177,METRO BUS
144.56434,-37.68479,METRO BUS
144.56454,-37.68478,METRO BUS
144.56475,-37.68477,METRO BUS
144.56494,-37.68475,METRO BUS
144.56516,-37.68474,METRO BUS
144.56537,-37.68472,METRO BUS
144.56558,-37.68471,METRO BUS
145.01725,-37.77152,METRO BUS
145.0152,-37.77131,METRO BUS
145.01168,-37.77089,METRO BUS
145.07349,-37.74304,METRO BUS
145.00711,-37.77034,METRO BUS
145.00599,-37.7702,METRO BUS
145.00101,-37.76964,METRO BUS
144.99179,-37.91116,METRO BUS
144.99195,-37.91525,METRO BUS
144.99281,-37.91852,METRO BUS
145.0757,-37.74327,METRO BUS
144.99428,-37.92664,METRO BUS
145.16212,-37.66876,METRO BUS
145.16348,-37.66414,METRO BUS
145.16183,-37.66037,METRO BUS
145.13851,-37.64183,METRO BUS
145.13545,-37.63985,METRO BUS
145.13358,-37.63952,METRO BUS
145.13912,-37.64206,METRO BUS
145.16198,-37.66032,METRO BUS
145.16402,-37.66519,METRO BUS
145.16239,-37.66874,METRO BUS
145.13848,-37.59566,METRO BUS
145.13933,-37.59557,METRO BUS
145.13901,-37.58807,METRO BUS
145.13752,-37.58836,METRO BUS
145.13321,-37.58033,METRO BUS
145.13318,-37.58051,METRO BUS
145.12839,-37.57975,METRO BUS
145.12966,-37.57981,METRO BUS
145.12392,-37.58038,METRO BUS
145.12397,-37.58029,METRO BUS
145.1257,-37.81808,METRO BUS
145.12384,-37.58365,METRO BUS
145.1241,-37.58393,METRO BUS
145.12537,-37.58664,METRO BUS
145.12527,-37.58729,METRO BUS
145.12525,-37.59209,METRO BUS
145.12492,-37.59214,METRO BUS
145.11779,-37.5934,METRO BUS
145.11789,-37.59356,METRO BUS
145.11682,-37.59537,METRO BUS
145.12992,-37.81877,METRO BUS
145.1169,-37.5955,METRO BUS
145.11293,-37.6028,METRO BUS
145.11421,-37.60073,METRO BUS
145.10784,-37.60217,METRO BUS
145.10796,-37.60197,METRO BUS
145.11823,-37.51033,METRO BUS
145.11837,-37.51053,METRO BUS
145.1189,-37.50605,METRO BUS
144.8248,-37.78908,METRO BUS
145.11526,-37.50361,METRO BUS
145.10978,-37.50154,METRO BUS
145.11089,-37.50592,METRO BUS
145.09594,-37.58625,METRO BUS
145.09513,-37.58602,METRO BUS
145.08636,-37.58681,METRO BUS
145.08597,-37.58565,METRO BUS
145.08728,-37.58855,METRO BUS
145.0871,-37.58849,METRO BUS
145.08869,-37.59188,METRO BUS
145.13678,-37.81959,METRO BUS
145.08854,-37.59187,METRO BUS
145.08407,-37.5948,METRO BUS
145.08505,-37.59401,METRO BUS
145.08231,-37.59749,METRO BUS
145.08248,-37.59632,METRO BUS
145.08194,-37.59963,METRO BUS
145.082,-37.59833,METRO BUS
145.08127,-37.60368,METRO BUS
145.08103,-37.60426,METRO BUS
145.08052,-37.60831,METRO BUS
145.14028,-37.81912,METRO BUS
145.08041,-37.60825,METRO BUS
145.08008,-37.61125,METRO BUS
145.08008,-37.61053,METRO BUS
145.08669,-37.61175,METRO BUS
145.08617,-37.61176,METRO BUS
145.09271,-37.64275,METRO BUS
145.08995,-37.64023,METRO BUS
145.08958,-37.63992,METRO BUS
145.08465,-37.64372,METRO BUS
145.14272,-37.81831,METRO BUS
145.08473,-37.64373,METRO BUS
145.10136,-37.62351,METRO BUS
145.10089,-37.62355,METRO BUS
145.10686,-37.62124,METRO BUS
145.10648,-37.62095,METRO BUS
145.10212,-37.61902,METRO BUS
145.10355,-37.61924,METRO BUS
145.10007,-37.61599,METRO BUS
145.10014,-37.61611,METRO BUS
145.09531,-37.61641,METRO BUS
145.14667,-37.81746,METRO BUS
145.09536,-37.61579,METRO BUS
145.1209,-37.58765,METRO BUS
145.12228,-37.58722,METRO BUS
145.13118,-37.58859,METRO BUS
145.13121,-37.58925,METRO BUS
145.13195,-37.5936,METRO BUS
145.13189,-37.59383,METRO BUS
145.1325,-37.59761,METRO BUS
145.13242,-37.59809,METRO BUS
145.12752,-37.59981,METRO BUS
145.15031,-37.81805,METRO BUS
145.12923,-37.5998,METRO BUS
145.12196,-37.59787,METRO BUS
145.12277,-37.61308,METRO BUS
145.12215,-37.61217,METRO BUS
145.12572,-37.61604,METRO BUS
145.07854,-37.74225,METRO BUS
145.15026,-37.81977,METRO BUS
145.12554,-37.61617,METRO BUS
145.09524,-37.62283,METRO BUS
145.12627,-37.5868,METRO BUS
145.1261,-37.587,METRO BUS
145.07157,-37.68196,METRO BUS
145.15392,-37.81859,METRO BUS
145.08153,-37.60128,METRO BUS
145.08159,-37.60156,METRO BUS
145.12632,-37.67907,METRO BUS
145.13342,-37.68177,METRO BUS
145.13691,-37.68438,METRO BUS
145.14358,-37.68271,METRO BUS
145.15983,-37.67426,METRO BUS
145.16604,-37.67414,METRO BUS
145.17173,-37.66996,METRO BUS
145.15825,-37.81778,METRO BUS
145.17559,-37.66879,METRO BUS
145.18207,-37.66421,METRO BUS
145.18803,-37.65581,METRO BUS
145.1937,-37.63826,METRO BUS
145.18928,-37.65448,METRO BUS
145.18278,-37.66367,METRO BUS
145.17489,-37.66914,METRO BUS
145.17188,-37.67009,METRO BUS
145.16165,-37.81795,METRO BUS
145.16591,-37.67455,METRO BUS
145.15811,-37.67309,METRO BUS
145.15828,-37.67332,METRO BUS
145.15857,-37.6732,METRO BUS
144.98418,-37.83216,METRO BUS
144.95913,-37.81179,METRO BUS
144.98421,-37.83132,METRO BUS
145.16361,-37.81558,METRO BUS
145.16439,-37.81216,METRO BUS
145.16196,-37.81157,METRO BUS
145.16023,-37.81135,METRO BUS
145.06762,-37.64956,METRO BUS
145.08357,-37.74342,METRO BUS
145.15774,-37.81053,METRO BUS
145.24741,-38.06393,METRO BUS
145.24748,-38.06414,METRO BUS
145.24534,-38.06731,METRO BUS
145.24519,-38.06763,METRO BUS
145.24275,-38.07052,METRO BUS
145.24416,-38.07294,METRO BUS
145.24809,-38.07414,METRO BUS
145.24792,-38.07405,METRO BUS
145.15814,-37.80849,METRO BUS
145.24873,-38.05782,METRO BUS
145.2513,-38.07733,METRO BUS
145.25145,-38.07743,METRO BUS
145.25572,-38.09183,METRO BUS
145.2559,-38.09212,METRO BUS
145.25525,-38.09382,METRO BUS
145.29995,-38.11518,METRO BUS
145.29813,-38.11511,METRO BUS
145.30845,-38.11632,METRO BUS
145.15898,-37.80424,METRO BUS
145.3067,-38.11639,METRO BUS
145.31997,-38.11776,METRO BUS
145.31851,-38.11789,METRO BUS
145.24561,-38.14686,METRO BUS
145.24576,-38.14688,METRO BUS
145.24905,-38.14568,METRO BUS
145.25012,-38.14626,METRO BUS
145.25399,-38.14619,METRO BUS
145.25508,-38.14534,METRO BUS
145.25486,-38.13995,METRO BUS
145.15868,-37.80586,METRO BUS
145.25531,-38.14041,METRO BUS
145.25636,-38.13752,METRO BUS
145.25651,-38.13756,METRO BUS
145.2549,-38.13352,METRO BUS
145.25302,-38.13231,METRO BUS
145.25312,-38.13238,METRO BUS
145.24887,-38.1182,METRO BUS
145.24528,-38.11644,METRO BUS
145.24467,-38.11601,METRO BUS
144.70145,-37.87808,METRO BUS
145.24048,-38.11538,METRO BUS
145.24063,-38.11525,METRO BUS
145.23577,-38.11434,METRO BUS
145.23646,-38.11486,METRO BUS
145.23643,-38.11103,METRO BUS
145.23659,-38.11108,METRO BUS
145.23748,-38.10824,METRO BUS
145.2384,-38.10747,METRO BUS
145.25482,-38.10222,METRO BUS
145.25552,-38.1024,METRO BUS
144.70218,-37.87353,METRO BUS
145.27183,-38.10136,METRO BUS
145.20758,-38.01366,METRO BUS
145.20962,-38.01415,METRO BUS
145.21673,-38.01464,METRO BUS
145.21642,-38.01489,METRO BUS
145.22074,-38.01516,METRO BUS
145.22036,-38.01532,METRO BUS
145.22562,-38.01709,METRO BUS
145.22545,-38.01727,METRO BUS
145.22477,-38.02139,METRO BUS
144.70248,-37.87185,METRO BUS
145.22457,-38.02171,METRO BUS
145.22395,-38.02556,METRO BUS
145.22378,-38.02577,METRO BUS
145.22315,-38.02963,METRO BUS
145.22309,-38.02924,METRO BUS
145.21916,-38.03007,METRO BUS
145.21904,-38.03006,METRO BUS
145.21882,-38.03179,METRO BUS
145.21866,-38.03193,METRO BUS
145.22837,-38.03363,METRO BUS
144.70298,-37.86933,METRO BUS
145.22817,-38.03378,METRO BUS
145.23386,-38.0343,METRO BUS
145.23405,-38.0345,METRO BUS
145.24057,-38.03514,METRO BUS
145.24033,-38.03525,METRO BUS
145.24525,-38.05663,METRO BUS
145.24512,-38.05677,METRO BUS
145.25846,-38.0502,METRO BUS
145.2634,-38.04769,METRO BUS
145.26336,-38.04795,METRO BUS
144.70336,-37.86688,METRO BUS
145.20318,-38.14204,METRO BUS
145.20299,-38.14212,METRO BUS
145.29377,-38.09845,METRO BUS
145.29438,-38.09886,METRO BUS
145.32462,-38.11029,METRO BUS
145.32464,-38.11046,METRO BUS
145.32665,-38.11057,METRO BUS
144.70396,-37.86317,METRO BUS
145.31672,-38.08533,METRO BUS
145.26979,-37.97618,METRO BUS
145.26991,-37.97651,METRO BUS
145.28326,-38.10884,METRO BUS
145.20945,-37.98947,METRO BUS
145.27368,-38.00533,METRO BUS
145.31734,-38.08507,METRO BUS
145.32023,-38.0841,METRO BUS
145.31986,-38.08422,METRO BUS
145.08857,-37.74436,METRO BUS
145.32252,-38.08274,METRO BUS
145.323,-38.08134,METRO BUS
145.32333,-38.07845,METRO BUS
145.32386,-38.07825,METRO BUS
144.7031,-37.85815,METRO BUS
145.31564,-38.07332,METRO BUS
145.31591,-38.07345,METRO BUS
145.31613,-38.07668,METRO BUS
145.31634,-38.07681,METRO BUS
145.31571,-38.07886,METRO BUS
145.3159,-38.07906,METRO BUS
145.31491,-38.08291,METRO BUS
145.31513,-38.08306,METRO BUS
145.32726,-38.07869,METRO BUS
145.3274,-38.07859,METRO BUS
144.70043,-37.85786,METRO BUS
145.33022,-38.08173,METRO BUS
145.32952,-38.08203,METRO BUS
145.33387,-38.0819,METRO BUS
145.32778,-38.11873,METRO BUS
145.32898,-38.11893,METRO BUS
145.33189,-38.11921,METRO BUS
145.33625,-38.12004,METRO BUS
145.28512,-38.1096,METRO BUS
145.29197,-38.1035,METRO BUS
145.29625,-38.10238,METRO BUS
145.28073,-38.09994,METRO BUS
145.28056,-38.09985,METRO BUS
145.28029,-38.09969,METRO BUS
145.28006,-38.09956,METRO BUS
145.27553,-38.10104,METRO BUS
145.27561,-38.10094,METRO BUS
145.26785,-38.03363,METRO BUS
145.29468,-38.10097,METRO BUS
145.28572,-38.11325,METRO BUS
145.28554,-38.11349,METRO BUS
145.25934,-38.07989,METRO BUS
145.25662,-38.08815,METRO BUS
145.27649,-37.99083,METRO BUS
145.27607,-37.99066,METRO BUS
145.27439,-38.00215,METRO BUS
145.27424,-38.00116,METRO BUS
145.3382,-38.0593,METRO BUS
145.33837,-38.06072,METRO BUS
145.33741,-38.06351,METRO BUS
145.33666,-38.0693,METRO BUS
145.33652,-38.06795,METRO BUS
145.23535,-38.20221,METRO BUS
145.25279,-38.10692,METRO BUS
144.68495,-37.86595,METRO BUS
145.25294,-38.10702,METRO BUS
145.32432,-38.11832,METRO BUS
144.73621,-37.7103,METRO BUS
144.68437,-37.86937,METRO BUS
144.73195,-37.72159,METRO BUS
144.73207,-37.72149,METRO BUS
144.72662,-37.71513,METRO BUS
144.72657,-37.71631,METRO BUS
144.72649,-37.71244,METRO BUS
144.72668,-37.71327,METRO BUS
144.73132,-37.71132,METRO BUS
144.73129,-37.71142,METRO BUS
144.67383,-37.87668,METRO BUS
144.73591,-37.71027,METRO BUS
144.72654,-37.72083,METRO BUS
144.72665,-37.7207,METRO BUS
144.73915,-37.73743,METRO BUS
144.73967,-37.75484,METRO BUS
144.73996,-37.75447,METRO BUS
144.73717,-37.76626,METRO BUS
145.19901,-38.08793,METRO BUS
145.20101,-38.08263,METRO BUS
145.20138,-38.08194,METRO BUS
144.74644,-37.78397,METRO BUS
145.29699,-38.07789,METRO BUS
145.29686,-38.07651,METRO BUS
145.09027,-37.74245,METRO BUS
145.92983,-38.16057,METRO BUS
145.93363,-38.16257,METRO BUS
145.93224,-38.16834,METRO BUS
145.92808,-38.17466,METRO BUS
145.93039,-38.17265,METRO BUS
145.92707,-38.17225,METRO BUS
145.92304,-38.17172,METRO BUS
145.91913,-38.17058,METRO BUS
145.91989,-38.1664,METRO BUS
145.91925,-38.1642,METRO BUS
144.82417,-37.79091,METRO BUS
145.91766,-38.16158,METRO BUS
145.9163,-38.15914,METRO BUS
145.91925,-38.15889,METRO BUS
145.92254,-38.16147,METRO BUS
145.9248,-38.16405,METRO BUS
145.92948,-38.16743,METRO BUS
145.92729,-38.16247,METRO BUS
145.92272,-38.15877,METRO BUS
145.92416,-38.15174,METRO BUS
145.92919,-38.14823,METRO BUS
144.82236,-37.79224,METRO BUS
145.92936,-38.13964,METRO BUS
145.93005,-38.14543,METRO BUS
145.92938,-38.14906,METRO BUS
145.93127,-38.15171,METRO BUS
145.93518,-38.15295,METRO BUS
145.93249,-38.15565,METRO BUS
145.93044,-38.15826,METRO BUS
145.92266,-38.1597,METRO BUS
145.91463,-38.15506,METRO BUS
145.90552,-38.14906,METRO BUS
145.16494,-37.77708,METRO BUS
145.89479,-38.14509,METRO BUS
145.87207,-38.14135,METRO BUS
145.85582,-38.14083,METRO BUS
145.85038,-38.14481,METRO BUS
145.84493,-38.14253,METRO BUS
145.84595,-38.1397,METRO BUS
145.85284,-38.13989,METRO BUS
145.85051,-38.13975,METRO BUS
145.8541,-38.13773,METRO BUS
145.84864,-38.13701,METRO BUS
145.16789,-37.77521,METRO BUS
145.84296,-38.13538,METRO BUS
145.8438,-38.13147,METRO BUS
145.8466,-38.1307,METRO BUS
145.84992,-38.13275,METRO BUS
145.85357,-38.13624,METRO BUS
145.84592,-38.12448,METRO BUS
145.84667,-38.1268,METRO BUS
145.85444,-38.1298,METRO BUS
145.85843,-38.12645,METRO BUS
145.16933,-37.77337,METRO BUS
145.86321,-38.12698,METRO BUS
145.86391,-38.1308,METRO BUS
145.8652,-38.13251,METRO BUS
145.87053,-38.13194,METRO BUS
145.87291,-38.13332,METRO BUS
145.86652,-38.13681,METRO BUS
145.86382,-38.1365,METRO BUS
145.8626,-38.13771,METRO BUS
145.85942,-38.13719,METRO BUS
145.86234,-38.1382,METRO BUS
145.1706,-37.77011,METRO BUS
145.86448,-38.13648,METRO BUS
145.8668,-38.13654,METRO BUS
145.8728,-38.13329,METRO BUS
145.86895,-38.1324,METRO BUS
145.8643,-38.13293,METRO BUS
145.86397,-38.1298,METRO BUS
145.86405,-38.12719,METRO BUS
145.85758,-38.12684,METRO BUS
145.85498,-38.12939,METRO BUS
145.17138,-37.76803,METRO BUS
145.84688,-38.12771,METRO BUS
145.84565,-38.12443,METRO BUS
145.87256,-38.1412,METRO BUS
145.89414,-38.14446,METRO BUS
145.91408,-38.15465,METRO BUS
145.92095,-38.15806,METRO BUS
145.92372,-38.16021,METRO BUS
145.92775,-38.16241,METRO BUS
145.93647,-38.16526,METRO BUS
145.93743,-38.16075,METRO BUS
145.17211,-37.7658,METRO BUS
145.93974,-38.15986,METRO BUS
145.94063,-38.15534,METRO BUS
145.93775,-38.15051,METRO BUS
145.93776,-38.14821,METRO BUS
145.93857,-38.1427,METRO BUS
145.94248,-38.14227,METRO BUS
145.94638,-38.14421,METRO BUS
145.94759,-38.14795,METRO BUS
145.95031,-38.15194,METRO BUS
145.15977,-37.78202,METRO BUS
145.94671,-38.154,METRO BUS
145.94298,-38.15351,METRO BUS
145.94056,-38.15658,METRO BUS
145.93975,-38.16054,METRO BUS
145.93559,-38.16037,METRO BUS
145.94969,-38.15817,METRO BUS
145.94961,-38.16104,METRO BUS
145.95482,-38.16165,METRO BUS
145.95949,-38.16013,METRO BUS
145.96003,-38.15738,METRO BUS
145.08999,-37.74031,METRO BUS
145.15576,-37.78163,METRO BUS
145.95446,-38.15493,METRO BUS
145.95035,-38.15479,METRO BUS
145.94869,-38.15789,METRO BUS
145.94545,-38.15843,METRO BUS
145.94499,-38.16159,METRO BUS
145.94121,-38.16163,METRO BUS
146.2668,-38.18519,METRO BUS
146.26184,-38.17634,METRO BUS
146.2555,-38.17786,METRO BUS
146.25057,-38.17793,METRO BUS
145.1517,-37.78111,METRO BUS
146.24879,-38.17454,METRO BUS
146.25589,-38.17203,METRO BUS
146.25887,-38.17429,METRO BUS
146.26163,-38.17266,METRO BUS
146.26259,-38.16739,METRO BUS
146.26807,-38.16384,METRO BUS
146.26211,-38.17463,METRO BUS
146.26793,-38.17105,METRO BUS
146.27551,-38.18007,METRO BUS
146.27575,-38.17989,METRO BUS
145.14673,-37.78056,METRO BUS
146.27559,-38.17726,METRO BUS
146.27749,-38.17641,METRO BUS
146.29142,-38.18677,METRO BUS
146.29422,-38.18646,METRO BUS
146.55618,-38.19148,METRO BUS
146.56382,-38.1902,METRO BUS
146.56378,-38.1905,METRO BUS
146.55977,-38.19113,METRO BUS
146.55373,-38.19216,METRO BUS
146.54811,-38.19152,METRO BUS
145.14414,-37.78019,METRO BUS
146.55272,-38.19079,METRO BUS
146.28208,-38.18623,METRO BUS
146.25754,-38.17561,METRO BUS
146.25889,-38.17429,METRO BUS
146.2587,-38.17426,METRO BUS
145.85559,-38.13561,METRO BUS
146.52011,-38.21028,METRO BUS
145.14106,-37.77952,METRO BUS
143.83089,-37.533,METRO BUS
143.85547,-37.55884,METRO BUS
143.83649,-37.60919,METRO BUS
143.83458,-37.58447,METRO BUS
143.84003,-37.54034,METRO BUS
143.8402,-37.54095,METRO BUS
143.81864,-37.5333,METRO BUS
143.82169,-37.53217,METRO BUS
145.13892,-37.77928,METRO BUS
143.80694,-37.58742,METRO BUS
143.85598,-37.56643,METRO BUS
143.85868,-37.56576,METRO BUS
145.85142,-38.13114,METRO BUS
145.85094,-38.13068,METRO BUS
144.73384,-37.72267,METRO BUS
144.73345,-37.72398,METRO BUS
144.7344,-37.72575,METRO BUS
144.73647,-37.72749,METRO BUS
144.73714,-37.72964,METRO BUS
145.13747,-37.77917,METRO BUS
144.73845,-37.73048,METRO BUS
144.73836,-37.7306,METRO BUS
144.7371,-37.7296,METRO BUS
144.73678,-37.72766,METRO BUS
144.7341,-37.72576,METRO BUS
144.73349,-37.72403,METRO BUS
144.73381,-37.72256,METRO BUS
145.13334,-37.77867,METRO BUS
144.95533,-37.80018,METRO BUS
145.11489,-37.68307,METRO BUS
145.11653,-37.68315,METRO BUS
145.11774,-37.6834,METRO BUS
144.72565,-37.74465,METRO BUS
144.7256,-37.74454,METRO BUS
145.13065,-37.77836,METRO BUS
144.95563,-37.79941,METRO BUS
144.8805,-37.78271,METRO BUS
144.87653,-37.78236,METRO BUS
144.87259,-37.78201,METRO BUS
145.10306,-37.9112,METRO BUS
145.10262,-37.91094,METRO BUS
145.10299,-37.91087,METRO BUS
145.1031,-37.91098,METRO BUS
145.12668,-37.77787,METRO BUS
145.10326,-37.91116,METRO BUS
145.25646,-38.05078,METRO BUS
145.33782,-38.11989,METRO BUS
145.34514,-38.12107,METRO BUS
145.11991,-37.92467,METRO BUS
145.12106,-37.92475,METRO BUS
145.12068,-37.92446,METRO BUS
145.09057,-37.73965,METRO BUS
145.16238,-37.77495,METRO BUS
145.02367,-37.92216,METRO BUS
145.02278,-37.91937,METRO BUS
145.02007,-37.92009,METRO BUS
145.02005,-37.91998,METRO BUS
145.01732,-37.91977,METRO BUS
145.01737,-37.91966,METRO BUS
145.01285,-37.91925,METRO BUS
145.01421,-37.91929,METRO BUS
145.02321,-37.92113,METRO BUS
145.15901,-37.77454,METRO BUS
144.91509,-37.60689,METRO BUS
144.91121,-37.60633,METRO BUS
144.90976,-37.60189,METRO BUS
144.90491,-37.60152,METRO BUS
144.91534,-37.59063,METRO BUS
144.91572,-37.59089,METRO BUS
145.15564,-37.77413,METRO BUS
144.90497,-37.60141,METRO BUS
144.90999,-37.60178,METRO BUS
144.91158,-37.60681,METRO BUS
144.91556,-37.60694,METRO BUS
144.91913,-37.60731,METRO BUS
144.93112,-37.56841,METRO BUS
145.15338,-37.7738,METRO BUS
144.95593,-37.47163,METRO BUS
144.94481,-37.48026,METRO BUS
144.95334,-37.47934,METRO BUS
144.95019,-37.47597,METRO BUS
144.95624,-37.47151,METRO BUS
144.66018,-37.73152,METRO BUS
144.66773,-37.73473,METRO BUS
145.17493,-37.96877,METRO BUS
145.15006,-37.77342,METRO BUS
145.1765,-37.9667,METRO BUS
145.17364,-37.96589,METRO BUS
145.17294,-37.96797,METRO BUS
145.06701,-37.88954,METRO BUS
145.06692,-37.88965,METRO BUS
145.06657,-37.89011,METRO BUS
145.06639,-37.88995,METRO BUS
145.14713,-37.77306,METRO BUS
144.99488,-37.42296,METRO BUS
144.99397,-37.42667,METRO BUS
144.99439,-37.42407,METRO BUS
144.97794,-37.41958,METRO BUS
144.97352,-37.4191,METRO BUS
144.97337,-37.41599,METRO BUS
144.97366,-37.41299,METRO BUS
144.97829,-37.41288,METRO BUS
144.98236,-37.41427,METRO BUS
145.14004,-37.77249,METRO BUS
144.98628,-37.41555,METRO BUS
144.98798,-37.41406,METRO BUS
144.9826,-37.4135,METRO BUS
144.97376,-37.4131,METRO BUS
144.97347,-37.41635,METRO BUS
144.97369,-37.41904,METRO BUS
144.97811,-37.41954,METRO BUS
144.97956,-37.40937,METRO BUS
144.97472,-37.397,METRO BUS
144.97368,-37.40019,METRO BUS
145.13453,-37.77077,METRO BUS
144.96945,-37.40154,METRO BUS
144.96587,-37.40061,METRO BUS
144.96175,-37.40006,METRO BUS
144.96214,-37.40248,METRO BUS
144.97982,-37.40915,METRO BUS
145.12867,-37.76973,METRO BUS
144.28224,-36.74942,METRO BUS
144.28239,-36.74925,METRO BUS
144.34434,-36.78168,METRO BUS
144.34208,-36.77519,METRO BUS
145.12622,-37.76943,METRO BUS
145.09115,-37.73804,METRO BUS
145.12358,-37.76906,METRO BUS
145.10376,-37.58772,METRO BUS
145.10404,-37.58718,METRO BUS
145.10311,-37.59347,METRO BUS
145.10203,-37.59975,METRO BUS
145.10089,-37.59255,METRO BUS
145.10109,-37.59245,METRO BUS
145.09067,-37.59422,METRO BUS
145.09018,-37.59374,METRO BUS
145.08865,-37.6118,METRO BUS
145.1204,-37.76835,METRO BUS
145.12468,-37.59861,METRO BUS
145.12423,-37.59871,METRO BUS
145.12346,-37.60128,METRO BUS
145.12358,-37.6014,METRO BUS
145.1201,-37.60336,METRO BUS
145.11876,-37.60348,METRO BUS
145.11478,-37.60273,METRO BUS
145.11964,-37.61173,METRO BUS
145.11963,-37.61158,METRO BUS
145.1161,-37.61205,METRO BUS
145.12032,-37.76848,METRO BUS
145.11696,-37.61187,METRO BUS
145.11121,-37.61186,METRO BUS
145.11216,-37.61191,METRO BUS
145.10791,-37.61089,METRO BUS
145.10805,-37.61061,METRO BUS
145.10821,-37.60864,METRO BUS
145.10852,-37.60808,METRO BUS
145.11097,-37.60715,METRO BUS
145.11184,-37.60697,METRO BUS
145.11213,-37.60534,METRO BUS
145.12305,-37.7691,METRO BUS
145.11305,-37.60364,METRO BUS
145.10122,-37.60202,METRO BUS
145.10111,-37.60251,METRO BUS
145.10136,-37.60205,METRO BUS
145.10127,-37.60254,METRO BUS
145.0981,-37.62312,METRO BUS
145.09824,-37.62297,METRO BUS
145.09273,-37.64253,METRO BUS
145.12657,-37.76958,METRO BUS
145.12883,-37.7699,METRO BUS
144.91315,-37.61576,METRO BUS
144.91274,-37.61159,METRO BUS
144.91593,-37.59093,METRO BUS
144.9108,-37.58921,METRO BUS
144.91144,-37.58531,METRO BUS
144.91991,-37.57702,METRO BUS
144.92064,-37.5747,METRO BUS
144.92024,-37.56801,METRO BUS
144.92037,-37.56827,METRO BUS
145.13578,-37.77109,METRO BUS
144.92091,-37.57421,METRO BUS
144.92092,-37.57595,METRO BUS
144.91189,-37.58503,METRO BUS
144.91116,-37.58953,METRO BUS
144.91593,-37.59068,METRO BUS
144.91273,-37.61066,METRO BUS
144.9134,-37.61605,METRO BUS
144.91518,-37.58099,METRO BUS
144.92007,-37.57072,METRO BUS
144.92048,-37.57198,METRO BUS
145.14094,-37.77307,METRO BUS
144.91547,-37.58119,METRO BUS
144.91792,-37.75616,METRO BUS
144.91671,-37.75618,METRO BUS
144.91581,-37.75574,METRO BUS
145.14731,-37.77319,METRO BUS
144.41774,-38.02509,METRO BUS
144.41795,-38.02524,METRO BUS
144.42568,-38.02883,METRO BUS
144.42551,-38.0288,METRO BUS
144.41321,-38.02917,METRO BUS
144.41312,-38.02891,METRO BUS
145.14972,-37.77347,METRO BUS
145.09081,-37.73669,METRO BUS
145.15176,-37.77371,METRO BUS
144.73883,-37.70987,METRO BUS
144.72614,-37.71849,METRO BUS
144.72592,-37.7187,METRO BUS
145.1541,-37.77401,METRO BUS
145.20066,-38.10295,METRO BUS
145.19971,-38.10309,METRO BUS
145.24448,-38.10825,METRO BUS
145.19469,-38.11413,METRO BUS
145.19286,-38.11712,METRO BUS
145.24212,-38.10817,METRO BUS
145.18485,-38.11614,METRO BUS
145.23677,-38.10757,METRO BUS
145.15491,-38.11249,METRO BUS
145.15158,-38.11201,METRO BUS
145.15885,-37.77461,METRO BUS
145.14752,-38.11152,METRO BUS
145.12589,-38.1092,METRO BUS
145.15424,-38.11223,METRO BUS
145.18512,-38.11601,METRO BUS
145.19398,-38.11657,METRO BUS
145.19456,-38.11414,METRO BUS
145.17743,-38.1152,METRO BUS
145.12844,-38.10415,METRO BUS
145.16238,-37.77502,METRO BUS
144.6643,-37.90114,METRO BUS
145.06291,-37.90428,METRO BUS
145.06164,-37.90843,METRO BUS
145.06107,-37.9115,METRO BUS
145.06067,-37.91377,METRO BUS
145.0603,-37.91592,METRO BUS
145.05041,-37.92352,METRO BUS
145.04996,-37.92591,METRO BUS
145.0401,-37.92773,METRO BUS
145.03971,-37.92985,METRO BUS
145.03923,-37.93229,METRO BUS
145.12776,-37.77813,METRO BUS
145.03914,-37.93213,METRO BUS
145.0396,-37.9297,METRO BUS
145.03998,-37.92754,METRO BUS
145.04987,-37.92556,METRO BUS
145.05025,-37.92349,METRO BUS
145.05074,-37.92087,METRO BUS
145.05906,-37.9204,METRO BUS
145.05946,-37.91836,METRO BUS
145.0599,-37.91618,METRO BUS
145.06041,-37.91333,METRO BUS
145.13074,-37.77849,METRO BUS
145.06078,-37.91112,METRO BUS
145.06128,-37.90821,METRO BUS
145.06291,-37.90407,METRO BUS
144.74914,-37.74486,METRO BUS
144.74945,-37.74303,METRO BUS
144.74865,-37.73621,METRO BUS
144.74909,-37.73368,METRO BUS
145.13298,-37.77873,METRO BUS
144.74918,-37.73135,METRO BUS
144.74958,-37.73117,METRO BUS
144.7491,-37.73419,METRO BUS
144.74876,-37.73649,METRO BUS
144.74956,-37.74337,METRO BUS
144.74932,-37.74505,METRO BUS
144.6021,-37.87717,METRO BUS
145.13673,-37.77918,METRO BUS
144.59748,-37.87531,METRO BUS
144.59653,-37.87196,METRO BUS
144.59885,-37.86829,METRO BUS
144.59541,-37.85968,METRO BUS
144.5914,-37.85492,METRO BUS
144.59393,-37.85262,METRO BUS
144.59141,-37.85047,METRO BUS
144.59404,-37.85279,METRO BUS
144.59138,-37.85525,METRO BUS
144.59572,-37.85967,METRO BUS
145.13874,-37.77942,METRO BUS
144.59861,-37.86872,METRO BUS
144.64575,-37.91899,METRO BUS
144.6416,-37.91729,METRO BUS
144.64176,-37.9173,METRO BUS
144.63785,-37.9155,METRO BUS
144.63541,-37.91366,METRO BUS
144.63409,-37.91135,METRO BUS
144.63698,-37.91021,METRO BUS
144.64072,-37.90877,METRO BUS
144.64442,-37.90793,METRO BUS
145.09122,-37.73332,METRO BUS
145.1408,-37.77967,METRO BUS
144.78398,-37.91445,METRO BUS
144.78002,-37.91392,METRO BUS
144.78019,-37.91388,METRO BUS
145.14406,-37.7803,METRO BUS
145.14615,-37.78056,METRO BUS
145.15098,-37.78119,METRO BUS
144.66115,-37.90277,METRO BUS
145.15917,-37.78208,METRO BUS
145.16492,-37.77732,METRO BUS
145.16835,-37.77468,METRO BUS
145.16955,-37.77325,METRO BUS
145.17059,-37.77083,METRO BUS
145.17152,-37.76797,METRO BUS
145.17231,-37.76534,METRO BUS
144.64345,-37.90818,METRO BUS
145.53037,-37.6435,METRO BUS
144.64097,-37.9089,METRO BUS
144.38636,-36.65216,METRO BUS
144.6371,-37.91021,METRO BUS
144.63416,-37.91138,METRO BUS
143.88378,-37.62203,METRO BUS
143.88434,-37.62251,METRO BUS
143.88128,-37.61841,METRO BUS
143.88136,-37.61828,METRO BUS
144.63473,-37.91325,METRO BUS
144.64727,-37.9056,METRO BUS
145.2146,-37.69142,METRO BUS
144.65523,-37.90087,METRO BUS
145.00511,-37.76643,METRO BUS
144.63786,-37.91538,METRO BUS
144.82033,-37.79276,METRO BUS
144.65839,-37.89553,METRO BUS
144.65704,-37.89412,METRO BUS
144.65529,-37.89225,METRO BUS
144.65495,-37.88922,METRO BUS
144.66003,-37.88978,METRO BUS
144.66175,-37.88659,METRO BUS
144.65839,-37.88693,METRO BUS
144.65553,-37.88663,METRO BUS
145.09597,-37.7291,METRO BUS
144.65545,-37.88416,METRO BUS
144.65624,-37.8824,METRO BUS
144.65707,-37.88032,METRO BUS
144.6606,-37.87991,METRO BUS
144.66229,-37.88089,METRO BUS
144.66473,-37.87958,METRO BUS
144.68421,-37.86952,METRO BUS
145.00723,-37.76715,METRO BUS
144.68486,-37.86533,METRO BUS
144.70023,-37.85775,METRO BUS
144.70332,-37.85807,METRO BUS
144.70495,-37.85875,METRO BUS
145.1019,-37.72871,METRO BUS
144.70425,-37.86246,METRO BUS
144.70365,-37.86656,METRO BUS
144.70316,-37.86934,METRO BUS
144.70266,-37.87193,METRO BUS
144.70212,-37.87547,METRO BUS
144.70176,-37.87753,METRO BUS
144.81859,-37.79506,METRO BUS
145.15928,-37.80342,METRO BUS
145.15903,-37.80461,METRO BUS
145.15874,-37.80611,METRO BUS
145.10438,-37.72325,METRO BUS
145.15833,-37.8083,METRO BUS
145.15784,-37.8108,METRO BUS
145.15903,-37.81111,METRO BUS
145.16207,-37.81145,METRO BUS
145.1645,-37.81206,METRO BUS
145.16309,-37.8152,METRO BUS
145.15759,-37.81491,METRO BUS
145.15646,-37.817,METRO BUS
145.10406,-37.72593,METRO BUS
145.15215,-37.81992,METRO BUS
145.15014,-37.8199,METRO BUS
145.15027,-37.81765,METRO BUS
145.14626,-37.81762,METRO BUS
145.14274,-37.81849,METRO BUS
145.13948,-37.8196,METRO BUS
145.13667,-37.81969,METRO BUS
145.13282,-37.81923,METRO BUS
145.12992,-37.81887,METRO BUS
145.10415,-37.72022,METRO BUS
145.12597,-37.8186,METRO BUS
144.81809,-37.79837,METRO BUS
144.81859,-37.80239,METRO BUS
144.81704,-37.81453,METRO BUS
144.8174,-37.81709,METRO BUS
145.10454,-37.71796,METRO BUS
145.10188,-37.71681,METRO BUS
145.03752,-37.73946,METRO BUS
145.10163,-37.71509,METRO BUS
145.10201,-37.71283,METRO BUS
145.01036,-37.76747,METRO BUS
145.1008,-37.71043,METRO BUS
145.10008,-37.70867,METRO BUS
145.10039,-37.70683,METRO BUS
145.10918,-37.69981,METRO BUS
145.11127,-37.69972,METRO BUS
145.11592,-37.70002,METRO BUS
145.03842,-37.73899,METRO BUS
145.11832,-37.7002,METRO BUS
145.12122,-37.7007,METRO BUS
145.12363,-37.70218,METRO BUS
145.12572,-37.7035,METRO BUS
145.12842,-37.70382,METRO BUS
145.01206,-37.76626,METRO BUS
143.85851,-37.55848,METRO BUS
145.01241,-37.76413,METRO BUS
145.01295,-37.76119,METRO BUS
144.81946,-37.81936,METRO BUS
144.8226,-37.82265,METRO BUS
144.82942,-37.82352,METRO BUS
144.83073,-37.82834,METRO BUS
144.83467,-37.82975,METRO BUS
145.01273,-37.76246,METRO BUS
144.83952,-37.83035,METRO BUS
144.84225,-37.83066,METRO BUS
144.84391,-37.82778,METRO BUS
144.84873,-37.82751,METRO BUS
144.84951,-37.83141,METRO BUS
144.85479,-37.83197,METRO BUS
144.85659,-37.83214,METRO BUS
144.86076,-37.83283,METRO BUS
144.86301,-37.83572,METRO BUS
144.86438,-37.83741,METRO BUS
145.01328,-37.75902,METRO BUS
144.86503,-37.84064,METRO BUS
144.86834,-37.84103,METRO BUS
144.87116,-37.84131,METRO BUS
144.87628,-37.84186,METRO BUS
144.87933,-37.84218,METRO BUS
144.88694,-37.84459,METRO BUS
144.89213,-37.8455,METRO BUS
144.89435,-37.85068,METRO BUS
144.89587,-37.8529,METRO BUS
145.03896,-37.73716,METRO BUS
145.01397,-37.7578,METRO BUS
144.89659,-37.85401,METRO BUS
144.89735,-37.85524,METRO BUS
144.89772,-37.85766,METRO BUS
144.89987,-37.85924,METRO BUS
144.90157,-37.85946,METRO BUS
144.9031,-37.86277,METRO BUS
144.90772,-37.86437,METRO BUS
144.90632,-37.86683,METRO BUS
144.90474,-37.86654,METRO BUS
145.01728,-37.75816,METRO BUS
144.90265,-37.86814,METRO BUS
144.90021,-37.8673,METRO BUS
144.89774,-37.86648,METRO BUS
144.89443,-37.86539,METRO BUS
144.89258,-37.8647,METRO BUS
144.99057,-37.92758,METRO BUS
144.888,-37.86516,METRO BUS
145.13069,-37.7551,METRO BUS
145.1675,-37.7579,METRO BUS
145.16814,-37.75434,METRO BUS
145.01946,-37.7584,METRO BUS
145.16871,-37.75111,METRO BUS
145.16497,-37.75097,METRO BUS
145.16255,-37.75205,METRO BUS
145.15879,-37.75263,METRO BUS
145.15205,-37.75261,METRO BUS
145.149,-37.7541,METRO BUS
145.14316,-37.75353,METRO BUS
145.13396,-37.75252,METRO BUS
145.02118,-37.75855,METRO BUS
145.12575,-37.75647,METRO BUS
145.12817,-37.75678,METRO BUS
145.12342,-37.75702,METRO BUS
145.12,-37.7569,METRO BUS
145.11659,-37.75651,METRO BUS
145.11304,-37.75863,METRO BUS
145.11215,-37.76069,METRO BUS
145.11025,-37.76387,METRO BUS
145.10552,-37.76709,METRO BUS
145.10413,-37.76768,METRO BUS
145.02069,-37.75503,METRO BUS
145.1001,-37.76985,METRO BUS
145.09851,-37.76973,METRO BUS
145.09642,-37.76838,METRO BUS
145.09301,-37.76733,METRO BUS
145.08991,-37.76636,METRO BUS
145.08616,-37.76479,METRO BUS
145.08364,-37.76271,METRO BUS
145.08185,-37.76106,METRO BUS
145.06909,-37.75882,METRO BUS
145.06679,-37.75634,METRO BUS
145.01971,-37.75431,METRO BUS
145.06485,-37.75611,METRO BUS
145.10585,-37.78595,METRO BUS
145.10798,-37.78402,METRO BUS
145.11054,-37.78168,METRO BUS
145.11259,-37.7798,METRO BUS
145.11366,-37.77647,METRO BUS
145.11458,-37.77313,METRO BUS
145.11599,-37.77128,METRO BUS
145.11804,-37.76842,METRO BUS
145.11947,-37.76496,METRO BUS
145.016,-37.75388,METRO BUS
145.11913,-37.76323,METRO BUS
145.1187,-37.76063,METRO BUS
145.11848,-37.75935,METRO BUS
145.11917,-37.7578,METRO BUS
145.12228,-37.75814,METRO BUS
145.12679,-37.75874,METRO BUS
145.13039,-37.7591,METRO BUS
145.13557,-37.75971,METRO BUS
145.14001,-37.76024,METRO BUS
145.14361,-37.76066,METRO BUS
145.01359,-37.75364,METRO BUS
145.14898,-37.76131,METRO BUS
145.1523,-37.76168,METRO BUS
145.15782,-37.76234,METRO BUS
145.16241,-37.76288,METRO BUS
145.16553,-37.76325,METRO BUS
145.16556,-37.76352,METRO BUS
145.16163,-37.76302,METRO BUS
145.15758,-37.76251,METRO BUS
145.15307,-37.76199,METRO BUS
145.14904,-37.76153,METRO BUS
145.01132,-37.75335,METRO BUS
145.14295,-37.7608,METRO BUS
145.13961,-37.76037,METRO BUS
145.13626,-37.75998,METRO BUS
145.13036,-37.75927,METRO BUS
145.12616,-37.75893,METRO BUS
145.12198,-37.75835,METRO BUS
145.11908,-37.75794,METRO BUS
145.11855,-37.75859,METRO BUS
145.11887,-37.76049,METRO BUS
145.11934,-37.7628,METRO BUS
145.00834,-37.75302,METRO BUS
145.1198,-37.76563,METRO BUS
145.11802,-37.7688,METRO BUS
145.11637,-37.77103,METRO BUS
145.11469,-37.77341,METRO BUS
145.11378,-37.7766,METRO BUS
145.11321,-37.77937,METRO BUS
145.11065,-37.7818,METRO BUS
145.10751,-37.78465,METRO BUS
145.10525,-37.78718,METRO BUS
145.04168,-37.73581,METRO BUS
145.00591,-37.75275,METRO BUS
145.06683,-37.75625,METRO BUS
145.06931,-37.75903,METRO BUS
145.07095,-37.75985,METRO BUS
145.08207,-37.76096,METRO BUS
145.08388,-37.76256,METRO BUS
145.08617,-37.76452,METRO BUS
145.09,-37.76619,METRO BUS
145.09358,-37.76729,METRO BUS
145.0973,-37.76843,METRO BUS
145.09881,-37.76963,METRO BUS
145.00249,-37.75232,METRO BUS
145.10357,-37.76775,METRO BUS
145.10511,-37.76709,METRO BUS
145.11045,-37.76316,METRO BUS
145.11145,-37.76151,METRO BUS
145.11292,-37.75801,METRO BUS
145.11678,-37.75644,METRO BUS
145.12009,-37.75685,METRO BUS
145.12356,-37.75681,METRO BUS
145.12941,-37.75681,METRO BUS
145.12582,-37.75635,METRO BUS
145.0022,-37.74911,METRO BUS
144.96767,-37.73468,METRO BUS
145.13053,-37.75549,METRO BUS
145.13569,-37.75258,METRO BUS
145.14343,-37.75341,METRO BUS
145.15157,-37.75273,METRO BUS
145.15895,-37.75242,METRO BUS
145.16431,-37.75105,METRO BUS
145.00259,-37.74694,METRO BUS
145.16858,-37.75269,METRO BUS
145.16827,-37.75445,METRO BUS
145.16762,-37.75806,METRO BUS
144.97411,-37.73547,METRO BUS
144.97805,-37.7354,METRO BUS
144.98077,-37.73566,METRO BUS
144.98295,-37.73539,METRO BUS
144.98286,-37.73307,METRO BUS
144.98115,-37.73289,METRO BUS
145.00278,-37.74544,METRO BUS
144.98072,-37.73189,METRO BUS
144.98321,-37.73183,METRO BUS
144.98397,-37.72912,METRO BUS
144.98443,-37.72631,METRO BUS
144.98467,-37.72465,METRO BUS
144.98538,-37.72324,METRO BUS
144.98791,-37.72332,METRO BUS
144.98544,-37.72242,METRO BUS
144.98453,-37.72639,METRO BUS
145.00329,-37.74279,METRO BUS
144.98479,-37.72464,METRO BUS
144.96661,-37.74074,METRO BUS
144.98404,-37.72955,METRO BUS
144.9832,-37.73191,METRO BUS
144.98114,-37.73171,METRO BUS
144.98122,-37.73284,METRO BUS
144.98292,-37.73301,METRO BUS
144.98309,-37.73526,METRO BUS
144.98155,-37.73585,METRO BUS
144.97788,-37.73553,METRO BUS
145.00357,-37.74079,METRO BUS
144.97426,-37.73559,METRO BUS
144.96787,-37.73463,METRO BUS
144.96605,-37.73491,METRO BUS
144.96418,-37.74086,METRO BUS
144.66863,-37.85168,METRO BUS
144.66792,-37.85609,METRO BUS
144.66716,-37.86044,METRO BUS
144.66612,-37.86638,METRO BUS
144.66528,-37.87095,METRO BUS
144.66477,-37.87446,METRO BUS
145.004,-37.73838,METRO BUS
144.66878,-37.87591,METRO BUS
144.69389,-37.87475,METRO BUS
144.6924,-37.87228,METRO BUS
144.69316,-37.86963,METRO BUS
144.69667,-37.86831,METRO BUS
145.0045,-37.73533,METRO BUS
144.7049,-37.85791,METRO BUS
144.70604,-37.85156,METRO BUS
145.00475,-37.73382,METRO BUS
144.82489,-37.789,METRO BUS
144.82408,-37.79128,METRO BUS
144.82225,-37.79247,METRO BUS
144.82038,-37.79297,METRO BUS
145.04695,-37.73634,METRO BUS
145.00512,-37.73189,METRO BUS
144.81882,-37.7955,METRO BUS
144.81883,-37.80148,METRO BUS
144.8181,-37.81042,METRO BUS
144.81854,-37.80787,METRO BUS
144.81735,-37.81455,METRO BUS
144.81965,-37.81911,METRO BUS
144.82298,-37.82267,METRO BUS
144.82984,-37.82363,METRO BUS
145.00552,-37.72965,METRO BUS
144.83082,-37.82819,METRO BUS
144.83503,-37.82962,METRO BUS
144.83944,-37.83025,METRO BUS
144.84264,-37.83056,METRO BUS
144.8438,-37.82777,METRO BUS
144.84748,-37.82685,METRO BUS
145.01058,-37.89216,METRO BUS
145.01348,-37.89251,METRO BUS
145.01349,-37.89419,METRO BUS
145.01308,-37.8963,METRO BUS
145.00609,-37.72671,METRO BUS
145.01199,-37.89841,METRO BUS
144.63978,-37.90732,METRO BUS
144.55034,-37.69942,METRO BUS
144.55004,-37.69598,METRO BUS
144.6369,-37.90358,METRO BUS
144.55145,-37.69242,METRO BUS
145.00642,-37.72477,METRO BUS
144.62905,-37.89579,METRO BUS
144.56331,-37.67128,METRO BUS
144.57754,-37.68948,METRO BUS
145.00712,-37.72042,METRO BUS
144.58165,-37.68913,METRO BUS
144.58341,-37.68626,METRO BUS
144.58571,-37.68486,METRO BUS
144.62493,-37.89095,METRO BUS
144.66347,-37.88178,METRO BUS
144.63273,-37.88674,METRO BUS
144.639,-37.88724,METRO BUS
144.65143,-37.87941,METRO BUS
144.64683,-37.88406,METRO BUS
144.65735,-37.87658,METRO BUS
145.23759,-37.87258,METRO BUS
144.67352,-37.87644,METRO BUS
144.68552,-37.87777,METRO BUS
144.68826,-37.87807,METRO BUS
144.69098,-37.8783,METRO BUS
144.69405,-37.87861,METRO BUS
144.69754,-37.87906,METRO BUS
144.69774,-37.88606,METRO BUS
144.6894,-37.88989,METRO BUS
144.67994,-37.89432,METRO BUS
144.67486,-37.89669,METRO BUS
144.67093,-37.8985,METRO BUS
144.66865,-37.89949,METRO BUS
144.92165,-37.77583,METRO BUS
144.91996,-37.77604,METRO BUS
144.91979,-37.77724,METRO BUS
144.91785,-37.7772,METRO BUS
144.9155,-37.77698,METRO BUS
144.91136,-37.77675,METRO BUS
144.9112,-37.77788,METRO BUS
144.90932,-37.77899,METRO BUS
144.90702,-37.78033,METRO BUS
144.90728,-37.78193,METRO BUS
144.90737,-37.78312,METRO BUS
144.9055,-37.78479,METRO BUS
144.90519,-37.78638,METRO BUS
144.90369,-37.78944,METRO BUS
144.90014,-37.79028,METRO BUS
144.89481,-37.79171,METRO BUS
144.89546,-37.79458,METRO BUS
144.8967,-37.79606,METRO BUS
144.89942,-37.79929,METRO BUS
144.88924,-37.80286,METRO BUS
145.01682,-37.71792,METRO BUS
145.11688,-37.81705,METRO BUS
145.11079,-37.8163,METRO BUS
145.10684,-37.81589,METRO BUS
145.1008,-37.80809,METRO BUS
145.10136,-37.8052,METRO BUS
144.99508,-37.93419,METRO BUS
145.09716,-37.80345,METRO BUS
145.09762,-37.80139,METRO BUS
145.09812,-37.79909,METRO BUS
145.09861,-37.79635,METRO BUS
145.04497,-37.73614,METRO BUS
145.02055,-37.71839,METRO BUS
145.09937,-37.79264,METRO BUS
145.09963,-37.79096,METRO BUS
145.09408,-37.78145,METRO BUS
145.09223,-37.78128,METRO BUS
145.08767,-37.78149,METRO BUS
145.08712,-37.78309,METRO BUS
145.08682,-37.78435,METRO BUS
145.08626,-37.78702,METRO BUS
145.08561,-37.79077,METRO BUS
145.02175,-37.71723,METRO BUS
145.08525,-37.79239,METRO BUS
145.08467,-37.79515,METRO BUS
145.08431,-37.79709,METRO BUS
145.0839,-37.7992,METRO BUS
145.08359,-37.80059,METRO BUS
145.08297,-37.8039,METRO BUS
145.08259,-37.80607,METRO BUS
145.0823,-37.80741,METRO BUS
145.08201,-37.80902,METRO BUS
145.08174,-37.81027,METRO BUS
145.08122,-37.81315,METRO BUS
145.0809,-37.81476,METRO BUS
145.08036,-37.81768,METRO BUS
145.08218,-37.81908,METRO BUS
145.0819,-37.82072,METRO BUS
145.08141,-37.82329,METRO BUS
145.07718,-37.82347,METRO BUS
145.07237,-37.82298,METRO BUS
145.07014,-37.82273,METRO BUS
145.06563,-37.8225,METRO BUS
145.02242,-37.71388,METRO BUS
145.065,-37.8255,METRO BUS
145.16802,-37.78179,METRO BUS
145.17054,-37.78152,METRO BUS
145.17493,-37.78204,METRO BUS
145.14419,-37.7849,METRO BUS
145.14452,-37.78299,METRO BUS
145.1449,-37.77998,METRO BUS
145.0222,-37.71226,METRO BUS
145.14565,-37.77608,METRO BUS
145.146,-37.77444,METRO BUS
145.14056,-37.77231,METRO BUS
145.14553,-37.76896,METRO BUS
145.14926,-37.77143,METRO BUS
145.15218,-37.77293,METRO BUS
145.15839,-37.77417,METRO BUS
145.16199,-37.76851,METRO BUS
144.83273,-37.78499,METRO BUS
144.83544,-37.7853,METRO BUS
145.02046,-37.71212,METRO BUS
144.83816,-37.78563,METRO BUS
144.84085,-37.78594,METRO BUS
144.84308,-37.7862,METRO BUS
144.84525,-37.78646,METRO BUS
144.84831,-37.78675,METRO BUS
144.85289,-37.78651,METRO BUS
144.8566,-37.78573,METRO BUS
144.85945,-37.78612,METRO BUS
144.86167,-37.78635,METRO BUS
144.86597,-37.78655,METRO BUS
144.8686,-37.78403,METRO BUS
144.84621,-37.78573,METRO BUS
144.84652,-37.78353,METRO BUS
144.84698,-37.78089,METRO BUS
144.84716,-37.7797,METRO BUS
144.84932,-37.77942,METRO BUS
144.85166,-37.77967,METRO BUS
144.85452,-37.78001,METRO BUS
144.85749,-37.78036,METRO BUS
144.85996,-37.78065,METRO BUS
145.02877,-37.70254,METRO BUS
144.86259,-37.78097,METRO BUS
144.86585,-37.78169,METRO BUS
144.86973,-37.78321,METRO BUS
144.87268,-37.7844,METRO BUS
144.88484,-37.80622,METRO BUS
144.8757,-37.78563,METRO BUS
144.87943,-37.78717,METRO BUS
144.88237,-37.78837,METRO BUS
145.02807,-37.70622,METRO BUS
144.88564,-37.78969,METRO BUS
144.88931,-37.7921,METRO BUS
144.88875,-37.79495,METRO BUS
144.88848,-37.79657,METRO BUS
144.88823,-37.79803,METRO BUS
144.89125,-37.79886,METRO BUS
144.89298,-37.79955,METRO BUS
144.89567,-37.80049,METRO BUS
144.83254,-37.78265,METRO BUS
144.83303,-37.77993,METRO BUS
145.0278,-37.70758,METRO BUS
144.83457,-37.7778,METRO BUS
144.83752,-37.77813,METRO BUS
144.83944,-37.77837,METRO BUS
144.84422,-37.77888,METRO BUS
144.86494,-37.78356,METRO BUS
144.86441,-37.78608,METRO BUS
144.86394,-37.78919,METRO BUS
144.8635,-37.79147,METRO BUS
144.86298,-37.79373,METRO BUS
144.86283,-37.79581,METRO BUS
145.04877,-37.73583,METRO BUS
145.02623,-37.70783,METRO BUS
144.8662,-37.79622,METRO BUS
144.86925,-37.79655,METRO BUS
144.87221,-37.79689,METRO BUS
144.87419,-37.79708,METRO BUS
144.87811,-37.79753,METRO BUS
144.88061,-37.79781,METRO BUS
144.88437,-37.79823,METRO BUS
144.88771,-37.79862,METRO BUS
144.89313,-37.79879,METRO BUS
145.02447,-37.70762,METRO BUS
144.89891,-37.80301,METRO BUS
144.90209,-37.80463,METRO BUS
144.90491,-37.80548,METRO BUS
144.93703,-37.81012,METRO BUS
145.00343,-37.84819,METRO BUS
145.02186,-37.7073,METRO BUS
145.0067,-37.84862,METRO BUS
145.00954,-37.849,METRO BUS
145.01217,-37.84979,METRO BUS
145.0118,-37.85222,METRO BUS
145.01145,-37.85456,METRO BUS
145.011,-37.85709,METRO BUS
145.01043,-37.86068,METRO BUS
145.01007,-37.86233,METRO BUS
145.00977,-37.86397,METRO BUS
145.00948,-37.86543,METRO BUS
145.00908,-37.86777,METRO BUS
145.00852,-37.87081,METRO BUS
145.00799,-37.87351,METRO BUS
145.00754,-37.87585,METRO BUS
145.00706,-37.87832,METRO BUS
145.0067,-37.88038,METRO BUS
145.00615,-37.88294,METRO BUS
145.00599,-37.88529,METRO BUS
145.00576,-37.88712,METRO BUS
145.04446,-37.76606,METRO BUS
145.00553,-37.88852,METRO BUS
145.00541,-37.89062,METRO BUS
145.00667,-37.89156,METRO BUS
145.00893,-37.89207,METRO BUS
145.01051,-37.89224,METRO BUS
145.01334,-37.8926,METRO BUS
145.01337,-37.89413,METRO BUS
145.01245,-37.89908,METRO BUS
145.01222,-37.90001,METRO BUS
145.04353,-37.7629,METRO BUS
144.64037,-37.90697,METRO BUS
144.56367,-37.66908,METRO BUS
144.56483,-37.66635,METRO BUS
144.6368,-37.90473,METRO BUS
144.56381,-37.6646,METRO BUS
145.03858,-37.76251,METRO BUS
144.62894,-37.89522,METRO BUS
144.62845,-37.89785,METRO BUS
144.56479,-37.66309,METRO BUS
144.56795,-37.66288,METRO BUS
145.1332,-37.76269,METRO BUS
144.571,-37.66454,METRO BUS
144.57123,-37.65977,METRO BUS
144.56884,-37.65973,METRO BUS
144.62497,-37.89116,METRO BUS
144.68405,-37.89215,METRO BUS
144.66317,-37.88205,METRO BUS
144.63306,-37.88682,METRO BUS
144.63911,-37.88746,METRO BUS
144.64508,-37.88653,METRO BUS
144.64706,-37.88418,METRO BUS
145.13389,-37.75868,METRO BUS
144.65162,-37.87954,METRO BUS
144.65648,-37.87697,METRO BUS
144.66565,-37.87578,METRO BUS
144.66822,-37.87607,METRO BUS
144.68945,-37.87836,METRO BUS
144.69462,-37.87897,METRO BUS
144.69755,-37.8792,METRO BUS
145.03753,-37.7587,METRO BUS
144.68926,-37.88969,METRO BUS
144.68114,-37.89343,METRO BUS
144.67624,-37.89572,METRO BUS
144.67094,-37.89816,METRO BUS
144.66862,-37.89925,METRO BUS
144.92172,-37.77576,METRO BUS
144.91989,-37.77598,METRO BUS
144.91954,-37.77728,METRO BUS
144.91511,-37.77679,METRO BUS
145.04497,-37.73627,METRO BUS
145.12367,-37.77856,METRO BUS
145.13438,-37.75566,METRO BUS
144.9115,-37.77652,METRO BUS
144.91156,-37.77754,METRO BUS
144.90959,-37.77869,METRO BUS
144.90677,-37.78035,METRO BUS
144.90685,-37.78162,METRO BUS
144.90767,-37.78278,METRO BUS
144.90543,-37.78453,METRO BUS
144.90502,-37.78643,METRO BUS
144.90376,-37.78895,METRO BUS
144.90003,-37.79013,METRO BUS
144.89483,-37.79087,METRO BUS
144.89543,-37.7948,METRO BUS
144.89724,-37.79694,METRO BUS
144.89914,-37.79921,METRO BUS
144.89122,-37.80294,METRO BUS
144.88887,-37.80267,METRO BUS
144.88476,-37.80265,METRO BUS
145.13507,-37.75124,METRO BUS
144.88474,-37.80529,METRO BUS
144.88432,-37.80773,METRO BUS
144.88386,-37.81062,METRO BUS
144.88336,-37.81305,METRO BUS
144.88276,-37.81607,METRO BUS
144.88251,-37.81731,METRO BUS
144.88187,-37.82079,METRO BUS
144.88151,-37.82273,METRO BUS
144.88106,-37.82777,METRO BUS
145.13607,-37.74565,METRO BUS
144.88134,-37.82963,METRO BUS
144.88152,-37.83127,METRO BUS
145.19147,-37.89363,METRO BUS
145.13425,-37.732,METRO BUS
145.12818,-37.72936,METRO BUS
144.8602,-37.72148,METRO BUS
144.85739,-37.72078,METRO BUS
144.85377,-37.7207,METRO BUS
144.85271,-37.724,METRO BUS
144.85237,-37.72503,METRO BUS
144.8565,-37.72632,METRO BUS
145.12573,-37.72778,METRO BUS
144.86046,-37.72577,METRO BUS
144.86625,-37.7283,METRO BUS
144.86786,-37.72854,METRO BUS
144.86718,-37.73005,METRO BUS
144.86545,-37.73141,METRO BUS
144.86491,-37.73459,METRO BUS
144.86449,-37.73692,METRO BUS
144.86406,-37.73951,METRO BUS
144.86318,-37.74381,METRO BUS
144.86264,-37.74691,METRO BUS
145.12398,-37.72417,METRO BUS
144.86224,-37.74935,METRO BUS
144.86286,-37.75084,METRO BUS
144.86625,-37.75122,METRO BUS
144.86914,-37.75154,METRO BUS
144.87398,-37.75209,METRO BUS
144.8844,-37.7533,METRO BUS
144.8859,-37.75346,METRO BUS
144.88897,-37.75381,METRO BUS
144.89166,-37.75411,METRO BUS
144.89376,-37.75432,METRO BUS
144.94922,-37.83424,METRO BUS
145.04057,-37.7413,METRO BUS
144.89621,-37.75461,METRO BUS
144.899,-37.75493,METRO BUS
144.902,-37.75529,METRO BUS
145.03827,-37.74106,METRO BUS
144.85988,-37.72385,METRO BUS
144.86034,-37.72141,METRO BUS
144.85358,-37.7209,METRO BUS
144.86741,-37.72987,METRO BUS
144.86531,-37.73168,METRO BUS
144.86494,-37.73362,METRO BUS
144.86412,-37.73754,METRO BUS
144.86353,-37.74108,METRO BUS
144.86293,-37.7445,METRO BUS
145.07028,-37.72075,METRO BUS
144.86264,-37.74602,METRO BUS
144.86278,-37.75096,METRO BUS
144.86614,-37.75133,METRO BUS
144.86851,-37.75158,METRO BUS
144.87066,-37.75182,METRO BUS
144.87323,-37.75213,METRO BUS
144.88411,-37.75337,METRO BUS
144.88605,-37.75359,METRO BUS
144.88891,-37.75391,METRO BUS
145.07436,-37.71855,METRO BUS
144.99918,-37.7694,METRO BUS
144.99622,-37.76903,METRO BUS
144.99187,-37.76853,METRO BUS
144.9886,-37.76808,METRO BUS
144.98488,-37.76754,METRO BUS
144.97558,-37.76693,METRO BUS
144.9727,-37.7666,METRO BUS
144.96762,-37.76611,METRO BUS
144.96545,-37.76588,METRO BUS
145.07597,-37.71693,METRO BUS
144.96271,-37.76559,METRO BUS
144.96146,-37.76702,METRO BUS
144.96011,-37.76687,METRO BUS
144.95617,-37.76637,METRO BUS
144.95209,-37.76589,METRO BUS
144.94955,-37.76556,METRO BUS
144.94704,-37.76528,METRO BUS
144.94412,-37.76493,METRO BUS
144.94066,-37.76453,METRO BUS
144.93476,-37.76372,METRO BUS
145.06799,-37.72613,METRO BUS
144.93251,-37.76341,METRO BUS
144.93038,-37.76318,METRO BUS
144.92881,-37.76301,METRO BUS
144.92598,-37.76269,METRO BUS
144.92415,-37.76433,METRO BUS
145.13054,-37.82069,METRO BUS
145.13207,-37.82134,METRO BUS
145.13182,-37.82265,METRO BUS
145.1319,-37.82388,METRO BUS
145.06508,-37.72795,METRO BUS
145.13389,-37.82549,METRO BUS
145.13648,-37.82578,METRO BUS
145.00413,-37.89733,METRO BUS
145.01551,-37.90078,METRO BUS
145.01994,-37.90128,METRO BUS
145.02246,-37.90159,METRO BUS
145.02575,-37.90198,METRO BUS
145.02826,-37.90231,METRO BUS
145.03072,-37.90264,METRO BUS
145.03307,-37.90294,METRO BUS
145.06274,-37.72965,METRO BUS
145.03563,-37.90325,METRO BUS
145.03769,-37.9035,METRO BUS
145.03953,-37.90372,METRO BUS
145.04282,-37.90416,METRO BUS
145.04672,-37.90464,METRO BUS
145.05019,-37.90507,METRO BUS
145.05234,-37.90533,METRO BUS
145.05488,-37.90565,METRO BUS
145.05606,-37.9058,METRO BUS
145.18263,-37.88845,METRO BUS
145.06078,-37.90637,METRO BUS
145.06588,-37.90697,METRO BUS
145.06842,-37.90734,METRO BUS
145.07211,-37.9078,METRO BUS
145.07361,-37.90799,METRO BUS
145.07657,-37.90835,METRO BUS
145.07878,-37.90862,METRO BUS
145.08149,-37.90897,METRO BUS
145.0844,-37.90932,METRO BUS
145.23423,-37.79353,METRO BUS
144.89127,-37.75416,METRO BUS
144.89383,-37.75443,METRO BUS
144.8956,-37.75464,METRO BUS
144.89912,-37.75504,METRO BUS
144.90292,-37.75551,METRO BUS
144.90482,-37.75573,METRO BUS
144.90861,-37.75617,METRO BUS
144.91081,-37.75641,METRO BUS
144.91454,-37.75684,METRO BUS
144.89789,-37.76051,METRO BUS
144.89585,-37.76037,METRO BUS
144.89814,-37.75918,METRO BUS
144.89876,-37.75701,METRO BUS
144.90207,-37.75742,METRO BUS
144.9045,-37.75771,METRO BUS
144.90681,-37.75819,METRO BUS
144.906,-37.76228,METRO BUS
145.12418,-37.71991,METRO BUS
144.90626,-37.76522,METRO BUS
144.90855,-37.76546,METRO BUS
144.91105,-37.76575,METRO BUS
144.91341,-37.76599,METRO BUS
144.91598,-37.76624,METRO BUS
144.9106,-37.75622,METRO BUS
144.90851,-37.75598,METRO BUS
144.90631,-37.76084,METRO BUS
144.90563,-37.76553,METRO BUS
144.90448,-37.7682,METRO BUS
144.9024,-37.77014,METRO BUS
144.89841,-37.7697,METRO BUS
144.89427,-37.76921,METRO BUS
144.8916,-37.76889,METRO BUS
144.88954,-37.76863,METRO BUS
144.66311,-37.89401,METRO BUS
144.67444,-37.88952,METRO BUS
144.67496,-37.88723,METRO BUS
144.67595,-37.88541,METRO BUS
144.67821,-37.88488,METRO BUS
144.68101,-37.88533,METRO BUS
144.68185,-37.8867,METRO BUS
144.68511,-37.8868,METRO BUS
144.68771,-37.88602,METRO BUS
145.03751,-37.79389,METRO BUS
144.68822,-37.88381,METRO BUS
144.68384,-37.8808,METRO BUS
144.68767,-37.86869,METRO BUS
144.90465,-37.7556,METRO BUS
145.96732,-38.16978,METRO BUS
144.8958,-37.76198,METRO BUS
144.89776,-37.76068,METRO BUS
144.89809,-37.75936,METRO BUS
144.89876,-37.75692,METRO BUS
145.12026,-37.77743,METRO BUS
144.90138,-37.75725,METRO BUS
144.90407,-37.75757,METRO BUS
144.90679,-37.7579,METRO BUS
144.90684,-37.75844,METRO BUS
144.90651,-37.76035,METRO BUS
144.90604,-37.76265,METRO BUS
144.90629,-37.76513,METRO BUS
144.9085,-37.76536,METRO BUS
144.91094,-37.76563,METRO BUS
144.91323,-37.76586,METRO BUS
145.04256,-37.79102,METRO BUS
144.91597,-37.7661,METRO BUS
144.91262,-37.75662,METRO BUS
144.9057,-37.76551,METRO BUS
144.90451,-37.76867,METRO BUS
144.90287,-37.77028,METRO BUS
145.07483,-37.78796,METRO BUS
144.89875,-37.7698,METRO BUS
144.89433,-37.7693,METRO BUS
144.89126,-37.76893,METRO BUS
144.88951,-37.76873,METRO BUS
144.88708,-37.769,METRO BUS
144.66534,-37.89656,METRO BUS
144.66314,-37.89417,METRO BUS
144.67435,-37.88943,METRO BUS
144.67476,-37.88748,METRO BUS
144.67559,-37.88558,METRO BUS
144.67898,-37.88479,METRO BUS
144.68129,-37.88526,METRO BUS
144.68203,-37.88664,METRO BUS
145.13671,-37.82819,METRO BUS
145.13617,-37.83155,METRO BUS
145.13593,-37.83302,METRO BUS
145.13561,-37.83489,METRO BUS
145.13511,-37.83761,METRO BUS
145.13477,-37.83949,METRO BUS
145.13442,-37.84117,METRO BUS
145.13425,-37.84214,METRO BUS
145.13394,-37.84379,METRO BUS
145.13346,-37.8463,METRO BUS
145.13311,-37.84823,METRO BUS
145.13241,-37.85263,METRO BUS
145.1319,-37.85526,METRO BUS
145.13161,-37.85694,METRO BUS
145.11786,-37.81733,METRO BUS
145.11094,-37.8165,METRO BUS
145.10689,-37.81599,METRO BUS
145.10371,-37.8156,METRO BUS
145.10191,-37.81539,METRO BUS
145.10028,-37.81014,METRO BUS
145.10063,-37.80832,METRO BUS
145.10131,-37.80493,METRO BUS
145.09868,-37.80408,METRO BUS
145.09735,-37.80231,METRO BUS
145.0976,-37.80115,METRO BUS
145.09795,-37.79905,METRO BUS
145.09845,-37.79648,METRO BUS
145.09902,-37.79384,METRO BUS
145.09975,-37.79044,METRO BUS
145.09192,-37.78137,METRO BUS
145.0878,-37.78161,METRO BUS
145.08722,-37.78283,METRO BUS
145.08677,-37.78508,METRO BUS
145.08637,-37.78711,METRO BUS
145.08564,-37.79082,METRO BUS
145.08535,-37.79226,METRO BUS
145.08479,-37.79539,METRO BUS
145.08442,-37.79719,METRO BUS
145.08387,-37.79953,METRO BUS
145.08362,-37.80144,METRO BUS
145.08313,-37.80403,METRO BUS
145.08272,-37.80581,METRO BUS
145.08243,-37.80763,METRO BUS
145.08209,-37.80934,METRO BUS
145.0819,-37.8103,METRO BUS
145.08135,-37.81315,METRO BUS
145.08095,-37.81539,METRO BUS
145.08045,-37.81787,METRO BUS
145.07698,-37.82359,METRO BUS
145.04576,-37.79128,METRO BUS
145.07187,-37.82302,METRO BUS
145.06552,-37.82328,METRO BUS
145.06509,-37.82558,METRO BUS
145.10978,-37.75655,METRO BUS
145.10455,-37.75613,METRO BUS
145.1022,-37.7563,METRO BUS
145.09597,-37.75964,METRO BUS
145.09305,-37.76529,METRO BUS
144.92196,-37.83643,METRO BUS
145.09271,-37.77092,METRO BUS
145.09468,-37.77252,METRO BUS
145.13151,-37.86274,METRO BUS
145.13097,-37.86578,METRO BUS
145.13036,-37.86892,METRO BUS
145.1293,-37.87464,METRO BUS
145.12911,-37.87619,METRO BUS
145.12848,-37.87907,METRO BUS
144.92543,-37.83675,METRO BUS
145.12812,-37.88097,METRO BUS
145.12783,-37.88254,METRO BUS
145.12758,-37.88363,METRO BUS
145.12706,-37.88671,METRO BUS
145.12672,-37.88836,METRO BUS
145.12641,-37.89008,METRO BUS
145.12551,-37.89431,METRO BUS
145.12455,-37.89818,METRO BUS
145.12454,-37.89986,METRO BUS
145.124,-37.90275,METRO BUS
144.9271,-37.8369,METRO BUS
145.12368,-37.9045,METRO BUS
145.12329,-37.90635,METRO BUS
145.12303,-37.90779,METRO BUS
145.12279,-37.90909,METRO BUS
145.12253,-37.9105,METRO BUS
145.12167,-37.91535,METRO BUS
144.88244,-37.83807,METRO BUS
144.88274,-37.84013,METRO BUS
144.88302,-37.84207,METRO BUS
144.9297,-37.83444,METRO BUS
144.8857,-37.8465,METRO BUS
144.88799,-37.84985,METRO BUS
144.88983,-37.8525,METRO BUS
144.89212,-37.85597,METRO BUS
144.89321,-37.85826,METRO BUS
144.89138,-37.85802,METRO BUS
144.88894,-37.85757,METRO BUS
144.889,-37.85937,METRO BUS
144.88865,-37.86163,METRO BUS
144.93149,-37.83388,METRO BUS
144.88453,-37.80782,METRO BUS
144.88397,-37.81075,METRO BUS
144.88363,-37.81227,METRO BUS
144.88295,-37.8161,METRO BUS
144.88264,-37.8174,METRO BUS
144.88237,-37.8196,METRO BUS
144.93389,-37.83484,METRO BUS
144.88164,-37.82282,METRO BUS
144.88111,-37.82542,METRO BUS
144.88124,-37.8276,METRO BUS
144.88135,-37.82867,METRO BUS
144.88173,-37.83137,METRO BUS
144.88263,-37.83805,METRO BUS
144.88289,-37.83997,METRO BUS
144.88309,-37.84171,METRO BUS
144.88515,-37.8453,METRO BUS
144.88654,-37.84729,METRO BUS
144.93973,-37.83979,METRO BUS
144.8882,-37.84973,METRO BUS
144.89025,-37.85274,METRO BUS
144.89244,-37.85602,METRO BUS
144.89365,-37.85781,METRO BUS
144.8923,-37.85842,METRO BUS
144.89017,-37.85807,METRO BUS
144.88925,-37.85945,METRO BUS
144.8889,-37.8617,METRO BUS
144.9415,-37.83969,METRO BUS
145.12136,-37.91702,METRO BUS
145.12105,-37.91854,METRO BUS
145.1197,-37.92578,METRO BUS
145.11806,-37.92848,METRO BUS
145.11444,-37.92803,METRO BUS
145.11198,-37.92773,METRO BUS
144.94384,-37.83722,METRO BUS
145.10944,-37.92742,METRO BUS
145.10564,-37.92694,METRO BUS
145.10383,-37.92672,METRO BUS
145.1023,-37.92653,METRO BUS
145.09902,-37.92615,METRO BUS
145.09701,-37.92587,METRO BUS
145.09418,-37.92553,METRO BUS
145.0872,-37.92333,METRO BUS
145.08762,-37.92104,METRO BUS
144.94681,-37.83483,METRO BUS
145.08781,-37.91916,METRO BUS
145.08807,-37.9179,METRO BUS
145.08862,-37.91517,METRO BUS
145.08897,-37.91338,METRO BUS
145.08948,-37.91075,METRO BUS
145.0906,-37.90887,METRO BUS
145.09083,-37.90762,METRO BUS
145.09125,-37.9053,METRO BUS
144.95258,-37.8325,METRO BUS
145.1112,-37.83775,METRO BUS
145.11046,-37.84173,METRO BUS
145.10998,-37.84481,METRO BUS
145.10968,-37.84616,METRO BUS
145.10913,-37.84918,METRO BUS
145.11584,-37.84996,METRO BUS
145.11987,-37.85135,METRO BUS
144.95378,-37.83146,METRO BUS
145.11957,-37.85295,METRO BUS
145.1192,-37.85506,METRO BUS
144.94776,-37.82948,METRO BUS
144.9449,-37.83114,METRO BUS
144.94271,-37.83166,METRO BUS
144.94096,-37.83201,METRO BUS
144.93901,-37.83238,METRO BUS
144.93722,-37.83273,METRO BUS
144.93556,-37.83308,METRO BUS
144.95524,-37.83019,METRO BUS
144.92793,-37.83458,METRO BUS
144.92432,-37.83311,METRO BUS
144.92365,-37.83091,METRO BUS
144.92161,-37.82439,METRO BUS
144.92094,-37.82221,METRO BUS
144.95751,-37.82823,METRO BUS
144.94522,-37.82531,METRO BUS
144.93946,-37.82356,METRO BUS
144.9371,-37.82312,METRO BUS
144.933,-37.82222,METRO BUS
144.92994,-37.82156,METRO BUS
144.92571,-37.82096,METRO BUS
144.92147,-37.82089,METRO BUS
144.91856,-37.82111,METRO BUS
144.91619,-37.82145,METRO BUS
144.91327,-37.82207,METRO BUS
144.95988,-37.82623,METRO BUS
145.08788,-37.90976,METRO BUS
145.09105,-37.9101,METRO BUS
145.09453,-37.91047,METRO BUS
145.09644,-37.91069,METRO BUS
145.09937,-37.91101,METRO BUS
144.9116,-37.82541,METRO BUS
145.11002,-37.9122,METRO BUS
145.11324,-37.91255,METRO BUS
144.96947,-37.8043,METRO BUS
145.11667,-37.91295,METRO BUS
144.98719,-37.84589,METRO BUS
144.99227,-37.84654,METRO BUS
144.99361,-37.84673,METRO BUS
144.99781,-37.84728,METRO BUS
145.00055,-37.84766,METRO BUS
145.00318,-37.84863,METRO BUS
145.00287,-37.85072,METRO BUS
145.00245,-37.85356,METRO BUS
145.00217,-37.85501,METRO BUS
145.00182,-37.85696,METRO BUS
145.00155,-37.85839,METRO BUS
144.96995,-37.80148,METRO BUS
145.00108,-37.86108,METRO BUS
145.00083,-37.86244,METRO BUS
145.0004,-37.86476,METRO BUS
145.00015,-37.86628,METRO BUS
144.99963,-37.86917,METRO BUS
144.99902,-37.87215,METRO BUS
144.99868,-37.87383,METRO BUS
144.56393,-37.70758,METRO BUS
144.97053,-37.7979,METRO BUS
144.56302,-37.71223,METRO BUS
144.56802,-37.71133,METRO BUS
144.57142,-37.71378,METRO BUS
144.5743,-37.70666,METRO BUS
144.57537,-37.70158,METRO BUS
144.57604,-37.69831,METRO BUS
144.9709,-37.79588,METRO BUS
144.57662,-37.69526,METRO BUS
144.57932,-37.68357,METRO BUS
144.58707,-37.68304,METRO BUS
144.59573,-37.68444,METRO BUS
144.67656,-37.86361,METRO BUS
144.97126,-37.79381,METRO BUS
144.67169,-37.87293,METRO BUS
144.67209,-37.87517,METRO BUS
144.92008,-37.80215,METRO BUS
144.92514,-37.80271,METRO BUS
144.972,-37.78958,METRO BUS
144.92989,-37.80324,METRO BUS
144.93242,-37.80383,METRO BUS
144.98456,-37.84572,METRO BUS
144.98722,-37.84601,METRO BUS
144.99255,-37.84671,METRO BUS
144.97238,-37.78739,METRO BUS
144.99446,-37.84697,METRO BUS
144.99831,-37.8475,METRO BUS
144.56375,-37.7072,METRO BUS
145.00306,-37.84833,METRO BUS
145.00267,-37.85096,METRO BUS
145.00233,-37.8533,METRO BUS
145.002,-37.85506,METRO BUS
145.00172,-37.85656,METRO BUS
145.00119,-37.85947,METRO BUS
145.00091,-37.86105,METRO BUS
144.97287,-37.78443,METRO BUS
145.00058,-37.86289,METRO BUS
145.00027,-37.86457,METRO BUS
144.9999,-37.8666,METRO BUS
144.99931,-37.86976,METRO BUS
144.99888,-37.87198,METRO BUS
144.99852,-37.87383,METRO BUS
144.56285,-37.71232,METRO BUS
144.56782,-37.7115,METRO BUS
144.57097,-37.7138,METRO BUS
144.97324,-37.78189,METRO BUS
144.57443,-37.70668,METRO BUS
144.56982,-37.7024,METRO BUS
144.57525,-37.70156,METRO BUS
144.57594,-37.69792,METRO BUS
144.57642,-37.69539,METRO BUS
144.97358,-37.78002,METRO BUS
144.57791,-37.68428,METRO BUS
144.57974,-37.68336,METRO BUS
144.5832,-37.68281,METRO BUS
144.58705,-37.68287,METRO BUS
144.59582,-37.6843,METRO BUS
144.5981,-37.68594,METRO BUS
144.60209,-37.68884,METRO BUS
144.65332,-37.72172,METRO BUS
144.97518,-37.77883,METRO BUS
144.73996,-37.75173,METRO BUS
144.73945,-37.74962,METRO BUS
145.04428,-37.71722,METRO BUS
145.04411,-37.71712,METRO BUS
145.04394,-37.71701,METRO BUS
145.04396,-37.71688,METRO BUS
145.04416,-37.71702,METRO BUS
144.97868,-37.77914,METRO BUS
145.04353,-37.76298,METRO BUS
145.04948,-37.73717,METRO BUS
145.06039,-37.7329,METRO BUS
145.05998,-37.73526,METRO BUS
145.05085,-37.74969,METRO BUS
145.04998,-37.75484,METRO BUS
145.04961,-37.75663,METRO BUS
145.04725,-37.75769,METRO BUS
145.04661,-37.76072,METRO BUS
145.06094,-37.80867,METRO BUS
144.98383,-37.77974,METRO BUS
145.04593,-37.76365,METRO BUS
145.04706,-37.75768,METRO BUS
145.04798,-37.75737,METRO BUS
145.04953,-37.75661,METRO BUS
145.04992,-37.75479,METRO BUS
145.05019,-37.75328,METRO BUS
145.05076,-37.7494,METRO BUS
145.05905,-37.74004,METRO BUS
144.98717,-37.7801,METRO BUS
144.9179,-37.75357,METRO BUS
144.91921,-37.74645,METRO BUS
144.91963,-37.74408,METRO BUS
145.0504,-37.74247,METRO BUS
144.98809,-37.78108,METRO BUS
144.91993,-37.74225,METRO BUS
144.92021,-37.74015,METRO BUS
144.91956,-37.73879,METRO BUS
144.91783,-37.7386,METRO BUS
144.91434,-37.73823,METRO BUS
144.91125,-37.7379,METRO BUS
144.91135,-37.73544,METRO BUS
144.91502,-37.73434,METRO BUS
144.9186,-37.73471,METRO BUS
144.91875,-37.73169,METRO BUS
144.9915,-37.7852,METRO BUS
144.91713,-37.73028,METRO BUS
144.91746,-37.72823,METRO BUS
144.91553,-37.72736,METRO BUS
144.91277,-37.725,METRO BUS
144.91129,-37.72417,METRO BUS
144.90813,-37.72269,METRO BUS
144.90696,-37.71994,METRO BUS
144.90529,-37.71911,METRO BUS
144.90221,-37.71899,METRO BUS
144.99427,-37.78604,METRO BUS
144.89761,-37.71616,METRO BUS
144.89796,-37.71412,METRO BUS
144.89521,-37.71249,METRO BUS
144.89263,-37.71107,METRO BUS
144.88881,-37.71372,METRO BUS
144.88833,-37.71619,METRO BUS
144.88805,-37.71754,METRO BUS
144.88426,-37.7171,METRO BUS
144.88161,-37.7168,METRO BUS
144.99649,-37.78255,METRO BUS
144.88105,-37.71795,METRO BUS
144.88088,-37.71899,METRO BUS
144.8766,-37.71886,METRO BUS
144.96326,-37.74093,METRO BUS
144.80313,-37.70874,METRO BUS
144.80196,-37.70461,METRO BUS
144.80813,-37.70344,METRO BUS
144.81319,-37.70455,METRO BUS
144.81675,-37.70667,METRO BUS
144.99759,-37.78121,METRO BUS
144.82076,-37.7101,METRO BUS
144.82479,-37.71545,METRO BUS
144.8238,-37.71733,METRO BUS
144.82172,-37.71994,METRO BUS
144.82311,-37.72131,METRO BUS
145.70217,-37.75247,METRO BUS
144.82773,-37.72048,METRO BUS
144.73662,-37.74764,METRO BUS
144.99987,-37.78146,METRO BUS
144.73513,-37.74563,METRO BUS
144.96034,-37.67847,METRO BUS
144.73923,-37.74424,METRO BUS
144.74149,-37.74567,METRO BUS
144.74574,-37.7466,METRO BUS
144.56916,-37.67853,METRO BUS
145.00387,-37.78197,METRO BUS
144.67228,-37.86852,METRO BUS
145.0057,-37.78219,METRO BUS
144.91945,-37.67624,METRO BUS
144.92554,-37.67544,METRO BUS
144.92752,-37.6757,METRO BUS
144.92962,-37.67521,METRO BUS
144.9313,-37.67301,METRO BUS
144.93196,-37.6706,METRO BUS
144.93211,-37.66983,METRO BUS
144.93264,-37.66716,METRO BUS
145.00972,-37.78239,METRO BUS
144.9329,-37.66582,METRO BUS
144.93412,-37.6651,METRO BUS
144.93721,-37.66544,METRO BUS
144.94392,-37.66608,METRO BUS
144.9536,-37.6596,METRO BUS
144.95296,-37.65592,METRO BUS
144.95228,-37.6515,METRO BUS
145.01019,-37.77976,METRO BUS
144.95173,-37.64736,METRO BUS
144.95118,-37.64388,METRO BUS
144.95019,-37.63779,METRO BUS
144.94876,-37.62859,METRO BUS
144.94815,-37.62472,METRO BUS
144.94684,-37.61649,METRO BUS
144.94626,-37.61287,METRO BUS
144.94008,-37.59898,METRO BUS
144.9358,-37.59849,METRO BUS
144.92927,-37.59786,METRO BUS
145.05047,-37.74236,METRO BUS
145.01053,-37.77778,METRO BUS
144.91815,-37.7536,METRO BUS
144.91939,-37.74631,METRO BUS
144.91971,-37.74446,METRO BUS
144.92008,-37.74224,METRO BUS
144.92034,-37.74021,METRO BUS
144.91928,-37.73868,METRO BUS
145.01104,-37.77514,METRO BUS
144.91791,-37.73854,METRO BUS
144.91385,-37.73811,METRO BUS
144.91134,-37.73785,METRO BUS
144.91146,-37.73546,METRO BUS
144.91429,-37.73434,METRO BUS
144.91891,-37.73458,METRO BUS
144.91886,-37.73164,METRO BUS
144.91718,-37.73062,METRO BUS
144.91757,-37.72822,METRO BUS
144.91484,-37.72681,METRO BUS
145.01138,-37.77323,METRO BUS
144.91298,-37.72516,METRO BUS
144.91131,-37.7241,METRO BUS
144.90814,-37.72261,METRO BUS
144.90699,-37.71987,METRO BUS
144.90481,-37.71901,METRO BUS
144.90204,-37.71888,METRO BUS
144.89769,-37.71623,METRO BUS
144.89797,-37.71456,METRO BUS
144.89519,-37.71241,METRO BUS
145.01165,-37.77028,METRO BUS
144.89276,-37.71101,METRO BUS
144.88961,-37.71275,METRO BUS
144.88822,-37.71616,METRO BUS
144.88816,-37.71746,METRO BUS
144.88431,-37.71704,METRO BUS
144.88159,-37.71672,METRO BUS
144.88094,-37.71803,METRO BUS
144.87658,-37.71877,METRO BUS
145.01175,-37.76859,METRO BUS
144.69357,-37.86959,METRO BUS
144.69663,-37.86845,METRO BUS
144.69559,-37.86411,METRO BUS
144.70538,-37.8611,METRO BUS
144.70862,-37.86025,METRO BUS
144.71217,-37.85933,METRO BUS
145.07656,-37.78601,METRO BUS
144.71657,-37.86114,METRO BUS
144.7156,-37.86358,METRO BUS
144.71121,-37.86411,METRO BUS
144.71052,-37.86567,METRO BUS
144.71001,-37.87056,METRO BUS
144.70913,-37.87334,METRO BUS
144.70416,-37.87458,METRO BUS
144.79185,-37.7864,METRO BUS
144.79472,-37.7867,METRO BUS
145.01272,-37.76474,METRO BUS
144.79652,-37.7869,METRO BUS
144.79892,-37.78719,METRO BUS
144.80082,-37.78737,METRO BUS
144.80294,-37.78763,METRO BUS
144.80526,-37.78787,METRO BUS
144.80822,-37.7882,METRO BUS
144.81152,-37.78856,METRO BUS
144.81505,-37.78971,METRO BUS
144.81685,-37.79028,METRO BUS
144.81977,-37.78985,METRO BUS
145.01635,-37.7651,METRO BUS
144.82298,-37.78886,METRO BUS
144.673,-37.83888,METRO BUS
144.64694,-37.89765,METRO BUS
144.64533,-37.89586,METRO BUS
144.64368,-37.8939,METRO BUS
144.63968,-37.89049,METRO BUS
144.63738,-37.89204,METRO BUS
144.63552,-37.89443,METRO BUS
144.67262,-37.837,METRO BUS
145.02297,-37.7658,METRO BUS
144.61785,-37.88424,METRO BUS
144.62375,-37.88946,METRO BUS
144.67176,-37.90031,METRO BUS
145.02792,-37.76635,METRO BUS
144.67502,-37.9021,METRO BUS
144.67808,-37.90374,METRO BUS
144.67835,-37.90528,METRO BUS
144.6778,-37.908,METRO BUS
144.68113,-37.92224,METRO BUS
144.6889,-37.97288,METRO BUS
145.05433,-37.74273,METRO BUS
145.03026,-37.76659,METRO BUS
144.91234,-37.75119,METRO BUS
144.90921,-37.75141,METRO BUS
144.90731,-37.75088,METRO BUS
144.90397,-37.75055,METRO BUS
144.90056,-37.75032,METRO BUS
144.89868,-37.74939,METRO BUS
144.8966,-37.74916,METRO BUS
145.03387,-37.76696,METRO BUS
144.89373,-37.74885,METRO BUS
144.89086,-37.74854,METRO BUS
144.88961,-37.74875,METRO BUS
144.88719,-37.74817,METRO BUS
144.88795,-37.74547,METRO BUS
144.89032,-37.74516,METRO BUS
144.89149,-37.74359,METRO BUS
144.89179,-37.74121,METRO BUS
144.88847,-37.73571,METRO BUS
144.89235,-37.73776,METRO BUS
145.03529,-37.7662,METRO BUS
144.88294,-37.73426,METRO BUS
144.87958,-37.73456,METRO BUS
144.87777,-37.73364,METRO BUS
144.95947,-37.68699,METRO BUS
144.96005,-37.69479,METRO BUS
144.96328,-37.69514,METRO BUS
144.96732,-37.6956,METRO BUS
144.96927,-37.69582,METRO BUS
144.97188,-37.69614,METRO BUS
145.03592,-37.76357,METRO BUS
144.9738,-37.69686,METRO BUS
144.9736,-37.69815,METRO BUS
144.97318,-37.70018,METRO BUS
144.97233,-37.70248,METRO BUS
144.9709,-37.70233,METRO BUS
145.04712,-37.76929,METRO BUS
144.96852,-37.70738,METRO BUS
144.97149,-37.70771,METRO BUS
144.97388,-37.70852,METRO BUS
144.97364,-37.70985,METRO BUS
144.97268,-37.712,METRO BUS
144.96864,-37.71157,METRO BUS
144.96805,-37.71346,METRO BUS
144.96774,-37.71529,METRO BUS
144.97023,-37.71571,METRO BUS
144.97327,-37.71603,METRO BUS
145.04674,-37.77124,METRO BUS
144.97272,-37.7183,METRO BUS
144.97094,-37.71963,METRO BUS
144.96888,-37.7194,METRO BUS
144.96771,-37.71847,METRO BUS
144.96697,-37.71731,METRO BUS
144.96538,-37.71543,METRO BUS
144.96296,-37.71499,METRO BUS
144.96262,-37.71656,METRO BUS
144.96346,-37.72221,METRO BUS
145.04918,-37.77176,METRO BUS
145.07206,-37.66581,METRO BUS
145.07253,-37.66335,METRO BUS
145.07366,-37.66018,METRO BUS
144.68541,-37.88672,METRO BUS
144.68788,-37.8856,METRO BUS
144.68804,-37.88389,METRO BUS
144.68459,-37.88127,METRO BUS
144.68725,-37.86863,METRO BUS
145.05265,-37.77208,METRO BUS
144.69551,-37.86395,METRO BUS
144.70504,-37.86093,METRO BUS
144.70892,-37.86006,METRO BUS
144.71219,-37.85925,METRO BUS
144.71636,-37.86076,METRO BUS
145.05522,-37.77237,METRO BUS
144.71558,-37.86381,METRO BUS
144.71077,-37.86417,METRO BUS
144.71065,-37.86583,METRO BUS
144.71017,-37.87056,METRO BUS
144.70954,-37.87304,METRO BUS
144.70582,-37.87484,METRO BUS
145.05816,-37.77275,METRO BUS
144.81357,-37.7893,METRO BUS
144.81583,-37.79005,METRO BUS
144.8195,-37.79006,METRO BUS
144.82251,-37.78907,METRO BUS
145.1909,-37.89679,METRO BUS
145.04723,-37.73651,METRO BUS
145.05331,-37.7427,METRO BUS
145.06137,-37.77419,METRO BUS
144.97184,-37.73139,METRO BUS
144.97223,-37.73463,METRO BUS
144.6449,-37.89562,METRO BUS
144.64259,-37.89293,METRO BUS
144.63963,-37.89057,METRO BUS
144.63748,-37.89199,METRO BUS
144.63559,-37.89441,METRO BUS
145.06331,-37.77608,METRO BUS
144.67148,-37.90031,METRO BUS
144.67509,-37.90225,METRO BUS
144.67762,-37.90361,METRO BUS
144.67809,-37.90587,METRO BUS
144.67759,-37.90836,METRO BUS
145.0639,-37.77771,METRO BUS
145.10517,-38.16994,METRO BUS
145.10704,-38.1687,METRO BUS
144.91422,-37.7532,METRO BUS
144.9119,-37.75159,METRO BUS
144.90965,-37.75167,METRO BUS
144.90672,-37.75091,METRO BUS
144.90384,-37.75063,METRO BUS
145.06462,-37.78911,METRO BUS
144.9005,-37.75039,METRO BUS
144.89923,-37.74953,METRO BUS
144.89638,-37.74921,METRO BUS
144.89351,-37.74889,METRO BUS
144.89077,-37.74859,METRO BUS
144.88972,-37.74883,METRO BUS
144.88711,-37.7482,METRO BUS
144.88789,-37.74527,METRO BUS
144.89044,-37.74509,METRO BUS
145.06435,-37.79071,METRO BUS
144.89137,-37.74309,METRO BUS
144.89165,-37.74111,METRO BUS
144.89209,-37.73836,METRO BUS
144.88847,-37.73585,METRO BUS
144.88304,-37.73426,METRO BUS
144.87947,-37.73458,METRO BUS
144.87776,-37.73393,METRO BUS
144.87705,-37.73167,METRO BUS
145.06395,-37.79296,METRO BUS
144.8698,-37.73914,METRO BUS
144.86947,-37.7408,METRO BUS
144.87258,-37.74251,METRO BUS
144.87243,-37.74478,METRO BUS
144.87223,-37.74589,METRO BUS
144.91341,-37.68372,METRO BUS
145.06338,-37.79589,METRO BUS
144.89937,-37.68008,METRO BUS
144.89878,-37.67825,METRO BUS
144.88816,-37.67551,METRO BUS
144.88732,-37.67287,METRO BUS
144.88817,-37.65414,METRO BUS
145.06307,-37.79762,METRO BUS
144.89044,-37.65687,METRO BUS
144.89395,-37.65787,METRO BUS
144.89796,-37.6451,METRO BUS
144.89545,-37.64238,METRO BUS
144.89212,-37.64092,METRO BUS
145.06254,-37.80046,METRO BUS
144.88319,-37.64003,METRO BUS
144.88345,-37.63708,METRO BUS
144.88643,-37.63658,METRO BUS
144.89036,-37.63861,METRO BUS
144.89557,-37.64228,METRO BUS
144.89814,-37.64523,METRO BUS
145.11921,-37.91325,METRO BUS
145.06202,-37.80288,METRO BUS
145.12249,-37.91363,METRO BUS
145.12612,-37.91412,METRO BUS
145.12492,-37.91442,METRO BUS
145.1215,-37.91399,METRO BUS
145.11864,-37.91367,METRO BUS
145.11643,-37.91338,METRO BUS
145.11288,-37.91295,METRO BUS
145.10927,-37.91249,METRO BUS
144.99379,-37.7863,METRO BUS
145.06177,-37.80424,METRO BUS
145.09924,-37.91127,METRO BUS
145.09653,-37.91096,METRO BUS
145.09376,-37.9106,METRO BUS
145.09155,-37.91035,METRO BUS
145.08792,-37.90991,METRO BUS
145.0861,-37.90974,METRO BUS
145.08137,-37.90909,METRO BUS
145.0786,-37.90876,METRO BUS
145.07661,-37.90848,METRO BUS
145.06143,-37.8062,METRO BUS
145.07361,-37.90813,METRO BUS
145.07098,-37.90779,METRO BUS
145.06869,-37.9075,METRO BUS
145.06583,-37.90716,METRO BUS
145.06227,-37.90671,METRO BUS
145.06055,-37.90665,METRO BUS
145.05798,-37.90635,METRO BUS
145.05639,-37.90614,METRO BUS
145.11769,-37.856,METRO BUS
145.11486,-37.85567,METRO BUS
145.05877,-37.81009,METRO BUS
145.11382,-37.85702,METRO BUS
145.11313,-37.86074,METRO BUS
145.11288,-37.86209,METRO BUS
145.11256,-37.86404,METRO BUS
145.11204,-37.86663,METRO BUS
145.1117,-37.8685,METRO BUS
145.11128,-37.87055,METRO BUS
145.11085,-37.87301,METRO BUS
145.11016,-37.87661,METRO BUS
145.10991,-37.87807,METRO BUS
145.03671,-37.76205,METRO BUS
145.10922,-37.88163,METRO BUS
145.1052,-37.8821,METRO BUS
145.10071,-37.88159,METRO BUS
145.09857,-37.88137,METRO BUS
145.09542,-37.88096,METRO BUS
144.76996,-37.76159,METRO BUS
145.05426,-37.90588,METRO BUS
145.05166,-37.90556,METRO BUS
145.04993,-37.90533,METRO BUS
145.0471,-37.90498,METRO BUS
145.03737,-37.75966,METRO BUS
145.04255,-37.90441,METRO BUS
145.03985,-37.90405,METRO BUS
145.03544,-37.90349,METRO BUS
145.03235,-37.9031,METRO BUS
145.03015,-37.90282,METRO BUS
145.0286,-37.9026,METRO BUS
145.02642,-37.90232,METRO BUS
145.02308,-37.90193,METRO BUS
145.01875,-37.90141,METRO BUS
145.01478,-37.90093,METRO BUS
145.12368,-37.78024,METRO BUS
145.00399,-37.89744,METRO BUS
144.99975,-37.89692,METRO BUS
144.99715,-37.8966,METRO BUS
144.9951,-37.89638,METRO BUS
144.99197,-37.8956,METRO BUS
144.84883,-37.8286,METRO BUS
144.84827,-37.83195,METRO BUS
144.87426,-37.71968,METRO BUS
144.85443,-37.8318,METRO BUS
144.85694,-37.83206,METRO BUS
145.03801,-37.75603,METRO BUS
144.85928,-37.83232,METRO BUS
144.8611,-37.83302,METRO BUS
144.86217,-37.83439,METRO BUS
144.86348,-37.836,METRO BUS
144.86444,-37.83724,METRO BUS
144.86488,-37.84043,METRO BUS
144.86701,-37.84066,METRO BUS
144.86911,-37.84089,METRO BUS
144.87188,-37.84117,METRO BUS
144.87596,-37.84162,METRO BUS
145.03895,-37.75475,METRO BUS
144.87825,-37.84188,METRO BUS
144.88735,-37.84447,METRO BUS
144.89228,-37.84551,METRO BUS
144.89216,-37.84708,METRO BUS
144.89305,-37.84852,METRO BUS
144.89465,-37.85078,METRO BUS
144.89601,-37.85291,METRO BUS
144.89693,-37.85419,METRO BUS
144.89776,-37.85671,METRO BUS
145.03952,-37.7529,METRO BUS
144.8984,-37.85891,METRO BUS
144.90116,-37.8592,METRO BUS
144.9035,-37.86274,METRO BUS
144.66452,-37.90135,METRO BUS
144.6681,-37.90473,METRO BUS
144.67189,-37.90795,METRO BUS
145.03999,-37.75023,METRO BUS
144.65806,-37.91116,METRO BUS
144.65648,-37.90932,METRO BUS
144.65976,-37.90577,METRO BUS
144.65898,-37.896,METRO BUS
144.65723,-37.89411,METRO BUS
144.65436,-37.89108,METRO BUS
145.0547,-37.74283,METRO BUS
145.04151,-37.74921,METRO BUS
144.6548,-37.8893,METRO BUS
144.66104,-37.88998,METRO BUS
144.6619,-37.88649,METRO BUS
144.65855,-37.88682,METRO BUS
144.65546,-37.88645,METRO BUS
144.65514,-37.88445,METRO BUS
144.65636,-37.8826,METRO BUS
144.65657,-37.88039,METRO BUS
144.66038,-37.8798,METRO BUS
144.66225,-37.88096,METRO BUS
145.04217,-37.74559,METRO BUS
144.66481,-37.87968,METRO BUS
144.66679,-37.88106,METRO BUS
145.01767,-37.66601,METRO BUS
144.76897,-37.75925,METRO BUS
144.77069,-37.75941,METRO BUS
145.0064,-37.95211,METRO BUS
145.00842,-37.95288,METRO BUS
145.00992,-37.95457,METRO BUS
145.01141,-37.95678,METRO BUS
145.01208,-37.9582,METRO BUS
145.01472,-37.95855,METRO BUS
145.01747,-37.95892,METRO BUS
145.01934,-37.95988,METRO BUS
145.01881,-37.96249,METRO BUS
145.01839,-37.96465,METRO BUS
145.01771,-37.96717,METRO BUS
145.01734,-37.96916,METRO BUS
145.01668,-37.97264,METRO BUS
145.01642,-37.97404,METRO BUS
144.9077,-37.86452,METRO BUS
144.90447,-37.86668,METRO BUS
144.90242,-37.86814,METRO BUS
144.90001,-37.86734,METRO BUS
144.89504,-37.86574,METRO BUS
144.89293,-37.86502,METRO BUS
145.1207,-37.71768,METRO BUS
144.88824,-37.86522,METRO BUS
144.888,-37.86767,METRO BUS
144.8748,-37.72112,METRO BUS
144.87632,-37.72129,METRO BUS
144.8793,-37.722,METRO BUS
144.88147,-37.72272,METRO BUS
144.88162,-37.72435,METRO BUS
144.88216,-37.7263,METRO BUS
144.88392,-37.72649,METRO BUS
145.11613,-37.71896,METRO BUS
144.88375,-37.73071,METRO BUS
144.88667,-37.73369,METRO BUS
144.92152,-37.76188,METRO BUS
144.92032,-37.75995,METRO BUS
144.91879,-37.75748,METRO BUS
144.72656,-37.63487,METRO BUS
144.9025,-37.74147,METRO BUS
144.89271,-37.73756,METRO BUS
144.88913,-37.73501,METRO BUS
145.11409,-37.71763,METRO BUS
144.89002,-37.72972,METRO BUS
144.89051,-37.72675,METRO BUS
144.89098,-37.72389,METRO BUS
144.88741,-37.70943,METRO BUS
144.88444,-37.70841,METRO BUS
144.87867,-37.70709,METRO BUS
144.87907,-37.70521,METRO BUS
144.87938,-37.70338,METRO BUS
145.11478,-37.71327,METRO BUS
144.87984,-37.70082,METRO BUS
144.88042,-37.69821,METRO BUS
144.88078,-37.69606,METRO BUS
144.88111,-37.69411,METRO BUS
144.88399,-37.68892,METRO BUS
144.88588,-37.68943,METRO BUS
144.88972,-37.69197,METRO BUS
144.89209,-37.69144,METRO BUS
144.89566,-37.69219,METRO BUS
145.10978,-37.70671,METRO BUS
144.89651,-37.69139,METRO BUS
144.89864,-37.6872,METRO BUS
144.89748,-37.68508,METRO BUS
144.89376,-37.68345,METRO BUS
144.88884,-37.68311,METRO BUS
144.88732,-37.68486,METRO BUS
144.88382,-37.68459,METRO BUS
144.88376,-37.67968,METRO BUS
144.88723,-37.67653,METRO BUS
144.89276,-37.67677,METRO BUS
145.02709,-37.76846,METRO BUS
144.89584,-37.67715,METRO BUS
144.89914,-37.67692,METRO BUS
144.90002,-37.67548,METRO BUS
144.90106,-37.67183,METRO BUS
144.90156,-37.67007,METRO BUS
144.90428,-37.67054,METRO BUS
144.90617,-37.6697,METRO BUS
144.9095,-37.66961,METRO BUS
144.90929,-37.67221,METRO BUS
145.05747,-37.74316,METRO BUS
144.71434,-37.62221,METRO BUS
144.91383,-37.68062,METRO BUS
144.70943,-37.61987,METRO BUS
144.72218,-37.58453,METRO BUS
144.72421,-37.58169,METRO BUS
144.72373,-37.5803,METRO BUS
144.7193,-37.57677,METRO BUS
144.71228,-37.5753,METRO BUS
144.70991,-37.57912,METRO BUS
144.70873,-37.5816,METRO BUS
144.71033,-37.58257,METRO BUS
144.71195,-37.58182,METRO BUS
144.71503,-37.58093,METRO BUS
144.71441,-37.58427,METRO BUS
144.7122,-37.58511,METRO BUS
144.709,-37.58482,METRO BUS
144.70294,-37.58415,METRO BUS
144.88602,-37.77249,METRO BUS
144.88393,-37.76944,METRO BUS
144.87782,-37.76902,METRO BUS
144.86399,-37.77054,METRO BUS
144.85938,-37.77001,METRO BUS
144.85714,-37.76936,METRO BUS
144.8576,-37.76687,METRO BUS
145.23272,-37.79817,METRO BUS
144.85828,-37.76418,METRO BUS
144.85967,-37.76223,METRO BUS
144.85808,-37.76113,METRO BUS
144.85699,-37.75851,METRO BUS
144.85611,-37.75646,METRO BUS
144.85622,-37.75521,METRO BUS
144.85614,-37.7542,METRO BUS
144.85562,-37.75103,METRO BUS
144.86071,-37.75059,METRO BUS
145.22987,-37.79711,METRO BUS
144.86023,-37.74963,METRO BUS
144.67181,-37.87281,METRO BUS
144.95734,-37.67846,METRO BUS
144.95247,-37.66711,METRO BUS
144.95507,-37.67022,METRO BUS
145.22619,-37.79586,METRO BUS
144.95569,-37.6742,METRO BUS
144.95779,-37.6886,METRO BUS
144.95868,-37.69383,METRO BUS
144.95964,-37.6999,METRO BUS
144.95894,-37.69672,METRO BUS
144.96027,-37.7036,METRO BUS
144.96081,-37.70671,METRO BUS
144.9612,-37.70904,METRO BUS
144.96197,-37.71399,METRO BUS
145.05049,-37.79175,METRO BUS
144.88487,-37.70549,METRO BUS
144.87919,-37.69805,METRO BUS
144.87706,-37.69572,METRO BUS
144.87243,-37.69098,METRO BUS
144.73254,-37.57765,METRO BUS
144.74897,-37.58679,METRO BUS
144.80567,-37.63789,METRO BUS
144.81551,-37.64077,METRO BUS
144.83502,-37.64465,METRO BUS
144.87012,-37.68864,METRO BUS
145.07786,-37.78456,METRO BUS
144.87414,-37.69262,METRO BUS
145.70267,-37.75273,METRO BUS
145.697,-37.75332,METRO BUS
145.68921,-37.75372,METRO BUS
145.68278,-37.75506,METRO BUS
145.67971,-37.75548,METRO BUS
145.6676,-37.75476,METRO BUS
145.65715,-37.75322,METRO BUS
145.65388,-37.7545,METRO BUS
145.05742,-37.74304,METRO BUS
145.23203,-37.79154,METRO BUS
145.64541,-37.76417,METRO BUS
145.64572,-37.76754,METRO BUS
145.64617,-37.77314,METRO BUS
145.64393,-37.77497,METRO BUS
145.64048,-37.77772,METRO BUS
145.63669,-37.78077,METRO BUS
145.62595,-37.78374,METRO BUS
145.61471,-37.78173,METRO BUS
145.61128,-37.78184,METRO BUS
145.60938,-37.78149,METRO BUS
145.23474,-37.79868,METRO BUS
145.60658,-37.78022,METRO BUS
145.60314,-37.777,METRO BUS
145.5873,-37.77578,METRO BUS
145.5759,-37.77622,METRO BUS
145.57292,-37.77779,METRO BUS
145.56885,-37.7799,METRO BUS
145.56525,-37.78136,METRO BUS
145.55918,-37.78626,METRO BUS
145.55075,-37.78822,METRO BUS
145.54691,-37.7868,METRO BUS
145.23542,-37.79296,METRO BUS
145.54135,-37.78264,METRO BUS
145.53866,-37.78096,METRO BUS
145.5297,-37.77978,METRO BUS
145.52361,-37.77713,METRO BUS
145.5199,-37.77539,METRO BUS
144.91676,-37.8005,METRO BUS
145.48628,-37.77605,METRO BUS
145.46532,-37.77438,METRO BUS
145.46008,-37.77762,METRO BUS
145.4551,-37.77964,METRO BUS
145.23597,-37.78986,METRO BUS
145.44548,-37.77949,METRO BUS
145.43072,-37.78134,METRO BUS
145.42745,-37.7795,METRO BUS
145.4259,-37.77774,METRO BUS
145.41962,-37.77574,METRO BUS
145.41532,-37.77398,METRO BUS
145.41407,-37.77159,METRO BUS
145.40864,-37.76914,METRO BUS
145.40363,-37.76663,METRO BUS
145.39988,-37.76288,METRO BUS
145.23578,-37.78735,METRO BUS
145.39086,-37.75895,METRO BUS
145.38057,-37.7542,METRO BUS
145.37576,-37.7515,METRO BUS
145.34057,-37.75774,METRO BUS
145.33333,-37.76123,METRO BUS
145.32743,-37.76031,METRO BUS
145.31999,-37.7592,METRO BUS
144.9206,-37.79827,METRO BUS
145.23394,-37.78637,METRO BUS
144.92419,-37.79621,METRO BUS
144.92598,-37.79521,METRO BUS
144.92952,-37.79442,METRO BUS
144.9338,-37.79493,METRO BUS
144.93629,-37.7952,METRO BUS
144.93924,-37.79551,METRO BUS
144.9413,-37.79582,METRO BUS
144.94459,-37.79837,METRO BUS
144.94679,-37.79861,METRO BUS
144.94921,-37.79888,METRO BUS
145.22974,-37.78404,METRO BUS
144.9501,-37.7999,METRO BUS
144.95342,-37.80105,METRO BUS
144.96453,-37.80057,METRO BUS
144.96651,-37.80077,METRO BUS
144.96938,-37.80109,METRO BUS
144.70945,-37.56236,METRO BUS
144.70538,-37.56381,METRO BUS
145.04372,-37.73888,METRO BUS
144.70748,-37.55912,METRO BUS
144.71428,-37.56637,METRO BUS
144.72021,-37.5684,METRO BUS
144.72333,-37.57199,METRO BUS
144.99528,-37.6676,METRO BUS
145.22748,-37.78313,METRO BUS
144.7284,-37.5862,METRO BUS
144.72981,-37.58483,METRO BUS
144.73466,-37.58329,METRO BUS
144.73839,-37.58213,METRO BUS
144.95997,-37.72063,METRO BUS
144.75538,-37.58211,METRO BUS
145.04543,-37.73414,METRO BUS
144.75257,-37.58139,METRO BUS
144.92427,-37.69986,METRO BUS
144.92464,-37.69805,METRO BUS
144.92527,-37.69678,METRO BUS
144.92868,-37.6972,METRO BUS
144.93262,-37.69766,METRO BUS
144.93466,-37.6979,METRO BUS
144.93824,-37.69728,METRO BUS
144.94072,-37.69814,METRO BUS
144.94272,-37.69928,METRO BUS
145.04781,-37.74271,METRO BUS
145.22515,-37.78173,METRO BUS
144.94527,-37.70077,METRO BUS
144.93738,-37.69867,METRO BUS
144.93903,-37.70104,METRO BUS
144.94183,-37.70211,METRO BUS
144.94526,-37.70281,METRO BUS
144.94739,-37.70305,METRO BUS
144.95048,-37.70344,METRO BUS
144.83043,-37.71725,METRO BUS
144.83453,-37.71923,METRO BUS
144.83699,-37.72052,METRO BUS
145.05283,-37.79202,METRO BUS
145.69592,-37.75299,METRO BUS
145.68988,-37.75344,METRO BUS
145.68411,-37.75473,METRO BUS
145.68005,-37.75522,METRO BUS
145.66828,-37.75455,METRO BUS
145.65678,-37.75309,METRO BUS
145.65467,-37.75381,METRO BUS
145.65279,-37.7552,METRO BUS
145.64528,-37.76411,METRO BUS
145.64548,-37.76743,METRO BUS
145.22351,-37.78089,METRO BUS
145.64637,-37.77193,METRO BUS
145.64365,-37.77497,METRO BUS
145.64029,-37.77772,METRO BUS
145.63765,-37.77977,METRO BUS
145.62577,-37.78353,METRO BUS
145.62074,-37.78135,METRO BUS
145.6151,-37.78162,METRO BUS
145.61239,-37.78149,METRO BUS
145.60921,-37.7814,METRO BUS
145.60661,-37.77983,METRO BUS
145.18395,-37.89049,METRO BUS
145.60428,-37.77728,METRO BUS
145.59098,-37.77578,METRO BUS
145.58555,-37.77556,METRO BUS
145.57755,-37.77628,METRO BUS
145.57319,-37.77697,METRO BUS
145.57008,-37.77937,METRO BUS
145.56558,-37.78111,METRO BUS
145.55822,-37.78666,METRO BUS
145.55134,-37.78789,METRO BUS
145.54762,-37.78708,METRO BUS
145.21988,-37.7794,METRO BUS
145.53897,-37.78081,METRO BUS
145.52964,-37.77959,METRO BUS
145.52387,-37.77705,METRO BUS
145.5202,-37.77516,METRO BUS
145.49306,-37.77538,METRO BUS
145.48629,-37.77589,METRO BUS
145.46515,-37.77425,METRO BUS
145.45867,-37.77798,METRO BUS
145.45513,-37.77946,METRO BUS
145.45043,-37.77972,METRO BUS
145.44012,-37.77909,METRO BUS
145.43089,-37.7812,METRO BUS
145.42834,-37.78023,METRO BUS
145.42595,-37.77759,METRO BUS
145.42062,-37.77572,METRO BUS
145.41574,-37.77388,METRO BUS
145.412,-37.76885,METRO BUS
145.40412,-37.76677,METRO BUS
145.40047,-37.76339,METRO BUS
145.39144,-37.759,METRO BUS
145.3833,-37.75498,METRO BUS
145.37498,-37.75069,METRO BUS
144.95706,-37.71854,METRO BUS
145.34185,-37.7566,METRO BUS
145.33493,-37.76103,METRO BUS
145.32771,-37.76011,METRO BUS
145.32124,-37.75888,METRO BUS
144.95437,-37.7183,METRO BUS
145.04249,-37.74383,METRO BUS
144.91669,-37.80038,METRO BUS
144.92041,-37.79813,METRO BUS
144.77455,-37.69374,METRO BUS
144.92365,-37.79637,METRO BUS
144.92636,-37.79482,METRO BUS
144.92996,-37.79436,METRO BUS
144.93386,-37.79481,METRO BUS
145.0428,-37.74223,METRO BUS
144.93654,-37.79509,METRO BUS
144.94099,-37.79561,METRO BUS
144.94406,-37.7978,METRO BUS
144.94592,-37.79829,METRO BUS
144.94846,-37.7986,METRO BUS
144.9508,-37.7993,METRO BUS
144.9533,-37.80094,METRO BUS
144.96511,-37.80047,METRO BUS
145.04318,-37.73999,METRO BUS
144.96655,-37.80061,METRO BUS
144.71056,-37.56004,METRO BUS
144.70843,-37.56462,METRO BUS
144.70517,-37.56031,METRO BUS
144.71097,-37.56007,METRO BUS
144.95759,-37.72346,METRO BUS
144.71606,-37.56548,METRO BUS
144.71438,-37.56642,METRO BUS
145.04757,-37.74429,METRO BUS
145.07839,-37.78275,METRO BUS
144.72028,-37.5682,METRO BUS
144.72399,-37.57246,METRO BUS
144.72632,-37.58547,METRO BUS
144.79661,-37.79385,METRO BUS
145.04456,-37.73662,METRO BUS
144.73838,-37.58191,METRO BUS
144.75123,-37.57833,METRO BUS
144.75737,-37.5814,METRO BUS
144.75073,-37.58235,METRO BUS
144.92398,-37.70061,METRO BUS
144.92454,-37.69801,METRO BUS
144.92552,-37.69674,METRO BUS
144.92845,-37.69706,METRO BUS
144.93241,-37.69753,METRO BUS
144.93465,-37.69781,METRO BUS
144.93825,-37.6972,METRO BUS
144.94078,-37.69806,METRO BUS
144.94248,-37.69906,METRO BUS
144.94542,-37.70075,METRO BUS
144.93746,-37.69873,METRO BUS
144.93906,-37.70094,METRO BUS
144.94156,-37.70185,METRO BUS
144.94574,-37.70279,METRO BUS
145.04875,-37.73449,METRO BUS
144.94812,-37.70306,METRO BUS
144.95051,-37.70335,METRO BUS
144.9164,-37.83677,METRO BUS
144.91609,-37.83658,METRO BUS
144.91551,-37.83862,METRO BUS
144.91515,-37.83819,METRO BUS
144.91677,-37.83948,METRO BUS
144.92037,-37.8389,METRO BUS
144.92023,-37.83916,METRO BUS
145.05629,-37.79241,METRO BUS
144.92368,-37.83901,METRO BUS
144.92365,-37.83924,METRO BUS
144.93272,-37.84021,METRO BUS
144.93356,-37.84051,METRO BUS
144.94979,-37.83624,METRO BUS
145.05031,-37.7284,METRO BUS
144.89341,-37.65788,METRO BUS
144.8897,-37.65678,METRO BUS
144.88806,-37.65415,METRO BUS
144.88949,-37.65099,METRO BUS
144.88787,-37.67314,METRO BUS
144.88829,-37.67566,METRO BUS
145.0513,-37.7262,METRO BUS
144.89898,-37.67809,METRO BUS
144.89947,-37.67995,METRO BUS
145.07098,-37.6697,METRO BUS
145.07161,-37.66555,METRO BUS
145.07223,-37.663,METRO BUS
145.07591,-37.65816,METRO BUS
145.08892,-37.65039,METRO BUS
145.19027,-37.90008,METRO BUS
145.09609,-37.64218,METRO BUS
145.09546,-37.63689,METRO BUS
145.09604,-37.63178,METRO BUS
145.09604,-37.6224,METRO BUS
145.09266,-37.61844,METRO BUS
145.09258,-37.61368,METRO BUS
145.18974,-37.90305,METRO BUS
145.09667,-37.60065,METRO BUS
145.04653,-37.72096,METRO BUS
145.10219,-37.59787,METRO BUS
145.10295,-37.59343,METRO BUS
145.10349,-37.58869,METRO BUS
145.10364,-37.58087,METRO BUS
145.10665,-37.5683,METRO BUS
145.10961,-37.5571,METRO BUS
145.10924,-37.55258,METRO BUS
145.21821,-37.77913,METRO BUS
145.11111,-37.5368,METRO BUS
145.11238,-37.52972,METRO BUS
145.11302,-37.52148,METRO BUS
145.11434,-37.51552,METRO BUS
145.11771,-37.512,METRO BUS
145.13111,-37.51074,METRO BUS
145.13333,-37.51018,METRO BUS
145.14395,-37.50085,METRO BUS
145.04738,-37.74428,METRO BUS
145.15551,-38.12423,METRO BUS
145.1569,-37.49449,METRO BUS
145.17491,-37.49715,METRO BUS
144.91915,-37.72136,METRO BUS
144.9173,-37.72113,METRO BUS
144.91457,-37.72031,METRO BUS
144.91261,-37.7185,METRO BUS
144.91063,-37.71693,METRO BUS
144.91138,-37.7159,METRO BUS
144.91132,-37.71465,METRO BUS
145.15365,-38.12312,METRO BUS
145.07798,-37.65758,METRO BUS
144.99514,-37.66764,METRO BUS
145.09593,-37.6443,METRO BUS
145.09617,-37.64027,METRO BUS
145.0957,-37.63682,METRO BUS
145.09628,-37.63272,METRO BUS
145.09702,-37.62353,METRO BUS
145.09301,-37.6183,METRO BUS
145.09266,-37.61607,METRO BUS
145.09451,-37.60956,METRO BUS
145.14751,-38.12383,METRO BUS
145.1039,-37.58079,METRO BUS
145.10685,-37.5686,METRO BUS
145.10972,-37.55842,METRO BUS
145.10941,-37.55261,METRO BUS
145.1114,-37.53658,METRO BUS
145.11269,-37.52935,METRO BUS
145.11315,-37.52179,METRO BUS
145.11481,-37.51456,METRO BUS
145.11808,-37.51246,METRO BUS
145.14565,-38.12364,METRO BUS
145.1172,-37.51443,METRO BUS
145.1203,-37.51123,METRO BUS
145.12594,-37.51078,METRO BUS
145.1307,-37.51088,METRO BUS
145.13372,-37.51014,METRO BUS
145.14407,-37.50101,METRO BUS
145.1561,-37.49434,METRO BUS
144.9191,-37.72141,METRO BUS
145.1429,-38.12264,METRO BUS
144.91725,-37.72119,METRO BUS
144.91483,-37.72061,METRO BUS
144.91296,-37.71904,METRO BUS
144.91055,-37.71702,METRO BUS
144.91127,-37.71577,METRO BUS
144.9127,-37.71473,METRO BUS
144.91234,-37.71307,METRO BUS
144.911,-37.71206,METRO BUS
144.91175,-37.7065,METRO BUS
144.90999,-37.70398,METRO BUS
144.90853,-37.70226,METRO BUS
144.90952,-37.70049,METRO BUS
144.9101,-37.6987,METRO BUS
144.91023,-37.69642,METRO BUS
145.13918,-38.12517,METRO BUS
145.01772,-37.97619,METRO BUS
145.01863,-37.97827,METRO BUS
145.02046,-37.98057,METRO BUS
145.02508,-37.98104,METRO BUS
145.13657,-38.12694,METRO BUS
145.02895,-37.98207,METRO BUS
145.02847,-37.98472,METRO BUS
145.02894,-37.98638,METRO BUS
145.03267,-37.98712,METRO BUS
145.03274,-37.99056,METRO BUS
145.03604,-37.99126,METRO BUS
145.04034,-37.99142,METRO BUS
145.04148,-37.98957,METRO BUS
145.04321,-37.98806,METRO BUS
145.04361,-37.98591,METRO BUS
145.13114,-38.131,METRO BUS
145.04414,-37.98322,METRO BUS
145.04485,-37.9794,METRO BUS
145.0477,-37.97924,METRO BUS
145.05028,-37.97957,METRO BUS
145.04126,-37.99115,METRO BUS
145.04638,-37.98892,METRO BUS
145.04875,-37.9878,METRO BUS
145.05201,-37.98546,METRO BUS
145.05256,-37.98269,METRO BUS
145.04773,-37.74644,METRO BUS
145.1302,-38.13318,METRO BUS
144.99617,-37.69979,METRO BUS
145.21736,-37.73907,METRO BUS
145.22246,-37.73506,METRO BUS
145.22457,-37.73354,METRO BUS
145.22936,-37.72987,METRO BUS
145.22705,-37.72313,METRO BUS
145.22453,-37.72016,METRO BUS
145.12886,-38.13624,METRO BUS
145.22572,-37.71726,METRO BUS
145.22298,-37.71377,METRO BUS
145.22245,-37.70925,METRO BUS
145.22495,-37.70697,METRO BUS
145.22439,-37.69832,METRO BUS
145.17987,-37.70375,METRO BUS
145.17588,-37.7032,METRO BUS
145.1661,-37.70281,METRO BUS
145.16077,-37.7038,METRO BUS
145.15623,-37.70422,METRO BUS
144.99207,-37.69688,METRO BUS
144.9909,-37.69374,METRO BUS
145.21774,-37.73495,METRO BUS
145.21979,-37.73073,METRO BUS
144.9596,-37.69493,METRO BUS
144.9636,-37.69529,METRO BUS
144.87407,-37.71969,METRO BUS
144.87272,-37.72083,METRO BUS
144.8746,-37.72116,METRO BUS
144.87638,-37.72137,METRO BUS
144.8792,-37.72193,METRO BUS
144.74497,-37.69183,METRO BUS
144.74776,-37.6922,METRO BUS
144.91961,-37.67625,METRO BUS
144.92555,-37.67555,METRO BUS
144.92749,-37.6758,METRO BUS
144.96326,-37.67879,METRO BUS
144.96538,-37.67903,METRO BUS
144.96785,-37.67938,METRO BUS
144.96873,-37.67789,METRO BUS
144.96856,-37.6761,METRO BUS
145.04221,-37.76775,METRO BUS
145.03898,-37.76742,METRO BUS
145.0362,-37.76713,METRO BUS
145.00887,-37.76411,METRO BUS
145.00921,-37.76205,METRO BUS
144.93753,-37.59454,METRO BUS
144.93779,-37.59675,METRO BUS
144.93942,-37.60437,METRO BUS
145.15274,-38.12072,METRO BUS
144.93709,-37.60548,METRO BUS
144.93613,-37.60722,METRO BUS
144.93624,-37.60999,METRO BUS
144.93451,-37.61117,METRO BUS
144.93287,-37.61071,METRO BUS
144.9303,-37.60972,METRO BUS
145.15558,-38.11879,METRO BUS
145.35321,-37.75746,METRO BUS
145.36193,-37.75513,METRO BUS
145.36363,-37.75405,METRO BUS
145.37138,-37.75053,METRO BUS
145.37766,-37.72866,METRO BUS
145.37845,-37.72464,METRO BUS
145.4206,-37.69752,METRO BUS
145.51137,-37.66989,METRO BUS
145.51273,-37.66589,METRO BUS
145.15822,-38.11791,METRO BUS
145.51298,-37.66229,METRO BUS
145.52193,-37.65153,METRO BUS
145.43277,-37.65437,METRO BUS
145.14466,-37.84719,METRO BUS
145.14302,-37.84747,METRO BUS
145.14261,-37.84963,METRO BUS
145.04773,-37.74652,METRO BUS
145.15783,-38.1162,METRO BUS
144.88394,-37.77542,METRO BUS
144.83245,-37.78237,METRO BUS
144.83596,-37.78155,METRO BUS
144.83811,-37.78178,METRO BUS
144.84146,-37.78217,METRO BUS
144.84216,-37.78066,METRO BUS
144.84243,-37.77905,METRO BUS
144.84048,-37.7779,METRO BUS
144.84109,-37.77448,METRO BUS
144.82979,-37.77097,METRO BUS
144.83033,-37.76807,METRO BUS
144.8308,-37.76551,METRO BUS
144.82975,-37.76256,METRO BUS
144.82808,-37.76233,METRO BUS
144.82497,-37.76193,METRO BUS
144.82315,-37.76174,METRO BUS
144.81582,-37.76088,METRO BUS
145.1592,-38.11296,METRO BUS
144.8146,-37.76076,METRO BUS
144.81093,-37.75809,METRO BUS
144.80659,-37.74509,METRO BUS
144.89737,-37.80443,METRO BUS
144.89991,-37.80677,METRO BUS
144.87284,-37.7208,METRO BUS
145.21697,-37.72922,METRO BUS
145.21109,-37.72586,METRO BUS
145.20802,-37.72399,METRO BUS
145.20697,-37.71965,METRO BUS
145.16239,-38.11336,METRO BUS
145.20539,-37.71593,METRO BUS
145.20442,-37.71318,METRO BUS
145.20425,-37.71132,METRO BUS
145.20065,-37.70824,METRO BUS
145.1945,-37.70784,METRO BUS
145.19154,-37.71095,METRO BUS
145.18778,-37.70982,METRO BUS
145.18696,-37.70857,METRO BUS
145.18498,-37.70694,METRO BUS
145.25715,-37.97928,METRO BUS
144.92625,-37.77067,METRO BUS
144.92815,-37.77258,METRO BUS
144.93084,-37.77287,METRO BUS
144.9331,-37.77313,METRO BUS
144.93996,-37.77455,METRO BUS
144.94304,-37.77493,METRO BUS
144.94509,-37.77517,METRO BUS
144.94846,-37.77557,METRO BUS
144.95048,-37.77585,METRO BUS
145.17277,-38.11201,METRO BUS
144.95251,-37.7761,METRO BUS
144.95514,-37.77638,METRO BUS
144.95704,-37.77663,METRO BUS
144.96093,-37.7771,METRO BUS
144.96655,-37.77777,METRO BUS
144.97116,-37.77822,METRO BUS
144.97473,-37.77963,METRO BUS
144.97301,-37.78464,METRO BUS
144.97474,-37.78482,METRO BUS
144.97699,-37.78509,METRO BUS
145.17503,-38.11124,METRO BUS
144.97957,-37.78536,METRO BUS
144.98125,-37.78553,METRO BUS
144.98434,-37.7833,METRO BUS
144.98814,-37.78414,METRO BUS
144.98963,-37.78651,METRO BUS
144.99076,-37.78821,METRO BUS
145.17887,-38.10946,METRO BUS
144.9812,-37.87101,METRO BUS
144.98273,-37.8735,METRO BUS
144.98317,-37.87934,METRO BUS
144.98273,-37.88201,METRO BUS
144.98476,-37.8836,METRO BUS
144.9862,-37.88445,METRO BUS
144.98942,-37.88645,METRO BUS
145.05121,-37.74717,METRO BUS
145.17993,-38.10806,METRO BUS
144.99097,-37.88738,METRO BUS
144.99088,-37.89114,METRO BUS
144.9904,-37.8936,METRO BUS
145.15154,-37.70607,METRO BUS
144.9897,-37.89727,METRO BUS
144.98931,-37.89939,METRO BUS
144.98885,-37.90184,METRO BUS
144.98977,-37.90391,METRO BUS
144.99222,-37.90421,METRO BUS
144.99269,-37.90715,METRO BUS
145.25534,-37.98331,METRO BUS
145.15436,-37.70382,METRO BUS
144.99203,-37.91502,METRO BUS
144.99389,-37.92203,METRO BUS
144.99461,-37.92566,METRO BUS
144.99335,-37.92813,METRO BUS
145.16101,-37.70355,METRO BUS
145.25623,-37.98613,METRO BUS
144.99306,-37.93172,METRO BUS
144.99597,-37.93498,METRO BUS
144.9997,-37.93976,METRO BUS
145.16621,-37.70273,METRO BUS
145.16883,-37.70238,METRO BUS
145.1764,-37.70322,METRO BUS
145.00647,-37.95199,METRO BUS
145.00859,-37.95294,METRO BUS
145.00976,-37.95419,METRO BUS
145.01117,-37.95578,METRO BUS
145.01208,-37.95812,METRO BUS
145.01477,-37.95848,METRO BUS
145.01825,-37.95893,METRO BUS
145.01941,-37.96034,METRO BUS
145.01894,-37.96251,METRO BUS
145.01793,-37.96725,METRO BUS
145.0174,-37.96984,METRO BUS
145.01661,-37.97362,METRO BUS
145.01783,-37.9762,METRO BUS
145.01888,-37.97852,METRO BUS
145.02007,-37.98041,METRO BUS
145.02497,-37.98095,METRO BUS
145.02865,-37.9815,METRO BUS
145.0286,-37.98472,METRO BUS
145.02836,-37.98595,METRO BUS
145.03254,-37.98669,METRO BUS
145.03264,-37.98787,METRO BUS
145.03282,-37.99044,METRO BUS
144.55121,-37.69285,METRO BUS
144.91266,-37.71303,METRO BUS
144.91118,-37.71214,METRO BUS
144.91472,-37.70478,METRO BUS
144.91195,-37.70607,METRO BUS
145.25656,-37.98763,METRO BUS
144.91008,-37.70389,METRO BUS
144.9086,-37.70251,METRO BUS
144.90973,-37.70028,METRO BUS
144.91019,-37.69857,METRO BUS
144.91031,-37.69663,METRO BUS
144.91223,-37.69632,METRO BUS
144.91415,-37.69295,METRO BUS
144.91425,-37.69127,METRO BUS
144.91186,-37.69087,METRO BUS
145.25857,-37.98784,METRO BUS
144.91012,-37.69034,METRO BUS
144.91103,-37.68937,METRO BUS
144.91335,-37.68736,METRO BUS
144.91547,-37.68773,METRO BUS
145.26117,-37.98759,METRO BUS
144.92051,-37.67299,METRO BUS
144.92158,-37.67026,METRO BUS
144.92033,-37.66339,METRO BUS
144.91707,-37.66305,METRO BUS
144.91234,-37.6963,METRO BUS
144.91406,-37.69293,METRO BUS
145.26402,-37.98746,METRO BUS
144.91417,-37.69123,METRO BUS
144.91184,-37.69094,METRO BUS
144.91021,-37.69016,METRO BUS
144.91098,-37.68919,METRO BUS
144.91389,-37.68739,METRO BUS
144.91548,-37.68769,METRO BUS
145.05132,-37.7472,METRO BUS
145.26589,-37.98496,METRO BUS
144.92033,-37.67306,METRO BUS
144.92148,-37.67019,METRO BUS
144.92013,-37.66342,METRO BUS
144.91699,-37.6632,METRO BUS
144.91462,-37.66247,METRO BUS
144.91443,-37.6607,METRO BUS
145.26736,-37.98166,METRO BUS
144.91469,-37.65868,METRO BUS
144.91589,-37.65668,METRO BUS
144.91857,-37.65455,METRO BUS
144.92075,-37.65365,METRO BUS
144.92206,-37.64769,METRO BUS
144.92437,-37.64549,METRO BUS
144.9268,-37.64432,METRO BUS
144.88345,-37.81578,METRO BUS
144.88179,-37.82013,METRO BUS
145.26898,-37.97941,METRO BUS
144.87931,-37.8199,METRO BUS
144.87515,-37.81183,METRO BUS
144.87785,-37.81218,METRO BUS
144.8804,-37.81279,METRO BUS
145.27031,-37.97747,METRO BUS
144.87975,-37.81602,METRO BUS
144.88739,-37.81699,METRO BUS
144.88709,-37.81852,METRO BUS
145.09168,-37.88058,METRO BUS
145.07764,-37.89015,METRO BUS
145.07741,-37.89142,METRO BUS
145.07688,-37.89451,METRO BUS
145.07636,-37.89687,METRO BUS
145.07602,-37.89878,METRO BUS
145.07545,-37.90194,METRO BUS
145.07482,-37.90533,METRO BUS
145.07433,-37.90765,METRO BUS
145.07611,-37.90891,METRO BUS
145.07574,-37.9107,METRO BUS
145.07516,-37.91377,METRO BUS
145.07456,-37.91669,METRO BUS
145.0743,-37.91804,METRO BUS
145.07388,-37.92022,METRO BUS
145.07342,-37.92265,METRO BUS
145.27094,-37.97555,METRO BUS
145.0712,-37.92486,METRO BUS
145.07078,-37.92706,METRO BUS
145.06987,-37.92863,METRO BUS
145.06699,-37.92827,METRO BUS
145.06572,-37.92954,METRO BUS
145.06317,-37.93005,METRO BUS
145.06237,-37.93193,METRO BUS
145.06208,-37.9334,METRO BUS
145.06156,-37.93593,METRO BUS
145.06086,-37.93903,METRO BUS
145.0603,-37.94163,METRO BUS
145.05973,-37.94445,METRO BUS
145.05931,-37.94654,METRO BUS
145.0398,-37.93356,METRO BUS
145.0225,-37.65403,METRO BUS
144.99228,-37.89406,METRO BUS
144.99262,-37.89214,METRO BUS
144.99185,-37.88792,METRO BUS
145.09135,-37.90536,METRO BUS
145.09097,-37.90745,METRO BUS
145.24315,-37.97643,METRO BUS
145.08865,-37.91525,METRO BUS
145.08822,-37.91754,METRO BUS
145.08792,-37.91915,METRO BUS
145.0877,-37.92126,METRO BUS
145.08726,-37.92343,METRO BUS
145.08966,-37.92485,METRO BUS
145.09174,-37.9251,METRO BUS
145.094,-37.92538,METRO BUS
145.09776,-37.92586,METRO BUS
145.0997,-37.9261,METRO BUS
145.24412,-37.9783,METRO BUS
145.10242,-37.92644,METRO BUS
145.10427,-37.92667,METRO BUS
145.1063,-37.92691,METRO BUS
145.1082,-37.92715,METRO BUS
145.11243,-37.92767,METRO BUS
145.11543,-37.92804,METRO BUS
145.11838,-37.9284,METRO BUS
145.1195,-37.92566,METRO BUS
145.12047,-37.92085,METRO BUS
145.2454,-37.97997,METRO BUS
145.12091,-37.91861,METRO BUS
145.12126,-37.91684,METRO BUS
145.12246,-37.91029,METRO BUS
145.12269,-37.90893,METRO BUS
145.12285,-37.90792,METRO BUS
145.1232,-37.90633,METRO BUS
145.24735,-37.98077,METRO BUS
145.48193,-37.65478,METRO BUS
145.49083,-37.65305,METRO BUS
145.49354,-37.65117,METRO BUS
145.49744,-37.64992,METRO BUS
145.51054,-37.65595,METRO BUS
145.5267,-37.64879,METRO BUS
145.25038,-37.98082,METRO BUS
145.54207,-37.64842,METRO BUS
145.52852,-37.65715,METRO BUS
145.54161,-37.68615,METRO BUS
145.5352,-37.68349,METRO BUS
145.53129,-37.68161,METRO BUS
145.12322,-37.82163,METRO BUS
145.12284,-37.82371,METRO BUS
145.25406,-37.97972,METRO BUS
145.12254,-37.82532,METRO BUS
145.12218,-37.82732,METRO BUS
145.12185,-37.82906,METRO BUS
145.12135,-37.83165,METRO BUS
145.12094,-37.83406,METRO BUS
145.12073,-37.83528,METRO BUS
145.12044,-37.83681,METRO BUS
145.1207,-37.83889,METRO BUS
145.12161,-37.84167,METRO BUS
145.12129,-37.8434,METRO BUS
145.25893,-37.97339,METRO BUS
145.12088,-37.84571,METRO BUS
145.1204,-37.8487,METRO BUS
145.12012,-37.85032,METRO BUS
145.12377,-37.85089,METRO BUS
145.12567,-37.85111,METRO BUS
145.12868,-37.85146,METRO BUS
145.13307,-37.85187,METRO BUS
145.13784,-37.85138,METRO BUS
145.13954,-37.85107,METRO BUS
145.14239,-37.85121,METRO BUS
145.26151,-37.97273,METRO BUS
145.14427,-37.85146,METRO BUS
145.1468,-37.85178,METRO BUS
145.14954,-37.85212,METRO BUS
145.15268,-37.85252,METRO BUS
145.15619,-37.85303,METRO BUS
145.15962,-37.85354,METRO BUS
145.1637,-37.85402,METRO BUS
145.17098,-37.85485,METRO BUS
145.17638,-37.85554,METRO BUS
145.18274,-37.8565,METRO BUS
145.18872,-37.85716,METRO BUS
145.19182,-37.85772,METRO BUS
145.19698,-37.85837,METRO BUS
145.20818,-37.85994,METRO BUS
145.215,-37.86218,METRO BUS
145.22212,-37.86454,METRO BUS
145.22573,-37.8657,METRO BUS
145.23047,-37.86721,METRO BUS
145.23288,-37.86802,METRO BUS
145.2428,-37.87119,METRO BUS
145.24835,-37.87308,METRO BUS
145.25239,-37.87434,METRO BUS
145.25863,-37.87643,METRO BUS
145.26503,-37.87853,METRO BUS
145.26852,-37.87965,METRO BUS
145.27153,-37.88068,METRO BUS
145.27399,-37.88136,METRO BUS
145.27935,-37.88322,METRO BUS
145.28135,-37.88374,METRO BUS
145.28565,-37.8868,METRO BUS
145.28729,-37.88811,METRO BUS
145.29178,-37.8887,METRO BUS
145.29504,-37.88844,METRO BUS
145.30147,-37.89115,METRO BUS
145.30507,-37.89243,METRO BUS
145.26721,-37.96955,METRO BUS
145.23267,-37.81581,METRO BUS
145.23644,-37.81599,METRO BUS
145.23749,-37.82309,METRO BUS
145.24015,-37.81717,METRO BUS
145.24246,-37.81828,METRO BUS
145.2451,-37.81999,METRO BUS
145.24748,-37.82016,METRO BUS
145.24745,-37.81735,METRO BUS
145.24747,-37.81429,METRO BUS
145.2501,-37.81217,METRO BUS
145.26793,-37.96814,METRO BUS
144.91472,-37.6622,METRO BUS
144.91461,-37.6599,METRO BUS
144.91515,-37.65789,METRO BUS
144.91669,-37.65627,METRO BUS
144.91891,-37.65455,METRO BUS
144.92046,-37.65385,METRO BUS
144.9227,-37.64724,METRO BUS
144.92482,-37.64516,METRO BUS
144.92653,-37.64443,METRO BUS
144.93042,-37.63872,METRO BUS
145.27147,-37.96776,METRO BUS
144.88332,-37.81586,METRO BUS
144.8814,-37.82032,METRO BUS
144.8791,-37.81998,METRO BUS
144.87864,-37.82172,METRO BUS
144.87581,-37.82227,METRO BUS
144.87392,-37.82205,METRO BUS
144.87467,-37.81914,METRO BUS
144.8751,-37.81697,METRO BUS
145.27403,-37.96769,METRO BUS
144.88668,-37.82043,METRO BUS
145.245,-37.87197,METRO BUS
144.87399,-37.82897,METRO BUS
144.87219,-37.82882,METRO BUS
145.05891,-37.7927,METRO BUS
144.87426,-37.83145,METRO BUS
144.87422,-37.83374,METRO BUS
144.8732,-37.83395,METRO BUS
144.87098,-37.83372,METRO BUS
144.86836,-37.83344,METRO BUS
145.12191,-37.68922,METRO BUS
145.12534,-37.68897,METRO BUS
145.12957,-37.68965,METRO BUS
144.92049,-37.70696,METRO BUS
144.92187,-37.70828,METRO BUS
145.06144,-37.79297,METRO BUS
144.9226,-37.71039,METRO BUS
144.92359,-37.71336,METRO BUS
144.92479,-37.71512,METRO BUS
144.92787,-37.7155,METRO BUS
144.93055,-37.71584,METRO BUS
144.93405,-37.71619,METRO BUS
144.936,-37.71637,METRO BUS
144.93969,-37.71675,METRO BUS
145.0309,-37.74161,METRO BUS
145.03059,-37.74221,METRO BUS
145.03002,-37.74714,METRO BUS
145.02915,-37.74826,METRO BUS
145.0268,-37.74798,METRO BUS
145.04875,-37.93461,METRO BUS
145.05174,-37.93498,METRO BUS
145.05432,-37.9353,METRO BUS
145.05798,-37.93588,METRO BUS
145.06541,-37.79314,METRO BUS
145.06179,-37.93638,METRO BUS
145.06446,-37.93671,METRO BUS
145.06785,-37.93713,METRO BUS
145.07078,-37.93736,METRO BUS
145.07326,-37.93766,METRO BUS
145.07617,-37.93803,METRO BUS
145.08186,-37.93205,METRO BUS
145.08463,-37.93393,METRO BUS
145.08728,-37.93575,METRO BUS
145.06726,-37.79288,METRO BUS
145.08808,-37.93643,METRO BUS
145.09312,-37.94002,METRO BUS
145.09575,-37.94036,METRO BUS
145.09941,-37.94077,METRO BUS
145.10096,-37.94098,METRO BUS
144.97023,-37.76641,METRO BUS
144.97699,-37.76706,METRO BUS
144.97987,-37.76738,METRO BUS
144.98298,-37.76738,METRO BUS
145.12344,-37.90494,METRO BUS
145.07108,-37.79188,METRO BUS
145.12388,-37.90259,METRO BUS
145.12417,-37.9011,METRO BUS
145.12426,-37.89975,METRO BUS
145.12428,-37.89831,METRO BUS
145.12522,-37.89447,METRO BUS
145.12625,-37.89011,METRO BUS
145.12662,-37.88836,METRO BUS
145.12693,-37.88674,METRO BUS
145.12741,-37.88398,METRO BUS
145.12763,-37.88292,METRO BUS
145.07312,-37.78959,METRO BUS
145.12799,-37.88091,METRO BUS
145.12831,-37.8791,METRO BUS
145.12879,-37.87635,METRO BUS
145.12933,-37.87355,METRO BUS
145.12962,-37.87197,METRO BUS
145.12986,-37.87052,METRO BUS
145.13095,-37.86482,METRO BUS
145.13134,-37.86277,METRO BUS
145.1318,-37.86025,METRO BUS
145.13133,-37.85784,METRO BUS
145.07451,-37.78806,METRO BUS
145.13172,-37.85526,METRO BUS
145.13221,-37.85253,METRO BUS
145.13288,-37.84867,METRO BUS
145.13346,-37.84551,METRO BUS
145.13394,-37.84319,METRO BUS
145.1343,-37.84103,METRO BUS
145.13461,-37.83912,METRO BUS
145.13488,-37.83768,METRO BUS
145.13532,-37.83542,METRO BUS
145.05041,-37.75214,METRO BUS
145.07627,-37.78615,METRO BUS
145.13578,-37.83309,METRO BUS
145.01702,-37.77146,METRO BUS
144.95038,-37.83582,METRO BUS
144.9541,-37.83497,METRO BUS
144.95475,-37.83457,METRO BUS
144.9563,-37.83432,METRO BUS
144.95628,-37.83416,METRO BUS
145.07772,-37.78449,METRO BUS
144.95736,-37.83226,METRO BUS
144.95759,-37.83235,METRO BUS
144.95456,-37.72311,METRO BUS
144.95242,-37.72292,METRO BUS
144.95183,-37.71766,METRO BUS
144.94956,-37.7153,METRO BUS
144.9456,-37.71487,METRO BUS
144.9433,-37.71456,METRO BUS
145.07825,-37.78271,METRO BUS
144.94089,-37.71428,METRO BUS
144.93791,-37.71393,METRO BUS
144.9376,-37.71144,METRO BUS
144.93789,-37.70984,METRO BUS
144.93819,-37.7081,METRO BUS
144.93558,-37.70705,METRO BUS
144.93313,-37.70683,METRO BUS
144.93009,-37.70643,METRO BUS
144.92895,-37.70487,METRO BUS
144.92634,-37.70345,METRO BUS
145.08245,-37.77883,METRO BUS
144.92311,-37.70307,METRO BUS
144.92074,-37.7028,METRO BUS
144.85866,-37.74533,METRO BUS
144.85322,-37.74409,METRO BUS
144.85653,-37.74104,METRO BUS
144.86173,-37.75183,METRO BUS
144.77377,-37.69091,METRO BUS
144.86044,-37.75812,METRO BUS
144.86153,-37.76093,METRO BUS
145.08631,-37.77685,METRO BUS
144.86246,-37.76297,METRO BUS
145.02705,-37.74772,METRO BUS
145.02254,-37.7472,METRO BUS
145.02354,-37.7476,METRO BUS
145.25497,-37.81062,METRO BUS
145.25779,-37.80978,METRO BUS
145.25522,-37.80774,METRO BUS
145.25343,-37.80617,METRO BUS
145.08902,-37.77588,METRO BUS
145.25563,-37.80383,METRO BUS
145.25754,-37.8018,METRO BUS
145.26264,-37.8007,METRO BUS
145.26569,-37.80018,METRO BUS
145.01384,-37.75572,METRO BUS
145.01379,-37.75502,METRO BUS
145.01566,-37.7536,METRO BUS
145.01583,-37.75351,METRO BUS
145.01619,-37.75127,METRO BUS
145.01607,-37.75094,METRO BUS
145.09218,-37.7748,METRO BUS
145.01635,-37.74931,METRO BUS
145.01649,-37.7494,METRO BUS
145.01665,-37.74739,METRO BUS
145.01733,-37.74685,METRO BUS
145.02119,-37.74731,METRO BUS
145.01853,-37.74672,METRO BUS
145.02975,-37.74766,METRO BUS
145.09496,-37.77354,METRO BUS
145.26766,-37.79986,METRO BUS
145.27162,-37.80036,METRO BUS
145.05735,-37.6776,METRO BUS
145.27726,-37.797,METRO BUS
145.04955,-37.67698,METRO BUS
145.03858,-37.67572,METRO BUS
145.23111,-37.80711,METRO BUS
145.0321,-37.67607,METRO BUS
145.02966,-37.6767,METRO BUS
145.09701,-37.77203,METRO BUS
145.02619,-37.67752,METRO BUS
145.02373,-37.67808,METRO BUS
145.02101,-37.67872,METRO BUS
145.01882,-37.67888,METRO BUS
145.01484,-37.67997,METRO BUS
145.23373,-37.80516,METRO BUS
145.23706,-37.80266,METRO BUS
145.23909,-37.80115,METRO BUS
145.24274,-37.79841,METRO BUS
145.24487,-37.79683,METRO BUS
145.09975,-37.76987,METRO BUS
145.24798,-37.7954,METRO BUS
145.25205,-37.79634,METRO BUS
145.25589,-37.79648,METRO BUS
145.25667,-37.79468,METRO BUS
145.25602,-37.7927,METRO BUS
145.25549,-37.79115,METRO BUS
145.25456,-37.7887,METRO BUS
145.25275,-37.78756,METRO BUS
145.25184,-37.78584,METRO BUS
145.24915,-37.78489,METRO BUS
144.99398,-37.79987,METRO BUS
145.24869,-37.78299,METRO BUS
145.24959,-37.77796,METRO BUS
145.25192,-37.7783,METRO BUS
145.25609,-37.7809,METRO BUS
145.25651,-37.77855,METRO BUS
145.26064,-37.77553,METRO BUS
145.26344,-37.7761,METRO BUS
145.26507,-37.77866,METRO BUS
144.99249,-37.79972,METRO BUS
145.00604,-37.7302,METRO BUS
145.08586,-37.73129,METRO BUS
145.09105,-37.73002,METRO BUS
145.08582,-37.73154,METRO BUS
145.08764,-37.73236,METRO BUS
145.04024,-37.99126,METRO BUS
145.0432,-37.98754,METRO BUS
144.99025,-37.79951,METRO BUS
145.04366,-37.98508,METRO BUS
145.04414,-37.9825,METRO BUS
145.04517,-37.97884,METRO BUS
145.04766,-37.97914,METRO BUS
145.04989,-37.97941,METRO BUS
145.03849,-37.9905,METRO BUS
145.04134,-37.99111,METRO BUS
145.04643,-37.98881,METRO BUS
145.04872,-37.98772,METRO BUS
144.98777,-37.79925,METRO BUS
145.05188,-37.98559,METRO BUS
145.21593,-37.69538,METRO BUS
145.22407,-37.69789,METRO BUS
145.22489,-37.70717,METRO BUS
145.22223,-37.70995,METRO BUS
145.22584,-37.7168,METRO BUS
145.11826,-38.04968,METRO BUS
145.22469,-37.72028,METRO BUS
145.22734,-37.72317,METRO BUS
144.98361,-37.79881,METRO BUS
145.23047,-37.72923,METRO BUS
145.22623,-37.73257,METRO BUS
144.91819,-37.67926,METRO BUS
144.92158,-37.67792,METRO BUS
144.92404,-37.66998,METRO BUS
144.92181,-37.6622,METRO BUS
144.9218,-37.65913,METRO BUS
144.92521,-37.65607,METRO BUS
144.92243,-37.65247,METRO BUS
144.92118,-37.65162,METRO BUS
144.98111,-37.79855,METRO BUS
144.92149,-37.64998,METRO BUS
144.91985,-37.6483,METRO BUS
144.91362,-37.64902,METRO BUS
144.91205,-37.6481,METRO BUS
145.12141,-38.04861,METRO BUS
144.91399,-37.64277,METRO BUS
144.91733,-37.64185,METRO BUS
144.91943,-37.64007,METRO BUS
144.92395,-37.63742,METRO BUS
144.92275,-37.63545,METRO BUS
144.92046,-37.63402,METRO BUS
144.92058,-37.62906,METRO BUS
144.92222,-37.6271,METRO BUS
144.92363,-37.62541,METRO BUS
144.93289,-37.62413,METRO BUS
144.93266,-37.62658,METRO BUS
145.12533,-38.04773,METRO BUS
144.62764,-37.89828,METRO BUS
145.21765,-37.73492,METRO BUS
145.22021,-37.73208,METRO BUS
145.218,-37.72976,METRO BUS
145.21484,-37.72921,METRO BUS
145.13314,-38.04634,METRO BUS
145.20794,-37.72411,METRO BUS
145.20457,-37.72385,METRO BUS
145.20371,-37.72124,METRO BUS
145.20563,-37.71652,METRO BUS
145.20428,-37.71307,METRO BUS
145.19898,-37.70817,METRO BUS
145.18752,-37.70985,METRO BUS
145.18473,-37.70694,METRO BUS
145.17697,-37.88597,METRO BUS
145.10705,-37.70111,METRO BUS
145.18326,-37.70648,METRO BUS
145.1353,-38.04783,METRO BUS
145.13741,-38.04942,METRO BUS
145.13961,-38.04915,METRO BUS
145.10798,-37.69651,METRO BUS
144.70741,-37.57439,METRO BUS
144.7109,-37.57676,METRO BUS
144.71586,-37.57249,METRO BUS
144.71903,-37.57087,METRO BUS
144.723,-37.56928,METRO BUS
144.72423,-37.56705,METRO BUS
144.72459,-37.56454,METRO BUS
144.72486,-37.56303,METRO BUS
144.72759,-37.56208,METRO BUS
145.1058,-37.69529,METRO BUS
145.14177,-38.04823,METRO BUS
144.72956,-37.56937,METRO BUS
145.14051,-38.04597,METRO BUS
145.1365,-38.03792,METRO BUS
145.13557,-38.03611,METRO BUS
145.13386,-38.03323,METRO BUS
145.26398,-37.78127,METRO BUS
145.26538,-37.78249,METRO BUS
145.26859,-37.78287,METRO BUS
145.10206,-37.69509,METRO BUS
144.88117,-37.72276,METRO BUS
144.88153,-37.7242,METRO BUS
144.88203,-37.72635,METRO BUS
144.88377,-37.72653,METRO BUS
144.88366,-37.73074,METRO BUS
145.25596,-37.79656,METRO BUS
145.27468,-37.78717,METRO BUS
145.10036,-37.69353,METRO BUS
145.37794,-37.72854,METRO BUS
145.37872,-37.7245,METRO BUS
145.42077,-37.69769,METRO BUS
145.51158,-37.67007,METRO BUS
145.51298,-37.66582,METRO BUS
145.51323,-37.66236,METRO BUS
145.51075,-37.65739,METRO BUS
145.10031,-37.69171,METRO BUS
145.51683,-37.65428,METRO BUS
145.52217,-37.65147,METRO BUS
145.3777,-37.65226,METRO BUS
145.43311,-37.65448,METRO BUS
145.49083,-37.65315,METRO BUS
145.49755,-37.65008,METRO BUS
145.51065,-37.65608,METRO BUS
145.10212,-37.69054,METRO BUS
145.53069,-37.67172,METRO BUS
145.53039,-37.66934,METRO BUS
145.52842,-37.66398,METRO BUS
145.12312,-37.8214,METRO BUS
145.12277,-37.82331,METRO BUS
145.1224,-37.82528,METRO BUS
145.12186,-37.82814,METRO BUS
145.12119,-37.83176,METRO BUS
145.10509,-37.68959,METRO BUS
145.12083,-37.83389,METRO BUS
145.12032,-37.83668,METRO BUS
145.12039,-37.83893,METRO BUS
145.12132,-37.84242,METRO BUS
145.12107,-37.84378,METRO BUS
145.12076,-37.84552,METRO BUS
145.12041,-37.84756,METRO BUS
145.11995,-37.85026,METRO BUS
145.12387,-37.8512,METRO BUS
145.12559,-37.8514,METRO BUS
145.10559,-37.68674,METRO BUS
145.12872,-37.85176,METRO BUS
145.1316,-37.8521,METRO BUS
145.13678,-37.85202,METRO BUS
145.13925,-37.85143,METRO BUS
145.14139,-37.85144,METRO BUS
145.1433,-37.85169,METRO BUS
145.14581,-37.852,METRO BUS
145.14974,-37.85252,METRO BUS
145.15563,-37.85327,METRO BUS
145.15995,-37.85394,METRO BUS
145.10874,-37.68364,METRO BUS
145.16239,-37.85427,METRO BUS
145.17507,-37.85569,METRO BUS
145.18275,-37.85655,METRO BUS
145.18834,-37.85744,METRO BUS
145.19248,-37.85818,METRO BUS
145.19635,-37.85866,METRO BUS
145.20796,-37.86022,METRO BUS
145.11133,-37.68259,METRO BUS
145.214,-37.8623,METRO BUS
145.21882,-37.86379,METRO BUS
145.22436,-37.86556,METRO BUS
145.22981,-37.86732,METRO BUS
145.23259,-37.8682,METRO BUS
145.24723,-37.87306,METRO BUS
145.25318,-37.87495,METRO BUS
145.2568,-37.87612,METRO BUS
145.26162,-37.87769,METRO BUS
145.26602,-37.87909,METRO BUS
145.26873,-37.87997,METRO BUS
145.27272,-37.8814,METRO BUS
145.27814,-37.88309,METRO BUS
145.28035,-37.88374,METRO BUS
145.28313,-37.88525,METRO BUS
145.28529,-37.88697,METRO BUS
145.2909,-37.88886,METRO BUS
145.29405,-37.88891,METRO BUS
145.29863,-37.88963,METRO BUS
145.30307,-37.89199,METRO BUS
145.31407,-37.89596,METRO BUS
145.3134,-37.89869,METRO BUS
145.31199,-37.89826,METRO BUS
145.30915,-37.89504,METRO BUS
145.30925,-37.8939,METRO BUS
145.2334,-37.81595,METRO BUS
145.23568,-37.81605,METRO BUS
145.23955,-37.81705,METRO BUS
145.24263,-37.81852,METRO BUS
145.24521,-37.82019,METRO BUS
145.24757,-37.82013,METRO BUS
145.24757,-37.81692,METRO BUS
145.24758,-37.8142,METRO BUS
145.2504,-37.8122,METRO BUS
145.255,-37.81071,METRO BUS
145.25759,-37.80994,METRO BUS
145.25549,-37.8077,METRO BUS
145.25378,-37.8064,METRO BUS
145.25553,-37.80452,METRO BUS
145.25665,-37.80311,METRO BUS
145.26255,-37.80099,METRO BUS
145.26684,-37.80036,METRO BUS
145.27114,-37.80061,METRO BUS
145.27731,-37.79709,METRO BUS
145.23104,-37.80727,METRO BUS
145.23385,-37.80522,METRO BUS
145.2371,-37.80277,METRO BUS
145.11732,-37.68534,METRO BUS
145.24294,-37.79839,METRO BUS
145.24501,-37.79684,METRO BUS
145.24808,-37.79549,METRO BUS
145.25195,-37.79641,METRO BUS
145.25682,-37.79484,METRO BUS
145.2561,-37.79251,METRO BUS
145.25553,-37.79083,METRO BUS
145.2541,-37.78856,METRO BUS
145.25288,-37.78743,METRO BUS
145.25189,-37.78569,METRO BUS
145.11962,-37.68275,METRO BUS
145.24915,-37.78478,METRO BUS
145.2488,-37.78313,METRO BUS
145.24915,-37.78105,METRO BUS
145.25192,-37.77859,METRO BUS
145.25622,-37.78105,METRO BUS
145.25916,-37.77604,METRO BUS
145.26328,-37.77611,METRO BUS
145.26499,-37.77873,METRO BUS
145.12226,-37.68032,METRO BUS
145.26374,-37.78191,METRO BUS
145.26743,-37.78285,METRO BUS
145.27081,-37.78326,METRO BUS
145.27582,-37.78466,METRO BUS
145.28384,-37.78422,METRO BUS
145.2832,-37.7867,METRO BUS
145.28166,-37.79312,METRO BUS
145.23484,-37.81294,METRO BUS
145.23878,-37.81027,METRO BUS
145.12596,-37.67461,METRO BUS
145.24184,-37.80765,METRO BUS
145.246,-37.80431,METRO BUS
145.24893,-37.80183,METRO BUS
145.25057,-37.80053,METRO BUS
145.25335,-37.79853,METRO BUS
145.25961,-37.79395,METRO BUS
145.26229,-37.79206,METRO BUS
144.96662,-37.69564,METRO BUS
144.96915,-37.69594,METRO BUS
144.97166,-37.69623,METRO BUS
145.12366,-37.66968,METRO BUS
144.97368,-37.69663,METRO BUS
144.97342,-37.69799,METRO BUS
144.97311,-37.70017,METRO BUS
144.97219,-37.70238,METRO BUS
144.97078,-37.70221,METRO BUS
144.96833,-37.70745,METRO BUS
145.12486,-37.65961,METRO BUS
144.9713,-37.70778,METRO BUS
144.97386,-37.70808,METRO BUS
144.97356,-37.70993,METRO BUS
144.97275,-37.71191,METRO BUS
144.96921,-37.71154,METRO BUS
144.96799,-37.71326,METRO BUS
144.96769,-37.71502,METRO BUS
144.97068,-37.71583,METRO BUS
144.97322,-37.71613,METRO BUS
144.97263,-37.71825,METRO BUS
145.12329,-37.6547,METRO BUS
144.97125,-37.71958,METRO BUS
144.96883,-37.71931,METRO BUS
144.9679,-37.71789,METRO BUS
144.9667,-37.71722,METRO BUS
144.96544,-37.71552,METRO BUS
144.96284,-37.71488,METRO BUS
144.96262,-37.71763,METRO BUS
144.96327,-37.72185,METRO BUS
144.96388,-37.72751,METRO BUS
145.04087,-37.76769,METRO BUS
145.11843,-37.65031,METRO BUS
145.03901,-37.76749,METRO BUS
145.0361,-37.76719,METRO BUS
145.00875,-37.76404,METRO BUS
145.00904,-37.76248,METRO BUS
145.00929,-37.76067,METRO BUS
145.00557,-37.76013,METRO BUS
145.00078,-37.75963,METRO BUS
144.99753,-37.75926,METRO BUS
144.99331,-37.75888,METRO BUS
144.99044,-37.75851,METRO BUS
144.98702,-37.75812,METRO BUS
144.98475,-37.75786,METRO BUS
144.98079,-37.75743,METRO BUS
144.9775,-37.75702,METRO BUS
144.97518,-37.75676,METRO BUS
144.97042,-37.75624,METRO BUS
144.96735,-37.75589,METRO BUS
144.96356,-37.75543,METRO BUS
144.96092,-37.75511,METRO BUS
144.95793,-37.75476,METRO BUS
145.09075,-37.65155,METRO BUS
144.95642,-37.7546,METRO BUS
144.95437,-37.75433,METRO BUS
144.95169,-37.75404,METRO BUS
144.9502,-37.75383,METRO BUS
144.94759,-37.75352,METRO BUS
144.94526,-37.75326,METRO BUS
144.94282,-37.75299,METRO BUS
144.94031,-37.75266,METRO BUS
144.93881,-37.75252,METRO BUS
144.93379,-37.75194,METRO BUS
145.0814,-37.65064,METRO BUS
144.93231,-37.75174,METRO BUS
144.93017,-37.75152,METRO BUS
144.92781,-37.75124,METRO BUS
144.9256,-37.75096,METRO BUS
144.92589,-37.75418,METRO BUS
144.92319,-37.7557,METRO BUS
144.92354,-37.68367,METRO BUS
144.9268,-37.6841,METRO BUS
144.92775,-37.68278,METRO BUS
144.92829,-37.68011,METRO BUS
144.93226,-37.66498,METRO BUS
144.92906,-37.66385,METRO BUS
144.92737,-37.66176,METRO BUS
144.92649,-37.66023,METRO BUS
144.92803,-37.65673,METRO BUS
144.93086,-37.65539,METRO BUS
144.93346,-37.65523,METRO BUS
144.935,-37.65609,METRO BUS
144.93588,-37.6583,METRO BUS
144.93693,-37.66092,METRO BUS
144.93768,-37.66285,METRO BUS
144.93804,-37.66514,METRO BUS
144.94132,-37.66588,METRO BUS
145.06528,-37.6521,METRO BUS
144.92244,-37.68484,METRO BUS
145.06278,-37.65353,METRO BUS
144.93256,-37.6868,METRO BUS
144.93483,-37.68708,METRO BUS
144.94146,-37.68779,METRO BUS
144.94688,-37.68838,METRO BUS
144.84612,-37.84305,METRO BUS
144.84639,-37.8414,METRO BUS
144.84772,-37.8385,METRO BUS
144.85081,-37.83878,METRO BUS
145.04936,-37.73722,METRO BUS
145.06202,-37.65524,METRO BUS
144.85572,-37.83929,METRO BUS
144.85909,-37.83928,METRO BUS
144.86151,-37.83795,METRO BUS
144.86878,-37.84685,METRO BUS
144.87187,-37.84738,METRO BUS
144.87333,-37.84528,METRO BUS
144.87511,-37.84545,METRO BUS
144.87644,-37.84428,METRO BUS
145.06601,-37.65787,METRO BUS
144.87678,-37.84222,METRO BUS
145.36423,-37.85542,METRO BUS
145.36037,-37.84716,METRO BUS
145.35869,-37.84159,METRO BUS
145.3569,-37.83868,METRO BUS
145.35664,-37.83634,METRO BUS
145.35615,-37.83473,METRO BUS
145.35645,-37.83272,METRO BUS
145.36035,-37.83084,METRO BUS
145.35971,-37.82921,METRO BUS
145.06894,-37.65914,METRO BUS
145.36038,-37.82645,METRO BUS
145.36346,-37.82593,METRO BUS
145.36683,-37.81783,METRO BUS
145.37337,-37.81769,METRO BUS
145.37935,-37.81778,METRO BUS
145.38124,-37.81684,METRO BUS
145.3813,-37.81488,METRO BUS
145.37898,-37.81392,METRO BUS
145.38096,-37.81148,METRO BUS
145.37642,-37.8107,METRO BUS
145.06866,-37.66087,METRO BUS
145.36834,-37.81103,METRO BUS
145.36363,-37.8126,METRO BUS
145.35979,-37.81445,METRO BUS
145.35671,-37.81515,METRO BUS
145.35113,-37.81414,METRO BUS
145.34887,-37.81308,METRO BUS
145.34527,-37.81135,METRO BUS
145.3419,-37.81031,METRO BUS
145.34009,-37.81103,METRO BUS
145.33633,-37.81199,METRO BUS
145.00029,-37.8849,METRO BUS
145.33219,-37.81006,METRO BUS
145.32998,-37.80917,METRO BUS
145.32716,-37.80796,METRO BUS
145.32462,-37.8069,METRO BUS
145.3224,-37.80596,METRO BUS
145.31965,-37.80478,METRO BUS
145.31807,-37.80407,METRO BUS
145.31625,-37.80326,METRO BUS
145.31164,-37.80238,METRO BUS
145.30874,-37.80196,METRO BUS
145.30321,-37.8013,METRO BUS
145.30027,-37.80099,METRO BUS
145.29541,-37.80044,METRO BUS
145.29107,-37.79997,METRO BUS
145.28907,-37.79978,METRO BUS
145.2859,-37.79926,METRO BUS
145.28345,-37.799,METRO BUS
145.3545,-37.8447,METRO BUS
145.35308,-37.84106,METRO BUS
144.99637,-37.88383,METRO BUS
145.35279,-37.83902,METRO BUS
145.34978,-37.83546,METRO BUS
145.35073,-37.83329,METRO BUS
145.35308,-37.83131,METRO BUS
145.35568,-37.82878,METRO BUS
145.35831,-37.82482,METRO BUS
145.36128,-37.82336,METRO BUS
145.36377,-37.82571,METRO BUS
145.29235,-37.86012,METRO BUS
145.29469,-37.85833,METRO BUS
144.99277,-37.88341,METRO BUS
145.296,-37.85647,METRO BUS
145.29759,-37.85419,METRO BUS
145.29843,-37.85219,METRO BUS
145.29887,-37.84988,METRO BUS
145.29938,-37.8472,METRO BUS
145.29987,-37.84436,METRO BUS
145.30379,-37.84691,METRO BUS
145.30404,-37.84466,METRO BUS
145.30124,-37.84073,METRO BUS
144.99021,-37.8831,METRO BUS
145.30188,-37.83731,METRO BUS
144.87353,-37.81637,METRO BUS
144.87193,-37.81619,METRO BUS
144.869,-37.81587,METRO BUS
144.86811,-37.81675,METRO BUS
144.86624,-37.81656,METRO BUS
144.86367,-37.81624,METRO BUS
144.86375,-37.814,METRO BUS
144.98722,-37.88278,METRO BUS
144.86545,-37.81326,METRO BUS
144.86683,-37.81225,METRO BUS
144.86879,-37.81156,METRO BUS
144.88719,-37.81692,METRO BUS
144.88661,-37.82043,METRO BUS
144.88485,-37.8205,METRO BUS
145.0498,-37.73105,METRO BUS
145.05333,-37.73796,METRO BUS
144.98579,-37.88262,METRO BUS
144.87386,-37.82876,METRO BUS
144.8724,-37.82863,METRO BUS
144.86786,-37.8287,METRO BUS
144.86993,-37.82849,METRO BUS
145.13674,-37.68541,METRO BUS
145.1327,-37.68183,METRO BUS
144.98304,-37.88232,METRO BUS
145.18936,-37.90507,METRO BUS
145.12767,-37.68326,METRO BUS
145.12492,-37.68296,METRO BUS
145.12281,-37.68344,METRO BUS
145.12239,-37.6862,METRO BUS
144.92025,-37.70695,METRO BUS
144.92251,-37.71052,METRO BUS
144.9234,-37.7132,METRO BUS
144.92473,-37.71519,METRO BUS
144.98052,-37.88204,METRO BUS
144.92768,-37.71554,METRO BUS
144.93009,-37.71586,METRO BUS
144.94047,-37.7197,METRO BUS
144.93997,-37.72319,METRO BUS
144.93962,-37.72495,METRO BUS
144.93919,-37.72743,METRO BUS
144.93883,-37.72956,METRO BUS
144.93854,-37.73213,METRO BUS
144.93813,-37.73375,METRO BUS
144.93777,-37.73576,METRO BUS
144.97837,-37.88115,METRO BUS
144.93981,-37.73843,METRO BUS
144.94183,-37.73866,METRO BUS
144.94483,-37.73903,METRO BUS
144.95063,-37.73966,METRO BUS
144.95336,-37.73994,METRO BUS
144.95622,-37.74023,METRO BUS
144.96008,-37.74062,METRO BUS
144.98265,-37.74294,METRO BUS
144.98611,-37.74337,METRO BUS
144.98864,-37.7436,METRO BUS
144.97895,-37.87848,METRO BUS
144.99348,-37.74409,METRO BUS
144.99812,-37.74455,METRO BUS
145.00219,-37.74495,METRO BUS
145.00553,-37.74541,METRO BUS
145.00801,-37.7456,METRO BUS
145.01179,-37.74595,METRO BUS
144.92966,-37.67533,METRO BUS
144.9306,-37.67411,METRO BUS
144.93208,-37.67062,METRO BUS
144.93237,-37.66931,METRO BUS
144.9792,-37.87722,METRO BUS
144.93275,-37.66733,METRO BUS
144.93302,-37.6659,METRO BUS
144.93317,-37.66511,METRO BUS
144.93764,-37.66556,METRO BUS
144.94105,-37.66595,METRO BUS
144.94379,-37.6662,METRO BUS
144.95404,-37.65998,METRO BUS
144.95362,-37.65672,METRO BUS
144.95314,-37.65334,METRO BUS
144.97972,-37.87445,METRO BUS
144.9522,-37.64767,METRO BUS
144.9517,-37.64435,METRO BUS
144.9505,-37.63711,METRO BUS
144.94916,-37.6288,METRO BUS
144.94859,-37.62427,METRO BUS
144.94775,-37.6191,METRO BUS
144.94683,-37.61329,METRO BUS
144.93952,-37.59861,METRO BUS
144.93501,-37.59816,METRO BUS
144.98004,-37.87288,METRO BUS
144.93214,-37.59783,METRO BUS
144.98047,-37.87083,METRO BUS
144.93735,-37.59403,METRO BUS
144.93752,-37.5958,METRO BUS
144.9378,-37.59776,METRO BUS
144.92827,-37.6077,METRO BUS
144.9286,-37.6058,METRO BUS
144.92902,-37.60377,METRO BUS
144.9295,-37.60114,METRO BUS
144.92976,-37.5994,METRO BUS
144.91437,-37.75009,METRO BUS
144.91225,-37.74701,METRO BUS
144.98118,-37.86678,METRO BUS
144.9087,-37.74398,METRO BUS
144.90329,-37.74166,METRO BUS
144.89445,-37.73807,METRO BUS
144.88919,-37.73543,METRO BUS
144.89062,-37.72698,METRO BUS
144.89111,-37.72384,METRO BUS
144.88685,-37.70804,METRO BUS
144.88222,-37.70846,METRO BUS
145.05314,-37.73929,METRO BUS
144.9816,-37.86455,METRO BUS
144.87896,-37.70716,METRO BUS
144.87924,-37.70542,METRO BUS
144.87959,-37.70346,METRO BUS
144.88011,-37.70062,METRO BUS
144.88068,-37.69835,METRO BUS
144.88092,-37.69672,METRO BUS
144.88147,-37.6939,METRO BUS
144.88324,-37.68836,METRO BUS
144.88578,-37.68961,METRO BUS
144.88952,-37.69208,METRO BUS
144.98204,-37.86215,METRO BUS
144.89176,-37.69155,METRO BUS
144.89564,-37.6924,METRO BUS
144.89849,-37.68954,METRO BUS
144.89884,-37.68707,METRO BUS
144.89755,-37.68491,METRO BUS
144.89437,-37.68356,METRO BUS
144.88877,-37.68302,METRO BUS
144.88715,-37.68475,METRO BUS
144.88362,-37.68436,METRO BUS
144.88404,-37.68001,METRO BUS
144.98248,-37.85975,METRO BUS
144.88723,-37.67668,METRO BUS
144.89256,-37.67691,METRO BUS
144.89558,-37.67722,METRO BUS
144.89917,-37.67726,METRO BUS
144.90023,-37.67533,METRO BUS
144.90089,-37.67242,METRO BUS
144.90163,-37.67016,METRO BUS
144.9042,-37.67057,METRO BUS
144.90631,-37.66946,METRO BUS
144.90948,-37.66983,METRO BUS
144.98278,-37.8582,METRO BUS
144.90906,-37.67233,METRO BUS
144.91368,-37.68066,METRO BUS
144.98293,-37.85597,METRO BUS
144.88642,-37.77175,METRO BUS
144.71695,-37.62523,METRO BUS
144.71464,-37.6224,METRO BUS
144.711,-37.61798,METRO BUS
144.7096,-37.61975,METRO BUS
144.72247,-37.58448,METRO BUS
144.72367,-37.58279,METRO BUS
144.98348,-37.8531,METRO BUS
144.72345,-37.58002,METRO BUS
144.71931,-37.57807,METRO BUS
144.71942,-37.57695,METRO BUS
144.71226,-37.57469,METRO BUS
144.70975,-37.57883,METRO BUS
144.70839,-37.58171,METRO BUS
144.70889,-37.58309,METRO BUS
144.98406,-37.85096,METRO BUS
144.7118,-37.58197,METRO BUS
144.71499,-37.5812,METRO BUS
144.71435,-37.58418,METRO BUS
144.71264,-37.58502,METRO BUS
144.70852,-37.58459,METRO BUS
144.70306,-37.58404,METRO BUS
144.70064,-37.58211,METRO BUS
144.69696,-37.58018,METRO BUS
144.69377,-37.57985,METRO BUS
144.98443,-37.84872,METRO BUS
144.88372,-37.76933,METRO BUS
144.87797,-37.76893,METRO BUS
144.86863,-37.77061,METRO BUS
144.86431,-37.77049,METRO BUS
144.85941,-37.7699,METRO BUS
144.85725,-37.76942,METRO BUS
144.85775,-37.76691,METRO BUS
144.85849,-37.76431,METRO BUS
144.85973,-37.76213,METRO BUS
144.85859,-37.76116,METRO BUS
144.98477,-37.8464,METRO BUS
144.85739,-37.75926,METRO BUS
144.85675,-37.75768,METRO BUS
144.85621,-37.75514,METRO BUS
144.85603,-37.75397,METRO BUS
144.85575,-37.75102,METRO BUS
145.11457,-37.81927,METRO BUS
145.11367,-37.82385,METRO BUS
144.98539,-37.8434,METRO BUS
145.11305,-37.82659,METRO BUS
145.11252,-37.82982,METRO BUS
145.11234,-37.83143,METRO BUS
145.11188,-37.83436,METRO BUS
145.12149,-37.84451,METRO BUS
145.12608,-37.84502,METRO BUS
145.13001,-37.84547,METRO BUS
145.13271,-37.84579,METRO BUS
145.13492,-37.84162,METRO BUS
145.054,-37.7416,METRO BUS
144.98584,-37.8411,METRO BUS
145.13744,-37.84192,METRO BUS
145.1414,-37.8424,METRO BUS
145.1434,-37.8427,METRO BUS
145.14542,-37.84285,METRO BUS
145.14933,-37.84332,METRO BUS
145.14997,-37.84542,METRO BUS
145.14911,-37.84654,METRO BUS
145.14737,-37.84635,METRO BUS
145.14428,-37.84706,METRO BUS
145.14294,-37.84742,METRO BUS
144.98636,-37.83868,METRO BUS
145.1426,-37.8492,METRO BUS
145.14242,-37.8506,METRO BUS
144.88358,-37.77527,METRO BUS
144.9868,-37.83655,METRO BUS
144.90113,-37.80464,METRO BUS
144.83544,-37.78161,METRO BUS
144.83883,-37.78198,METRO BUS
144.84208,-37.78192,METRO BUS
144.84228,-37.78071,METRO BUS
144.84253,-37.77919,METRO BUS
144.8406,-37.77799,METRO BUS
144.84124,-37.77443,METRO BUS
144.8299,-37.77113,METRO BUS
144.83043,-37.76835,METRO BUS
144.83091,-37.76586,METRO BUS
144.82988,-37.76245,METRO BUS
144.82679,-37.76207,METRO BUS
144.9874,-37.83377,METRO BUS
144.82474,-37.76181,METRO BUS
144.75081,-37.69257,METRO BUS
144.75773,-37.6934,METRO BUS
144.76216,-37.69396,METRO BUS
144.76577,-37.69437,METRO BUS
144.69827,-37.8855,METRO BUS
144.77967,-37.69683,METRO BUS
144.78631,-37.69898,METRO BUS
144.9886,-37.82478,METRO BUS
144.7859,-37.70285,METRO BUS
144.78653,-37.70525,METRO BUS
144.78958,-37.70671,METRO BUS
144.79323,-37.70649,METRO BUS
144.79587,-37.70793,METRO BUS
144.7986,-37.7083,METRO BUS
144.80057,-37.7086,METRO BUS
144.80344,-37.70788,METRO BUS
144.80162,-37.70478,METRO BUS
144.9892,-37.82104,METRO BUS
144.81334,-37.70444,METRO BUS
144.81687,-37.70661,METRO BUS
144.82027,-37.70944,METRO BUS
144.82226,-37.71181,METRO BUS
144.8237,-37.71312,METRO BUS
144.98986,-37.81711,METRO BUS
144.82786,-37.71779,METRO BUS
144.92813,-37.76764,METRO BUS
144.93167,-37.76802,METRO BUS
144.99026,-37.81496,METRO BUS
144.93299,-37.76816,METRO BUS
144.93905,-37.76881,METRO BUS
144.94145,-37.76909,METRO BUS
144.94229,-37.76828,METRO BUS
144.94302,-37.76738,METRO BUS
144.94404,-37.7675,METRO BUS
144.94603,-37.76774,METRO BUS
144.94858,-37.76803,METRO BUS
144.94867,-37.76972,METRO BUS
144.95056,-37.77017,METRO BUS
144.99074,-37.81242,METRO BUS
144.95304,-37.7705,METRO BUS
144.95545,-37.77078,METRO BUS
144.95752,-37.77103,METRO BUS
144.95901,-37.7712,METRO BUS
144.9618,-37.77153,METRO BUS
144.96413,-37.77179,METRO BUS
144.96594,-37.77201,METRO BUS
144.96812,-37.77224,METRO BUS
144.96944,-37.77241,METRO BUS
144.97195,-37.77267,METRO BUS
144.99107,-37.81048,METRO BUS
144.97493,-37.77296,METRO BUS
144.97637,-37.77311,METRO BUS
144.97883,-37.77341,METRO BUS
144.97928,-37.77628,METRO BUS
144.98102,-37.77642,METRO BUS
144.98513,-37.77687,METRO BUS
144.98746,-37.77717,METRO BUS
144.9901,-37.77691,METRO BUS
144.9939,-37.78116,METRO BUS
144.99642,-37.78112,METRO BUS
144.99163,-37.80681,METRO BUS
144.92928,-37.73943,METRO BUS
144.93552,-37.74548,METRO BUS
144.93879,-37.74592,METRO BUS
144.9416,-37.74622,METRO BUS
144.94479,-37.74662,METRO BUS
144.94715,-37.74689,METRO BUS
144.94887,-37.74689,METRO BUS
144.99213,-37.80419,METRO BUS
144.94913,-37.74527,METRO BUS
144.94943,-37.74362,METRO BUS
144.95349,-37.74374,METRO BUS
144.95544,-37.74396,METRO BUS
144.95804,-37.74424,METRO BUS
144.96103,-37.74455,METRO BUS
144.96361,-37.74481,METRO BUS
144.9663,-37.7451,METRO BUS
144.96843,-37.74534,METRO BUS
144.9924,-37.80223,METRO BUS
144.97077,-37.74562,METRO BUS
144.97378,-37.74594,METRO BUS
144.97702,-37.74629,METRO BUS
144.97692,-37.7487,METRO BUS
144.97624,-37.75146,METRO BUS
145.08322,-38.00656,METRO BUS
145.08151,-38.00505,METRO BUS
145.07949,-38.00325,METRO BUS
145.07784,-38.00179,METRO BUS
144.99289,-37.7994,METRO BUS
145.07502,-37.99935,METRO BUS
145.07282,-37.99744,METRO BUS
145.07042,-37.99539,METRO BUS
145.06858,-37.99402,METRO BUS
145.0653,-37.99097,METRO BUS
145.06463,-37.98856,METRO BUS
145.06467,-37.98647,METRO BUS
145.06475,-37.98456,METRO BUS
145.06596,-37.98136,METRO BUS
145.06904,-37.98172,METRO BUS
144.99422,-37.79311,METRO BUS
145.07163,-37.98053,METRO BUS
145.07199,-37.97858,METRO BUS
145.07248,-37.97604,METRO BUS
145.07284,-37.97415,METRO BUS
145.07306,-37.97303,METRO BUS
145.07343,-37.97107,METRO BUS
145.07411,-37.96718,METRO BUS
145.07478,-37.96369,METRO BUS
145.07509,-37.96191,METRO BUS
145.07539,-37.96005,METRO BUS
144.99463,-37.79076,METRO BUS
145.07589,-37.95737,METRO BUS
145.07632,-37.95494,METRO BUS
145.07676,-37.95246,METRO BUS
145.07742,-37.94916,METRO BUS
145.07781,-37.94727,METRO BUS
145.07847,-37.94398,METRO BUS
145.07957,-37.93808,METRO BUS
145.08074,-37.93222,METRO BUS
145.08147,-37.92857,METRO BUS
145.08186,-37.92658,METRO BUS
144.99482,-37.78848,METRO BUS
145.08252,-37.92318,METRO BUS
145.08337,-37.91891,METRO BUS
145.08394,-37.91608,METRO BUS
145.08447,-37.91337,METRO BUS
145.08483,-37.91156,METRO BUS
145.08492,-37.90882,METRO BUS
145.08551,-37.90682,METRO BUS
145.0863,-37.90267,METRO BUS
145.09065,-37.87957,METRO BUS
144.97814,-37.79824,METRO BUS
145.09117,-37.87706,METRO BUS
145.09155,-37.87498,METRO BUS
145.09196,-37.87139,METRO BUS
145.09236,-37.86822,METRO BUS
145.09259,-37.86674,METRO BUS
145.09292,-37.86484,METRO BUS
145.09337,-37.86248,METRO BUS
145.09378,-37.86029,METRO BUS
145.09415,-37.85824,METRO BUS
145.09445,-37.85664,METRO BUS
144.97414,-37.79776,METRO BUS
145.09512,-37.85285,METRO BUS
145.09625,-37.84649,METRO BUS
145.09655,-37.84475,METRO BUS
145.05829,-37.74441,METRO BUS
145.11178,-37.83751,METRO BUS
145.1153,-37.83791,METRO BUS
145.11736,-37.83814,METRO BUS
145.11947,-37.83839,METRO BUS
144.78276,-37.75841,METRO BUS
144.59868,-37.67041,METRO BUS
144.78792,-37.75753,METRO BUS
144.97011,-37.79733,METRO BUS
144.79247,-37.75814,METRO BUS
144.80103,-37.75907,METRO BUS
144.80455,-37.75949,METRO BUS
144.80775,-37.75991,METRO BUS
144.8035,-37.75143,METRO BUS
144.96753,-37.79733,METRO BUS
144.80065,-37.74736,METRO BUS
144.77063,-37.73318,METRO BUS
144.76789,-37.73338,METRO BUS
144.76577,-37.73118,METRO BUS
144.76496,-37.72915,METRO BUS
144.7661,-37.72621,METRO BUS
144.76724,-37.72598,METRO BUS
144.96714,-37.79897,METRO BUS
144.76578,-37.69617,METRO BUS
144.76491,-37.69936,METRO BUS
144.76452,-37.70286,METRO BUS
145.1361,-37.83084,METRO BUS
145.13662,-37.82815,METRO BUS
145.13642,-37.82589,METRO BUS
145.13384,-37.82562,METRO BUS
145.13226,-37.8254,METRO BUS
145.13163,-37.823,METRO BUS
145.13198,-37.82122,METRO BUS
145.13034,-37.82075,METRO BUS
145.12843,-37.82045,METRO BUS
145.12382,-37.81974,METRO BUS
145.05978,-37.94336,METRO BUS
145.06018,-37.94147,METRO BUS
145.06066,-37.93922,METRO BUS
145.06157,-37.93515,METRO BUS
145.06196,-37.93328,METRO BUS
145.06226,-37.9319,METRO BUS
145.06553,-37.92941,METRO BUS
145.06722,-37.92821,METRO BUS
145.07002,-37.92857,METRO BUS
145.07071,-37.9268,METRO BUS
145.0711,-37.9248,METRO BUS
145.07333,-37.92219,METRO BUS
145.07389,-37.91952,METRO BUS
145.07417,-37.91817,METRO BUS
145.07453,-37.91632,METRO BUS
145.07503,-37.91387,METRO BUS
145.0756,-37.91086,METRO BUS
145.07603,-37.90881,METRO BUS
145.07422,-37.90778,METRO BUS
145.07488,-37.90434,METRO BUS
145.07536,-37.90181,METRO BUS
145.07589,-37.89885,METRO BUS
145.07626,-37.8969,METRO BUS
145.0767,-37.89438,METRO BUS
145.07717,-37.89208,METRO BUS
145.07756,-37.89002,METRO BUS
144.99457,-37.88826,METRO BUS
145.03744,-37.90373,METRO BUS
145.05892,-37.90615,METRO BUS
145.10344,-37.94126,METRO BUS
145.10676,-37.94169,METRO BUS
145.11029,-37.94212,METRO BUS
145.11263,-37.94241,METRO BUS
145.11543,-37.94276,METRO BUS
145.11659,-37.94085,METRO BUS
145.11707,-37.93843,METRO BUS
145.11775,-37.93477,METRO BUS
145.11826,-37.93161,METRO BUS
145.11872,-37.92969,METRO BUS
145.12363,-37.92909,METRO BUS
145.12745,-37.93021,METRO BUS
145.12815,-37.93171,METRO BUS
145.12769,-37.93399,METRO BUS
145.1282,-37.93505,METRO BUS
145.13047,-37.93536,METRO BUS
145.13213,-37.9366,METRO BUS
145.13172,-37.9389,METRO BUS
145.13396,-37.94188,METRO BUS
145.05802,-37.74584,METRO BUS
145.13939,-37.94661,METRO BUS
145.13844,-37.95151,METRO BUS
145.1379,-37.95436,METRO BUS
145.13705,-37.95912,METRO BUS
145.13807,-37.96121,METRO BUS
145.13882,-37.96342,METRO BUS
145.01581,-37.76495,METRO BUS
145.13971,-37.96605,METRO BUS
145.14045,-37.96773,METRO BUS
145.14332,-37.97262,METRO BUS
145.14513,-37.97567,METRO BUS
145.14623,-37.97744,METRO BUS
145.14787,-37.97857,METRO BUS
145.15081,-37.97895,METRO BUS
145.1554,-37.97953,METRO BUS
145.15772,-37.98103,METRO BUS
145.12976,-37.87223,METRO BUS
145.13199,-37.82527,METRO BUS
144.96704,-37.67485,METRO BUS
144.96534,-37.67579,METRO BUS
144.96237,-37.67583,METRO BUS
144.96114,-37.67721,METRO BUS
144.96014,-37.6786,METRO BUS
144.95861,-37.67738,METRO BUS
144.95745,-37.67867,METRO BUS
144.95259,-37.667,METRO BUS
144.95534,-37.66835,METRO BUS
144.95621,-37.67488,METRO BUS
144.95688,-37.67963,METRO BUS
144.9581,-37.68751,METRO BUS
144.95957,-37.6969,METRO BUS
144.96008,-37.70053,METRO BUS
144.96056,-37.70375,METRO BUS
144.96111,-37.70694,METRO BUS
144.9614,-37.70872,METRO BUS
144.96235,-37.71466,METRO BUS
145.12409,-37.78249,METRO BUS
144.88447,-37.70539,METRO BUS
144.88169,-37.70161,METRO BUS
144.87938,-37.69858,METRO BUS
144.87685,-37.69581,METRO BUS
144.74859,-37.58682,METRO BUS
144.80609,-37.63779,METRO BUS
144.81441,-37.64072,METRO BUS
144.8327,-37.64386,METRO BUS
144.86995,-37.68872,METRO BUS
144.92793,-37.76769,METRO BUS
144.93142,-37.76806,METRO BUS
144.93297,-37.76827,METRO BUS
144.93985,-37.76901,METRO BUS
144.94138,-37.76918,METRO BUS
144.94247,-37.76804,METRO BUS
144.94356,-37.76753,METRO BUS
144.94445,-37.76761,METRO BUS
144.94633,-37.76786,METRO BUS
144.94844,-37.76812,METRO BUS
144.94856,-37.76958,METRO BUS
144.96651,-37.80263,METRO BUS
144.95023,-37.77024,METRO BUS
144.95289,-37.77056,METRO BUS
144.95744,-37.77115,METRO BUS
144.95534,-37.77089,METRO BUS
144.9617,-37.77164,METRO BUS
144.96408,-37.7719,METRO BUS
144.96613,-37.77212,METRO BUS
144.96793,-37.77233,METRO BUS
144.97113,-37.77266,METRO BUS
144.97452,-37.77301,METRO BUS
144.97627,-37.77322,METRO BUS
144.97882,-37.7735,METRO BUS
144.97928,-37.77634,METRO BUS
144.98092,-37.77653,METRO BUS
144.98505,-37.77697,METRO BUS
144.98732,-37.77724,METRO BUS
144.9901,-37.77707,METRO BUS
144.99358,-37.78074,METRO BUS
144.92916,-37.73977,METRO BUS
144.96604,-37.8052,METRO BUS
144.92898,-37.74349,METRO BUS
144.93662,-37.74552,METRO BUS
144.93929,-37.74588,METRO BUS
144.94199,-37.74619,METRO BUS
144.94462,-37.74652,METRO BUS
145.05725,-37.75018,METRO BUS
144.94717,-37.74683,METRO BUS
144.94876,-37.74687,METRO BUS
144.94907,-37.74504,METRO BUS
144.94934,-37.74338,METRO BUS
144.95082,-37.74336,METRO BUS
144.95357,-37.74369,METRO BUS
144.95578,-37.74394,METRO BUS
144.95822,-37.7442,METRO BUS
144.96063,-37.74444,METRO BUS
144.96375,-37.74477,METRO BUS
144.96547,-37.74489,METRO BUS
144.96885,-37.74529,METRO BUS
144.97105,-37.74552,METRO BUS
144.9738,-37.74581,METRO BUS
144.9761,-37.74822,METRO BUS
145.08337,-38.00651,METRO BUS
145.0815,-38.00486,METRO BUS
145.0794,-38.003,METRO BUS
145.07777,-38.00156,METRO BUS
145.07494,-37.9991,METRO BUS
145.07306,-37.99747,METRO BUS
145.07055,-37.99532,METRO BUS
145.06866,-37.99391,METRO BUS
145.06572,-37.99153,METRO BUS
145.06472,-37.98845,METRO BUS
145.06479,-37.9863,METRO BUS
145.06486,-37.98469,METRO BUS
145.06616,-37.98149,METRO BUS
145.06913,-37.98184,METRO BUS
145.07175,-37.9806,METRO BUS
145.07213,-37.97859,METRO BUS
145.07253,-37.97647,METRO BUS
145.07293,-37.97446,METRO BUS
145.07318,-37.9731,METRO BUS
145.07351,-37.97144,METRO BUS
145.07421,-37.96818,METRO BUS
145.07453,-37.96591,METRO BUS
145.07497,-37.96345,METRO BUS
145.0756,-37.95991,METRO BUS
145.07595,-37.95785,METRO BUS
145.07653,-37.9556,METRO BUS
145.07675,-37.95411,METRO BUS
145.07739,-37.95114,METRO BUS
145.07787,-37.94862,METRO BUS
145.07863,-37.94512,METRO BUS
145.07994,-37.93821,METRO BUS
145.08078,-37.9336,METRO BUS
145.08183,-37.92744,METRO BUS
145.08265,-37.92371,METRO BUS
145.08319,-37.92054,METRO BUS
145.08361,-37.91847,METRO BUS
145.08452,-37.91387,METRO BUS
145.08538,-37.90816,METRO BUS
145.08574,-37.90633,METRO BUS
145.08619,-37.90399,METRO BUS
145.09101,-37.87943,METRO BUS
145.09177,-37.87526,METRO BUS
145.09228,-37.87236,METRO BUS
145.09279,-37.86725,METRO BUS
145.093,-37.86541,METRO BUS
145.0934,-37.86318,METRO BUS
145.09385,-37.86068,METRO BUS
145.09426,-37.85846,METRO BUS
145.09451,-37.85711,METRO BUS
145.09528,-37.85288,METRO BUS
145.09637,-37.84662,METRO BUS
145.09667,-37.84492,METRO BUS
145.11192,-37.83763,METRO BUS
145.11523,-37.83801,METRO BUS
145.11782,-37.83831,METRO BUS
145.11953,-37.8385,METRO BUS
144.78246,-37.75834,METRO BUS
144.78517,-37.75727,METRO BUS
144.78821,-37.75735,METRO BUS
144.8011,-37.75896,METRO BUS
144.80408,-37.75932,METRO BUS
144.80769,-37.75976,METRO BUS
144.80952,-37.75821,METRO BUS
145.05671,-37.75276,METRO BUS
145.10133,-37.77165,METRO BUS
144.80336,-37.7515,METRO BUS
144.80018,-37.7474,METRO BUS
144.76585,-37.73156,METRO BUS
144.76482,-37.72904,METRO BUS
144.76597,-37.72603,METRO BUS
144.76708,-37.72585,METRO BUS
144.76925,-37.72142,METRO BUS
144.76599,-37.69681,METRO BUS
145.04443,-37.73646,METRO BUS
144.76491,-37.69967,METRO BUS
144.76465,-37.70307,METRO BUS
144.76533,-37.70526,METRO BUS
144.59877,-37.67048,METRO BUS
144.77109,-37.71053,METRO BUS
145.00943,-37.76066,METRO BUS
145.00528,-37.76004,METRO BUS
145.00092,-37.75957,METRO BUS
144.99739,-37.75917,METRO BUS
144.9934,-37.75868,METRO BUS
144.99047,-37.75845,METRO BUS
144.98735,-37.75807,METRO BUS
144.98505,-37.75782,METRO BUS
144.98148,-37.7574,METRO BUS
144.97835,-37.75701,METRO BUS
144.9752,-37.75666,METRO BUS
144.9706,-37.75614,METRO BUS
144.96736,-37.75579,METRO BUS
144.96357,-37.75532,METRO BUS
144.96142,-37.75506,METRO BUS
144.9589,-37.75475,METRO BUS
144.95595,-37.75442,METRO BUS
144.95432,-37.75423,METRO BUS
144.95194,-37.75396,METRO BUS
144.94912,-37.75363,METRO BUS
144.9476,-37.75345,METRO BUS
144.94536,-37.75319,METRO BUS
144.94332,-37.75294,METRO BUS
144.94049,-37.75263,METRO BUS
145.13084,-37.81808,METRO BUS
144.93853,-37.75239,METRO BUS
144.9346,-37.75187,METRO BUS
144.93241,-37.75167,METRO BUS
144.93053,-37.75142,METRO BUS
144.92781,-37.75109,METRO BUS
144.9259,-37.75088,METRO BUS
144.92543,-37.75614,METRO BUS
144.92307,-37.75759,METRO BUS
145.10987,-37.77302,METRO BUS
144.92673,-37.68416,METRO BUS
144.92782,-37.683,METRO BUS
144.92852,-37.67957,METRO BUS
144.93144,-37.66479,METRO BUS
144.92928,-37.6642,METRO BUS
144.92754,-37.66184,METRO BUS
144.92669,-37.65983,METRO BUS
144.92811,-37.65681,METRO BUS
145.18653,-37.89144,METRO BUS
144.93094,-37.65547,METRO BUS
144.93339,-37.65534,METRO BUS
144.93485,-37.65614,METRO BUS
144.93576,-37.65849,METRO BUS
144.93671,-37.66082,METRO BUS
144.93757,-37.66307,METRO BUS
144.93784,-37.66485,METRO BUS
144.92221,-37.68501,METRO BUS
144.93249,-37.68688,METRO BUS
144.93556,-37.68727,METRO BUS
144.9417,-37.688,METRO BUS
144.94702,-37.68852,METRO BUS
144.95108,-37.68893,METRO BUS
144.95687,-37.68955,METRO BUS
144.8461,-37.84469,METRO BUS
144.84653,-37.84215,METRO BUS
144.84683,-37.84039,METRO BUS
144.84835,-37.83874,METRO BUS
144.85275,-37.83917,METRO BUS
144.85566,-37.83953,METRO BUS
144.85917,-37.8394,METRO BUS
144.86207,-37.8378,METRO BUS
144.86892,-37.84507,METRO BUS
144.86931,-37.84733,METRO BUS
144.872,-37.84762,METRO BUS
144.87314,-37.84539,METRO BUS
144.87492,-37.84558,METRO BUS
144.87655,-37.84438,METRO BUS
145.05731,-37.75523,METRO BUS
144.8769,-37.84244,METRO BUS
145.36436,-37.85531,METRO BUS
145.36126,-37.84786,METRO BUS
145.36064,-37.84483,METRO BUS
145.35881,-37.84132,METRO BUS
145.35774,-37.83892,METRO BUS
145.35659,-37.83673,METRO BUS
145.3564,-37.83476,METRO BUS
145.35585,-37.83353,METRO BUS
145.35984,-37.8313,METRO BUS
145.36047,-37.82657,METRO BUS
145.36401,-37.82586,METRO BUS
145.3671,-37.81777,METRO BUS
145.37304,-37.81783,METRO BUS
145.38028,-37.81797,METRO BUS
145.38185,-37.8151,METRO BUS
145.37909,-37.81392,METRO BUS
145.381,-37.81151,METRO BUS
145.37736,-37.80982,METRO BUS
145.02437,-37.73421,METRO BUS
145.36782,-37.81079,METRO BUS
145.36199,-37.81305,METRO BUS
145.3602,-37.81401,METRO BUS
145.35651,-37.81502,METRO BUS
145.35086,-37.8139,METRO BUS
145.34819,-37.81266,METRO BUS
145.34365,-37.81038,METRO BUS
145.33575,-37.81151,METRO BUS
145.02504,-37.73157,METRO BUS
145.33233,-37.80991,METRO BUS
145.3302,-37.80911,METRO BUS
145.32742,-37.80797,METRO BUS
145.32344,-37.80624,METRO BUS
145.32595,-37.80726,METRO BUS
145.32086,-37.80509,METRO BUS
145.31823,-37.80397,METRO BUS
145.3167,-37.80325,METRO BUS
145.31447,-37.80255,METRO BUS
145.3127,-37.8023,METRO BUS
145.02548,-37.72927,METRO BUS
145.30897,-37.80182,METRO BUS
145.30281,-37.8011,METRO BUS
145.29993,-37.80079,METRO BUS
145.29542,-37.80029,METRO BUS
145.29104,-37.79975,METRO BUS
145.2881,-37.7994,METRO BUS
145.28609,-37.79912,METRO BUS
145.28305,-37.79876,METRO BUS
145.28019,-37.79735,METRO BUS
145.35584,-37.84474,METRO BUS
145.35298,-37.84181,METRO BUS
145.35334,-37.83928,METRO BUS
145.35152,-37.83599,METRO BUS
145.35064,-37.83352,METRO BUS
145.35268,-37.83215,METRO BUS
145.35563,-37.83053,METRO BUS
145.35598,-37.82861,METRO BUS
145.35855,-37.82487,METRO BUS
145.36229,-37.82297,METRO BUS
145.28711,-37.86001,METRO BUS
145.29229,-37.8602,METRO BUS
145.29501,-37.85806,METRO BUS
145.29624,-37.85634,METRO BUS
145.29767,-37.85432,METRO BUS
145.29857,-37.85221,METRO BUS
145.29902,-37.84984,METRO BUS
145.2995,-37.8473,METRO BUS
145.30003,-37.84461,METRO BUS
145.30393,-37.84698,METRO BUS
145.02099,-37.72059,METRO BUS
145.30413,-37.84458,METRO BUS
145.30146,-37.84067,METRO BUS
145.3017,-37.83739,METRO BUS
145.30392,-37.83702,METRO BUS
145.3045,-37.83647,METRO BUS
145.3066,-37.83577,METRO BUS
145.30681,-37.83413,METRO BUS
145.30501,-37.83322,METRO BUS
145.30281,-37.83274,METRO BUS
145.08606,-37.77716,METRO BUS
145.30154,-37.83306,METRO BUS
145.29961,-37.83211,METRO BUS
145.29625,-37.83111,METRO BUS
145.29261,-37.83102,METRO BUS
145.29347,-37.82983,METRO BUS
145.29393,-37.82825,METRO BUS
145.29495,-37.82761,METRO BUS
145.29651,-37.82892,METRO BUS
145.29737,-37.8275,METRO BUS
145.29791,-37.82527,METRO BUS
145.08905,-37.77604,METRO BUS
145.30134,-37.82486,METRO BUS
145.30271,-37.82636,METRO BUS
145.30409,-37.82301,METRO BUS
145.31677,-37.81698,METRO BUS
145.31616,-37.81246,METRO BUS
145.31596,-37.81103,METRO BUS
145.06245,-37.75582,METRO BUS
145.31573,-37.80943,METRO BUS
145.31532,-37.80656,METRO BUS
145.31496,-37.80366,METRO BUS
145.34187,-37.80956,METRO BUS
145.33965,-37.80628,METRO BUS
145.33984,-37.8026,METRO BUS
145.33689,-37.80108,METRO BUS
145.33413,-37.80076,METRO BUS
145.33037,-37.80039,METRO BUS
145.32738,-37.80053,METRO BUS
145.11346,-37.7735,METRO BUS
145.32454,-37.80092,METRO BUS
144.73042,-37.68897,METRO BUS
144.74628,-37.69238,METRO BUS
144.75059,-37.69292,METRO BUS
144.75551,-37.69354,METRO BUS
144.7614,-37.69423,METRO BUS
144.86404,-37.76686,METRO BUS
144.86518,-37.76943,METRO BUS
144.77365,-37.69587,METRO BUS
144.78019,-37.6973,METRO BUS
145.00979,-37.71289,METRO BUS
144.7858,-37.70269,METRO BUS
144.78645,-37.70537,METRO BUS
144.79104,-37.70665,METRO BUS
144.79356,-37.70662,METRO BUS
144.79525,-37.70804,METRO BUS
144.79825,-37.70845,METRO BUS
144.80034,-37.70874,METRO BUS
144.88033,-37.77974,METRO BUS
144.88476,-37.78314,METRO BUS
145.01116,-37.7111,METRO BUS
144.88707,-37.78334,METRO BUS
144.8909,-37.78431,METRO BUS
144.89003,-37.78885,METRO BUS
144.89889,-37.79393,METRO BUS
144.89297,-37.79219,METRO BUS
144.89049,-37.79139,METRO BUS
144.77742,-37.68717,METRO BUS
144.78021,-37.6856,METRO BUS
144.78293,-37.68877,METRO BUS
144.78581,-37.68995,METRO BUS
145.0127,-37.70901,METRO BUS
144.78913,-37.69115,METRO BUS
144.79283,-37.69377,METRO BUS
144.79568,-37.69543,METRO BUS
144.79754,-37.6986,METRO BUS
144.797,-37.70066,METRO BUS
144.80075,-37.70153,METRO BUS
144.80415,-37.71239,METRO BUS
144.80384,-37.71428,METRO BUS
144.80575,-37.71552,METRO BUS
144.80795,-37.71527,METRO BUS
145.01411,-37.70715,METRO BUS
144.81167,-37.71663,METRO BUS
144.81233,-37.71854,METRO BUS
144.81252,-37.7212,METRO BUS
144.81225,-37.72304,METRO BUS
144.81211,-37.72603,METRO BUS
144.81472,-37.72812,METRO BUS
145.01542,-37.67138,METRO BUS
145.01499,-37.70605,METRO BUS
145.01438,-37.72753,METRO BUS
145.01374,-37.73094,METRO BUS
145.01892,-37.73179,METRO BUS
145.01867,-37.7332,METRO BUS
145.01838,-37.73465,METRO BUS
145.01939,-37.73497,METRO BUS
145.02237,-37.73529,METRO BUS
144.81654,-37.7312,METRO BUS
144.81858,-37.73341,METRO BUS
144.82073,-37.73616,METRO BUS
145.01633,-37.70426,METRO BUS
144.82269,-37.73846,METRO BUS
144.82476,-37.74071,METRO BUS
144.82686,-37.74316,METRO BUS
144.82854,-37.74513,METRO BUS
144.82765,-37.74766,METRO BUS
144.8242,-37.7472,METRO BUS
144.82106,-37.74682,METRO BUS
144.81687,-37.74633,METRO BUS
144.81022,-37.7455,METRO BUS
145.05801,-37.6977,METRO BUS
145.01789,-37.70217,METRO BUS
145.05449,-37.69732,METRO BUS
145.02238,-37.73537,METRO BUS
145.01989,-37.73512,METRO BUS
145.01401,-37.73446,METRO BUS
144.7722,-37.71398,METRO BUS
144.59839,-37.67245,METRO BUS
145.02851,-37.86246,METRO TRAM
145.02538,-37.86207,METRO TRAM
144.89884,-37.7697,METRO TRAM
145.02275,-37.86171,METRO TRAM
145.04338,-37.86423,METRO TRAM
145.0199,-37.86135,METRO TRAM
145.04657,-37.86461,METRO TRAM
144.96427,-37.73162,METRO TRAM
144.98405,-37.85056,METRO TRAM
144.89198,-37.76889,METRO TRAM
144.98773,-37.85105,METRO TRAM
144.98973,-37.85132,METRO TRAM
144.99321,-37.85176,METRO TRAM
144.88894,-37.76863,METRO TRAM
144.99644,-37.8522,METRO TRAM
145.05007,-37.86508,METRO TRAM
144.99809,-37.85243,METRO TRAM
144.96647,-37.74147,METRO TRAM
144.96615,-37.74326,METRO TRAM
144.96584,-37.74506,METRO TRAM
144.9652,-37.74874,METRO TRAM
144.96464,-37.75207,METRO TRAM
144.99969,-37.85265,METRO TRAM
144.96402,-37.75564,METRO TRAM
144.96364,-37.75781,METRO TRAM
144.96309,-37.76096,METRO TRAM
144.9627,-37.76323,METRO TRAM
144.9623,-37.76558,METRO TRAM
144.96203,-37.76714,METRO TRAM
144.96172,-37.76895,METRO TRAM
144.96126,-37.77164,METRO TRAM
144.96074,-37.77484,METRO TRAM
144.96027,-37.77759,METRO TRAM
144.95964,-37.78189,METRO TRAM
144.95927,-37.78486,METRO TRAM
144.95889,-37.78793,METRO TRAM
144.95864,-37.79002,METRO TRAM
144.95831,-37.79268,METRO TRAM
144.95794,-37.79566,METRO TRAM
145.00232,-37.85301,METRO TRAM
145.00628,-37.85356,METRO TRAM
145.00865,-37.85387,METRO TRAM
145.01145,-37.85422,METRO TRAM
145.01497,-37.85468,METRO TRAM
145.01825,-37.85512,METRO TRAM
145.02058,-37.85542,METRO TRAM
145.02367,-37.85583,METRO TRAM
145.02594,-37.85612,METRO TRAM
145.02917,-37.85654,METRO TRAM
145.03238,-37.85694,METRO TRAM
145.03561,-37.85738,METRO TRAM
145.03801,-37.85769,METRO TRAM
145.04105,-37.85808,METRO TRAM
145.0442,-37.85845,METRO TRAM
145.04825,-37.85895,METRO TRAM
145.05121,-37.85931,METRO TRAM
145.0538,-37.85961,METRO TRAM
145.05633,-37.86,METRO TRAM
145.05419,-37.85978,METRO TRAM
145.0515,-37.85949,METRO TRAM
145.04841,-37.85911,METRO TRAM
145.0447,-37.85867,METRO TRAM
145.04136,-37.85827,METRO TRAM
145.03801,-37.85782,METRO TRAM
145.0358,-37.85756,METRO TRAM
145.03289,-37.85716,METRO TRAM
145.02956,-37.85671,METRO TRAM
145.02623,-37.85629,METRO TRAM
145.02383,-37.856,METRO TRAM
145.0208,-37.85559,METRO TRAM
145.0184,-37.85527,METRO TRAM
145.01536,-37.85487,METRO TRAM
145.01171,-37.85439,METRO TRAM
145.00868,-37.85399,METRO TRAM
145.00687,-37.85376,METRO TRAM
145.00262,-37.85317,METRO TRAM
145.00011,-37.85283,METRO TRAM
144.99861,-37.85262,METRO TRAM
145.047,-37.86478,METRO TRAM
144.96365,-37.72758,METRO TRAM
144.96386,-37.72989,METRO TRAM
144.96463,-37.73211,METRO TRAM
144.96541,-37.73386,METRO TRAM
144.96608,-37.73553,METRO TRAM
144.96693,-37.7375,METRO TRAM
144.96666,-37.74116,METRO TRAM
144.96636,-37.74314,METRO TRAM
144.96606,-37.74489,METRO TRAM
144.96545,-37.74847,METRO TRAM
144.96485,-37.75186,METRO TRAM
144.96455,-37.7535,METRO TRAM
144.96417,-37.75528,METRO TRAM
144.96388,-37.75742,METRO TRAM
144.96331,-37.76074,METRO TRAM
144.9629,-37.76308,METRO TRAM
144.96251,-37.76536,METRO TRAM
144.96223,-37.76698,METRO TRAM
144.96192,-37.76876,METRO TRAM
144.96147,-37.77137,METRO TRAM
144.96039,-37.77765,METRO TRAM
144.95984,-37.78168,METRO TRAM
144.95951,-37.78459,METRO TRAM
144.95913,-37.78767,METRO TRAM
144.95888,-37.78972,METRO TRAM
144.95854,-37.79242,METRO TRAM
144.95817,-37.79556,METRO TRAM
144.96835,-37.81277,METRO TRAM
144.9659,-37.81348,METRO TRAM
144.96351,-37.81422,METRO TRAM
144.95983,-37.81525,METRO TRAM
144.95762,-37.81588,METRO TRAM
144.99653,-37.85235,METRO TRAM
144.99353,-37.85195,METRO TRAM
144.9893,-37.85139,METRO TRAM
144.98793,-37.85121,METRO TRAM
144.98437,-37.85076,METRO TRAM
144.96532,-37.7341,METRO TRAM
144.95351,-37.81706,METRO TRAM
144.954,-37.81685,METRO TRAM
144.96477,-37.81772,METRO TRAM
144.96367,-37.81543,METRO TRAM
144.96276,-37.81345,METRO TRAM
144.96143,-37.81056,METRO TRAM
144.95957,-37.80656,METRO TRAM
144.95746,-37.80606,METRO TRAM
144.95391,-37.80569,METRO TRAM
144.95239,-37.80552,METRO TRAM
144.94945,-37.8052,METRO TRAM
144.94934,-37.80496,METRO TRAM
144.95203,-37.8054,METRO TRAM
144.9535,-37.80556,METRO TRAM
144.95797,-37.80607,METRO TRAM
144.95746,-37.80195,METRO TRAM
144.95748,-37.79998,METRO TRAM
144.9576,-37.79954,METRO TRAM
144.95766,-37.80215,METRO TRAM
144.95985,-37.80689,METRO TRAM
144.96178,-37.81111,METRO TRAM
144.96313,-37.81404,METRO TRAM
144.964,-37.81593,METRO TRAM
144.96484,-37.8179,METRO TRAM
144.9736,-37.80576,METRO TRAM
144.97295,-37.80968,METRO TRAM
144.97265,-37.81149,METRO TRAM
144.95791,-37.81571,METRO TRAM
144.96015,-37.81508,METRO TRAM
144.96369,-37.81403,METRO TRAM
144.96638,-37.81327,METRO TRAM
144.96917,-37.81247,METRO TRAM
145.04371,-37.86439,METRO TRAM
144.97226,-37.81154,METRO TRAM
144.9729,-37.80942,METRO TRAM
144.97355,-37.80568,METRO TRAM
144.97632,-37.80827,METRO TRAM
144.97573,-37.80939,METRO TRAM
144.97437,-37.81242,METRO TRAM
144.97329,-37.81356,METRO TRAM
144.96596,-37.81567,METRO TRAM
144.9634,-37.81642,METRO TRAM
144.95943,-37.81761,METRO TRAM
144.95506,-37.81885,METRO TRAM
144.95518,-37.81874,METRO TRAM
144.95991,-37.81737,METRO TRAM
144.96386,-37.81621,METRO TRAM
144.96628,-37.81552,METRO TRAM
144.97348,-37.81342,METRO TRAM
144.97444,-37.8122,METRO TRAM
144.88673,-37.76889,METRO TRAM
144.88281,-37.76964,METRO TRAM
144.88218,-37.7731,METRO TRAM
144.88214,-37.77521,METRO TRAM
144.88557,-37.77604,METRO TRAM
144.88575,-37.77933,METRO TRAM
144.88779,-37.77959,METRO TRAM
144.89093,-37.78,METRO TRAM
144.89115,-37.78224,METRO TRAM
144.8906,-37.7849,METRO TRAM
144.88992,-37.78864,METRO TRAM
144.88955,-37.79048,METRO TRAM
144.89357,-37.79258,METRO TRAM
144.89552,-37.79489,METRO TRAM
144.89713,-37.79679,METRO TRAM
144.89974,-37.79984,METRO TRAM
144.90106,-37.80008,METRO TRAM
144.90092,-37.80137,METRO TRAM
144.90512,-37.77043,METRO TRAM
144.909,-37.77086,METRO TRAM
144.91233,-37.77124,METRO TRAM
144.91594,-37.77171,METRO TRAM
144.92114,-37.77221,METRO TRAM
144.92371,-37.77247,METRO TRAM
144.92428,-37.77005,METRO TRAM
144.87798,-37.76886,METRO TRAM
144.91594,-37.77357,METRO TRAM
144.91556,-37.77589,METRO TRAM
144.91485,-37.78018,METRO TRAM
144.91671,-37.78259,METRO TRAM
144.91812,-37.78402,METRO TRAM
144.91999,-37.78604,METRO TRAM
144.92201,-37.78735,METRO TRAM
144.92495,-37.78763,METRO TRAM
144.92815,-37.78797,METRO TRAM
144.93124,-37.78824,METRO TRAM
144.93349,-37.78844,METRO TRAM
144.93658,-37.78877,METRO TRAM
144.93985,-37.78913,METRO TRAM
144.94349,-37.79039,METRO TRAM
144.9471,-37.79411,METRO TRAM
144.97561,-37.80969,METRO TRAM
144.97356,-37.80802,METRO TRAM
144.97097,-37.80761,METRO TRAM
144.96412,-37.80954,METRO TRAM
144.95676,-37.81169,METRO TRAM
144.94051,-37.81378,METRO TRAM
144.93875,-37.81435,METRO TRAM
144.94151,-37.81331,METRO TRAM
144.9464,-37.8146,METRO TRAM
144.96103,-37.81035,METRO TRAM
144.96479,-37.80928,METRO TRAM
144.97027,-37.80766,METRO TRAM
144.97283,-37.80786,METRO TRAM
144.97633,-37.80821,METRO TRAM
144.9449,-37.8147,METRO TRAM
144.94625,-37.81782,METRO TRAM
144.94761,-37.82147,METRO TRAM
144.95121,-37.82184,METRO TRAM
144.95361,-37.82147,METRO TRAM
144.94634,-37.79828,METRO TRAM
144.94585,-37.801,METRO TRAM
144.94563,-37.80239,METRO TRAM
144.94975,-37.78802,METRO TRAM
144.94885,-37.78454,METRO TRAM
144.94922,-37.78262,METRO TRAM
144.95136,-37.78075,METRO TRAM
144.9498,-37.77707,METRO TRAM
144.94892,-37.77554,METRO TRAM
144.94954,-37.77226,METRO TRAM
144.94953,-37.77005,METRO TRAM
144.94332,-37.76731,METRO TRAM
144.94389,-37.76471,METRO TRAM
144.94438,-37.76204,METRO TRAM
144.94499,-37.75856,METRO TRAM
144.94539,-37.75662,METRO TRAM
144.9459,-37.75316,METRO TRAM
144.94456,-37.7464,METRO TRAM
144.945,-37.74393,METRO TRAM
144.9454,-37.74159,METRO TRAM
144.94559,-37.74012,METRO TRAM
144.9618,-37.81906,METRO TRAM
144.96463,-37.81824,METRO TRAM
144.96713,-37.81756,METRO TRAM
144.97084,-37.81643,METRO TRAM
144.97454,-37.81536,METRO TRAM
144.97716,-37.81545,METRO TRAM
144.97979,-37.81575,METRO TRAM
144.98477,-37.8163,METRO TRAM
144.98698,-37.81654,METRO TRAM
144.98968,-37.81739,METRO TRAM
144.99022,-37.81753,METRO TRAM
144.98697,-37.8166,METRO TRAM
144.98383,-37.81626,METRO TRAM
144.97933,-37.81577,METRO TRAM
144.97666,-37.81547,METRO TRAM
144.97417,-37.81554,METRO TRAM
144.97913,-37.81959,METRO TRAM
144.98353,-37.82238,METRO TRAM
144.98686,-37.82414,METRO TRAM
144.98675,-37.82383,METRO TRAM
144.9828,-37.82214,METRO TRAM
144.97842,-37.81935,METRO TRAM
144.97029,-37.81666,METRO TRAM
144.96649,-37.81776,METRO TRAM
144.96428,-37.81841,METRO TRAM
144.96128,-37.81931,METRO TRAM
144.95322,-37.82173,METRO TRAM
144.95091,-37.822,METRO TRAM
144.9475,-37.82173,METRO TRAM
144.94596,-37.81746,METRO TRAM
144.94458,-37.81425,METRO TRAM
144.95665,-37.82566,METRO TRAM
144.95606,-37.82329,METRO TRAM
144.95526,-37.82155,METRO TRAM
144.95379,-37.81832,METRO TRAM
144.95238,-37.81531,METRO TRAM
144.9515,-37.81341,METRO TRAM
144.95231,-37.81496,METRO TRAM
144.95404,-37.81876,METRO TRAM
144.95541,-37.82177,METRO TRAM
144.95631,-37.82359,METRO TRAM
144.95825,-37.81587,METRO TRAM
144.95652,-37.812,METRO TRAM
144.95603,-37.80539,METRO TRAM
144.95608,-37.8057,METRO TRAM
144.95578,-37.80744,METRO TRAM
144.95575,-37.80722,METRO TRAM
144.9568,-37.81246,METRO TRAM
144.95816,-37.81544,METRO TRAM
144.95909,-37.81746,METRO TRAM
144.96124,-37.81951,METRO TRAM
144.96122,-37.82212,METRO TRAM
144.96423,-37.82977,METRO TRAM
144.96982,-37.8328,METRO TRAM
144.9698,-37.83289,METRO TRAM
144.96538,-37.83107,METRO TRAM
144.96533,-37.83009,METRO TRAM
144.96575,-37.82843,METRO TRAM
144.96663,-37.82578,METRO TRAM
144.96722,-37.82379,METRO TRAM
144.96718,-37.82409,METRO TRAM
144.96666,-37.82592,METRO TRAM
144.96606,-37.82818,METRO TRAM
144.96539,-37.83012,METRO TRAM
144.96058,-37.82626,METRO TRAM
145.01861,-37.81791,METRO TRAM
145.0206,-37.81592,METRO TRAM
145.02325,-37.81325,METRO TRAM
145.03384,-37.80562,METRO TRAM
145.03555,-37.80499,METRO TRAM
145.03975,-37.80349,METRO TRAM
145.04256,-37.80247,METRO TRAM
145.04598,-37.80126,METRO TRAM
145.05044,-37.79941,METRO TRAM
145.05202,-37.79863,METRO TRAM
145.05476,-37.79744,METRO TRAM
145.05716,-37.7964,METRO TRAM
145.06109,-37.79465,METRO TRAM
145.06366,-37.79353,METRO TRAM
145.06745,-37.79284,METRO TRAM
145.07144,-37.79271,METRO TRAM
145.07427,-37.79322,METRO TRAM
145.07747,-37.79376,METRO TRAM
145.08119,-37.79426,METRO TRAM
144.98835,-37.87012,METRO TRAM
144.99008,-37.87288,METRO TRAM
144.99202,-37.87596,METRO TRAM
144.99389,-37.87895,METRO TRAM
144.99508,-37.88084,METRO TRAM
144.99634,-37.88286,METRO TRAM
144.99758,-37.8839,METRO TRAM
145.00056,-37.88431,METRO TRAM
145.00395,-37.88475,METRO TRAM
145.00621,-37.88505,METRO TRAM
145.00911,-37.88539,METRO TRAM
145.01224,-37.88576,METRO TRAM
145.01509,-37.8861,METRO TRAM
145.01826,-37.8865,METRO TRAM
145.02223,-37.88699,METRO TRAM
145.02414,-37.88722,METRO TRAM
145.02711,-37.88761,METRO TRAM
145.0289,-37.88784,METRO TRAM
145.03099,-37.88811,METRO TRAM
145.03343,-37.88842,METRO TRAM
145.03548,-37.88867,METRO TRAM
145.03781,-37.88896,METRO TRAM
145.04077,-37.88931,METRO TRAM
145.04275,-37.88955,METRO TRAM
145.04504,-37.88984,METRO TRAM
145.04766,-37.89014,METRO TRAM
145.0499,-37.89041,METRO TRAM
145.05219,-37.89071,METRO TRAM
145.05405,-37.89107,METRO TRAM
145.05437,-37.8927,METRO TRAM
145.0558,-37.89386,METRO TRAM
145.01689,-37.91422,METRO TRAM
145.01739,-37.91109,METRO TRAM
145.01777,-37.90873,METRO TRAM
145.01814,-37.90657,METRO TRAM
145.01859,-37.90409,METRO TRAM
145.01907,-37.90157,METRO TRAM
145.01953,-37.8995,METRO TRAM
145.02007,-37.8967,METRO TRAM
145.02037,-37.89506,METRO TRAM
145.02069,-37.89314,METRO TRAM
145.02133,-37.88994,METRO TRAM
145.02185,-37.88708,METRO TRAM
145.02235,-37.88458,METRO TRAM
145.02272,-37.88258,METRO TRAM
145.02321,-37.88013,METRO TRAM
145.02372,-37.87749,METRO TRAM
145.02415,-37.87525,METRO TRAM
145.0246,-37.87289,METRO TRAM
145.02519,-37.8697,METRO TRAM
145.02552,-37.86799,METRO TRAM
145.0259,-37.8659,METRO TRAM
145.02368,-37.86462,METRO TRAM
145.02191,-37.86382,METRO TRAM
145.01883,-37.86251,METRO TRAM
145.0147,-37.86081,METRO TRAM
145.01083,-37.8603,METRO TRAM
145.00728,-37.85983,METRO TRAM
145.0043,-37.85942,METRO TRAM
145.00165,-37.85907,METRO TRAM
144.99754,-37.85851,METRO TRAM
144.99575,-37.85828,METRO TRAM
144.99169,-37.85743,METRO TRAM
144.96122,-37.82171,METRO TRAM
145.05877,-37.87727,METRO TRAM
145.0569,-37.8771,METRO TRAM
145.055,-37.87687,METRO TRAM
145.05108,-37.87638,METRO TRAM
145.04833,-37.87605,METRO TRAM
145.04507,-37.87584,METRO TRAM
145.04194,-37.8764,METRO TRAM
145.0391,-37.87536,METRO TRAM
145.03814,-37.87449,METRO TRAM
145.03613,-37.87414,METRO TRAM
145.03204,-37.87364,METRO TRAM
145.02814,-37.87314,METRO TRAM
145.02495,-37.8728,METRO TRAM
144.96111,-37.81943,METRO TRAM
145.02117,-37.8723,METRO TRAM
144.95917,-37.81782,METRO TRAM
145.09138,-37.81411,METRO TRAM
144.96496,-37.83223,METRO TRAM
144.96385,-37.83447,METRO TRAM
144.96131,-37.8352,METRO TRAM
144.95891,-37.83595,METRO TRAM
144.90257,-37.7703,METRO TRAM
144.89909,-37.76983,METRO TRAM
144.89612,-37.76951,METRO TRAM
144.89218,-37.76906,METRO TRAM
144.88955,-37.76874,METRO TRAM
144.88716,-37.769,METRO TRAM
144.88208,-37.76938,METRO TRAM
144.88227,-37.77329,METRO TRAM
144.88199,-37.77493,METRO TRAM
144.88564,-37.77629,METRO TRAM
144.88521,-37.7785,METRO TRAM
144.88809,-37.77955,METRO TRAM
144.89124,-37.77992,METRO TRAM
144.89135,-37.78212,METRO TRAM
144.89087,-37.78444,METRO TRAM
144.89007,-37.7888,METRO TRAM
144.88972,-37.79055,METRO TRAM
144.89351,-37.79231,METRO TRAM
144.89549,-37.79462,METRO TRAM
144.89676,-37.79614,METRO TRAM
144.89941,-37.79928,METRO TRAM
144.90092,-37.79985,METRO TRAM
144.92444,-37.77005,METRO TRAM
144.92402,-37.77245,METRO TRAM
144.92123,-37.77234,METRO TRAM
144.91632,-37.77181,METRO TRAM
144.91276,-37.77141,METRO TRAM
144.90918,-37.77103,METRO TRAM
144.90567,-37.77063,METRO TRAM
144.91607,-37.77187,METRO TRAM
144.91578,-37.7737,METRO TRAM
144.9154,-37.7761,METRO TRAM
144.91495,-37.77863,METRO TRAM
144.91484,-37.77993,METRO TRAM
144.91668,-37.78267,METRO TRAM
144.9182,-37.78443,METRO TRAM
144.91979,-37.78591,METRO TRAM
144.92189,-37.78745,METRO TRAM
144.92534,-37.78774,METRO TRAM
144.92839,-37.78807,METRO TRAM
144.93046,-37.78835,METRO TRAM
144.93352,-37.78851,METRO TRAM
144.93548,-37.78875,METRO TRAM
144.94015,-37.78921,METRO TRAM
144.94716,-37.79373,METRO TRAM
144.94632,-37.79797,METRO TRAM
144.94583,-37.80067,METRO TRAM
144.9458,-37.80266,METRO TRAM
144.94962,-37.78788,METRO TRAM
144.94867,-37.78438,METRO TRAM
144.94928,-37.78238,METRO TRAM
144.95092,-37.78087,METRO TRAM
144.94949,-37.77692,METRO TRAM
144.94932,-37.77244,METRO TRAM
144.94974,-37.7703,METRO TRAM
144.94442,-37.76959,METRO TRAM
144.94309,-37.76761,METRO TRAM
144.94368,-37.76491,METRO TRAM
144.94415,-37.76216,METRO TRAM
144.94477,-37.75874,METRO TRAM
144.94566,-37.75343,METRO TRAM
144.94477,-37.74412,METRO TRAM
144.94513,-37.74197,METRO TRAM
145.08463,-37.79465,METRO TRAM
145.08094,-37.79437,METRO TRAM
145.07772,-37.79394,METRO TRAM
145.07457,-37.79341,METRO TRAM
145.07072,-37.79273,METRO TRAM
145.0674,-37.79301,METRO TRAM
144.95641,-37.83663,METRO TRAM
145.06135,-37.7947,METRO TRAM
145.05767,-37.79632,METRO TRAM
145.05393,-37.79797,METRO TRAM
145.05219,-37.79872,METRO TRAM
145.05027,-37.79956,METRO TRAM
145.04617,-37.80132,METRO TRAM
145.04265,-37.80258,METRO TRAM
145.04001,-37.80354,METRO TRAM
145.03598,-37.80501,METRO TRAM
145.03417,-37.80564,METRO TRAM
145.03131,-37.80667,METRO TRAM
145.02098,-37.81576,METRO TRAM
145.01875,-37.81797,METRO TRAM
145.0006,-37.81091,METRO TRAM
145.00017,-37.81259,METRO TRAM
144.99988,-37.81432,METRO TRAM
144.99957,-37.81596,METRO TRAM
144.99908,-37.81873,METRO TRAM
144.99881,-37.8203,METRO TRAM
144.99854,-37.82184,METRO TRAM
144.99816,-37.82406,METRO TRAM
144.99786,-37.82587,METRO TRAM
144.99727,-37.82897,METRO TRAM
144.99706,-37.8305,METRO TRAM
144.99669,-37.83279,METRO TRAM
144.99602,-37.83696,METRO TRAM
144.9955,-37.83965,METRO TRAM
144.99509,-37.84202,METRO TRAM
144.99465,-37.84383,METRO TRAM
144.99403,-37.84698,METRO TRAM
144.99368,-37.84911,METRO TRAM
144.99328,-37.85196,METRO TRAM
144.99283,-37.8541,METRO TRAM
144.99245,-37.85624,METRO TRAM
144.99215,-37.85792,METRO TRAM
144.99187,-37.85953,METRO TRAM
144.99151,-37.86158,METRO TRAM
144.99119,-37.86339,METRO TRAM
144.99079,-37.86544,METRO TRAM
144.99014,-37.86825,METRO TRAM
144.98868,-37.86809,METRO TRAM
144.99023,-37.86848,METRO TRAM
144.98973,-37.87115,METRO TRAM
144.98657,-37.86783,METRO TRAM
144.98401,-37.86748,METRO TRAM
144.98108,-37.86707,METRO TRAM
144.99424,-37.86881,METRO TRAM
144.99651,-37.86907,METRO TRAM
144.99929,-37.86943,METRO TRAM
145.00158,-37.86971,METRO TRAM
145.00532,-37.87017,METRO TRAM
145.00847,-37.87055,METRO TRAM
145.01236,-37.87107,METRO TRAM
145.01473,-37.87134,METRO TRAM
145.01762,-37.87173,METRO TRAM
145.0211,-37.87214,METRO TRAM
145.02443,-37.87257,METRO TRAM
145.02854,-37.87308,METRO TRAM
145.03125,-37.8734,METRO TRAM
145.03582,-37.87396,METRO TRAM
145.0377,-37.8742,METRO TRAM
145.0394,-37.87542,METRO TRAM
145.04168,-37.8764,METRO TRAM
145.04187,-37.87571,METRO TRAM
145.04495,-37.87576,METRO TRAM
145.04805,-37.87589,METRO TRAM
145.05094,-37.87625,METRO TRAM
145.05469,-37.8767,METRO TRAM
145.05655,-37.87692,METRO TRAM
144.95418,-37.83752,METRO TRAM
144.95538,-37.84068,METRO TRAM
144.95334,-37.84156,METRO TRAM
144.95128,-37.84394,METRO TRAM
144.94983,-37.84567,METRO TRAM
144.94873,-37.84712,METRO TRAM
144.98457,-37.83819,METRO TRAM
144.98674,-37.83842,METRO TRAM
144.99216,-37.83913,METRO TRAM
144.99575,-37.83959,METRO TRAM
144.99867,-37.83993,METRO TRAM
145.00234,-37.84037,METRO TRAM
145.00536,-37.84073,METRO TRAM
145.00845,-37.84109,METRO TRAM
145.01089,-37.84139,METRO TRAM
145.06488,-37.81093,METRO TRAM
144.97063,-37.77846,METRO TRAM
144.97097,-37.77567,METRO TRAM
144.97141,-37.77274,METRO TRAM
144.97195,-37.76978,METRO TRAM
144.97223,-37.7682,METRO TRAM
144.97251,-37.76666,METRO TRAM
144.9729,-37.76443,METRO TRAM
144.97326,-37.76237,METRO TRAM
144.97433,-37.75939,METRO TRAM
144.97475,-37.75688,METRO TRAM
144.97015,-37.75621,METRO TRAM
144.96652,-37.75581,METRO TRAM
144.96428,-37.75556,METRO TRAM
144.96238,-37.75526,METRO TRAM
144.97595,-37.75357,METRO TRAM
144.97651,-37.75134,METRO TRAM
144.97684,-37.74942,METRO TRAM
144.97731,-37.74637,METRO TRAM
144.97773,-37.74436,METRO TRAM
145.06867,-37.81137,METRO TRAM
145.07178,-37.81175,METRO TRAM
145.07593,-37.81224,METRO TRAM
145.08152,-37.81292,METRO TRAM
145.08379,-37.8132,METRO TRAM
145.08796,-37.81369,METRO TRAM
145.09517,-37.81456,METRO TRAM
145.01405,-37.84176,METRO TRAM
145.01758,-37.84217,METRO TRAM
145.02009,-37.84246,METRO TRAM
145.02306,-37.84284,METRO TRAM
145.02625,-37.84323,METRO TRAM
145.02982,-37.84362,METRO TRAM
144.96716,-37.79711,METRO TRAM
144.96802,-37.79413,METRO TRAM
144.96827,-37.79269,METRO TRAM
144.9688,-37.78958,METRO TRAM
144.96919,-37.78737,METRO TRAM
144.96973,-37.78404,METRO TRAM
144.97007,-37.78192,METRO TRAM
144.98222,-37.84528,METRO TRAM
144.98486,-37.84563,METRO TRAM
144.98741,-37.8459,METRO TRAM
144.99058,-37.84631,METRO TRAM
144.99227,-37.84654,METRO TRAM
144.99401,-37.84676,METRO TRAM
144.99781,-37.84729,METRO TRAM
145.00043,-37.84765,METRO TRAM
145.00305,-37.848,METRO TRAM
145.00669,-37.84848,METRO TRAM
145.00999,-37.84892,METRO TRAM
145.01208,-37.84919,METRO TRAM
145.01536,-37.84962,METRO TRAM
145.01868,-37.85005,METRO TRAM
145.02131,-37.8504,METRO TRAM
145.02396,-37.85076,METRO TRAM
145.02614,-37.85105,METRO TRAM
145.02987,-37.85155,METRO TRAM
145.03249,-37.8519,METRO TRAM
145.0353,-37.85226,METRO TRAM
145.03923,-37.85278,METRO TRAM
145.04199,-37.85313,METRO TRAM
145.04556,-37.85356,METRO TRAM
145.04832,-37.8539,METRO TRAM
145.05149,-37.85432,METRO TRAM
145.05264,-37.8528,METRO TRAM
145.05304,-37.84978,METRO TRAM
145.05387,-37.8458,METRO TRAM
145.05425,-37.8438,METRO TRAM
145.05463,-37.84186,METRO TRAM
145.05494,-37.84026,METRO TRAM
145.05534,-37.83816,METRO TRAM
145.05583,-37.83541,METRO TRAM
145.05657,-37.83157,METRO TRAM
145.05682,-37.8302,METRO TRAM
145.05722,-37.82822,METRO TRAM
145.05763,-37.82605,METRO TRAM
145.05806,-37.82358,METRO TRAM
145.05847,-37.82148,METRO TRAM
145.05905,-37.81859,METRO TRAM
145.05954,-37.81599,METRO TRAM
145.05987,-37.81413,METRO TRAM
144.98842,-37.87006,METRO TRAM
144.98949,-37.87177,METRO TRAM
144.99013,-37.8728,METRO TRAM
144.99255,-37.87664,METRO TRAM
144.99397,-37.87889,METRO TRAM
144.99516,-37.8808,METRO TRAM
144.9965,-37.88296,METRO TRAM
144.99784,-37.8838,METRO TRAM
145.00038,-37.88415,METRO TRAM
145.00381,-37.88461,METRO TRAM
145.0057,-37.88486,METRO TRAM
145.00913,-37.88527,METRO TRAM
145.01227,-37.88565,METRO TRAM
145.01487,-37.88596,METRO TRAM
145.01833,-37.88639,METRO TRAM
145.01753,-37.91108,METRO TRAM
145.01796,-37.90852,METRO TRAM
145.01833,-37.90637,METRO TRAM
145.01881,-37.90378,METRO TRAM
145.01933,-37.9012,METRO TRAM
145.0198,-37.89897,METRO TRAM
145.02025,-37.89655,METRO TRAM
145.02055,-37.89488,METRO TRAM
145.0209,-37.89304,METRO TRAM
145.02155,-37.88961,METRO TRAM
145.0221,-37.88666,METRO TRAM
145.02244,-37.88484,METRO TRAM
145.02292,-37.88245,METRO TRAM
145.0234,-37.87993,METRO TRAM
145.02392,-37.87721,METRO TRAM
145.02436,-37.87494,METRO TRAM
145.02482,-37.87244,METRO TRAM
145.02541,-37.86951,METRO TRAM
145.02575,-37.86769,METRO TRAM
145.02577,-37.86543,METRO TRAM
145.02384,-37.86456,METRO TRAM
145.02205,-37.86379,METRO TRAM
145.01922,-37.86257,METRO TRAM
145.01517,-37.86083,METRO TRAM
145.01112,-37.86027,METRO TRAM
145.00753,-37.8598,METRO TRAM
145.00464,-37.85939,METRO TRAM
145.00207,-37.85906,METRO TRAM
144.99723,-37.85841,METRO TRAM
144.99569,-37.85821,METRO TRAM
144.992,-37.85749,METRO TRAM
144.98741,-37.85615,METRO TRAM
145.0606,-37.81087,METRO TRAM
145.06007,-37.81411,METRO TRAM
145.05976,-37.81574,METRO TRAM
145.05923,-37.81849,METRO TRAM
145.05872,-37.82129,METRO TRAM
145.05831,-37.82343,METRO TRAM
145.05782,-37.82597,METRO TRAM
145.05743,-37.82802,METRO TRAM
145.05684,-37.83109,METRO TRAM
145.05607,-37.83519,METRO TRAM
145.05552,-37.83809,METRO TRAM
145.05514,-37.84006,METRO TRAM
145.05485,-37.84159,METRO TRAM
145.05445,-37.84366,METRO TRAM
145.05408,-37.84561,METRO TRAM
145.05322,-37.84988,METRO TRAM
145.05266,-37.85296,METRO TRAM
145.0513,-37.85442,METRO TRAM
145.04842,-37.85405,METRO TRAM
145.04583,-37.85373,METRO TRAM
145.0423,-37.8533,METRO TRAM
145.03882,-37.85286,METRO TRAM
145.0355,-37.85243,METRO TRAM
145.03289,-37.85208,METRO TRAM
145.03031,-37.85168,METRO TRAM
145.02633,-37.85119,METRO TRAM
145.02392,-37.85088,METRO TRAM
145.0216,-37.85059,METRO TRAM
145.01843,-37.85016,METRO TRAM
145.01561,-37.84978,METRO TRAM
145.01247,-37.84938,METRO TRAM
145.02176,-37.88681,METRO TRAM
145.02412,-37.88711,METRO TRAM
145.02675,-37.88745,METRO TRAM
145.02869,-37.88767,METRO TRAM
145.03062,-37.88793,METRO TRAM
145.03309,-37.88825,METRO TRAM
145.03511,-37.8885,METRO TRAM
145.03754,-37.88879,METRO TRAM
145.04048,-37.88913,METRO TRAM
145.04182,-37.88931,METRO TRAM
145.04459,-37.88963,METRO TRAM
145.04725,-37.88994,METRO TRAM
145.04949,-37.89024,METRO TRAM
145.05175,-37.89052,METRO TRAM
145.05407,-37.89078,METRO TRAM
145.05449,-37.89265,METRO TRAM
145.00042,-37.81225,METRO TRAM
145.00004,-37.81433,METRO TRAM
144.99977,-37.81575,METRO TRAM
144.99929,-37.81843,METRO TRAM
144.99896,-37.82032,METRO TRAM
144.99871,-37.82174,METRO TRAM
144.99835,-37.82373,METRO TRAM
144.99803,-37.82555,METRO TRAM
144.99784,-37.82664,METRO TRAM
144.99746,-37.82877,METRO TRAM
144.99712,-37.83032,METRO TRAM
144.99674,-37.83265,METRO TRAM
144.99626,-37.83634,METRO TRAM
144.99578,-37.83935,METRO TRAM
144.99521,-37.84156,METRO TRAM
144.99489,-37.84364,METRO TRAM
144.99425,-37.8467,METRO TRAM
144.99392,-37.84895,METRO TRAM
144.99349,-37.85173,METRO TRAM
144.99305,-37.85399,METRO TRAM
144.99265,-37.85613,METRO TRAM
144.99242,-37.85742,METRO TRAM
144.99208,-37.85938,METRO TRAM
144.99173,-37.86137,METRO TRAM
144.99139,-37.86332,METRO TRAM
144.99104,-37.8652,METRO TRAM
144.98876,-37.86823,METRO TRAM
144.99042,-37.86816,METRO TRAM
144.98767,-37.86808,METRO TRAM
144.98397,-37.86759,METRO TRAM
145.00932,-37.84895,METRO TRAM
145.00649,-37.84859,METRO TRAM
145.00341,-37.84819,METRO TRAM
145.00116,-37.84788,METRO TRAM
144.99804,-37.84745,METRO TRAM
144.99421,-37.84693,METRO TRAM
144.99243,-37.84671,METRO TRAM
144.99071,-37.84651,METRO TRAM
144.98756,-37.84607,METRO TRAM
144.98515,-37.84577,METRO TRAM
144.98231,-37.84536,METRO TRAM
144.98139,-37.86725,METRO TRAM
144.97858,-37.86704,METRO TRAM
144.94794,-37.80283,METRO TRAM
144.94941,-37.80299,METRO TRAM
144.95489,-37.79948,METRO TRAM
144.94836,-37.79428,METRO TRAM
144.94093,-37.78828,METRO TRAM
144.93906,-37.78593,METRO TRAM
144.937,-37.78394,METRO TRAM
144.93394,-37.78244,METRO TRAM
144.93263,-37.78112,METRO TRAM
144.93122,-37.77944,METRO TRAM
144.92983,-37.77746,METRO TRAM
144.92854,-37.77554,METRO TRAM
144.92691,-37.77243,METRO TRAM
144.92623,-37.7706,METRO TRAM
144.92492,-37.76693,METRO TRAM
144.92545,-37.76431,METRO TRAM
144.92581,-37.76253,METRO TRAM
144.92629,-37.75974,METRO TRAM
144.92582,-37.75581,METRO TRAM
144.92276,-37.75547,METRO TRAM
144.92021,-37.75517,METRO TRAM
144.9176,-37.75493,METRO TRAM
144.9893,-37.8247,METRO TRAM
144.99348,-37.82524,METRO TRAM
144.99606,-37.82553,METRO TRAM
144.99809,-37.82576,METRO TRAM
145.00258,-37.82626,METRO TRAM
145.0049,-37.82651,METRO TRAM
145.00736,-37.82679,METRO TRAM
145.00978,-37.82705,METRO TRAM
145.01178,-37.82726,METRO TRAM
145.01651,-37.82747,METRO TRAM
145.01955,-37.82666,METRO TRAM
145.02544,-37.82739,METRO TRAM
145.02907,-37.82821,METRO TRAM
145.03163,-37.82851,METRO TRAM
145.03447,-37.82884,METRO TRAM
145.03726,-37.82916,METRO TRAM
144.95621,-37.82608,METRO TRAM
144.96519,-37.83217,METRO TRAM
144.96435,-37.83451,METRO TRAM
144.96194,-37.83522,METRO TRAM
144.95857,-37.83614,METRO TRAM
144.95683,-37.83662,METRO TRAM
144.95447,-37.83733,METRO TRAM
144.95572,-37.84042,METRO TRAM
144.95337,-37.84173,METRO TRAM
144.95168,-37.84379,METRO TRAM
144.95002,-37.84577,METRO TRAM
144.98454,-37.83803,METRO TRAM
144.98627,-37.83821,METRO TRAM
144.99209,-37.83899,METRO TRAM
144.99543,-37.83938,METRO TRAM
144.99849,-37.83977,METRO TRAM
145.0019,-37.8402,METRO TRAM
145.00458,-37.84051,METRO TRAM
145.00834,-37.84097,METRO TRAM
145.01059,-37.84123,METRO TRAM
145.01373,-37.84161,METRO TRAM
145.01751,-37.84203,METRO TRAM
145.01995,-37.84231,METRO TRAM
145.02282,-37.84269,METRO TRAM
145.02669,-37.84317,METRO TRAM
145.02999,-37.84362,METRO TRAM
144.96647,-37.79707,METRO TRAM
144.96813,-37.79414,METRO TRAM
144.96847,-37.79212,METRO TRAM
144.96895,-37.78929,METRO TRAM
144.9693,-37.7872,METRO TRAM
144.96982,-37.78408,METRO TRAM
144.97023,-37.78154,METRO TRAM
144.97078,-37.77812,METRO TRAM
144.97112,-37.77555,METRO TRAM
144.97161,-37.77252,METRO TRAM
144.97211,-37.76965,METRO TRAM
144.97242,-37.76808,METRO TRAM
144.97272,-37.76644,METRO TRAM
144.97309,-37.76429,METRO TRAM
144.97406,-37.76189,METRO TRAM
144.97452,-37.75926,METRO TRAM
144.97498,-37.75654,METRO TRAM
144.97463,-37.75657,METRO TRAM
144.96997,-37.75606,METRO TRAM
144.96635,-37.75566,METRO TRAM
144.96385,-37.75534,METRO TRAM
144.96212,-37.75529,METRO TRAM
144.97619,-37.75337,METRO TRAM
144.97668,-37.75122,METRO TRAM
144.97699,-37.74939,METRO TRAM
144.97752,-37.74606,METRO TRAM
144.97789,-37.74437,METRO TRAM
144.97813,-37.74286,METRO TRAM
144.95399,-37.82745,METRO TRAM
144.94847,-37.83024,METRO TRAM
144.94349,-37.83321,METRO TRAM
144.93719,-37.83705,METRO TRAM
144.97834,-37.80843,METRO TRAM
144.91589,-37.75266,METRO TRAM
144.98614,-37.80927,METRO TRAM
144.99064,-37.80973,METRO TRAM
144.99296,-37.80969,METRO TRAM
144.99576,-37.80999,METRO TRAM
145.00052,-37.81049,METRO TRAM
145.00404,-37.81083,METRO TRAM
145.00687,-37.81111,METRO TRAM
145.01039,-37.81144,METRO TRAM
145.01324,-37.81177,METRO TRAM
145.02062,-37.81271,METRO TRAM
145.02318,-37.81303,METRO TRAM
145.02616,-37.81023,METRO TRAM
145.02858,-37.80759,METRO TRAM
145.03051,-37.80681,METRO TRAM
145.03166,-37.80689,METRO TRAM
145.0353,-37.80731,METRO TRAM
145.03791,-37.80762,METRO TRAM
145.04231,-37.80812,METRO TRAM
145.04583,-37.80853,METRO TRAM
145.04928,-37.80894,METRO TRAM
145.05291,-37.80938,METRO TRAM
145.05767,-37.80993,METRO TRAM
145.0605,-37.81028,METRO TRAM
145.06472,-37.81079,METRO TRAM
145.06853,-37.81124,METRO TRAM
145.07138,-37.81159,METRO TRAM
145.07579,-37.81211,METRO TRAM
145.08119,-37.81277,METRO TRAM
145.08362,-37.81306,METRO TRAM
145.08776,-37.81355,METRO TRAM
145.09168,-37.81403,METRO TRAM
145.09479,-37.8144,METRO TRAM
145.09925,-37.81495,METRO TRAM
145.10312,-37.8154,METRO TRAM
145.10945,-37.81616,METRO TRAM
145.11559,-37.81691,METRO TRAM
145.11986,-37.81746,METRO TRAM
145.11037,-37.83761,METRO TRAM
145.10666,-37.83709,METRO TRAM
145.10464,-37.83686,METRO TRAM
145.10218,-37.83653,METRO TRAM
145.10031,-37.8362,METRO TRAM
145.09805,-37.8359,METRO TRAM
145.0954,-37.83557,METRO TRAM
145.09319,-37.83534,METRO TRAM
145.09095,-37.83509,METRO TRAM
145.08814,-37.83475,METRO TRAM
145.08485,-37.83437,METRO TRAM
145.0812,-37.83412,METRO TRAM
145.07933,-37.83389,METRO TRAM
145.0771,-37.83366,METRO TRAM
145.0724,-37.83311,METRO TRAM
145.06931,-37.8327,METRO TRAM
145.06589,-37.83234,METRO TRAM
145.06351,-37.83206,METRO TRAM
145.0602,-37.83168,METRO TRAM
145.05763,-37.83141,METRO TRAM
145.05643,-37.83127,METRO TRAM
145.05427,-37.83107,METRO TRAM
145.05134,-37.83069,METRO TRAM
145.04764,-37.83026,METRO TRAM
145.0435,-37.82978,METRO TRAM
145.04155,-37.82954,METRO TRAM
145.03847,-37.82918,METRO TRAM
145.0368,-37.82897,METRO TRAM
145.03395,-37.82863,METRO TRAM
145.03151,-37.82835,METRO TRAM
145.02908,-37.82808,METRO TRAM
145.02574,-37.82761,METRO TRAM
145.02062,-37.82642,METRO TRAM
145.01685,-37.82725,METRO TRAM
145.01228,-37.8272,METRO TRAM
145.00961,-37.8269,METRO TRAM
145.00688,-37.82659,METRO TRAM
145.00511,-37.82639,METRO TRAM
145.00235,-37.8261,METRO TRAM
144.99778,-37.82561,METRO TRAM
144.9959,-37.82538,METRO TRAM
144.99328,-37.82509,METRO TRAM
144.98933,-37.82465,METRO TRAM
144.91423,-37.75023,METRO TRAM
144.91275,-37.7481,METRO TRAM
144.91163,-37.74649,METRO TRAM
144.90894,-37.74395,METRO TRAM
144.90577,-37.74269,METRO TRAM
144.90288,-37.7415,METRO TRAM
144.89935,-37.74003,METRO TRAM
144.88936,-37.73526,METRO TRAM
144.88983,-37.73236,METRO TRAM
144.89025,-37.72991,METRO TRAM
144.89067,-37.72732,METRO TRAM
144.89139,-37.72306,METRO TRAM
144.89208,-37.71837,METRO TRAM
144.89056,-37.71384,METRO TRAM
144.96419,-37.79931,METRO TRAM
144.96369,-37.80237,METRO TRAM
144.96311,-37.80569,METRO TRAM
144.96329,-37.80814,METRO TRAM
144.96427,-37.81038,METRO TRAM
144.96558,-37.8132,METRO TRAM
144.96702,-37.81638,METRO TRAM
144.96796,-37.81848,METRO TRAM
144.96951,-37.82185,METRO TRAM
144.97137,-37.8288,METRO TRAM
144.9754,-37.83595,METRO TRAM
144.97657,-37.83886,METRO TRAM
144.97741,-37.84116,METRO TRAM
144.97863,-37.84452,METRO TRAM
144.97972,-37.84755,METRO TRAM
144.98055,-37.84986,METRO TRAM
144.98171,-37.853,METRO TRAM
144.98253,-37.8553,METRO TRAM
144.98749,-37.85625,METRO TRAM
144.98235,-37.85503,METRO TRAM
144.98144,-37.85248,METRO TRAM
144.97976,-37.84789,METRO TRAM
144.97834,-37.84401,METRO TRAM
144.97742,-37.84148,METRO TRAM
144.97662,-37.8393,METRO TRAM
144.94836,-37.80294,METRO TRAM
144.94953,-37.80322,METRO TRAM
144.95521,-37.79983,METRO TRAM
144.94806,-37.79414,METRO TRAM
144.94346,-37.79047,METRO TRAM
144.94061,-37.78805,METRO TRAM
144.93885,-37.78584,METRO TRAM
144.93717,-37.78422,METRO TRAM
144.93387,-37.78257,METRO TRAM
144.93266,-37.78144,METRO TRAM
144.93131,-37.77981,METRO TRAM
144.92977,-37.7777,METRO TRAM
144.92847,-37.77575,METRO TRAM
144.92695,-37.77301,METRO TRAM
144.92607,-37.77069,METRO TRAM
144.92481,-37.76665,METRO TRAM
144.92536,-37.764,METRO TRAM
144.92559,-37.7627,METRO TRAM
144.92608,-37.75986,METRO TRAM
144.92635,-37.75825,METRO TRAM
144.92604,-37.75611,METRO TRAM
144.92316,-37.75569,METRO TRAM
144.92096,-37.75546,METRO TRAM
144.91739,-37.75488,METRO TRAM
144.91565,-37.7525,METRO TRAM
144.91436,-37.75066,METRO TRAM
144.9128,-37.74835,METRO TRAM
144.91146,-37.74638,METRO TRAM
144.91035,-37.74477,METRO TRAM
144.9091,-37.74416,METRO TRAM
144.9057,-37.74282,METRO TRAM
144.90297,-37.74168,METRO TRAM
144.89941,-37.7402,METRO TRAM
144.89593,-37.73877,METRO TRAM
144.89017,-37.73655,METRO TRAM
144.88932,-37.73496,METRO TRAM
144.8897,-37.73237,METRO TRAM
144.89013,-37.72996,METRO TRAM
144.8906,-37.72721,METRO TRAM
144.89129,-37.72312,METRO TRAM
144.89198,-37.71842,METRO TRAM
144.97504,-37.83548,METRO TRAM
144.97123,-37.82893,METRO TRAM
144.96924,-37.82152,METRO TRAM
144.96768,-37.81807,METRO TRAM
144.96657,-37.81573,METRO TRAM
144.96519,-37.81276,METRO TRAM
144.96389,-37.80989,METRO TRAM
144.9868,-37.86754,METRO TRAM
144.96287,-37.8078,METRO TRAM
144.96311,-37.80514,METRO TRAM
144.96356,-37.80263,METRO TRAM
144.96424,-37.79877,METRO TRAM
144.9859,-37.86511,METRO TRAM
144.98545,-37.86407,METRO TRAM
144.95239,-37.79759,METRO TRAM
144.98489,-37.86248,METRO TRAM
144.98489,-37.86209,METRO TRAM
144.98405,-37.85994,METRO TRAM
144.98451,-37.86098,METRO TRAM
144.98336,-37.85797,METRO TRAM
144.98359,-37.85826,METRO TRAM
144.99381,-37.81791,METRO TRAM
144.99655,-37.81827,METRO TRAM
144.99879,-37.81847,METRO TRAM
145.00137,-37.81875,METRO TRAM
145.00357,-37.81898,METRO TRAM
145.00887,-37.81953,METRO TRAM
145.01397,-37.8201,METRO TRAM
145.0134,-37.82015,METRO TRAM
145.00777,-37.81948,METRO TRAM
145.00398,-37.81908,METRO TRAM
145.00137,-37.81881,METRO TRAM
144.99942,-37.81862,METRO TRAM
144.99652,-37.8183,METRO TRAM
144.95371,-37.82769,METRO TRAM
144.94877,-37.83019,METRO TRAM
144.94334,-37.83343,METRO TRAM
144.93746,-37.83703,METRO TRAM
144.93281,-37.84079,METRO TRAM
144.97881,-37.80855,METRO TRAM
144.98222,-37.80892,METRO TRAM
144.98574,-37.80929,METRO TRAM
144.99042,-37.8098,METRO TRAM
144.99255,-37.80979,METRO TRAM
144.9962,-37.81017,METRO TRAM
144.99358,-37.81802,METRO TRAM
145.00423,-37.81098,METRO TRAM
145.00762,-37.81131,METRO TRAM
145.01012,-37.81151,METRO TRAM
145.01291,-37.81183,METRO TRAM
145.02077,-37.81288,METRO TRAM
145.02377,-37.81296,METRO TRAM
145.02651,-37.81008,METRO TRAM
145.02914,-37.80743,METRO TRAM
145.0313,-37.80699,METRO TRAM
145.03555,-37.80747,METRO TRAM
145.03825,-37.8078,METRO TRAM
145.04277,-37.80832,METRO TRAM
145.04617,-37.80871,METRO TRAM
145.04975,-37.80912,METRO TRAM
145.05306,-37.80952,METRO TRAM
145.05788,-37.8101,METRO TRAM
145.03864,-37.82931,METRO TRAM
145.04153,-37.82966,METRO TRAM
145.04378,-37.82994,METRO TRAM
145.04785,-37.83038,METRO TRAM
145.05162,-37.83084,METRO TRAM
145.05479,-37.83122,METRO TRAM
145.05715,-37.83149,METRO TRAM
145.06018,-37.83183,METRO TRAM
145.06385,-37.83225,METRO TRAM
145.06606,-37.83248,METRO TRAM
145.06987,-37.83294,METRO TRAM
145.07267,-37.83328,METRO TRAM
145.07724,-37.83379,METRO TRAM
145.07965,-37.83408,METRO TRAM
145.08152,-37.83429,METRO TRAM
145.08515,-37.83453,METRO TRAM
145.08853,-37.83492,METRO TRAM
145.09097,-37.83521,METRO TRAM
145.0938,-37.83553,METRO TRAM
145.09582,-37.83576,METRO TRAM
145.09839,-37.83606,METRO TRAM
145.10002,-37.83627,METRO TRAM
145.10261,-37.83675,METRO TRAM
145.10481,-37.837,METRO TRAM
145.06086,-37.81044,METRO TRAM
145.10669,-37.83721,METRO TRAM
145.12207,-37.81784,METRO TRAM
145.11871,-37.81742,METRO TRAM
145.11443,-37.81688,METRO TRAM
145.10982,-37.81634,METRO TRAM
145.10276,-37.81548,METRO TRAM
145.09952,-37.81511,METRO TRAM
144.95239,-37.79749,METRO TRAM
144.95672,-37.80146,METRO TRAM
144.95676,-37.80177,METRO TRAM
144.95644,-37.80362,METRO TRAM
144.95639,-37.80331,METRO TRAM
144.95444,-37.82955,METRO TRAM
144.95437,-37.82919,METRO TRAM
144.95549,-37.83316,METRO TRAM
144.95529,-37.83304,METRO TRAM
144.95875,-37.84023,METRO TRAM
144.95857,-37.84008,METRO TRAM
144.96167,-37.84527,METRO TRAM
144.96167,-37.84548,METRO TRAM
144.96568,-37.84963,METRO TRAM
144.9654,-37.84958,METRO TRAM
144.97103,-37.85376,METRO TRAM
144.97117,-37.85398,METRO TRAM
144.97764,-37.85929,METRO TRAM
144.97726,-37.85904,METRO TRAM
144.97677,-37.86018,METRO TRAM
144.97702,-37.85993,METRO TRAM
144.97526,-37.86108,METRO TRAM
144.97527,-37.86096,METRO TRAM
144.97341,-37.86205,METRO TRAM
144.973,-37.86241,METRO TRAM
144.97349,-37.8652,METRO TRAM
144.97378,-37.86529,METRO TRAM
144.97684,-37.86699,METRO TRAM
144.97721,-37.867,METRO TRAM
144.97994,-37.86888,METRO TRAM
144.98007,-37.86881,METRO TRAM
145.02644,-37.86584,METRO TRAM
145.02679,-37.86589,METRO TRAM
145.02781,-37.86606,METRO TRAM
145.02777,-37.86526,METRO TRAM
145.02816,-37.86418,METRO TRAM
145.02826,-37.86248,METRO TRAM
145.02851,-37.86216,METRO TRAM
145.02846,-37.86115,METRO TRAM
145.02867,-37.86103,METRO TRAM
145.02883,-37.85902,METRO TRAM
145.02905,-37.85884,METRO TRAM
145.02918,-37.85683,METRO TRAM
145.02943,-37.8565,METRO TRAM
145.02958,-37.85407,METRO TRAM
145.02978,-37.8541,METRO TRAM
145.02994,-37.85184,METRO TRAM
145.03019,-37.85152,METRO TRAM
145.03036,-37.84966,METRO TRAM
145.03051,-37.84967,METRO TRAM
145.03073,-37.8477,METRO TRAM
145.03088,-37.84773,METRO TRAM
145.0311,-37.84574,METRO TRAM
145.03133,-37.84536,METRO TRAM
145.03143,-37.84394,METRO TRAM
145.03166,-37.84365,METRO TRAM
145.03167,-37.84247,METRO TRAM
145.03197,-37.84184,METRO TRAM
145.03214,-37.84004,METRO TRAM
145.03243,-37.83933,METRO TRAM
145.03235,-37.83849,METRO TRAM
145.03262,-37.83834,METRO TRAM
145.03294,-37.83556,METRO TRAM
145.03309,-37.83545,METRO TRAM
145.0333,-37.83343,METRO TRAM
145.0335,-37.83322,METRO TRAM
145.03366,-37.83139,METRO TRAM
145.03388,-37.83111,METRO TRAM
145.03408,-37.82898,METRO TRAM
145.03433,-37.82863,METRO TRAM
145.03461,-37.82604,METRO TRAM
145.03484,-37.82597,METRO TRAM
145.03497,-37.82415,METRO TRAM
145.03519,-37.82402,METRO TRAM
145.03527,-37.82271,METRO TRAM
145.03545,-37.8225,METRO TRAM
145.03567,-37.82053,METRO TRAM
145.03596,-37.81888,METRO TRAM
145.03622,-37.81861,METRO TRAM
145.03631,-37.81685,METRO TRAM
145.03659,-37.81677,METRO TRAM
145.03672,-37.81481,METRO TRAM
145.03693,-37.81462,METRO TRAM
145.03721,-37.81212,METRO TRAM
145.03746,-37.81202,METRO TRAM
145.03764,-37.81009,METRO TRAM
145.03782,-37.8099,METRO TRAM
145.03808,-37.8079,METRO TRAM
144.99049,-37.86844,METRO TRAM
144.99381,-37.86886,METRO TRAM
144.99674,-37.86925,METRO TRAM
144.99962,-37.86961,METRO TRAM
145.00258,-37.86998,METRO TRAM
144.89255,-37.73748,METRO TRAM
144.92646,-37.75793,METRO TRAM
145.02103,-37.82088,METRO TRAM
145.02112,-37.82096,METRO TRAM
145.02482,-37.82145,METRO TRAM
145.02458,-37.82129,METRO TRAM
145.02627,-37.82175,METRO TRAM
145.02628,-37.82147,METRO TRAM
145.02586,-37.82478,METRO TRAM
145.02571,-37.82491,METRO TRAM
145.06427,-37.79347,METRO TRAM
144.97325,-37.81166,METRO TRAM
145.00032,-37.75965,METRO TRAM
144.94673,-37.81457,METRO TRAM
145.00558,-37.87034,METRO TRAM
145.00879,-37.87075,METRO TRAM
145.01238,-37.87118,METRO TRAM
145.0151,-37.87156,METRO TRAM
145.01796,-37.87189,METRO TRAM
145.05772,-37.83208,METRO TRAM
145.05887,-37.83305,METRO TRAM
145.05893,-37.83334,METRO TRAM
145.06064,-37.83457,METRO TRAM
145.06066,-37.83481,METRO TRAM
145.06216,-37.83592,METRO TRAM
145.06252,-37.83642,METRO TRAM
145.0642,-37.83771,METRO TRAM
145.0642,-37.83791,METRO TRAM
145.06608,-37.8394,METRO TRAM
145.0663,-37.83981,METRO TRAM
145.06764,-37.84081,METRO TRAM
145.06781,-37.84115,METRO TRAM
145.06912,-37.84212,METRO TRAM
145.06916,-37.84234,METRO TRAM
145.07143,-37.84414,METRO TRAM
145.07152,-37.84443,METRO TRAM
145.07341,-37.84591,METRO TRAM
145.0732,-37.84591,METRO TRAM
145.07562,-37.84784,METRO TRAM
145.07708,-37.8482,METRO TRAM
145.07741,-37.84836,METRO TRAM
145.08181,-37.84874,METRO TRAM
145.0823,-37.84892,METRO TRAM
145.0843,-37.84904,METRO TRAM
145.0846,-37.8492,METRO TRAM
145.08672,-37.84932,METRO TRAM
145.08726,-37.84952,METRO TRAM
145.0896,-37.84966,METRO TRAM
145.09006,-37.84985,METRO TRAM
145.09236,-37.84998,METRO TRAM
145.09273,-37.85016,METRO TRAM
145.09547,-37.85033,METRO TRAM
145.09584,-37.85043,METRO TRAM
145.09898,-37.8507,METRO TRAM
145.09874,-37.85074,METRO TRAM
145.10209,-37.85044,METRO TRAM
145.10216,-37.85051,METRO TRAM
145.10548,-37.84997,METRO TRAM
145.10571,-37.84998,METRO TRAM
145.1087,-37.84951,METRO TRAM
145.10844,-37.84959,METRO TRAM
145.11524,-37.84999,METRO TRAM
145.11552,-37.85009,METRO TRAM
145.1194,-37.85055,METRO TRAM
145.12059,-37.85061,METRO TRAM
145.12598,-37.85126,METRO TRAM
145.12632,-37.85136,METRO TRAM
145.13184,-37.85202,METRO TRAM
145.13321,-37.85202,METRO TRAM
145.13804,-37.85149,METRO TRAM
145.1383,-37.85148,METRO TRAM
145.14188,-37.85129,METRO TRAM
145.14204,-37.85138,METRO TRAM
145.14624,-37.85185,METRO TRAM
145.14634,-37.85194,METRO TRAM
145.15112,-37.85258,METRO TRAM
145.15285,-37.85269,METRO TRAM
145.15854,-37.85362,METRO TRAM
145.15898,-37.85359,METRO TRAM
145.16464,-37.85436,METRO TRAM
145.16607,-37.85441,METRO TRAM
145.1682,-37.85476,METRO TRAM
145.17016,-37.85494,METRO TRAM
145.17497,-37.85554,METRO TRAM
145.1746,-37.85556,METRO TRAM
145.18193,-37.85644,METRO TRAM
144.96606,-37.73584,METRO TRAM
144.89583,-37.7386,METRO TRAM
144.95585,-37.82083,METRO TRAM
144.95538,-37.82105,METRO TRAM
144.95782,-37.82031,METRO TRAM
144.95821,-37.82011,METRO TRAM
144.96442,-37.7535,METRO TRAM
144.96093,-37.77466,METRO TRAM
144.98664,-37.86732,METRO TRAM
145.05693,-37.83159,METRO TRAM
145.00092,-37.81061,METRO TRAM
144.98291,-37.80892,METRO TRAM
144.9822,-37.85697,METRO TRAM
144.98233,-37.8568,METRO TRAM
144.98057,-37.85793,METRO TRAM
144.98019,-37.85805,METRO TRAM
144.97071,-37.81422,METRO TRAM
144.97051,-37.81438,METRO TRAM
144.89235,-37.73723,METRO TRAM
145.04028,-37.86399,METRO TRAM
144.88243,-37.76931,METRO TRAM
144.98403,-37.78322,METRO TRAM
145.01637,-37.81995,METRO TRAM
145.01622,-37.82002,METRO TRAM
144.9608,-37.8263,METRO TRAM
144.9762,-37.81817,METRO TRAM
144.97582,-37.81832,METRO TRAM
144.97313,-37.81153,METRO TRAM
145.02466,-37.82136,METRO TRAM
144.96375,-37.73044,METRO TRAM
145.0178,-37.86094,METRO TRAM
144.96053,-37.83315,METRO TRAM
144.96159,-37.83543,METRO TRAM
145.01962,-37.86119,METRO TRAM
144.95953,-37.83098,METRO TRAM
144.95787,-37.82722,METRO TRAM
144.96258,-37.83761,METRO TRAM
144.96287,-37.83952,METRO TRAM
144.96111,-37.84069,METRO TRAM
144.95935,-37.84245,METRO TRAM
144.96013,-37.84407,METRO TRAM
144.95887,-37.8456,METRO TRAM
144.9574,-37.84741,METRO TRAM
144.95608,-37.84974,METRO TRAM
144.95918,-37.85136,METRO TRAM
144.97445,-37.86099,METRO TRAM
144.97319,-37.85979,METRO TRAM
144.97079,-37.85749,METRO TRAM
144.96742,-37.85576,METRO TRAM
144.96559,-37.85479,METRO TRAM
144.96245,-37.85308,METRO TRAM
144.97712,-37.80585,METRO TRAM
144.97761,-37.80284,METRO TRAM
144.97804,-37.80045,METRO TRAM
144.97836,-37.79853,METRO TRAM
144.97885,-37.79563,METRO TRAM
144.97919,-37.79363,METRO TRAM
144.97966,-37.7908,METRO TRAM
144.9801,-37.7883,METRO TRAM
144.98191,-37.78543,METRO TRAM
144.98365,-37.78341,METRO TRAM
144.98528,-37.78151,METRO TRAM
144.98652,-37.78007,METRO TRAM
144.9883,-37.77802,METRO TRAM
144.98975,-37.77593,METRO TRAM
144.99018,-37.77381,METRO TRAM
144.99063,-37.77157,METRO TRAM
144.99125,-37.76856,METRO TRAM
144.99195,-37.76529,METRO TRAM
144.99249,-37.76241,METRO TRAM
144.99318,-37.75922,METRO TRAM
144.99389,-37.75567,METRO TRAM
144.9949,-37.75204,METRO TRAM
144.99131,-37.75144,METRO TRAM
144.98804,-37.75031,METRO TRAM
144.98837,-37.74808,METRO TRAM
144.9888,-37.74564,METRO TRAM
144.98903,-37.74408,METRO TRAM
144.9895,-37.74132,METRO TRAM
144.98983,-37.7391,METRO TRAM
144.99021,-37.73671,METRO TRAM
144.99059,-37.73454,METRO TRAM
144.99085,-37.73299,METRO TRAM
144.99136,-37.73006,METRO TRAM
145.0695,-37.67898,METRO TRAM
145.06902,-37.68136,METRO TRAM
145.06666,-37.68802,METRO TRAM
145.06314,-37.69169,METRO TRAM
145.05958,-37.69567,METRO TRAM
145.05885,-37.69796,METRO TRAM
145.05818,-37.70012,METRO TRAM
145.05596,-37.70367,METRO TRAM
145.05219,-37.70738,METRO TRAM
145.04897,-37.71053,METRO TRAM
145.04635,-37.71249,METRO TRAM
145.04325,-37.71645,METRO TRAM
145.03962,-37.71898,METRO TRAM
145.03684,-37.72001,METRO TRAM
145.03006,-37.72269,METRO TRAM
145.02785,-37.72399,METRO TRAM
145.02296,-37.72544,METRO TRAM
145.02001,-37.72733,METRO TRAM
145.01721,-37.72913,METRO TRAM
145.01355,-37.73447,METRO TRAM
145.01242,-37.73684,METRO TRAM
145.01136,-37.73889,METRO TRAM
145.00959,-37.74115,METRO TRAM
145.00796,-37.74321,METRO TRAM
145.00599,-37.74576,METRO TRAM
145.00512,-37.74706,METRO TRAM
145.0037,-37.74918,METRO TRAM
145.0016,-37.7525,METRO TRAM
145.00123,-37.75436,METRO TRAM
145.00083,-37.75672,METRO TRAM
144.95959,-37.8306,METRO TRAM
144.95835,-37.82806,METRO TRAM
144.96061,-37.83279,METRO TRAM
144.96166,-37.83503,METRO TRAM
144.96336,-37.83894,METRO TRAM
144.96146,-37.84058,METRO TRAM
144.95222,-37.81968,METRO TRAM
144.95013,-37.82027,METRO TRAM
144.94542,-37.82153,METRO TRAM
144.94804,-37.8208,METRO TRAM
144.95048,-37.82007,METRO TRAM
144.9526,-37.81947,METRO TRAM
144.94814,-37.82086,METRO TRAM
144.95952,-37.84228,METRO TRAM
144.96006,-37.8445,METRO TRAM
144.9591,-37.84566,METRO TRAM
144.95781,-37.84723,METRO TRAM
144.95608,-37.84932,METRO TRAM
144.95887,-37.85101,METRO TRAM
144.97307,-37.85948,METRO TRAM
144.9705,-37.85718,METRO TRAM
144.96713,-37.85543,METRO TRAM
144.9653,-37.85447,METRO TRAM
144.96217,-37.8527,METRO TRAM
144.97732,-37.8056,METRO TRAM
144.97781,-37.8027,METRO TRAM
144.97818,-37.80054,METRO TRAM
144.97859,-37.79817,METRO TRAM
144.97904,-37.79546,METRO TRAM
144.97946,-37.79293,METRO TRAM
144.97989,-37.79054,METRO TRAM
144.98029,-37.78817,METRO TRAM
144.98215,-37.78538,METRO TRAM
144.98529,-37.78173,METRO TRAM
144.98689,-37.77988,METRO TRAM
144.98855,-37.77795,METRO TRAM
144.98986,-37.77574,METRO TRAM
144.99027,-37.77365,METRO TRAM
144.99073,-37.77141,METRO TRAM
144.9916,-37.76814,METRO TRAM
144.99216,-37.7652,METRO TRAM
144.99269,-37.76264,METRO TRAM
144.99351,-37.75846,METRO TRAM
144.99418,-37.75509,METRO TRAM
144.99492,-37.75227,METRO TRAM
144.99094,-37.75126,METRO TRAM
144.99479,-37.75164,METRO TRAM
144.98812,-37.7506,METRO TRAM
144.98854,-37.74823,METRO TRAM
144.98896,-37.74562,METRO TRAM
144.98925,-37.74354,METRO TRAM
144.98971,-37.74096,METRO TRAM
144.99003,-37.73891,METRO TRAM
144.99041,-37.73647,METRO TRAM
144.99074,-37.73461,METRO TRAM
144.99106,-37.73276,METRO TRAM
144.99159,-37.72919,METRO TRAM
145.06893,-37.68232,METRO TRAM
145.06668,-37.68816,METRO TRAM
145.06302,-37.69193,METRO TRAM
145.05958,-37.69591,METRO TRAM
145.05882,-37.69827,METRO TRAM
145.05834,-37.69982,METRO TRAM
145.05586,-37.7039,METRO TRAM
145.05163,-37.70807,METRO TRAM
145.0491,-37.71055,METRO TRAM
145.04562,-37.71315,METRO TRAM
145.04276,-37.71737,METRO TRAM
145.03976,-37.71904,METRO TRAM
145.03696,-37.72006,METRO TRAM
145.03032,-37.72264,METRO TRAM
145.02703,-37.72452,METRO TRAM
145.02281,-37.72557,METRO TRAM
145.01967,-37.72771,METRO TRAM
145.01752,-37.72912,METRO TRAM
145.01476,-37.73099,METRO TRAM
145.01382,-37.73432,METRO TRAM
145.01257,-37.73687,METRO TRAM
145.01168,-37.73871,METRO TRAM
145.01009,-37.74077,METRO TRAM
145.00844,-37.74288,METRO TRAM
145.00653,-37.74534,METRO TRAM
145.00542,-37.74688,METRO TRAM
145.00409,-37.74888,METRO TRAM
145.02542,-37.86536,METRO TRAM
144.8829,-37.76984,METRO TRAM
144.97237,-37.83321,METRO TRAM
144.97341,-37.83366,METRO TRAM
144.95257,-37.81288,METRO TRAM
144.9529,-37.81273,METRO TRAM
144.9567,-37.81163,METRO TRAM
144.9607,-37.81055,METRO TRAM
144.96762,-37.80846,METRO TRAM
144.96728,-37.80861,METRO TRAM
145.01508,-37.7306,METRO TRAM
144.97635,-37.80815,METRO TRAM
144.94206,-37.82086,METRO TRAM
144.94552,-37.82145,METRO TRAM
144.93842,-37.81456,METRO TRAM
145.18209,-37.85641,METRO TRAM
144.98973,-37.87115,METRO TRAM
145.06945,-37.67967,METRO TRAM
145.12205,-37.81784,METRO TRAM
144.9803,-37.84935,METRO TRAM
144.97055,-37.82428,METRO TRAM
144.97081,-37.82474,METRO TRAM
145.03566,-37.82132,METRO TRAM
144.94204,-37.8208,METRO TRAM
144.94625,-37.74888,METRO TRAM
144.94536,-37.76953,METRO TRAM
144.94885,-37.77493,METRO TRAM
144.94509,-37.75705,METRO TRAM
144.9463,-37.74978,METRO TRAM
144.9446,-37.7473,METRO TRAM
144.89567,-37.76932,METRO TRAM
144.97536,-37.83575,METRO TRAM
144.98071,-37.83762,METRO TRAM
144.98105,-37.83763,METRO TRAM
145.00055,-37.75832,METRO TRAM
145.00004,-37.76153,METRO TRAM
144.99969,-37.76333,METRO TRAM
144.99926,-37.76573,METRO TRAM
144.9991,-37.76761,METRO TRAM
144.9989,-37.76941,METRO TRAM
144.99857,-37.77114,METRO TRAM
144.99784,-37.77471,METRO TRAM
144.99751,-37.77665,METRO TRAM
144.99681,-37.78031,METRO TRAM
144.99617,-37.78357,METRO TRAM
144.99452,-37.78565,METRO TRAM
144.99142,-37.78836,METRO TRAM
144.98875,-37.78948,METRO TRAM
144.98635,-37.79047,METRO TRAM
144.98502,-37.79416,METRO TRAM
144.98457,-37.79678,METRO TRAM
144.98416,-37.79908,METRO TRAM
144.98374,-37.80158,METRO TRAM
144.98338,-37.80361,METRO TRAM
144.98266,-37.80626,METRO TRAM
144.97929,-37.80591,METRO TRAM
144.97706,-37.80566,METRO TRAM
144.97424,-37.80189,METRO TRAM
144.97486,-37.79836,METRO TRAM
144.97539,-37.79525,METRO TRAM
144.97593,-37.79202,METRO TRAM
144.97654,-37.78881,METRO TRAM
144.97714,-37.78559,METRO TRAM
144.9776,-37.78307,METRO TRAM
144.97817,-37.77994,METRO TRAM
144.97867,-37.77678,METRO TRAM
144.97928,-37.77319,METRO TRAM
144.97983,-37.77042,METRO TRAM
145.002,-37.75198,METRO TRAM
145.00137,-37.75455,METRO TRAM
145.00105,-37.7567,METRO TRAM
145.00074,-37.75836,METRO TRAM
145.00055,-37.75945,METRO TRAM
145.00026,-37.76124,METRO TRAM
144.99995,-37.76315,METRO TRAM
144.99953,-37.76556,METRO TRAM
144.99928,-37.76747,METRO TRAM
144.99918,-37.76919,METRO TRAM
144.99866,-37.77139,METRO TRAM
144.99792,-37.775,METRO TRAM
144.99744,-37.77717,METRO TRAM
144.99673,-37.78088,METRO TRAM
144.99618,-37.78389,METRO TRAM
144.99399,-37.78632,METRO TRAM
144.99026,-37.78894,METRO TRAM
144.98835,-37.78974,METRO TRAM
144.98621,-37.79064,METRO TRAM
144.98528,-37.79362,METRO TRAM
144.98475,-37.79669,METRO TRAM
144.98437,-37.79884,METRO TRAM
144.98396,-37.80139,METRO TRAM
144.98361,-37.80346,METRO TRAM
144.98335,-37.80486,METRO TRAM
144.98309,-37.80624,METRO TRAM
144.9798,-37.80609,METRO TRAM
144.97738,-37.80582,METRO TRAM
144.97424,-37.80159,METRO TRAM
144.9749,-37.79758,METRO TRAM
144.97532,-37.79524,METRO TRAM
144.97594,-37.79172,METRO TRAM
144.97655,-37.78852,METRO TRAM
144.97715,-37.78525,METRO TRAM
144.97762,-37.78274,METRO TRAM
144.97823,-37.77933,METRO TRAM
144.97863,-37.77678,METRO TRAM
144.97909,-37.77414,METRO TRAM
144.97974,-37.77026,METRO TRAM
144.9803,-37.76697,METRO TRAM
145.03708,-37.86357,METRO TRAM
145.03386,-37.86315,METRO TRAM
145.03139,-37.86283,METRO TRAM
145.0227,-37.86159,METRO TRAM
145.02509,-37.86189,METRO TRAM
145.02813,-37.86228,METRO TRAM
145.03096,-37.86266,METRO TRAM
145.03339,-37.86296,METRO TRAM
145.03663,-37.86339,METRO TRAM
145.03999,-37.86383,METRO TRAM
144.90205,-37.77008,METRO TRAM
145.11247,-37.87376,METRO TRAIN
144.95563,-37.81205,METRO TRAIN
144.95558,-37.81193,METRO TRAIN
144.96251,-37.80997,METRO TRAIN
144.9625,-37.80987,METRO TRAIN
144.97292,-37.81101,METRO TRAIN
145.35519,-37.90914,METRO TRAIN
145.35513,-37.9091,METRO TRAIN
145.3429,-37.90809,METRO TRAIN
145.33141,-37.90371,METRO TRAIN
145.33138,-37.90361,METRO TRAIN
145.0797,-37.86819,METRO TRAIN
145.08139,-37.86193,METRO TRAIN
145.08053,-37.85155,METRO TRAIN
145.08047,-37.85155,METRO TRAIN
145.07548,-37.84385,METRO TRAIN
145.07543,-37.84388,METRO TRAIN
145.07024,-37.83567,METRO TRAIN
145.07034,-37.83568,METRO TRAIN
145.06964,-37.8313,METRO TRAIN
145.06967,-37.83162,METRO TRAIN
145.05836,-37.82669,METRO TRAIN
145.05836,-37.8266,METRO TRAIN
145.05845,-37.82652,METRO TRAIN
144.9731,-37.81091,METRO TRAIN
144.96627,-37.81809,METRO TRAIN
144.96649,-37.81814,METRO TRAIN
144.96652,-37.8182,METRO TRAIN
144.96656,-37.81829,METRO TRAIN
144.9666,-37.81833,METRO TRAIN
144.96664,-37.81843,METRO TRAIN
144.96667,-37.81851,METRO TRAIN
145.11246,-37.87371,METRO TRAIN
145.12604,-38.14268,METRO TRAIN
145.12619,-38.1427,METRO TRAIN
145.13533,-38.12172,METRO TRAIN
145.13539,-38.12172,METRO TRAIN
145.12817,-38.10434,METRO TRAIN
145.12828,-38.10442,METRO TRAIN
145.12304,-38.07761,METRO TRAIN
145.1231,-38.0776,METRO TRAIN
145.12006,-38.06556,METRO TRAIN
145.12017,-38.06556,METRO TRAIN
145.11654,-38.05321,METRO TRAIN
145.11664,-38.05315,METRO TRAIN
145.10737,-38.03628,METRO TRAIN
145.10751,-38.03629,METRO TRAIN
145.10199,-38.02711,METRO TRAIN
145.10208,-38.02708,METRO TRAIN
145.08735,-38.00633,METRO TRAIN
145.08761,-38.00642,METRO TRAIN
145.07601,-37.9929,METRO TRAIN
145.07615,-37.99283,METRO TRAIN
145.06609,-37.98323,METRO TRAIN
145.06616,-37.98321,METRO TRAIN
145.05435,-37.96639,METRO TRAIN
145.05428,-37.96643,METRO TRAIN
145.05443,-37.96637,METRO TRAIN
145.30729,-37.8926,METRO TRAIN
145.30711,-37.89249,METRO TRAIN
145.29495,-37.88134,METRO TRAIN
145.29507,-37.88129,METRO TRAIN
145.28474,-37.86053,METRO TRAIN
145.28479,-37.86049,METRO TRAIN
145.26818,-37.84187,METRO TRAIN
145.26821,-37.84182,METRO TRAIN
145.24456,-37.82849,METRO TRAIN
145.24467,-37.82845,METRO TRAIN
145.04152,-37.94802,METRO TRAIN
145.16289,-37.87974,METRO TRAIN
145.16291,-37.8797,METRO TRAIN
145.14964,-37.8763,METRO TRAIN
145.14964,-37.87624,METRO TRAIN
145.12777,-37.8753,METRO TRAIN
145.12772,-37.87522,METRO TRAIN
145.34792,-37.75541,METRO TRAIN
145.34776,-37.75543,METRO TRAIN
145.31369,-37.7847,METRO TRAIN
145.3137,-37.78465,METRO TRAIN
145.2807,-37.79537,METRO TRAIN
145.28051,-37.79536,METRO TRAIN
145.25087,-37.81172,METRO TRAIN
145.25088,-37.81166,METRO TRAIN
145.48651,-38.08051,METRO TRAIN
145.48655,-38.08044,METRO TRAIN
145.4116,-38.06632,METRO TRAIN
145.41171,-38.06625,METRO TRAIN
145.3665,-38.05113,METRO TRAIN
145.36652,-38.05107,METRO TRAIN
145.34503,-38.03983,METRO TRAIN
145.34516,-38.0398,METRO TRAIN
145.30378,-38.02759,METRO TRAIN
145.30383,-38.02752,METRO TRAIN
145.27004,-38.01799,METRO TRAIN
145.27008,-38.01787,METRO TRAIN
145.28074,-38.09977,METRO TRAIN
145.2808,-38.09973,METRO TRAIN
145.26336,-38.07904,METRO TRAIN
145.20984,-37.99014,METRO TRAIN
145.20986,-37.99011,METRO TRAIN
145.20982,-37.98999,METRO TRAIN
145.19101,-37.97773,METRO TRAIN
145.19104,-37.9777,METRO TRAIN
145.17588,-37.9663,METRO TRAIN
145.17595,-37.96625,METRO TRAIN
145.16326,-37.95692,METRO TRAIN
144.95523,-37.81216,METRO TRAIN
144.95516,-37.81204,METRO TRAIN
144.96254,-37.80998,METRO TRAIN
144.96249,-37.80992,METRO TRAIN
144.97286,-37.81097,METRO TRAIN
144.97306,-37.81092,METRO TRAIN
144.96771,-37.81861,METRO TRAIN
144.96766,-37.81852,METRO TRAIN
144.96674,-37.81876,METRO TRAIN
144.96674,-37.81864,METRO TRAIN
144.96672,-37.81858,METRO TRAIN
145.06825,-37.82584,METRO TRAIN
145.06822,-37.82577,METRO TRAIN
145.06825,-37.82569,METRO TRAIN
145.08066,-37.82471,METRO TRAIN
145.08085,-37.82475,METRO TRAIN
145.08087,-37.8247,METRO TRAIN
145.08866,-37.82426,METRO TRAIN
145.0887,-37.82422,METRO TRAIN
145.08947,-37.82426,METRO TRAIN
145.12183,-37.81935,METRO TRAIN
145.12185,-37.81927,METRO TRAIN
145.12139,-37.81911,METRO TRAIN
145.14082,-37.82063,METRO TRAIN
145.14091,-37.82075,METRO TRAIN
145.15007,-37.8202,METRO TRAIN
145.15008,-37.82011,METRO TRAIN
145.15009,-37.82004,METRO TRAIN
145.17486,-37.82046,METRO TRAIN
145.17487,-37.82053,METRO TRAIN
145.19321,-37.81798,METRO TRAIN
145.19323,-37.81805,METRO TRAIN
145.21434,-37.81875,METRO TRAIN
145.21435,-37.81882,METRO TRAIN
145.22928,-37.81568,METRO TRAIN
145.22896,-37.81604,METRO TRAIN
145.22889,-37.81597,METRO TRAIN
145.04592,-37.82253,METRO TRAIN
145.04593,-37.82244,METRO TRAIN
145.04595,-37.82235,METRO TRAIN
145.0364,-37.82158,METRO TRAIN
145.03642,-37.82148,METRO TRAIN
145.03639,-37.82141,METRO TRAIN
145.02337,-37.82176,METRO TRAIN
145.02322,-37.82177,METRO TRAIN
145.02314,-37.8217,METRO TRAIN
145.00765,-37.82769,METRO TRAIN
145.00769,-37.82762,METRO TRAIN
145.00769,-37.82753,METRO TRAIN
145.00768,-37.82748,METRO TRAIN
144.99707,-37.82651,METRO TRAIN
144.99713,-37.82637,METRO TRAIN
144.98954,-37.82416,METRO TRAIN
144.98955,-37.82413,METRO TRAIN
144.98959,-37.82404,METRO TRAIN
144.98961,-37.82401,METRO TRAIN
144.98962,-37.82392,METRO TRAIN
144.98964,-37.82389,METRO TRAIN
144.98967,-37.82381,METRO TRAIN
144.98968,-37.82378,METRO TRAIN
144.9897,-37.8237,METRO TRAIN
144.98972,-37.82366,METRO TRAIN
145.02257,-37.83464,METRO TRAIN
145.02275,-37.83462,METRO TRAIN
145.03354,-37.83997,METRO TRAIN
145.03339,-37.83984,METRO TRAIN
145.0417,-37.84937,METRO TRAIN
145.04175,-37.84931,METRO TRAIN
145.05085,-37.85289,METRO TRAIN
144.94177,-37.80129,METRO TRAIN
144.95955,-37.79995,METRO TRAIN
145.16335,-37.95685,METRO TRAIN
145.15327,-37.94923,METRO TRAIN
145.15332,-37.94916,METRO TRAIN
145.13809,-37.93797,METRO TRAIN
145.13813,-37.9379,METRO TRAIN
145.12076,-37.92473,METRO TRAIN
145.12092,-37.92476,METRO TRAIN
145.1024,-37.91107,METRO TRAIN
145.10246,-37.91103,METRO TRAIN
145.0881,-37.90024,METRO TRAIN
145.08837,-37.9003,METRO TRAIN
145.07577,-37.89402,METRO TRAIN
145.07578,-37.89397,METRO TRAIN
145.06734,-37.89023,METRO TRAIN
145.06738,-37.89015,METRO TRAIN
145.05852,-37.88625,METRO TRAIN
145.05855,-37.88618,METRO TRAIN
144.66106,-37.89936,METRO TRAIN
144.66111,-37.89949,METRO TRAIN
144.66044,-37.89986,METRO TRAIN
144.70083,-37.88331,METRO TRAIN
144.70086,-37.88339,METRO TRAIN
144.77204,-37.86374,METRO TRAIN
144.77203,-37.86383,METRO TRAIN
144.76028,-37.8667,METRO TRAIN
144.76029,-37.86675,METRO TRAIN
144.81406,-37.86522,METRO TRAIN
144.81406,-37.86517,METRO TRAIN
144.82944,-37.86715,METRO TRAIN
144.84103,-37.86783,METRO TRAIN
144.99939,-37.78058,METRO TRAIN
144.9993,-37.78052,METRO TRAIN
145.00825,-37.77924,METRO TRAIN
145.00825,-37.77914,METRO TRAIN
145.01697,-37.77921,METRO TRAIN
145.01695,-37.77913,METRO TRAIN
145.03129,-37.77845,METRO TRAIN
145.03124,-37.77836,METRO TRAIN
145.03862,-37.77491,METRO TRAIN
145.03851,-37.77485,METRO TRAIN
145.04542,-37.76891,METRO TRAIN
145.04542,-37.76884,METRO TRAIN
145.05388,-37.76373,METRO TRAIN
145.05379,-37.76366,METRO TRAIN
145.06087,-37.75714,METRO TRAIN
145.06077,-37.75706,METRO TRAIN
145.06629,-37.74318,METRO TRAIN
145.04166,-37.94801,METRO TRAIN
145.03665,-37.93451,METRO TRAIN
145.0367,-37.93452,METRO TRAIN
145.03683,-37.93444,METRO TRAIN
145.03552,-37.92487,METRO TRAIN
145.03557,-37.92487,METRO TRAIN
145.03568,-37.9249,METRO TRAIN
145.03692,-37.91741,METRO TRAIN
145.03692,-37.91778,METRO TRAIN
145.0371,-37.91744,METRO TRAIN
145.03801,-37.91148,METRO TRAIN
145.03805,-37.91148,METRO TRAIN
145.03819,-37.91145,METRO TRAIN
145.03941,-37.90388,METRO TRAIN
145.0395,-37.90389,METRO TRAIN
145.03958,-37.90391,METRO TRAIN
145.042,-37.89003,METRO TRAIN
145.04211,-37.89005,METRO TRAIN
145.0422,-37.89006,METRO TRAIN
145.04208,-37.87736,METRO TRAIN
145.04231,-37.87736,METRO TRAIN
145.04238,-37.87729,METRO TRAIN
145.04243,-37.87716,METRO TRAIN
145.02909,-37.86626,METRO TRAIN
145.02919,-37.86627,METRO TRAIN
145.02933,-37.86617,METRO TRAIN
145.02951,-37.86626,METRO TRAIN
145.01888,-37.85611,METRO TRAIN
145.01899,-37.85613,METRO TRAIN
145.01909,-37.85602,METRO TRAIN
145.01916,-37.85596,METRO TRAIN
145.01365,-37.85083,METRO TRAIN
145.01366,-37.85074,METRO TRAIN
145.01377,-37.85067,METRO TRAIN
145.01389,-37.85067,METRO TRAIN
145.00181,-37.84473,METRO TRAIN
145.00186,-37.84463,METRO TRAIN
145.00449,-37.95028,METRO TRAIN
145.00149,-37.93816,METRO TRAIN
145.0015,-37.93807,METRO TRAIN
144.98921,-37.92635,METRO TRAIN
144.98936,-37.92645,METRO TRAIN
144.99635,-37.91506,METRO TRAIN
144.99662,-37.9149,METRO TRAIN
145.0026,-37.9047,METRO TRAIN
145.00266,-37.90484,METRO TRAIN
145.00411,-37.89662,METRO TRAIN
145.00424,-37.89665,METRO TRAIN
145.00082,-37.88476,METRO TRAIN
145.00086,-37.88474,METRO TRAIN
144.99519,-37.87596,METRO TRAIN
144.99526,-37.8759,METRO TRAIN
144.9936,-37.86936,METRO TRAIN
144.9935,-37.86933,METRO TRAIN
144.99192,-37.85602,METRO TRAIN
144.99213,-37.85608,METRO TRAIN
144.98978,-37.84971,METRO TRAIN
144.98987,-37.84968,METRO TRAIN
144.99206,-37.83851,METRO TRAIN
144.99217,-37.83852,METRO TRAIN
144.99223,-37.83853,METRO TRAIN
144.99233,-37.83855,METRO TRAIN
144.99237,-37.83855,METRO TRAIN
144.99248,-37.83856,METRO TRAIN
144.94663,-37.66559,METRO TRAIN
144.95891,-37.70108,METRO TRAIN
144.95885,-37.70107,METRO TRAIN
144.96064,-37.71513,METRO TRAIN
144.96051,-37.71509,METRO TRAIN
144.9614,-37.72149,METRO TRAIN
144.96135,-37.72149,METRO TRAIN
144.96277,-37.73289,METRO TRAIN
144.96272,-37.7329,METRO TRAIN
144.9634,-37.74202,METRO TRAIN
144.96328,-37.74202,METRO TRAIN
144.96194,-37.7541,METRO TRAIN
144.96177,-37.75409,METRO TRAIN
144.96074,-37.76132,METRO TRAIN
144.96061,-37.76129,METRO TRAIN
144.95965,-37.76775,METRO TRAIN
144.95954,-37.76768,METRO TRAIN
144.9588,-37.77497,METRO TRAIN
144.95867,-37.7749,METRO TRAIN
144.95233,-37.78124,METRO TRAIN
144.95231,-37.78114,METRO TRAIN
144.93922,-37.78827,METRO TRAIN
144.93928,-37.78812,METRO TRAIN
144.93622,-37.79432,METRO TRAIN
144.9361,-37.79427,METRO TRAIN
144.94219,-37.80706,METRO TRAIN
144.94212,-37.80717,METRO TRAIN
144.94207,-37.80717,METRO TRAIN
144.94197,-37.80722,METRO TRAIN
144.94206,-37.8074,METRO TRAIN
144.94189,-37.80738,METRO TRAIN
144.99547,-37.78863,METRO TRAIN
144.99539,-37.78841,METRO TRAIN
144.99445,-37.79924,METRO TRAIN
144.99439,-37.79904,METRO TRAIN
144.99373,-37.80427,METRO TRAIN
144.99377,-37.80459,METRO TRAIN
144.99252,-37.81055,METRO TRAIN
144.99251,-37.81018,METRO TRAIN
144.99141,-37.81504,METRO TRAIN
144.99148,-37.81477,METRO TRAIN
144.98393,-37.81654,METRO TRAIN
144.98395,-37.81647,METRO TRAIN
145.06622,-37.7432,METRO TRAIN
145.06898,-37.72606,METRO TRAIN
145.0691,-37.72607,METRO TRAIN
145.06919,-37.72597,METRO TRAIN
145.08376,-37.71102,METRO TRAIN
145.08367,-37.71099,METRO TRAIN
145.10805,-37.70395,METRO TRAIN
145.10816,-37.70392,METRO TRAIN
145.12105,-37.71525,METRO TRAIN
145.14793,-37.71341,METRO TRAIN
145.14782,-37.71336,METRO TRAIN
145.15848,-37.67336,METRO TRAIN
145.15824,-37.67354,METRO TRAIN
145.18169,-37.66401,METRO TRAIN
145.19197,-37.63958,METRO TRAIN
144.90504,-37.86763,METRO TRAIN
144.89441,-37.86403,METRO TRAIN
144.89444,-37.86392,METRO TRAIN
144.8889,-37.85712,METRO TRAIN
144.88903,-37.85708,METRO TRAIN
144.88353,-37.84284,METRO TRAIN
144.88362,-37.84278,METRO TRAIN
144.88585,-37.83069,METRO TRAIN
144.88597,-37.83072,METRO TRAIN
144.88983,-37.81593,METRO TRAIN
144.88991,-37.81594,METRO TRAIN
144.8956,-37.80899,METRO TRAIN
144.89575,-37.80901,METRO TRAIN
144.72793,-37.57906,METRO TRAIN
144.71998,-37.62771,METRO TRAIN
144.77394,-37.70077,METRO TRAIN
144.77399,-37.70099,METRO TRAIN
144.77393,-37.70102,METRO TRAIN
144.79379,-37.72942,METRO TRAIN
144.79379,-37.7296,METRO TRAIN
144.79979,-37.74486,METRO TRAIN
144.79987,-37.7448,METRO TRAIN
144.81114,-37.75974,METRO TRAIN
144.81105,-37.75974,METRO TRAIN
144.82435,-37.7771,METRO TRAIN
144.82424,-37.77711,METRO TRAIN
145.03143,-37.65221,METRO TRAIN
145.03144,-37.65215,METRO TRAIN
145.01734,-37.66587,METRO TRAIN
145.01722,-37.66585,METRO TRAIN
145.01435,-37.68032,METRO TRAIN
145.01176,-37.69575,METRO TRAIN
145.01168,-37.69562,METRO TRAIN
145.00948,-37.70791,METRO TRAIN
145.00943,-37.70791,METRO TRAIN
145.0071,-37.71671,METRO TRAIN
145.00702,-37.71667,METRO TRAIN
145.0028,-37.72848,METRO TRAIN
145.00272,-37.72843,METRO TRAIN
145.00058,-37.73886,METRO TRAIN
145.00047,-37.73886,METRO TRAIN
145.00037,-37.74603,METRO TRAIN
145.00016,-37.74586,METRO TRAIN
144.9986,-37.75516,METRO TRAIN
144.99854,-37.75495,METRO TRAIN
144.9971,-37.76413,METRO TRAIN
144.99699,-37.76414,METRO TRAIN
144.9953,-37.7699,METRO TRAIN
144.99523,-37.76983,METRO TRAIN
144.99303,-37.77794,METRO TRAIN
144.99295,-37.77771,METRO TRAIN
144.99256,-37.78328,METRO TRAIN
144.99198,-37.78295,METRO TRAIN
144.86344,-37.79925,METRO TRAIN
144.86347,-37.79933,METRO TRAIN
144.88392,-37.80168,METRO TRAIN
144.88325,-37.80168,METRO TRAIN
144.89103,-37.80247,METRO TRAIN
144.89107,-37.80253,METRO TRAIN
144.90208,-37.80138,METRO TRAIN
144.90208,-37.80147,METRO TRAIN
144.90215,-37.80156,METRO TRAIN
144.9023,-37.80158,METRO TRAIN
144.92477,-37.79946,METRO TRAIN
144.92492,-37.79958,METRO TRAIN
144.90719,-37.78773,METRO TRAIN
144.90734,-37.78724,METRO TRAIN
144.94323,-37.60229,METRO TRAIN
144.94314,-37.60224,METRO TRAIN
144.91972,-37.68298,METRO TRAIN
144.91979,-37.68274,METRO TRAIN
144.91583,-37.69534,METRO TRAIN
144.91579,-37.69533,METRO TRAIN
144.91758,-37.7049,METRO TRAIN
144.91744,-37.70495,METRO TRAIN
144.92154,-37.71792,METRO TRAIN
144.92143,-37.71794,METRO TRAIN
144.9282,-37.73067,METRO TRAIN
144.92814,-37.73075,METRO TRAIN
144.92686,-37.74406,METRO TRAIN
144.92678,-37.74398,METRO TRAIN
144.9208,-37.74736,METRO TRAIN
144.92085,-37.7472,METRO TRAIN
144.91634,-37.75625,METRO TRAIN
144.91617,-37.75617,METRO TRAIN
144.91606,-37.75617,METRO TRAIN
144.91928,-37.76593,METRO TRAIN
144.91922,-37.76591,METRO TRAIN
144.92188,-37.77533,METRO TRAIN
144.92173,-37.77528,METRO TRAIN
144.92905,-37.78732,METRO TRAIN
144.92891,-37.78725,METRO TRAIN
144.93057,-37.79377,METRO TRAIN
144.93049,-37.7938,METRO TRAIN
144.72803,-37.57915,METRO TRAIN
144.94313,-37.60227,METRO TRAIN
145.18948,-38.35386,METRO TRAIN
144.952,-37.81825,METRO TRAIN
144.95214,-37.81853,METRO TRAIN
144.95192,-37.81853,METRO TRAIN
144.95185,-37.81855,METRO TRAIN
144.95177,-37.81866,METRO TRAIN
144.95171,-37.81869,METRO TRAIN
144.96696,-37.81831,METRO TRAIN
144.90214,-37.80158,METRO TRAIN
144.83246,-37.78834,METRO TRAIN
144.81114,-37.75974,METRO TRAIN
144.80011,-37.74514,METRO TRAIN
144.77409,-37.70097,METRO TRAIN
144.88338,-37.84279,METRO TRAIN
144.6611,-37.89935,METRO TRAIN
144.99016,-37.82407,METRO TRAIN
145.04252,-37.87723,METRO TRAIN
145.12069,-37.92457,METRO TRAIN
145.20973,-37.98997,METRO TRAIN
145.34496,-38.03958,METRO TRAIN
144.9161,-37.756,METRO TRAIN
144.7609,-37.86714,METRO TRAIN
145.07983,-37.86828,METRO TRAIN
144.82586,-37.77703,METRO TRAIN
144.83072,-37.86692,METRO TRAIN
145.02034,-37.85725,METRO TRAIN
144.92332,-37.77658,METRO TRAIN
145.08154,-37.86246,METRO TRAIN
145.10206,-38.0268,METRO TRAIN
145.04637,-37.82386,METRO TRAIN
144.99333,-37.86879,METRO TRAIN
145.00282,-37.74556,METRO TRAIN
145.03713,-37.91828,METRO TRAIN
145.3446,-38.03873,METRO TRAIN
145.15037,-37.81989,METRO TRAIN
145.12045,-38.06707,METRO TRAIN
145.12178,-37.81807,METRO TRAIN
144.91882,-37.68341,METRO TRAIN
145.0071,-37.82833,METRO TRAIN
145.0815,-37.85146,METRO TRAIN
145.05842,-37.82634,METRO TRAIN
145.08071,-37.82388,METRO TRAIN
145.05764,-37.88594,METRO TRAIN
145.12459,-38.07588,METRO TRAIN
145.042,-37.87759,METRO TRAIN
145.08917,-37.82503,METRO TRAIN
145.11629,-38.05218,METRO TRAIN
145.05514,-37.968,METRO TRAIN
145.12116,-37.92479,METRO TRAIN
144.99503,-37.78899,METRO TRAIN
144.96638,-37.74312,METRO TRAIN
144.9924,-37.80457,METRO TRAIN
144.92502,-37.66067,METRO TRAIN
144.94247,-37.60211,METRO TRAIN
145.28117,-38.10036,METRO TRAIN
144.99952,-37.7655,METRO TRAIN
145.20997,-37.99065,METRO TRAIN
145.15948,-37.67435,METRO TRAIN
144.72079,-37.62766,METRO TRAIN
145.06512,-37.82551,METRO TRAIN
144.99814,-37.82576,METRO TRAIN
145.10842,-38.0377,METRO TRAIN
145.00031,-37.88511,METRO TRAIN
145.14824,-37.7132,METRO TRAIN
145.03078,-37.65235,METRO TRAIN
144.9167,-37.75625,METRO TRAIN
145.01762,-37.77894,METRO TRAIN
144.95609,-37.81173,METRO TRAIN
144.96592,-37.81798,METRO TRAIN
144.90134,-37.80133,METRO TRAIN
145.12666,-38.14321,METRO TRAIN
144.81195,-37.76005,METRO TRAIN
145.16314,-37.87997,METRO TRAIN
144.92037,-37.74805,METRO TRAIN
145.03584,-37.82269,METRO TRAIN
145.04501,-37.89052,METRO TRAIN
144.91577,-37.70436,METRO TRAIN
145.10689,-37.70336,METRO TRAIN
145.27071,-38.01809,METRO TRAIN
145.00224,-37.93859,METRO TRAIN
145.07661,-37.84472,METRO TRAIN
145.0969,-37.6234,METRO TRAIN
145.02379,-37.82128,METRO TRAIN
145.21134,-37.81711,METRO TRAIN
145.06149,-37.75723,METRO TRAIN
145.02214,-37.83479,METRO TRAIN
145.04092,-37.94867,METRO TRAIN
144.70072,-37.88315,METRO TRAIN
145.07669,-37.89442,METRO TRAIN
145.10341,-37.91106,METRO TRAIN
145.19224,-37.63953,METRO TRAIN
145.04482,-37.76898,METRO TRAIN
144.91616,-37.6949,METRO TRAIN
144.98321,-37.81625,METRO TRAIN
145.13511,-38.12123,METRO TRAIN
144.79449,-37.73017,METRO TRAIN
144.93105,-37.79419,METRO TRAIN
145.01173,-37.69359,METRO TRAIN
145.01693,-37.66515,METRO TRAIN
144.77178,-37.86436,METRO TRAIN
145.25076,-38.05867,METRO TRAIN
145.06953,-37.72612,METRO TRAIN
145.02818,-37.86678,METRO TRAIN
145.03873,-37.91106,METRO TRAIN
144.96186,-37.81028,METRO TRAIN
145.06436,-37.98158,METRO TRAIN
145.26433,-38.07958,METRO TRAIN
145.10142,-37.60275,METRO TRAIN
144.99249,-37.77756,METRO TRAIN
144.99696,-37.9157,METRO TRAIN
144.89123,-37.80296,METRO TRAIN
145.09273,-37.64394,METRO TRAIN
145.19434,-37.81637,METRO TRAIN
145.12171,-37.7157,METRO TRAIN
144.91942,-37.76554,METRO TRAIN
145.03685,-37.93527,METRO TRAIN
145.08759,-38.00583,METRO TRAIN
145.12908,-37.87617,METRO TRAIN
145.06692,-37.88962,METRO TRAIN
145.30321,-38.02694,METRO TRAIN
144.92804,-37.7879,METRO TRAIN
144.88255,-37.84249,METRO TRAIN
145.17622,-37.96633,METRO TRAIN
145.00146,-37.90567,METRO TRAIN
144.9427,-37.80678,METRO TRAIN
144.9914,-37.81042,METRO TRAIN
144.89056,-37.8575,METRO TRAIN
144.99617,-37.76902,METRO TRAIN
145.17586,-37.82037,METRO TRAIN
144.9199,-37.71789,METRO TRAIN
145.08786,-37.90046,METRO TRAIN
145.03989,-37.90403,METRO TRAIN
145.07672,-37.99318,METRO TRAIN
144.97357,-37.81269,METRO TRAIN
144.92818,-37.72967,METRO TRAIN
145.04065,-37.92451,METRO TRAIN
144.9893,-37.85138,METRO TRAIN
145.00134,-37.73763,METRO TRAIN
145.00325,-37.73065,METRO TRAIN
145.00758,-37.71738,METRO TRAIN
144.98957,-37.82487,METRO TRAIN
145.22933,-37.81522,METRO TRAIN
144.99787,-37.87717,METRO TRAIN
145.06988,-37.83292,METRO TRAIN
145.06671,-37.74325,METRO TRAIN
144.93492,-37.63892,METRO TRAIN
144.991,-37.783,METRO TRAIN
145.00921,-37.70701,METRO TRAIN
145.16259,-37.95681,METRO TRAIN
145.00429,-37.95022,METRO TRAIN
145.12842,-38.10389,METRO TRAIN
144.83874,-37.86765,METRO TRAIN
144.89499,-37.80898,METRO TRAIN
144.92062,-37.79826,METRO TRAIN
145.06705,-37.64929,METRO TRAIN
144.9922,-37.83911,METRO TRAIN
145.04856,-37.9571,METRO TRAIN
144.88684,-37.82981,METRO TRAIN
145.15348,-37.94994,METRO TRAIN
144.80064,-37.74504,METRO TRAIN
144.92785,-37.74413,METRO TRAIN
144.72844,-37.57902,METRO TRAIN
144.83284,-37.78905,METRO TRAIN
145.14989,-37.87675,METRO TRAIN
145.0138,-37.68082,METRO TRAIN
145.00103,-37.75659,METRO TRAIN
145.01219,-37.84962,METRO TRAIN
145.04261,-37.85066,METRO TRAIN
144.86279,-37.79954,METRO TRAIN
144.99307,-37.80041,METRO TRAIN
144.77431,-37.70073,METRO TRAIN
145.0842,-37.71092,METRO TRAIN
145.18274,-37.66365,METRO TRAIN
144.66051,-37.89892,METRO TRAIN
144.88413,-37.80232,METRO TRAIN
144.99052,-37.81518,METRO TRAIN
145.13847,-37.93786,METRO TRAIN
144.81248,-37.86444,METRO TRAIN
144.74829,-37.86948,METRO TRAIN
144.89494,-37.86385,METRO TRAIN
144.90548,-37.86757,METRO TRAIN
145.0726,-37.83598,METRO TRAIN
144.99246,-37.85633,METRO TRAIN
145.19184,-37.97793,METRO TRAIN
144.88933,-37.81618,METRO TRAIN
145.09684,-37.82594,METRO TRAIN
144.9068,-37.78726,METRO TRAIN
145.43763,-38.0713,METRO TRAIN
145.43766,-38.0712,METRO TRAIN
144.92602,-37.66153,METRO TRAIN
144.92593,-37.66129,METRO TRAIN
144.7201,-37.62763,METRO TRAIN
145.50648,-38.0843,METRO TRAIN
145.50652,-38.08424,METRO TRAIN
144.90244,-37.80172,METRO TRAIN
144.90238,-37.80189,METRO TRAIN
145.12622,-38.14263,METRO TRAIN
145.09743,-37.6229,METRO TRAIN
145.09734,-37.62289,METRO TRAIN
144.77206,-37.86392,METRO TRAIN
145.24939,-38.05744,METRO TRAIN
145.24959,-38.05759,METRO TRAIN
145.26349,-38.07896,METRO TRAIN
145.10097,-37.60232,METRO TRAIN
145.10091,-37.60231,METRO TRAIN
145.09247,-37.64381,METRO TRAIN
145.09231,-37.64383,METRO TRAIN
145.12111,-37.71518,METRO TRAIN
145.06767,-37.64908,METRO TRAIN
145.06766,-37.64902,METRO TRAIN
145.04926,-37.95913,METRO TRAIN
145.04928,-37.95895,METRO TRAIN
144.72797,-37.57922,METRO TRAIN
144.83285,-37.78827,METRO TRAIN
144.83277,-37.78834,METRO TRAIN
144.83266,-37.78838,METRO TRAIN
144.8325,-37.78836,METRO TRAIN
145.01426,-37.68031,METRO TRAIN
145.10157,-37.82235,METRO TRAIN
145.1015,-37.8223,METRO TRAIN
145.10141,-37.82227,METRO TRAIN
144.88323,-37.80175,METRO TRAIN
145.13819,-37.93785,METRO TRAIN
144.74656,-37.87024,METRO TRAIN
144.7466,-37.87028,METRO TRAIN
144.93972,-37.80151,METRO TRAIN
144.93969,-37.80138,METRO TRAIN
144.9592,-37.7999,METRO TRAIN
144.95921,-37.79981,METRO TRAIN
144.96312,-37.80824,METRO TRAIN
144.96328,-37.80818,METRO TRAIN
144.96673,-37.81608,METRO TRAIN
144.96689,-37.81604,METRO TRAIN
144.97273,-37.83314,METRO TRAIN
144.97284,-37.83305,METRO TRAIN
145.34452,-38.03884,METRO TRAIN
145.34305,-38.03861,METRO TRAIN
145.17804,-38.33715,METRO TRAIN
145.18598,-38.30556,METRO TRAIN
144.93545,-37.63829,METRO TRAIN
144.93535,-37.63828,METRO TRAIN
145.18623,-38.25974,METRO TRAIN
145.17632,-38.22543,METRO TRAIN
145.16053,-38.19405,METRO TRAIN
145.05092,-37.8528,METRO TRAIN
145.05811,-37.85924,METRO TRAIN
145.20369,-38.36578,METRO TRAIN
144.91025,-37.78267,METRO TRAIN
145.1396,-38.15206,METRO TRAIN
145.05817,-37.8592,METRO TRAIN
145.06286,-37.86895,METRO TRAIN
145.06297,-37.86892,METRO TRAIN
145.06911,-37.87688,METRO TRAIN
145.06929,-37.87685,METRO TRAIN
145.08996,-37.87462,METRO TRAIN
145.08998,-37.87456,METRO TRAIN
145.22134,-38.37406,METRO TRAIN
144.76081,-37.86661,METRO TRAIN
144.8247,-37.77765,METRO TRAIN
144.8247,-37.77765,METRO TRAIN
144.82409,-37.7768,METRO TRAIN
144.82442,-37.77678,METRO TRAIN
144.82376,-37.77677,METRO TRAIN
144.82576,-37.77845,METRO TRAIN
144.82396,-37.77717,METRO TRAIN
145.07966,-37.86832,METRO TRAIN
145.07966,-37.86832,METRO TRAIN
145.07984,-37.86812,METRO TRAIN
145.03125,-37.77839,METRO TRAIN
144.82964,-37.86715,METRO TRAIN
145.01933,-37.85645,METRO TRAIN
145.01933,-37.85645,METRO TRAIN
145.01917,-37.85649,METRO TRAIN
145.01954,-37.85627,METRO TRAIN
145.01934,-37.85638,METRO TRAIN
145.01912,-37.85651,METRO TRAIN
145.01937,-37.85607,METRO TRAIN
145.01957,-37.85628,METRO TRAIN
145.01971,-37.85644,METRO TRAIN
144.94121,-37.80122,METRO TRAIN
145.08134,-37.86197,METRO TRAIN
145.10215,-38.02722,METRO TRAIN
145.10215,-38.02722,METRO TRAIN
145.10207,-38.02736,METRO TRAIN
145.10233,-38.02738,METRO TRAIN
145.10215,-38.02707,METRO TRAIN
145.10201,-38.02677,METRO TRAIN
144.92182,-37.77531,METRO TRAIN
144.92182,-37.77531,METRO TRAIN
144.92197,-37.77525,METRO TRAIN
144.92191,-37.77546,METRO TRAIN
144.92169,-37.77527,METRO TRAIN
144.92192,-37.77516,METRO TRAIN
144.92209,-37.77539,METRO TRAIN
144.92154,-37.77504,METRO TRAIN
144.92179,-37.77549,METRO TRAIN
144.92171,-37.77486,METRO TRAIN
144.96068,-37.76124,METRO TRAIN
145.04584,-37.8224,METRO TRAIN
145.04584,-37.8224,METRO TRAIN
145.04589,-37.82251,METRO TRAIN
145.0459,-37.82235,METRO TRAIN
145.04586,-37.82267,METRO TRAIN
145.04592,-37.82226,METRO TRAIN
144.97279,-37.83331,METRO TRAIN
144.9726,-37.83321,METRO TRAIN
144.97266,-37.83298,METRO TRAIN
144.97284,-37.83315,METRO TRAIN
144.97272,-37.83281,METRO TRAIN
144.97249,-37.8336,METRO TRAIN
144.97233,-37.8331,METRO TRAIN
144.9728,-37.83341,METRO TRAIN
144.97217,-37.83343,METRO TRAIN
144.97312,-37.83277,METRO TRAIN
144.97247,-37.83325,METRO TRAIN
144.97265,-37.83336,METRO TRAIN
144.97246,-37.83369,METRO TRAIN
144.97276,-37.8327,METRO TRAIN
144.97304,-37.83332,METRO TRAIN
144.96284,-37.73352,METRO TRAIN
145.26814,-37.84173,METRO TRAIN
144.98915,-37.92648,METRO TRAIN
145.15001,-37.82007,METRO TRAIN
145.15004,-37.82036,METRO TRAIN
145.15001,-37.82007,METRO TRAIN
145.15075,-37.8203,METRO TRAIN
145.1505,-37.82029,METRO TRAIN
145.1505,-37.82016,METRO TRAIN
145.15052,-37.82001,METRO TRAIN
145.15053,-37.81993,METRO TRAIN
145.15051,-37.82039,METRO TRAIN
145.15087,-37.82032,METRO TRAIN
145.15003,-37.81995,METRO TRAIN
145.15012,-37.81994,METRO TRAIN
145.15063,-37.81997,METRO TRAIN
145.15057,-37.82016,METRO TRAIN
145.15059,-37.82,METRO TRAIN
145.14936,-37.81996,METRO TRAIN
145.15153,-37.82,METRO TRAIN
145.15201,-37.82035,METRO TRAIN
144.99351,-37.86949,METRO TRAIN
144.99351,-37.86949,METRO TRAIN
144.99348,-37.86902,METRO TRAIN
144.99364,-37.86939,METRO TRAIN
144.99347,-37.86896,METRO TRAIN
144.99343,-37.86915,METRO TRAIN
144.9937,-37.86928,METRO TRAIN
144.9937,-37.86926,METRO TRAIN
145.35529,-37.9091,METRO TRAIN
145.00016,-37.74556,METRO TRAIN
145.00016,-37.74614,METRO TRAIN
145.00026,-37.74594,METRO TRAIN
145.00029,-37.74575,METRO TRAIN
145.00023,-37.74612,METRO TRAIN
145.00019,-37.74688,METRO TRAIN
145.037,-37.91742,METRO TRAIN
145.34542,-38.03998,METRO TRAIN
145.34425,-38.03913,METRO TRAIN
145.34573,-38.04041,METRO TRAIN
145.3444,-38.03924,METRO TRAIN
145.34486,-38.03927,METRO TRAIN
145.34405,-38.03963,METRO TRAIN
145.34413,-38.03782,METRO TRAIN
145.34514,-38.0391,METRO TRAIN
145.36607,-38.05083,METRO TRAIN
145.17803,-38.33739,METRO TRAIN
145.00756,-37.82756,METRO TRAIN
145.00756,-37.82756,METRO TRAIN
145.00727,-37.82788,METRO TRAIN
145.00717,-37.8276,METRO TRAIN
145.00721,-37.82746,METRO TRAIN
145.00721,-37.82738,METRO TRAIN
145.00753,-37.82791,METRO TRAIN
145.00748,-37.82741,METRO TRAIN
145.00726,-37.8271,METRO TRAIN
145.00701,-37.82826,METRO TRAIN
144.91961,-37.68305,METRO TRAIN
145.12011,-38.06547,METRO TRAIN
145.12025,-38.06582,METRO TRAIN
145.12011,-38.06545,METRO TRAIN
145.11997,-38.06534,METRO TRAIN
145.12017,-38.06532,METRO TRAIN
145.11998,-38.06547,METRO TRAIN
145.11992,-38.06484,METRO TRAIN
145.12021,-38.06545,METRO TRAIN
145.12009,-38.06478,METRO TRAIN
145.12019,-38.06669,METRO TRAIN
145.12038,-38.06675,METRO TRAIN
145.1198,-38.06447,METRO TRAIN
145.12049,-38.06719,METRO TRAIN
145.11997,-38.06529,METRO TRAIN
145.12018,-38.06529,METRO TRAIN
145.12017,-38.06665,METRO TRAIN
145.12052,-38.06741,METRO TRAIN
145.2847,-37.8604,METRO TRAIN
145.12143,-37.81922,METRO TRAIN
145.12166,-37.81921,METRO TRAIN
145.12143,-37.81922,METRO TRAIN
145.1216,-37.81926,METRO TRAIN
145.12149,-37.8192,METRO TRAIN
145.12161,-37.81914,METRO TRAIN
145.12172,-37.81921,METRO TRAIN
145.12149,-37.81925,METRO TRAIN
145.11988,-37.81836,METRO TRAIN
145.12154,-37.82006,METRO TRAIN
145.12341,-37.81965,METRO TRAIN
145.12087,-37.82001,METRO TRAIN
145.08051,-37.85156,METRO TRAIN
145.08051,-37.85156,METRO TRAIN
145.08033,-37.85163,METRO TRAIN
145.08068,-37.85153,METRO TRAIN
145.07996,-37.85109,METRO TRAIN
145.0802,-37.85055,METRO TRAIN
144.95959,-37.76772,METRO TRAIN
145.16053,-38.19404,METRO TRAIN
145.0587,-37.82657,METRO TRAIN
145.0587,-37.82657,METRO TRAIN
145.0589,-37.82644,METRO TRAIN
145.05892,-37.82664,METRO TRAIN
145.05888,-37.82664,METRO TRAIN
145.05893,-37.82708,METRO TRAIN
145.05777,-37.82638,METRO TRAIN
145.05865,-37.82639,METRO TRAIN
145.05928,-37.82641,METRO TRAIN
145.05806,-37.82706,METRO TRAIN
145.05845,-37.82634,METRO TRAIN
145.12281,-38.07653,METRO TRAIN
145.2806,-38.09954,METRO TRAIN
145.28104,-38.10062,METRO TRAIN
145.2806,-38.09954,METRO TRAIN
145.28134,-38.10031,METRO TRAIN
145.2798,-38.09966,METRO TRAIN
145.28208,-38.10028,METRO TRAIN
145.08122,-37.82449,METRO TRAIN
145.43779,-38.07129,METRO TRAIN
145.28049,-37.7953,METRO TRAIN
145.04252,-37.87746,METRO TRAIN
145.0418,-37.87674,METRO TRAIN
145.04252,-37.87746,METRO TRAIN
145.04193,-37.87746,METRO TRAIN
145.04193,-37.87706,METRO TRAIN
145.04213,-37.87689,METRO TRAIN
145.04227,-37.87727,METRO TRAIN
145.04175,-37.87736,METRO TRAIN
145.04208,-37.87754,METRO TRAIN
145.04166,-37.87735,METRO TRAIN
145.04234,-37.87702,METRO TRAIN
145.04281,-37.8773,METRO TRAIN
145.04195,-37.87677,METRO TRAIN
145.04213,-37.87773,METRO TRAIN
145.04296,-37.87806,METRO TRAIN
145.04276,-37.87717,METRO TRAIN
144.94331,-37.60192,METRO TRAIN
144.94274,-37.60257,METRO TRAIN
144.94332,-37.60182,METRO TRAIN
144.94287,-37.6022,METRO TRAIN
144.94281,-37.6023,METRO TRAIN
144.9428,-37.60218,METRO TRAIN
144.94279,-37.60233,METRO TRAIN
144.94355,-37.60166,METRO TRAIN
144.94269,-37.60238,METRO TRAIN
144.9425,-37.60263,METRO TRAIN
144.9458,-37.6022,METRO TRAIN
144.94283,-37.60204,METRO TRAIN
144.99542,-37.78866,METRO TRAIN
144.99559,-37.78862,METRO TRAIN
144.99573,-37.78814,METRO TRAIN
144.99531,-37.78811,METRO TRAIN
144.99491,-37.78805,METRO TRAIN
144.99565,-37.7885,METRO TRAIN
144.99522,-37.78861,METRO TRAIN
144.99521,-37.78877,METRO TRAIN
144.99486,-37.78829,METRO TRAIN
144.99495,-37.78781,METRO TRAIN
144.9955,-37.78929,METRO TRAIN
144.9957,-37.78785,METRO TRAIN
145.08865,-37.8243,METRO TRAIN
145.12053,-37.92468,METRO TRAIN
145.12066,-37.92478,METRO TRAIN
145.12053,-37.92468,METRO TRAIN
145.12062,-37.92458,METRO TRAIN
145.12029,-37.92432,METRO TRAIN
145.12054,-37.92451,METRO TRAIN
145.12287,-37.92651,METRO TRAIN
144.92604,-37.66111,METRO TRAIN
145.05858,-37.88624,METRO TRAIN
145.05788,-37.88582,METRO TRAIN
145.05858,-37.88624,METRO TRAIN
145.05836,-37.88614,METRO TRAIN
145.05837,-37.88617,METRO TRAIN
145.05786,-37.88591,METRO TRAIN
145.05861,-37.88624,METRO TRAIN
145.05824,-37.88608,METRO TRAIN
145.05958,-37.88678,METRO TRAIN
144.96334,-37.74235,METRO TRAIN
144.96331,-37.74154,METRO TRAIN
144.96337,-37.74182,METRO TRAIN
144.96334,-37.74235,METRO TRAIN
144.96341,-37.74162,METRO TRAIN
144.96335,-37.742,METRO TRAIN
144.96349,-37.74179,METRO TRAIN
144.96347,-37.7419,METRO TRAIN
144.96326,-37.74177,METRO TRAIN
144.96324,-37.74187,METRO TRAIN
144.96306,-37.74184,METRO TRAIN
144.96339,-37.74362,METRO TRAIN
145.20404,-38.36612,METRO TRAIN
145.11668,-38.05329,METRO TRAIN
145.11664,-38.05299,METRO TRAIN
145.11663,-38.05333,METRO TRAIN
145.1166,-38.05342,METRO TRAIN
145.11677,-38.05337,METRO TRAIN
145.11652,-38.05328,METRO TRAIN
145.1161,-38.0524,METRO TRAIN
145.11681,-38.05391,METRO TRAIN
145.11672,-38.05323,METRO TRAIN
145.11629,-38.05234,METRO TRAIN
145.11701,-38.05385,METRO TRAIN
145.11661,-38.05346,METRO TRAIN
145.11679,-38.05341,METRO TRAIN
145.1172,-38.05407,METRO TRAIN
145.05456,-37.96665,METRO TRAIN
145.05461,-37.96688,METRO TRAIN
145.05456,-37.96665,METRO TRAIN
145.05451,-37.96659,METRO TRAIN
145.05466,-37.9668,METRO TRAIN
145.05447,-37.96668,METRO TRAIN
145.05464,-37.96661,METRO TRAIN
145.05453,-37.96584,METRO TRAIN
144.99375,-37.80453,METRO TRAIN
144.99381,-37.8048,METRO TRAIN
144.99356,-37.80482,METRO TRAIN
144.99394,-37.80427,METRO TRAIN
144.99385,-37.80478,METRO TRAIN
144.99378,-37.80505,METRO TRAIN
144.99362,-37.80425,METRO TRAIN
144.99355,-37.80474,METRO TRAIN
144.99352,-37.80496,METRO TRAIN
144.99351,-37.80471,METRO TRAIN
144.99706,-37.7641,METRO TRAIN
144.99738,-37.76393,METRO TRAIN
144.99729,-37.76444,METRO TRAIN
144.99674,-37.76376,METRO TRAIN
144.9967,-37.76402,METRO TRAIN
144.9968,-37.76472,METRO TRAIN
144.99724,-37.76408,METRO TRAIN
144.99689,-37.76404,METRO TRAIN
145.03848,-37.77496,METRO TRAIN
145.15854,-37.67338,METRO TRAIN
145.15849,-37.67332,METRO TRAIN
145.15783,-37.67353,METRO TRAIN
145.15792,-37.67368,METRO TRAIN
145.1586,-37.67323,METRO TRAIN
145.15826,-37.67336,METRO TRAIN
145.15795,-37.67373,METRO TRAIN
145.15882,-37.67301,METRO TRAIN
145.00824,-37.77919,METRO TRAIN
145.06295,-37.86896,METRO TRAIN
145.20973,-37.98997,METRO TRAIN
145.21003,-37.98957,METRO TRAIN
145.20973,-37.98997,METRO TRAIN
145.20952,-37.99031,METRO TRAIN
145.20976,-37.98999,METRO TRAIN
145.20983,-37.9899,METRO TRAIN
145.20994,-37.98975,METRO TRAIN
145.20967,-37.99004,METRO TRAIN
145.20974,-37.99001,METRO TRAIN
145.20981,-37.99005,METRO TRAIN
145.20999,-37.98997,METRO TRAIN
145.20966,-37.99043,METRO TRAIN
145.20992,-37.99049,METRO TRAIN
145.21033,-37.98957,METRO TRAIN
145.20999,-37.98973,METRO TRAIN
145.20984,-37.98986,METRO TRAIN
145.20975,-37.99008,METRO TRAIN
145.20984,-37.98993,METRO TRAIN
145.21028,-37.99087,METRO TRAIN
145.21131,-37.99024,METRO TRAIN
145.20978,-37.9893,METRO TRAIN
144.71982,-37.62696,METRO TRAIN
145.05394,-37.76359,METRO TRAIN
145.06819,-37.82589,METRO TRAIN
145.06819,-37.82589,METRO TRAIN
145.06889,-37.82577,METRO TRAIN
145.06887,-37.82568,METRO TRAIN
145.06883,-37.82551,METRO TRAIN
145.06905,-37.82575,METRO TRAIN
145.0687,-37.82581,METRO TRAIN
145.06835,-37.8256,METRO TRAIN
145.06899,-37.82547,METRO TRAIN
145.06887,-37.82588,METRO TRAIN
145.10758,-38.03654,METRO TRAIN
145.10738,-38.03597,METRO TRAIN
145.1073,-38.03606,METRO TRAIN
145.10749,-38.03658,METRO TRAIN
145.10767,-38.03652,METRO TRAIN
145.1074,-38.03644,METRO TRAIN
145.10762,-38.03641,METRO TRAIN
145.10686,-38.03547,METRO TRAIN
145.10772,-38.037,METRO TRAIN
145.10781,-38.03709,METRO TRAIN
145.10694,-38.03528,METRO TRAIN
145.108,-38.03698,METRO TRAIN
145.10681,-38.03534,METRO TRAIN
145.10751,-38.03663,METRO TRAIN
145.1077,-38.03656,METRO TRAIN
145.10676,-38.03528,METRO TRAIN
145.10784,-38.03724,METRO TRAIN
145.0009,-37.88475,METRO TRAIN
145.0009,-37.88475,METRO TRAIN
145.00055,-37.88432,METRO TRAIN
145.00048,-37.88451,METRO TRAIN
145.00055,-37.88473,METRO TRAIN
145.14782,-37.71355,METRO TRAIN
145.14845,-37.71324,METRO TRAIN
145.14782,-37.71355,METRO TRAIN
145.14816,-37.71302,METRO TRAIN
145.14838,-37.71259,METRO TRAIN
145.14841,-37.7124,METRO TRAIN
145.14806,-37.71299,METRO TRAIN
145.14797,-37.71325,METRO TRAIN
145.14812,-37.71328,METRO TRAIN
145.14832,-37.7128,METRO TRAIN
145.14809,-37.7123,METRO TRAIN
145.14855,-37.71263,METRO TRAIN
145.14766,-37.71421,METRO TRAIN
145.1482,-37.71196,METRO TRAIN
145.1474,-37.713,METRO TRAIN
145.14869,-37.71289,METRO TRAIN
145.06939,-37.87692,METRO TRAIN
145.50636,-38.08441,METRO TRAIN
145.03108,-37.65218,METRO TRAIN
145.03103,-37.65229,METRO TRAIN
145.03101,-37.65219,METRO TRAIN
145.03063,-37.65263,METRO TRAIN
145.02876,-37.6524,METRO TRAIN
145.0322,-37.65167,METRO TRAIN
145.03152,-37.65149,METRO TRAIN
145.03186,-37.65252,METRO TRAIN
144.99707,-37.8264,METRO TRAIN
144.99707,-37.8264,METRO TRAIN
144.99681,-37.82659,METRO TRAIN
144.99764,-37.82663,METRO TRAIN
144.99768,-37.82635,METRO TRAIN
144.9971,-37.82629,METRO TRAIN
144.9971,-37.82633,METRO TRAIN
144.9162,-37.75601,METRO TRAIN
144.9162,-37.75601,METRO TRAIN
144.91594,-37.75623,METRO TRAIN
144.91615,-37.75624,METRO TRAIN
144.91642,-37.75622,METRO TRAIN
144.91589,-37.75593,METRO TRAIN
144.91589,-37.75638,METRO TRAIN
144.91648,-37.75611,METRO TRAIN
144.9164,-37.75673,METRO TRAIN
144.91586,-37.754,METRO TRAIN
144.91689,-37.75518,METRO TRAIN
144.96055,-37.71462,METRO TRAIN
144.93932,-37.78814,METRO TRAIN
145.01691,-37.77917,METRO TRAIN
145.01691,-37.77917,METRO TRAIN
145.01671,-37.77925,METRO TRAIN
145.01671,-37.77908,METRO TRAIN
145.0169,-37.77907,METRO TRAIN
145.01689,-37.77928,METRO TRAIN
145.01663,-37.77902,METRO TRAIN
145.01689,-37.77902,METRO TRAIN
145.01717,-37.77901,METRO TRAIN
145.01615,-37.77931,METRO TRAIN
145.01632,-37.77897,METRO TRAIN
145.01731,-37.77897,METRO TRAIN
145.01872,-37.77897,METRO TRAIN
144.95567,-37.81198,METRO TRAIN
144.95605,-37.81188,METRO TRAIN
144.95565,-37.81198,METRO TRAIN
144.95611,-37.81206,METRO TRAIN
144.9561,-37.81157,METRO TRAIN
144.95604,-37.8117,METRO TRAIN
144.95631,-37.81223,METRO TRAIN
144.95614,-37.81166,METRO TRAIN
144.95633,-37.81218,METRO TRAIN
145.12616,-38.14299,METRO TRAIN
145.12544,-38.14402,METRO TRAIN
145.12611,-38.14381,METRO TRAIN
145.12616,-38.14299,METRO TRAIN
145.12573,-38.14342,METRO TRAIN
145.12567,-38.14355,METRO TRAIN
145.1256,-38.14372,METRO TRAIN
145.12594,-38.14382,METRO TRAIN
145.12557,-38.14342,METRO TRAIN
145.12544,-38.14367,METRO TRAIN
145.12612,-38.14386,METRO TRAIN
145.12685,-38.14242,METRO TRAIN
144.96696,-37.81831,METRO TRAIN
144.96712,-37.81788,METRO TRAIN
144.96696,-37.81831,METRO TRAIN
144.96585,-37.81738,METRO TRAIN
144.966,-37.81776,METRO TRAIN
144.96612,-37.81795,METRO TRAIN
144.96612,-37.81807,METRO TRAIN
144.9662,-37.81825,METRO TRAIN
144.96627,-37.81838,METRO TRAIN
144.96634,-37.81855,METRO TRAIN
144.96642,-37.81868,METRO TRAIN
144.96648,-37.81885,METRO TRAIN
144.96613,-37.818,METRO TRAIN
144.96574,-37.81782,METRO TRAIN
144.96619,-37.81771,METRO TRAIN
144.96583,-37.81735,METRO TRAIN
144.96685,-37.81792,METRO TRAIN
144.9669,-37.81805,METRO TRAIN
144.96696,-37.81819,METRO TRAIN
144.96705,-37.81838,METRO TRAIN
144.96712,-37.81852,METRO TRAIN
144.9672,-37.81867,METRO TRAIN
144.96747,-37.8186,METRO TRAIN
144.96519,-37.81831,METRO TRAIN
144.96522,-37.81838,METRO TRAIN
144.96533,-37.81833,METRO TRAIN
144.96529,-37.81852,METRO TRAIN
144.96535,-37.81866,METRO TRAIN
144.96542,-37.81878,METRO TRAIN
144.96546,-37.81887,METRO TRAIN
144.96551,-37.81901,METRO TRAIN
144.96516,-37.81839,METRO TRAIN
144.96512,-37.81829,METRO TRAIN
144.96518,-37.81827,METRO TRAIN
144.96703,-37.81802,METRO TRAIN
144.96713,-37.81814,METRO TRAIN
144.96723,-37.81833,METRO TRAIN
144.96729,-37.81847,METRO TRAIN
144.96611,-37.81809,METRO TRAIN
144.9672,-37.81771,METRO TRAIN
144.96742,-37.81799,METRO TRAIN
144.96761,-37.81843,METRO TRAIN
144.96554,-37.81906,METRO TRAIN
144.96522,-37.81909,METRO TRAIN
144.9655,-37.81914,METRO TRAIN
144.96514,-37.81913,METRO TRAIN
144.90202,-37.80141,METRO TRAIN
144.90137,-37.8016,METRO TRAIN
144.90162,-37.80161,METRO TRAIN
144.9032,-37.80108,METRO TRAIN
144.90189,-37.80135,METRO TRAIN
144.90112,-37.80185,METRO TRAIN
144.90182,-37.80164,METRO TRAIN
144.90173,-37.80171,METRO TRAIN
144.9019,-37.8018,METRO TRAIN
144.9021,-37.80195,METRO TRAIN
144.90194,-37.80208,METRO TRAIN
144.9019,-37.80204,METRO TRAIN
144.90224,-37.80207,METRO TRAIN
144.9023,-37.80108,METRO TRAIN
144.90243,-37.80202,METRO TRAIN
144.90251,-37.80226,METRO TRAIN
144.90227,-37.80217,METRO TRAIN
144.90183,-37.80128,METRO TRAIN
144.90153,-37.80144,METRO TRAIN
144.90134,-37.80148,METRO TRAIN
144.90106,-37.80176,METRO TRAIN
144.90187,-37.8019,METRO TRAIN
144.90212,-37.80173,METRO TRAIN
144.9021,-37.80187,METRO TRAIN
144.90219,-37.80178,METRO TRAIN
144.9026,-37.80091,METRO TRAIN
144.90159,-37.8015,METRO TRAIN
144.90184,-37.80168,METRO TRAIN
144.90185,-37.80188,METRO TRAIN
144.90225,-37.80215,METRO TRAIN
144.90178,-37.80301,METRO TRAIN
144.90072,-37.80174,METRO TRAIN
145.29525,-37.8817,METRO TRAIN
145.05165,-37.85328,METRO TRAIN
144.92094,-37.74721,METRO TRAIN
145.03644,-37.82147,METRO TRAIN
145.03644,-37.82147,METRO TRAIN
145.03645,-37.8215,METRO TRAIN
145.03643,-37.8215,METRO TRAIN
145.03645,-37.82139,METRO TRAIN
145.03649,-37.82132,METRO TRAIN
145.03641,-37.82173,METRO TRAIN
145.04222,-37.88972,METRO TRAIN
145.04231,-37.89004,METRO TRAIN
145.04222,-37.88972,METRO TRAIN
145.0422,-37.88974,METRO TRAIN
145.04224,-37.88955,METRO TRAIN
145.04242,-37.88993,METRO TRAIN
145.04209,-37.88975,METRO TRAIN
145.04231,-37.88979,METRO TRAIN
145.04242,-37.88742,METRO TRAIN
145.04179,-37.89026,METRO TRAIN
145.04224,-37.89068,METRO TRAIN
144.81136,-37.76009,METRO TRAIN
144.81144,-37.75979,METRO TRAIN
144.81135,-37.76007,METRO TRAIN
144.81125,-37.75996,METRO TRAIN
144.81139,-37.75995,METRO TRAIN
144.81118,-37.76005,METRO TRAIN
144.81025,-37.75848,METRO TRAIN
144.81004,-37.75847,METRO TRAIN
144.81132,-37.75993,METRO TRAIN
144.81119,-37.75999,METRO TRAIN
144.81007,-37.758,METRO TRAIN
144.81075,-37.75948,METRO TRAIN
145.05822,-37.85931,METRO TRAIN
144.95887,-37.70068,METRO TRAIN
145.10794,-37.70371,METRO TRAIN
145.10759,-37.70318,METRO TRAIN
145.10825,-37.70395,METRO TRAIN
145.10801,-37.70356,METRO TRAIN
145.10781,-37.70367,METRO TRAIN
145.10791,-37.70343,METRO TRAIN
145.10764,-37.70376,METRO TRAIN
145.10779,-37.70335,METRO TRAIN
145.10786,-37.70413,METRO TRAIN
145.10804,-37.70358,METRO TRAIN
145.10791,-37.70369,METRO TRAIN
145.10847,-37.70399,METRO TRAIN
145.10711,-37.70276,METRO TRAIN
144.91722,-37.70454,METRO TRAIN
144.91735,-37.70391,METRO TRAIN
144.91732,-37.70432,METRO TRAIN
144.91722,-37.70454,METRO TRAIN
144.91738,-37.70454,METRO TRAIN
144.91741,-37.70395,METRO TRAIN
144.91759,-37.70427,METRO TRAIN
144.91763,-37.70462,METRO TRAIN
144.91707,-37.70436,METRO TRAIN
144.91747,-37.7045,METRO TRAIN
144.91729,-37.70453,METRO TRAIN
144.91708,-37.70298,METRO TRAIN
144.91673,-37.70348,METRO TRAIN
144.91722,-37.70508,METRO TRAIN
145.00417,-37.8967,METRO TRAIN
145.16206,-37.8795,METRO TRAIN
145.16315,-37.8799,METRO TRAIN
145.16206,-37.8795,METRO TRAIN
145.16333,-37.87984,METRO TRAIN
145.16089,-37.87887,METRO TRAIN
145.16175,-37.8786,METRO TRAIN
145.0015,-37.93799,METRO TRAIN
145.00147,-37.93798,METRO TRAIN
145.00171,-37.93831,METRO TRAIN
145.00148,-37.93832,METRO TRAIN
145.00155,-37.93841,METRO TRAIN
145.00157,-37.93803,METRO TRAIN
145.00173,-37.93818,METRO TRAIN
145.0229,-37.82183,METRO TRAIN
145.0229,-37.82183,METRO TRAIN
145.02312,-37.822,METRO TRAIN
145.02305,-37.82204,METRO TRAIN
145.02293,-37.82193,METRO TRAIN
145.023,-37.82189,METRO TRAIN
145.02342,-37.82184,METRO TRAIN
145.0238,-37.82136,METRO TRAIN
145.02345,-37.822,METRO TRAIN
145.02326,-37.82209,METRO TRAIN
145.19202,-37.6394,METRO TRAIN
145.19226,-37.63977,METRO TRAIN
145.19202,-37.6394,METRO TRAIN
145.19209,-37.6396,METRO TRAIN
145.1924,-37.63942,METRO TRAIN
145.19252,-37.63978,METRO TRAIN
145.1927,-37.63841,METRO TRAIN
145.19126,-37.63985,METRO TRAIN
144.70075,-37.88338,METRO TRAIN
144.70087,-37.88293,METRO TRAIN
144.70095,-37.88328,METRO TRAIN
144.69996,-37.88349,METRO TRAIN
144.70008,-37.88366,METRO TRAIN
144.70019,-37.88383,METRO TRAIN
144.70008,-37.8833,METRO TRAIN
144.70026,-37.88335,METRO TRAIN
144.70049,-37.8837,METRO TRAIN
144.7004,-37.88386,METRO TRAIN
144.70072,-37.8839,METRO TRAIN
144.69996,-37.88343,METRO TRAIN
144.70002,-37.88369,METRO TRAIN
144.70027,-37.88388,METRO TRAIN
144.70131,-37.88216,METRO TRAIN
144.70072,-37.8839,METRO TRAIN
145.06069,-37.75707,METRO TRAIN
145.06119,-37.75759,METRO TRAIN
145.06069,-37.75707,METRO TRAIN
145.06086,-37.757,METRO TRAIN
145.06079,-37.75696,METRO TRAIN
145.06127,-37.75726,METRO TRAIN
145.06102,-37.75678,METRO TRAIN
145.06044,-37.75724,METRO TRAIN
145.06044,-37.75771,METRO TRAIN
145.06166,-37.75765,METRO TRAIN
145.02265,-37.83465,METRO TRAIN
145.02264,-37.83466,METRO TRAIN
145.02235,-37.83469,METRO TRAIN
145.02264,-37.83445,METRO TRAIN
145.02225,-37.83473,METRO TRAIN
145.04187,-37.94842,METRO TRAIN
145.0019,-37.84459,METRO TRAIN
145.26978,-38.01774,METRO TRAIN
145.27052,-38.01811,METRO TRAIN
145.26978,-38.01774,METRO TRAIN
145.27041,-38.01803,METRO TRAIN
145.27043,-38.01789,METRO TRAIN
145.27116,-38.01804,METRO TRAIN
145.27034,-38.01804,METRO TRAIN
145.27037,-38.01788,METRO TRAIN
145.27116,-38.01813,METRO TRAIN
145.2712,-38.01796,METRO TRAIN
145.26981,-38.01746,METRO TRAIN
145.24456,-37.82832,METRO TRAIN
145.09066,-37.8744,METRO TRAIN
145.18598,-38.30566,METRO TRAIN
145.21397,-37.81882,METRO TRAIN
145.21434,-37.81886,METRO TRAIN
145.21355,-37.81883,METRO TRAIN
145.21365,-37.81887,METRO TRAIN
145.21364,-37.81878,METRO TRAIN
145.21392,-37.81875,METRO TRAIN
145.2142,-37.81871,METRO TRAIN
145.21349,-37.81883,METRO TRAIN
145.21429,-37.81887,METRO TRAIN
145.21426,-37.81869,METRO TRAIN
145.2148,-37.81868,METRO TRAIN
145.21364,-37.8189,METRO TRAIN
145.21389,-37.81872,METRO TRAIN
145.21292,-37.81863,METRO TRAIN
145.21494,-37.8182,METRO TRAIN
145.07619,-37.89419,METRO TRAIN
145.07664,-37.89425,METRO TRAIN
145.07575,-37.89407,METRO TRAIN
145.07643,-37.89425,METRO TRAIN
145.07612,-37.89414,METRO TRAIN
145.07605,-37.89408,METRO TRAIN
145.07661,-37.89437,METRO TRAIN
145.07621,-37.89418,METRO TRAIN
145.07749,-37.89476,METRO TRAIN
145.07533,-37.89379,METRO TRAIN
145.10236,-37.91102,METRO TRAIN
145.10326,-37.91146,METRO TRAIN
145.10236,-37.91102,METRO TRAIN
145.10275,-37.91107,METRO TRAIN
145.1029,-37.91125,METRO TRAIN
145.1028,-37.91134,METRO TRAIN
145.10257,-37.91151,METRO TRAIN
145.10267,-37.91102,METRO TRAIN
145.10307,-37.91134,METRO TRAIN
145.1023,-37.91139,METRO TRAIN
145.1026,-37.91153,METRO TRAIN
145.10267,-37.91045,METRO TRAIN
145.10323,-37.91102,METRO TRAIN
145.07556,-37.84398,METRO TRAIN
145.09729,-37.62297,METRO TRAIN
145.09747,-37.62243,METRO TRAIN
145.0974,-37.62271,METRO TRAIN
145.09742,-37.62245,METRO TRAIN
145.09734,-37.62263,METRO TRAIN
145.09741,-37.62259,METRO TRAIN
145.0969,-37.62152,METRO TRAIN
145.09711,-37.62219,METRO TRAIN
145.04543,-37.7689,METRO TRAIN
145.04543,-37.7689,METRO TRAIN
145.04531,-37.76892,METRO TRAIN
145.04556,-37.76901,METRO TRAIN
145.04539,-37.76906,METRO TRAIN
145.04533,-37.76881,METRO TRAIN
145.04394,-37.76928,METRO TRAIN
145.04337,-37.7699,METRO TRAIN
145.04702,-37.76858,METRO TRAIN
144.91585,-37.69513,METRO TRAIN
144.9841,-37.81653,METRO TRAIN
144.9851,-37.81686,METRO TRAIN
144.98447,-37.81647,METRO TRAIN
144.98513,-37.81672,METRO TRAIN
144.98347,-37.81665,METRO TRAIN
144.98352,-37.81636,METRO TRAIN
144.98439,-37.81671,METRO TRAIN
144.98371,-37.8162,METRO TRAIN
144.98385,-37.81662,METRO TRAIN
144.98398,-37.81642,METRO TRAIN
145.11209,-37.8736,METRO TRAIN
144.95872,-37.77499,METRO TRAIN
145.13537,-38.12175,METRO TRAIN
144.93052,-37.79378,METRO TRAIN
144.93052,-37.79378,METRO TRAIN
144.93074,-37.79388,METRO TRAIN
144.93045,-37.79394,METRO TRAIN
144.93038,-37.79371,METRO TRAIN
144.93037,-37.79222,METRO TRAIN
144.93033,-37.79369,METRO TRAIN
145.01188,-37.69487,METRO TRAIN
145.01168,-37.69599,METRO TRAIN
145.01171,-37.69571,METRO TRAIN
145.01174,-37.69554,METRO TRAIN
145.01169,-37.69587,METRO TRAIN
145.01142,-37.69649,METRO TRAIN
145.01196,-37.69412,METRO TRAIN
145.0113,-37.69721,METRO TRAIN
144.79374,-37.72928,METRO TRAIN
144.79374,-37.72928,METRO TRAIN
144.79388,-37.72933,METRO TRAIN
144.79402,-37.72988,METRO TRAIN
144.79371,-37.7296,METRO TRAIN
144.79382,-37.72993,METRO TRAIN
144.79439,-37.73075,METRO TRAIN
144.7943,-37.73169,METRO TRAIN
144.79356,-37.72977,METRO TRAIN
145.03355,-37.83993,METRO TRAIN
145.1407,-37.82078,METRO TRAIN
145.01719,-37.66585,METRO TRAIN
145.01716,-37.66626,METRO TRAIN
145.01774,-37.66521,METRO TRAIN
145.01689,-37.66549,METRO TRAIN
145.01779,-37.66351,METRO TRAIN
145.01711,-37.66479,METRO TRAIN
144.77262,-37.86369,METRO TRAIN
144.77181,-37.86362,METRO TRAIN
144.77194,-37.86416,METRO TRAIN
144.77262,-37.86369,METRO TRAIN
144.77163,-37.86368,METRO TRAIN
144.77168,-37.86381,METRO TRAIN
144.77173,-37.86392,METRO TRAIN
144.7718,-37.86408,METRO TRAIN
144.77166,-37.86366,METRO TRAIN
144.77183,-37.8641,METRO TRAIN
144.77161,-37.86369,METRO TRAIN
144.77166,-37.86382,METRO TRAIN
144.77169,-37.86394,METRO TRAIN
144.77176,-37.86409,METRO TRAIN
144.77067,-37.86384,METRO TRAIN
144.77401,-37.86296,METRO TRAIN
144.77047,-37.86453,METRO TRAIN
144.77257,-37.86396,METRO TRAIN
144.77085,-37.86439,METRO TRAIN
145.24925,-38.05735,METRO TRAIN
145.24928,-38.05734,METRO TRAIN
145.24974,-38.05805,METRO TRAIN
145.24925,-38.05756,METRO TRAIN
145.24923,-38.05762,METRO TRAIN
145.24946,-38.05814,METRO TRAIN
145.24994,-38.05799,METRO TRAIN
145.25025,-38.05797,METRO TRAIN
145.24871,-38.05742,METRO TRAIN
145.25101,-38.05907,METRO TRAIN
145.34582,-37.75721,METRO TRAIN
145.13953,-38.15203,METRO TRAIN
144.93617,-37.79427,METRO TRAIN
145.02929,-37.86625,METRO TRAIN
145.02929,-37.86625,METRO TRAIN
145.02903,-37.86601,METRO TRAIN
145.02919,-37.86588,METRO TRAIN
145.02882,-37.86614,METRO TRAIN
145.0291,-37.86579,METRO TRAIN
145.02931,-37.86597,METRO TRAIN
145.02901,-37.86569,METRO TRAIN
144.9963,-37.91513,METRO TRAIN
144.9963,-37.91513,METRO TRAIN
144.99691,-37.91459,METRO TRAIN
144.99704,-37.91461,METRO TRAIN
144.99622,-37.91502,METRO TRAIN
144.99667,-37.91496,METRO TRAIN
144.99682,-37.91451,METRO TRAIN
144.99704,-37.9147,METRO TRAIN
145.06914,-37.72601,METRO TRAIN
145.06914,-37.72601,METRO TRAIN
145.06934,-37.72628,METRO TRAIN
145.06936,-37.72571,METRO TRAIN
145.0691,-37.72567,METRO TRAIN
145.06924,-37.72691,METRO TRAIN
144.9626,-37.80994,METRO TRAIN
144.96323,-37.8103,METRO TRAIN
144.96296,-37.80986,METRO TRAIN
144.96199,-37.81047,METRO TRAIN
144.96303,-37.81002,METRO TRAIN
144.96203,-37.81014,METRO TRAIN
144.96275,-37.80993,METRO TRAIN
144.96259,-37.80994,METRO TRAIN
144.96276,-37.80976,METRO TRAIN
144.96205,-37.81019,METRO TRAIN
144.96299,-37.80992,METRO TRAIN
144.96391,-37.81013,METRO TRAIN
144.96267,-37.81005,METRO TRAIN
144.96273,-37.80975,METRO TRAIN
144.9617,-37.8106,METRO TRAIN
144.96318,-37.81016,METRO TRAIN
144.96334,-37.80972,METRO TRAIN
144.96273,-37.80964,METRO TRAIN
144.96216,-37.81053,METRO TRAIN
144.96287,-37.80985,METRO TRAIN
144.96324,-37.80974,METRO TRAIN
145.19221,-37.81817,METRO TRAIN
145.19333,-37.81816,METRO TRAIN
145.19296,-37.81806,METRO TRAIN
145.19289,-37.81809,METRO TRAIN
145.19298,-37.81812,METRO TRAIN
145.19295,-37.818,METRO TRAIN
145.19272,-37.81818,METRO TRAIN
145.19268,-37.81801,METRO TRAIN
145.19296,-37.81812,METRO TRAIN
145.19294,-37.81801,METRO TRAIN
145.19247,-37.81759,METRO TRAIN
145.19487,-37.81745,METRO TRAIN
145.19319,-37.81786,METRO TRAIN
145.0383,-37.91031,METRO TRAIN
145.10095,-37.60255,METRO TRAIN
145.1008,-37.60244,METRO TRAIN
145.10078,-37.60297,METRO TRAIN
145.10125,-37.60099,METRO TRAIN
145.10115,-37.60133,METRO TRAIN
145.10093,-37.60242,METRO TRAIN
145.10128,-37.60099,METRO TRAIN
145.10138,-37.6027,METRO TRAIN
145.10184,-37.60224,METRO TRAIN
145.10196,-37.59828,METRO TRAIN
145.10158,-37.60177,METRO TRAIN
145.0658,-37.98278,METRO TRAIN
145.06601,-37.98285,METRO TRAIN
145.06598,-37.98302,METRO TRAIN
145.06599,-37.98297,METRO TRAIN
145.06585,-37.98284,METRO TRAIN
145.06549,-37.9829,METRO TRAIN
145.0657,-37.98311,METRO TRAIN
145.06578,-37.98261,METRO TRAIN
145.06598,-37.98277,METRO TRAIN
145.0658,-37.98337,METRO TRAIN
145.06591,-37.98304,METRO TRAIN
145.06606,-37.98298,METRO TRAIN
145.06547,-37.98193,METRO TRAIN
145.06615,-37.98358,METRO TRAIN
145.06575,-37.98331,METRO TRAIN
144.99297,-37.77785,METRO TRAIN
144.99318,-37.77784,METRO TRAIN
144.99299,-37.7784,METRO TRAIN
144.99271,-37.77835,METRO TRAIN
144.99327,-37.77785,METRO TRAIN
144.9932,-37.77796,METRO TRAIN
144.99284,-37.77777,METRO TRAIN
144.99334,-37.77785,METRO TRAIN
144.89147,-37.8025,METRO TRAIN
144.96182,-37.75448,METRO TRAIN
145.3124,-37.78475,METRO TRAIN
145.09212,-37.64403,METRO TRAIN
145.09201,-37.64365,METRO TRAIN
145.09252,-37.64352,METRO TRAIN
145.09272,-37.64368,METRO TRAIN
145.09278,-37.64345,METRO TRAIN
145.09259,-37.64386,METRO TRAIN
145.09229,-37.64359,METRO TRAIN
145.09216,-37.64324,METRO TRAIN
145.09045,-37.64521,METRO TRAIN
145.09255,-37.64403,METRO TRAIN
145.12152,-37.7153,METRO TRAIN
145.12103,-37.71536,METRO TRAIN
145.12152,-37.7153,METRO TRAIN
145.12147,-37.71545,METRO TRAIN
145.12152,-37.71524,METRO TRAIN
145.12112,-37.71541,METRO TRAIN
145.12146,-37.71553,METRO TRAIN
145.12117,-37.71508,METRO TRAIN
145.12068,-37.71534,METRO TRAIN
145.12062,-37.7149,METRO TRAIN
145.12186,-37.71555,METRO TRAIN
145.12014,-37.71527,METRO TRAIN
145.12006,-37.71494,METRO TRAIN
145.11834,-37.71496,METRO TRAIN
145.08766,-38.00658,METRO TRAIN
144.91916,-37.76571,METRO TRAIN
144.91915,-37.7657,METRO TRAIN
144.91941,-37.76576,METRO TRAIN
144.91947,-37.76596,METRO TRAIN
144.9191,-37.7658,METRO TRAIN
144.9192,-37.76609,METRO TRAIN
144.91924,-37.76518,METRO TRAIN
144.9195,-37.76586,METRO TRAIN
145.26351,-38.079,METRO TRAIN
145.2632,-38.07926,METRO TRAIN
145.26351,-38.079,METRO TRAIN
145.26314,-38.07887,METRO TRAIN
145.26306,-38.07877,METRO TRAIN
145.26333,-38.07863,METRO TRAIN
145.26341,-38.07876,METRO TRAIN
145.26303,-38.07891,METRO TRAIN
145.26289,-38.07886,METRO TRAIN
145.26266,-38.07851,METRO TRAIN
145.26351,-38.07872,METRO TRAIN
145.26352,-38.07869,METRO TRAIN
145.26314,-38.0783,METRO TRAIN
145.26303,-38.07909,METRO TRAIN
145.26311,-38.07881,METRO TRAIN
145.26336,-38.0787,METRO TRAIN
145.26317,-38.07961,METRO TRAIN
145.06737,-37.8902,METRO TRAIN
145.06677,-37.88979,METRO TRAIN
145.06737,-37.8902,METRO TRAIN
145.06709,-37.89007,METRO TRAIN
145.06725,-37.89012,METRO TRAIN
145.06673,-37.88991,METRO TRAIN
145.06748,-37.89025,METRO TRAIN
145.06698,-37.89002,METRO TRAIN
145.0701,-37.89141,METRO TRAIN
145.06772,-37.89001,METRO TRAIN
145.03677,-37.93447,METRO TRAIN
145.03674,-37.93435,METRO TRAIN
145.03695,-37.93491,METRO TRAIN
145.03645,-37.93485,METRO TRAIN
145.03708,-37.93408,METRO TRAIN
145.1896,-38.35403,METRO TRAIN
145.12804,-37.87526,METRO TRAIN
145.12806,-37.87526,METRO TRAIN
145.12717,-37.87539,METRO TRAIN
145.12716,-37.87515,METRO TRAIN
145.12775,-37.87547,METRO TRAIN
145.12764,-37.87516,METRO TRAIN
145.12782,-37.87519,METRO TRAIN
145.12659,-37.87565,METRO TRAIN
145.12826,-37.8751,METRO TRAIN
144.96131,-37.72093,METRO TRAIN
145.00262,-37.90479,METRO TRAIN
145.00261,-37.90489,METRO TRAIN
145.00251,-37.90475,METRO TRAIN
145.00248,-37.90471,METRO TRAIN
145.00272,-37.90501,METRO TRAIN
145.00269,-37.90502,METRO TRAIN
145.00274,-37.90483,METRO TRAIN
145.00228,-37.90483,METRO TRAIN
144.99528,-37.76987,METRO TRAIN
144.99521,-37.77059,METRO TRAIN
144.99494,-37.77049,METRO TRAIN
144.99476,-37.77043,METRO TRAIN
144.9957,-37.7696,METRO TRAIN
144.99546,-37.7701,METRO TRAIN
144.9951,-37.76978,METRO TRAIN
144.99507,-37.76995,METRO TRAIN
144.99554,-37.76992,METRO TRAIN
144.92898,-37.78733,METRO TRAIN
144.92898,-37.78733,METRO TRAIN
144.92915,-37.78721,METRO TRAIN
144.92906,-37.78712,METRO TRAIN
144.92879,-37.78715,METRO TRAIN
144.9288,-37.78711,METRO TRAIN
144.92884,-37.78724,METRO TRAIN
144.92914,-37.78709,METRO TRAIN
144.92869,-37.78724,METRO TRAIN
144.92855,-37.78714,METRO TRAIN
144.94151,-37.80631,METRO TRAIN
145.17632,-37.96662,METRO TRAIN
145.17556,-37.96665,METRO TRAIN
145.17632,-37.96663,METRO TRAIN
145.17637,-37.96663,METRO TRAIN
145.17646,-37.96669,METRO TRAIN
145.17642,-37.96647,METRO TRAIN
145.17627,-37.96655,METRO TRAIN
145.17506,-37.96555,METRO TRAIN
145.17735,-37.96763,METRO TRAIN
144.88359,-37.84273,METRO TRAIN
144.88323,-37.8438,METRO TRAIN
144.8836,-37.84272,METRO TRAIN
144.88335,-37.84376,METRO TRAIN
144.88337,-37.84369,METRO TRAIN
144.88339,-37.84314,METRO TRAIN
144.88349,-37.84313,METRO TRAIN
144.88371,-37.84312,METRO TRAIN
144.88386,-37.84312,METRO TRAIN
144.88322,-37.84375,METRO TRAIN
144.88337,-37.84298,METRO TRAIN
144.88385,-37.843,METRO TRAIN
144.88388,-37.84334,METRO TRAIN
144.88298,-37.84371,METRO TRAIN
144.88252,-37.84483,METRO TRAIN
144.88137,-37.84621,METRO TRAIN
144.88379,-37.84326,METRO TRAIN
144.9925,-37.8104,METRO TRAIN
144.99266,-37.81041,METRO TRAIN
144.99235,-37.81037,METRO TRAIN
144.99275,-37.80981,METRO TRAIN
144.99256,-37.81099,METRO TRAIN
144.99246,-37.8098,METRO TRAIN
144.99225,-37.81096,METRO TRAIN
144.99277,-37.80982,METRO TRAIN
144.99256,-37.81099,METRO TRAIN
144.99245,-37.80981,METRO TRAIN
144.99225,-37.81096,METRO TRAIN
145.30399,-38.02777,METRO TRAIN
145.30367,-38.0276,METRO TRAIN
145.30349,-38.0274,METRO TRAIN
145.30397,-38.02781,METRO TRAIN
145.3031,-38.02717,METRO TRAIN
145.30371,-38.0275,METRO TRAIN
145.30383,-38.02782,METRO TRAIN
145.30354,-38.02751,METRO TRAIN
145.30364,-38.02739,METRO TRAIN
145.3027,-38.02664,METRO TRAIN
145.30464,-38.02774,METRO TRAIN
145.30397,-38.02788,METRO TRAIN
145.17489,-37.82061,METRO TRAIN
145.17511,-37.82061,METRO TRAIN
145.17524,-37.82043,METRO TRAIN
145.17526,-37.82037,METRO TRAIN
145.17528,-37.82046,METRO TRAIN
145.1751,-37.82044,METRO TRAIN
145.17548,-37.82035,METRO TRAIN
145.17581,-37.82031,METRO TRAIN
145.17523,-37.82035,METRO TRAIN
145.17543,-37.82033,METRO TRAIN
145.1754,-37.82044,METRO TRAIN
145.17601,-37.82022,METRO TRAIN
145.17604,-37.82037,METRO TRAIN
145.17514,-37.82066,METRO TRAIN
145.17525,-37.82041,METRO TRAIN
145.17607,-37.82031,METRO TRAIN
145.1751,-37.82089,METRO TRAIN
145.17807,-37.82024,METRO TRAIN
145.17526,-37.82015,METRO TRAIN
144.88907,-37.85733,METRO TRAIN
145.08831,-37.90037,METRO TRAIN
145.08855,-37.90028,METRO TRAIN
145.08831,-37.90037,METRO TRAIN
145.08831,-37.90046,METRO TRAIN
145.08795,-37.90029,METRO TRAIN
145.08819,-37.90009,METRO TRAIN
145.08773,-37.9001,METRO TRAIN
145.08799,-37.89994,METRO TRAIN
145.08802,-37.90044,METRO TRAIN
145.08781,-37.90026,METRO TRAIN
145.0877,-37.90007,METRO TRAIN
145.08847,-37.90024,METRO TRAIN
145.08839,-37.90013,METRO TRAIN
145.08793,-37.89987,METRO TRAIN
145.088,-37.90032,METRO TRAIN
145.08823,-37.90013,METRO TRAIN
145.08757,-37.89958,METRO TRAIN
145.08914,-37.90069,METRO TRAIN
145.08725,-37.90088,METRO TRAIN
145.08814,-37.89995,METRO TRAIN
145.41099,-38.06615,METRO TRAIN
144.92152,-37.71795,METRO TRAIN
144.92152,-37.71795,METRO TRAIN
144.92157,-37.71788,METRO TRAIN
144.92148,-37.71764,METRO TRAIN
144.9213,-37.71768,METRO TRAIN
144.92161,-37.71769,METRO TRAIN
144.92131,-37.71783,METRO TRAIN
144.92111,-37.7174,METRO TRAIN
145.03961,-37.90321,METRO TRAIN
145.03972,-37.9036,METRO TRAIN
145.03962,-37.90349,METRO TRAIN
145.03961,-37.90321,METRO TRAIN
145.03958,-37.90366,METRO TRAIN
145.03942,-37.90405,METRO TRAIN
145.03958,-37.90333,METRO TRAIN
145.03974,-37.90334,METRO TRAIN
145.03941,-37.9041,METRO TRAIN
145.03959,-37.90414,METRO TRAIN
145.03937,-37.90306,METRO TRAIN
145.0391,-37.90343,METRO TRAIN
144.97312,-37.81134,METRO TRAIN
144.97239,-37.80971,METRO TRAIN
144.97353,-37.81221,METRO TRAIN
144.97291,-37.81105,METRO TRAIN
144.97243,-37.8098,METRO TRAIN
144.97346,-37.81204,METRO TRAIN
144.97267,-37.81029,METRO TRAIN
144.97325,-37.81158,METRO TRAIN
144.97279,-37.81057,METRO TRAIN
144.97309,-37.81122,METRO TRAIN
144.97276,-37.80944,METRO TRAIN
144.97229,-37.80949,METRO TRAIN
144.97302,-37.8116,METRO TRAIN
144.97402,-37.81212,METRO TRAIN
144.9735,-37.81276,METRO TRAIN
144.97386,-37.8122,METRO TRAIN
144.97252,-37.80961,METRO TRAIN
144.97254,-37.81022,METRO TRAIN
145.03547,-37.92515,METRO TRAIN
145.07633,-37.99308,METRO TRAIN
145.48638,-38.08061,METRO TRAIN
144.95954,-37.79987,METRO TRAIN
144.98986,-37.84952,METRO TRAIN
144.99001,-37.84926,METRO TRAIN
144.98986,-37.84952,METRO TRAIN
144.98972,-37.84951,METRO TRAIN
144.98964,-37.85004,METRO TRAIN
144.99001,-37.84945,METRO TRAIN
144.99,-37.84967,METRO TRAIN
145.00052,-37.73867,METRO TRAIN
145.00054,-37.73853,METRO TRAIN
145.00059,-37.73924,METRO TRAIN
145.00055,-37.73875,METRO TRAIN
145.00058,-37.73855,METRO TRAIN
145.0005,-37.73896,METRO TRAIN
145.00033,-37.73921,METRO TRAIN
145.00092,-37.73706,METRO TRAIN
145.00006,-37.73923,METRO TRAIN
144.9282,-37.73076,METRO TRAIN
144.9282,-37.73076,METRO TRAIN
144.9283,-37.73064,METRO TRAIN
144.9282,-37.73044,METRO TRAIN
144.92805,-37.73066,METRO TRAIN
144.92844,-37.73138,METRO TRAIN
144.92804,-37.7297,METRO TRAIN
144.90758,-37.78721,METRO TRAIN
145.00277,-37.7284,METRO TRAIN
145.003,-37.72802,METRO TRAIN
145.00308,-37.72848,METRO TRAIN
145.00314,-37.72831,METRO TRAIN
145.00304,-37.72864,METRO TRAIN
145.00291,-37.72848,METRO TRAIN
145.00264,-37.72837,METRO TRAIN
145.00261,-37.72794,METRO TRAIN
145.00275,-37.72979,METRO TRAIN
145.00281,-37.72888,METRO TRAIN
145.00327,-37.72788,METRO TRAIN
145.007,-37.71688,METRO TRAIN
145.00723,-37.71699,METRO TRAIN
145.00708,-37.71665,METRO TRAIN
145.00721,-37.71643,METRO TRAIN
145.00722,-37.7166,METRO TRAIN
145.0071,-37.71647,METRO TRAIN
145.007,-37.7168,METRO TRAIN
145.00725,-37.71637,METRO TRAIN
145.00706,-37.71729,METRO TRAIN
145.00598,-37.71814,METRO TRAIN
145.00587,-37.71967,METRO TRAIN
144.99526,-37.87596,METRO TRAIN
144.99524,-37.87591,METRO TRAIN
144.99527,-37.876,METRO TRAIN
144.99511,-37.87599,METRO TRAIN
144.99533,-37.87591,METRO TRAIN
144.99512,-37.87605,METRO TRAIN
144.99541,-37.87595,METRO TRAIN
145.06965,-37.83151,METRO TRAIN
145.06931,-37.83269,METRO TRAIN
145.06956,-37.83273,METRO TRAIN
145.06944,-37.83149,METRO TRAIN
145.06987,-37.83153,METRO TRAIN
145.06933,-37.83187,METRO TRAIN
144.99016,-37.82407,METRO TRAIN
144.99033,-37.82457,METRO TRAIN
144.99016,-37.82407,METRO TRAIN
144.99038,-37.82438,METRO TRAIN
144.9892,-37.82366,METRO TRAIN
144.98922,-37.82354,METRO TRAIN
144.98791,-37.82369,METRO TRAIN
144.98797,-37.82359,METRO TRAIN
144.98802,-37.82347,METRO TRAIN
144.98807,-37.82334,METRO TRAIN
144.98812,-37.82323,METRO TRAIN
144.99066,-37.82461,METRO TRAIN
144.99043,-37.82426,METRO TRAIN
144.99048,-37.82415,METRO TRAIN
144.99054,-37.82404,METRO TRAIN
144.99059,-37.82393,METRO TRAIN
144.99061,-37.82386,METRO TRAIN
144.98913,-37.82403,METRO TRAIN
144.98916,-37.82391,METRO TRAIN
144.98918,-37.82379,METRO TRAIN
144.9903,-37.8247,METRO TRAIN
144.99065,-37.82473,METRO TRAIN
144.99071,-37.82389,METRO TRAIN
144.99035,-37.82374,METRO TRAIN
145.06614,-37.74288,METRO TRAIN
145.06636,-37.74299,METRO TRAIN
145.06619,-37.74288,METRO TRAIN
145.06614,-37.74288,METRO TRAIN
145.06609,-37.7428,METRO TRAIN
145.06607,-37.74283,METRO TRAIN
145.0661,-37.74253,METRO TRAIN
145.06626,-37.74235,METRO TRAIN
145.06637,-37.74276,METRO TRAIN
145.06597,-37.74282,METRO TRAIN
145.06627,-37.7432,METRO TRAIN
145.06656,-37.74307,METRO TRAIN
145.0663,-37.74286,METRO TRAIN
145.06606,-37.7429,METRO TRAIN
145.0662,-37.74448,METRO TRAIN
145.06664,-37.74391,METRO TRAIN
144.9523,-37.78119,METRO TRAIN
144.99241,-37.78322,METRO TRAIN
144.99229,-37.78301,METRO TRAIN
144.99214,-37.78314,METRO TRAIN
144.99265,-37.78311,METRO TRAIN
144.99223,-37.78293,METRO TRAIN
144.99169,-37.78291,METRO TRAIN
144.99174,-37.78294,METRO TRAIN
144.99219,-37.78318,METRO TRAIN
145.00952,-37.7079,METRO TRAIN
145.00953,-37.70747,METRO TRAIN
145.00982,-37.70749,METRO TRAIN
145.00937,-37.70744,METRO TRAIN
145.0097,-37.70786,METRO TRAIN
145.00929,-37.70776,METRO TRAIN
145.22897,-37.81589,METRO TRAIN
145.22947,-37.81533,METRO TRAIN
145.22947,-37.81566,METRO TRAIN
145.22971,-37.81582,METRO TRAIN
145.22958,-37.81562,METRO TRAIN
145.22953,-37.81553,METRO TRAIN
145.22941,-37.81537,METRO TRAIN
145.22949,-37.81566,METRO TRAIN
145.22908,-37.81593,METRO TRAIN
145.22918,-37.81569,METRO TRAIN
145.22977,-37.81591,METRO TRAIN
145.22953,-37.81599,METRO TRAIN
145.22914,-37.81545,METRO TRAIN
145.22904,-37.81567,METRO TRAIN
145.22913,-37.81564,METRO TRAIN
145.22952,-37.8155,METRO TRAIN
145.22937,-37.81539,METRO TRAIN
145.22955,-37.81573,METRO TRAIN
145.22946,-37.81557,METRO TRAIN
145.22914,-37.81611,METRO TRAIN
145.25019,-37.81197,METRO TRAIN
144.9354,-37.63823,METRO TRAIN
144.93491,-37.63926,METRO TRAIN
144.9354,-37.63823,METRO TRAIN
144.9352,-37.6382,METRO TRAIN
144.93518,-37.6382,METRO TRAIN
144.93511,-37.63867,METRO TRAIN
144.93539,-37.63822,METRO TRAIN
144.93508,-37.63818,METRO TRAIN
144.93512,-37.63827,METRO TRAIN
144.93509,-37.63875,METRO TRAIN
144.93448,-37.63852,METRO TRAIN
144.9339,-37.6395,METRO TRAIN
144.80005,-37.74486,METRO TRAIN
144.79994,-37.7452,METRO TRAIN
144.80005,-37.74486,METRO TRAIN
144.7998,-37.74464,METRO TRAIN
144.79961,-37.74471,METRO TRAIN
144.79971,-37.7445,METRO TRAIN
144.79948,-37.74461,METRO TRAIN
144.80033,-37.74487,METRO TRAIN
144.79974,-37.74462,METRO TRAIN
144.79961,-37.74467,METRO TRAIN
144.79854,-37.74254,METRO TRAIN
144.80193,-37.74719,METRO TRAIN
144.79947,-37.74476,METRO TRAIN
145.12823,-38.10402,METRO TRAIN
144.89567,-37.80901,METRO TRAIN
144.91426,-37.78347,METRO TRAIN
144.84096,-37.86784,METRO TRAIN
145.00456,-37.95033,METRO TRAIN
145.0043,-37.95072,METRO TRAIN
145.00456,-37.95033,METRO TRAIN
145.00429,-37.9503,METRO TRAIN
145.00506,-37.94947,METRO TRAIN
145.00414,-37.95104,METRO TRAIN
144.92547,-37.79953,METRO TRAIN
144.92732,-37.74359,METRO TRAIN
145.06701,-37.64905,METRO TRAIN
145.06815,-37.64923,METRO TRAIN
145.06799,-37.64901,METRO TRAIN
145.06809,-37.649,METRO TRAIN
145.06789,-37.64914,METRO TRAIN
145.06877,-37.64738,METRO TRAIN
145.06988,-37.64844,METRO TRAIN
145.06814,-37.64876,METRO TRAIN
145.16283,-37.95649,METRO TRAIN
145.16283,-37.9565,METRO TRAIN
145.16354,-37.95725,METRO TRAIN
145.16364,-37.95714,METRO TRAIN
145.16375,-37.95707,METRO TRAIN
145.16328,-37.95714,METRO TRAIN
145.16363,-37.95741,METRO TRAIN
145.16367,-37.95691,METRO TRAIN
145.16398,-37.95715,METRO TRAIN
145.16311,-37.95705,METRO TRAIN
145.16453,-37.95697,METRO TRAIN
145.04865,-37.95814,METRO TRAIN
145.15345,-37.94951,METRO TRAIN
145.15328,-37.94939,METRO TRAIN
145.15314,-37.94909,METRO TRAIN
145.15345,-37.94951,METRO TRAIN
145.15333,-37.94928,METRO TRAIN
145.15339,-37.94922,METRO TRAIN
145.15301,-37.94898,METRO TRAIN
145.15344,-37.94966,METRO TRAIN
145.15326,-37.94924,METRO TRAIN
145.15335,-37.94916,METRO TRAIN
145.15502,-37.9508,METRO TRAIN
145.15348,-37.94963,METRO TRAIN
144.88593,-37.83064,METRO TRAIN
144.95278,-37.81866,METRO TRAIN
144.96328,-37.80944,METRO TRAIN
144.96344,-37.80942,METRO TRAIN
144.96322,-37.80739,METRO TRAIN
144.9635,-37.80729,METRO TRAIN
144.96299,-37.80742,METRO TRAIN
144.96291,-37.80752,METRO TRAIN
144.96337,-37.80953,METRO TRAIN
144.9634,-37.80947,METRO TRAIN
144.96371,-37.80932,METRO TRAIN
144.96315,-37.80743,METRO TRAIN
144.96288,-37.80743,METRO TRAIN
144.96302,-37.80956,METRO TRAIN
144.9633,-37.80955,METRO TRAIN
144.96293,-37.80923,METRO TRAIN
144.9633,-37.80846,METRO TRAIN
145.22184,-38.37423,METRO TRAIN
144.83288,-37.78854,METRO TRAIN
144.83283,-37.78785,METRO TRAIN
144.83225,-37.78815,METRO TRAIN
144.83288,-37.78854,METRO TRAIN
144.83291,-37.78792,METRO TRAIN
144.83261,-37.78804,METRO TRAIN
144.83266,-37.78812,METRO TRAIN
144.83231,-37.78817,METRO TRAIN
144.83335,-37.78841,METRO TRAIN
144.83268,-37.78873,METRO TRAIN
144.83274,-37.7877,METRO TRAIN
144.83301,-37.78786,METRO TRAIN
144.83312,-37.78797,METRO TRAIN
144.83341,-37.7885,METRO TRAIN
144.83217,-37.78801,METRO TRAIN
144.83226,-37.78825,METRO TRAIN
144.83238,-37.78837,METRO TRAIN
144.83237,-37.78845,METRO TRAIN
144.83274,-37.78883,METRO TRAIN
144.83366,-37.78829,METRO TRAIN
144.83057,-37.787,METRO TRAIN
144.83294,-37.7893,METRO TRAIN
144.8337,-37.78849,METRO TRAIN
144.83354,-37.78832,METRO TRAIN
144.72798,-37.57928,METRO TRAIN
144.728,-37.57952,METRO TRAIN
144.72732,-37.57909,METRO TRAIN
144.72824,-37.57896,METRO TRAIN
144.72802,-37.57886,METRO TRAIN
144.72817,-37.57915,METRO TRAIN
144.72797,-37.57939,METRO TRAIN
144.72828,-37.57904,METRO TRAIN
144.72787,-37.57895,METRO TRAIN
144.72823,-37.5792,METRO TRAIN
144.72839,-37.57946,METRO TRAIN
145.17624,-38.22534,METRO TRAIN
145.14978,-37.87622,METRO TRAIN
145.14898,-37.87652,METRO TRAIN
145.14978,-37.87623,METRO TRAIN
145.14917,-37.87636,METRO TRAIN
145.1492,-37.87622,METRO TRAIN
145.14902,-37.8765,METRO TRAIN
145.14916,-37.87644,METRO TRAIN
145.14924,-37.87642,METRO TRAIN
145.14922,-37.87609,METRO TRAIN
145.14873,-37.87643,METRO TRAIN
145.15086,-37.87669,METRO TRAIN
144.99234,-37.83845,METRO TRAIN
144.99234,-37.83845,METRO TRAIN
144.99197,-37.8389,METRO TRAIN
144.99211,-37.83891,METRO TRAIN
144.99228,-37.83893,METRO TRAIN
144.99242,-37.83896,METRO TRAIN
144.99219,-37.83898,METRO TRAIN
145.1864,-38.25982,METRO TRAIN
144.99857,-37.75505,METRO TRAIN
144.99866,-37.75574,METRO TRAIN
144.99832,-37.7557,METRO TRAIN
144.99876,-37.75507,METRO TRAIN
144.99841,-37.755,METRO TRAIN
145.34299,-37.90812,METRO TRAIN
145.04173,-37.84937,METRO TRAIN
145.04173,-37.84937,METRO TRAIN
145.04166,-37.84944,METRO TRAIN
145.04186,-37.8493,METRO TRAIN
145.04089,-37.84888,METRO TRAIN
145.04203,-37.84981,METRO TRAIN
145.04262,-37.84952,METRO TRAIN
144.96709,-37.81699,METRO TRAIN
144.96709,-37.81591,METRO TRAIN
144.96724,-37.81626,METRO TRAIN
144.96704,-37.81584,METRO TRAIN
144.96701,-37.81564,METRO TRAIN
144.96674,-37.81571,METRO TRAIN
144.96696,-37.81567,METRO TRAIN
144.96667,-37.81707,METRO TRAIN
144.96703,-37.81563,METRO TRAIN
144.96667,-37.81575,METRO TRAIN
144.96681,-37.81714,METRO TRAIN
144.96672,-37.81702,METRO TRAIN
144.96717,-37.81684,METRO TRAIN
144.96692,-37.81701,METRO TRAIN
144.96669,-37.81719,METRO TRAIN
144.9666,-37.81704,METRO TRAIN
144.96714,-37.81683,METRO TRAIN
145.01391,-37.85077,METRO TRAIN
145.01391,-37.85077,METRO TRAIN
145.01382,-37.85113,METRO TRAIN
145.0142,-37.8509,METRO TRAIN
145.014,-37.85101,METRO TRAIN
145.01381,-37.85114,METRO TRAIN
145.01422,-37.85087,METRO TRAIN
144.86294,-37.79925,METRO TRAIN
144.86294,-37.79925,METRO TRAIN
144.86248,-37.79918,METRO TRAIN
144.86244,-37.79943,METRO TRAIN
144.86219,-37.79916,METRO TRAIN
144.86263,-37.79943,METRO TRAIN
144.86398,-37.79962,METRO TRAIN
144.86492,-37.79813,METRO TRAIN
144.86275,-37.79945,METRO TRAIN
145.01428,-37.68034,METRO TRAIN
145.01452,-37.68039,METRO TRAIN
145.01433,-37.68016,METRO TRAIN
145.01448,-37.68031,METRO TRAIN
145.01469,-37.6802,METRO TRAIN
145.01401,-37.68014,METRO TRAIN
145.0142,-37.68027,METRO TRAIN
145.01419,-37.68064,METRO TRAIN
145.01443,-37.68014,METRO TRAIN
145.01423,-37.68012,METRO TRAIN
145.01493,-37.6792,METRO TRAIN
145.01435,-37.68135,METRO TRAIN
144.94674,-37.66608,METRO TRAIN
145.30753,-37.89267,METRO TRAIN
145.10035,-37.82316,METRO TRAIN
145.10018,-37.82367,METRO TRAIN
145.10028,-37.82312,METRO TRAIN
145.10029,-37.82308,METRO TRAIN
145.10038,-37.82303,METRO TRAIN
145.10226,-37.82175,METRO TRAIN
145.10042,-37.82353,METRO TRAIN
145.10064,-37.82335,METRO TRAIN
145.10014,-37.82294,METRO TRAIN
145.10244,-37.82182,METRO TRAIN
145.10228,-37.82166,METRO TRAIN
145.10056,-37.82364,METRO TRAIN
145.10005,-37.82271,METRO TRAIN
145.10044,-37.82308,METRO TRAIN
145.10033,-37.82297,METRO TRAIN
145.10232,-37.82181,METRO TRAIN
145.10221,-37.8217,METRO TRAIN
145.09904,-37.82411,METRO TRAIN
145.09886,-37.82373,METRO TRAIN
145.33133,-37.90369,METRO TRAIN
144.99445,-37.79916,METRO TRAIN
144.99457,-37.79909,METRO TRAIN
144.99427,-37.79917,METRO TRAIN
144.99478,-37.79799,METRO TRAIN
144.99442,-37.79984,METRO TRAIN
144.9945,-37.79796,METRO TRAIN
144.99419,-37.79982,METRO TRAIN
144.9946,-37.79886,METRO TRAIN
144.99442,-37.79975,METRO TRAIN
144.99431,-37.79889,METRO TRAIN
144.99421,-37.79975,METRO TRAIN
144.99492,-37.79805,METRO TRAIN
145.08379,-37.71096,METRO TRAIN
145.08311,-37.71097,METRO TRAIN
145.08379,-37.71096,METRO TRAIN
145.08361,-37.71115,METRO TRAIN
145.08382,-37.71126,METRO TRAIN
145.08338,-37.71101,METRO TRAIN
145.08369,-37.71158,METRO TRAIN
145.08328,-37.7119,METRO TRAIN
145.08291,-37.7109,METRO TRAIN
144.89448,-37.86398,METRO TRAIN
144.66112,-37.89938,METRO TRAIN
144.661,-37.89894,METRO TRAIN
144.66112,-37.89938,METRO TRAIN
144.66106,-37.89942,METRO TRAIN
144.66114,-37.8996,METRO TRAIN
144.66083,-37.89888,METRO TRAIN
144.66108,-37.89962,METRO TRAIN
144.66132,-37.89962,METRO TRAIN
144.66134,-37.90001,METRO TRAIN
144.66149,-37.89957,METRO TRAIN
144.66154,-37.89864,METRO TRAIN
144.65977,-37.89936,METRO TRAIN
144.66148,-37.90013,METRO TRAIN
144.88398,-37.8018,METRO TRAIN
144.88408,-37.80142,METRO TRAIN
144.88398,-37.8018,METRO TRAIN
144.88424,-37.80145,METRO TRAIN
144.88415,-37.80167,METRO TRAIN
144.88409,-37.8018,METRO TRAIN
144.88399,-37.80197,METRO TRAIN
144.88441,-37.80171,METRO TRAIN
144.88367,-37.80176,METRO TRAIN
144.88434,-37.80123,METRO TRAIN
144.88434,-37.80142,METRO TRAIN
144.88502,-37.80139,METRO TRAIN
144.8839,-37.80222,METRO TRAIN
144.88415,-37.80209,METRO TRAIN
144.88492,-37.80213,METRO TRAIN
144.88319,-37.80191,METRO TRAIN
144.88415,-37.80144,METRO TRAIN
144.88405,-37.80202,METRO TRAIN
144.88442,-37.80171,METRO TRAIN
144.88388,-37.80177,METRO TRAIN
144.88324,-37.80116,METRO TRAIN
144.88474,-37.80136,METRO TRAIN
144.88242,-37.80195,METRO TRAIN
144.88336,-37.80194,METRO TRAIN
144.77418,-37.70111,METRO TRAIN
144.77387,-37.70058,METRO TRAIN
144.77354,-37.70103,METRO TRAIN
144.77418,-37.70113,METRO TRAIN
144.77399,-37.70067,METRO TRAIN
144.77394,-37.7007,METRO TRAIN
144.77382,-37.70076,METRO TRAIN
144.77346,-37.70093,METRO TRAIN
144.77366,-37.70023,METRO TRAIN
144.7739,-37.7005,METRO TRAIN
144.77404,-37.70058,METRO TRAIN
144.77414,-37.7007,METRO TRAIN
144.77412,-37.70078,METRO TRAIN
144.77436,-37.7011,METRO TRAIN
144.77343,-37.70093,METRO TRAIN
144.77404,-37.70065,METRO TRAIN
144.77397,-37.70071,METRO TRAIN
144.7738,-37.7008,METRO TRAIN
144.77344,-37.70091,METRO TRAIN
144.7734,-37.70095,METRO TRAIN
144.77268,-37.699,METRO TRAIN
144.77512,-37.70209,METRO TRAIN
144.7737,-37.70177,METRO TRAIN
144.77388,-37.70016,METRO TRAIN
144.90532,-37.86775,METRO TRAIN
144.90532,-37.86775,METRO TRAIN
144.90532,-37.86775,METRO TRAIN
144.99204,-37.85605,METRO TRAIN
144.99204,-37.85605,METRO TRAIN
144.99202,-37.85603,METRO TRAIN
144.99214,-37.85633,METRO TRAIN
144.99212,-37.85597,METRO TRAIN
144.99243,-37.85625,METRO TRAIN
144.9919,-37.85615,METRO TRAIN
144.99208,-37.85597,METRO TRAIN
144.74744,-37.86987,METRO TRAIN
144.74694,-37.86987,METRO TRAIN
144.74744,-37.86987,METRO TRAIN
144.74687,-37.86994,METRO TRAIN
144.74708,-37.87012,METRO TRAIN
144.74714,-37.87113,METRO TRAIN
144.74678,-37.8702,METRO TRAIN
144.74666,-37.8699,METRO TRAIN
144.74848,-37.8695,METRO TRAIN
144.74684,-37.87119,METRO TRAIN
144.74612,-37.87,METRO TRAIN
144.74683,-37.86986,METRO TRAIN
144.74687,-37.87017,METRO TRAIN
144.74965,-37.86864,METRO TRAIN
144.74611,-37.87,METRO TRAIN
144.99142,-37.81495,METRO TRAIN
144.99145,-37.81538,METRO TRAIN
144.99096,-37.81533,METRO TRAIN
144.9916,-37.81501,METRO TRAIN
144.99131,-37.81484,METRO TRAIN
145.0703,-37.83572,METRO TRAIN
145.0703,-37.83572,METRO TRAIN
145.07025,-37.83586,METRO TRAIN
145.07024,-37.83599,METRO TRAIN
145.07058,-37.83595,METRO TRAIN
145.07074,-37.83606,METRO TRAIN
144.99923,-37.78062,METRO TRAIN
145.13881,-37.93847,METRO TRAIN
145.13889,-37.93881,METRO TRAIN
145.13882,-37.93848,METRO TRAIN
145.1384,-37.9379,METRO TRAIN
145.13808,-37.93816,METRO TRAIN
145.13831,-37.93797,METRO TRAIN
145.13816,-37.93809,METRO TRAIN
145.13837,-37.93771,METRO TRAIN
145.13798,-37.93827,METRO TRAIN
145.13809,-37.93816,METRO TRAIN
145.13874,-37.93865,METRO TRAIN
145.13845,-37.93792,METRO TRAIN
145.13811,-37.9382,METRO TRAIN
145.13819,-37.93813,METRO TRAIN
145.13834,-37.938,METRO TRAIN
145.138,-37.93752,METRO TRAIN
145.13884,-37.93817,METRO TRAIN
145.13939,-37.93925,METRO TRAIN
144.81349,-37.86516,METRO TRAIN
145.18161,-37.66397,METRO TRAIN
145.18161,-37.66397,METRO TRAIN
145.18177,-37.664,METRO TRAIN
145.18165,-37.66441,METRO TRAIN
145.1815,-37.66498,METRO TRAIN
145.1916,-37.97825,METRO TRAIN
145.19135,-37.97775,METRO TRAIN
145.1916,-37.97825,METRO TRAIN
145.19209,-37.97824,METRO TRAIN
145.192,-37.97837,METRO TRAIN
145.1919,-37.97847,METRO TRAIN
145.19162,-37.97792,METRO TRAIN
145.1923,-37.97841,METRO TRAIN
145.19141,-37.97813,METRO TRAIN
145.19081,-37.97735,METRO TRAIN
145.19314,-37.97897,METRO TRAIN
144.88993,-37.81585,METRO TRAIN
144.88987,-37.81562,METRO TRAIN
144.88993,-37.81585,METRO TRAIN
144.88962,-37.81607,METRO TRAIN
144.88996,-37.81602,METRO TRAIN
144.88979,-37.81645,METRO TRAIN
144.88972,-37.81643,METRO TRAIN
144.89067,-37.81517,METRO TRAIN
144.88967,-37.81594,METRO TRAIN
144.96627,-37.81809,REGIONAL TRAIN
144.96649,-37.81814,REGIONAL TRAIN
144.96652,-37.8182,REGIONAL TRAIN
144.96656,-37.81829,REGIONAL TRAIN
144.9666,-37.81833,REGIONAL TRAIN
144.96664,-37.81843,REGIONAL TRAIN
144.96667,-37.81851,REGIONAL TRAIN
145.34503,-38.03983,REGIONAL TRAIN
145.34516,-38.0398,REGIONAL TRAIN
145.20984,-37.99014,REGIONAL TRAIN
145.20986,-37.99011,REGIONAL TRAIN
145.20982,-37.98999,REGIONAL TRAIN
144.96771,-37.81861,REGIONAL TRAIN
144.96766,-37.81852,REGIONAL TRAIN
144.96674,-37.81876,REGIONAL TRAIN
144.96674,-37.81864,REGIONAL TRAIN
144.96672,-37.81858,REGIONAL TRAIN
144.98954,-37.82416,REGIONAL TRAIN
144.98955,-37.82413,REGIONAL TRAIN
144.98959,-37.82404,REGIONAL TRAIN
144.98961,-37.82401,REGIONAL TRAIN
144.98962,-37.82392,REGIONAL TRAIN
144.98964,-37.82389,REGIONAL TRAIN
144.98967,-37.82381,REGIONAL TRAIN
144.98968,-37.82378,REGIONAL TRAIN
144.9897,-37.8237,REGIONAL TRAIN
144.98972,-37.82366,REGIONAL TRAIN
145.12076,-37.92473,REGIONAL TRAIN
145.12092,-37.92476,REGIONAL TRAIN
145.04208,-37.87736,REGIONAL TRAIN
145.04231,-37.87736,REGIONAL TRAIN
145.04238,-37.87729,REGIONAL TRAIN
145.04243,-37.87716,REGIONAL TRAIN
144.72793,-37.57906,REGIONAL TRAIN
144.77394,-37.70077,REGIONAL TRAIN
144.77399,-37.70099,REGIONAL TRAIN
144.77393,-37.70102,REGIONAL TRAIN
144.90208,-37.80138,REGIONAL TRAIN
144.90208,-37.80147,REGIONAL TRAIN
144.90215,-37.80156,REGIONAL TRAIN
144.9023,-37.80158,REGIONAL TRAIN
144.94323,-37.60229,REGIONAL TRAIN
144.94314,-37.60224,REGIONAL TRAIN
144.91634,-37.75625,REGIONAL TRAIN
144.91617,-37.75617,REGIONAL TRAIN
144.91606,-37.75617,REGIONAL TRAIN
145.00537,-37.41686,REGIONAL TRAIN
144.57222,-37.70336,REGIONAL TRAIN
144.65071,-37.72919,REGIONAL TRAIN
144.77083,-37.77727,REGIONAL TRAIN
144.72803,-37.57915,REGIONAL TRAIN
144.80154,-37.78303,REGIONAL TRAIN
144.94313,-37.60227,REGIONAL TRAIN
144.95217,-37.81816,REGIONAL TRAIN
146.92452,-36.08426,REGIONAL TRAIN
142.93691,-37.2822,REGIONAL TRAIN
145.22951,-36.89365,REGIONAL TRAIN
144.4375,-37.68783,REGIONAL TRAIN
147.6274,-37.82878,REGIONAL TRAIN
144.22545,-37.6043,REGIONAL TRAIN
143.85953,-37.55866,REGIONAL TRAIN
143.38223,-37.42787,REGIONAL TRAIN
145.98392,-36.54455,REGIONAL TRAIN
144.28285,-36.7656,REGIONAL TRAIN
143.78363,-38.32881,REGIONAL TRAIN
145.04294,-37.20732,REGIONAL TRAIN
145.72076,-38.09911,REGIONAL TRAIN
143.15093,-38.2289,REGIONAL TRAIN
144.21394,-37.06289,REGIONAL TRAIN
146.61137,-36.15564,REGIONAL TRAIN
144.7453,-37.48356,REGIONAL TRAIN
143.58665,-38.34338,REGIONAL TRAIN
144.37977,-38.07283,REGIONAL TRAIN
144.23112,-36.36923,REGIONAL TRAIN
144.97012,-37.54203,REGIONAL TRAIN
145.85602,-38.13637,REGIONAL TRAIN
144.24838,-36.71853,REGIONAL TRAIN
144.75333,-36.13104,REGIONAL TRAIN
144.60764,-36.49484,REGIONAL TRAIN
145.56809,-36.74913,REGIONAL TRAIN
145.67422,-38.09103,REGIONAL TRAIN
144.35499,-38.14424,REGIONAL TRAIN
144.59899,-37.459,REGIONAL TRAIN
145.02795,-37.37166,REGIONAL TRAIN
144.24896,-36.79483,REGIONAL TRAIN
143.92443,-35.73312,REGIONAL TRAIN
144.98352,-37.29365,REGIONAL TRAIN
144.4508,-37.25836,REGIONAL TRAIN
144.4144,-38.02243,REGIONAL TRAIN
144.49848,-37.96293,REGIONAL TRAIN
145.76686,-38.11099,REGIONAL TRAIN
144.56126,-37.42366,REGIONAL TRAIN
144.37532,-37.18978,REGIONAL TRAIN
144.35506,-38.19855,REGIONAL TRAIN
146.26057,-38.17691,REGIONAL TRAIN
145.35821,-36.39913,REGIONAL TRAIN
146.39675,-38.23672,REGIONAL TRAIN
145.24064,-36.61315,REGIONAL TRAIN
145.16036,-36.78546,REGIONAL TRAIN
145.57176,-38.0815,REGIONAL TRAIN
144.35227,-38.12284,REGIONAL TRAIN
144.36532,-38.09838,REGIONAL TRAIN
144.11313,-36.05311,REGIONAL TRAIN
144.67995,-37.4649,REGIONAL TRAIN
144.69851,-36.36229,REGIONAL TRAIN
146.78697,-38.1564,REGIONAL TRAIN
147.05481,-38.1031,REGIONAL TRAIN
145.13851,-37.0244,REGIONAL TRAIN
145.40597,-36.38381,REGIONAL TRAIN
144.35899,-38.15866,REGIONAL TRAIN
147.08147,-37.96705,REGIONAL TRAIN
143.56234,-35.34111,REGIONAL TRAIN
145.10279,-37.09233,REGIONAL TRAIN
142.91147,-38.23621,REGIONAL TRAIN
146.15477,-38.20724,REGIONAL TRAIN
146.5389,-38.19855,REGIONAL TRAIN
145.62842,-38.08488,REGIONAL TRAIN
145.71592,-36.63882,REGIONAL TRAIN
145.02661,-37.35525,REGIONAL TRAIN
146.31704,-36.3551,REGIONAL TRAIN
145.93283,-38.16479,REGIONAL TRAIN
142.47555,-38.38501,REGIONAL TRAIN
143.98413,-38.24014,REGIONAL TRAIN
146.87127,-36.10583,REGIONAL TRAIN
144.52618,-37.35929,REGIONAL TRAIN
146.06306,-38.20316,REGIONAL TRAIN
144.96696,-37.81831,REGIONAL TRAIN
144.94217,-37.80756,REGIONAL TRAIN
144.90214,-37.80158,REGIONAL TRAIN
144.83246,-37.78834,REGIONAL TRAIN
144.77409,-37.70097,REGIONAL TRAIN
144.99016,-37.82407,REGIONAL TRAIN
145.04252,-37.87723,REGIONAL TRAIN
145.12069,-37.92457,REGIONAL TRAIN
145.20973,-37.98997,REGIONAL TRAIN
145.34496,-38.03958,REGIONAL TRAIN
145.48637,-38.08061,REGIONAL TRAIN
144.9161,-37.756,REGIONAL TRAIN
144.91959,-37.68296,REGIONAL TRAIN
142.53887,-38.38639,REGIONAL TRAIN
146.47043,-36.18627,REGIONAL TRAIN
145.3446,-38.03873,REGIONAL TRAIN
145.042,-37.87759,REGIONAL TRAIN
145.12116,-37.92479,REGIONAL TRAIN
144.94247,-37.60211,REGIONAL TRAIN
145.20997,-37.99065,REGIONAL TRAIN
144.9167,-37.75625,REGIONAL TRAIN
144.96592,-37.81798,REGIONAL TRAIN
144.90134,-37.80133,REGIONAL TRAIN
144.98957,-37.82487,REGIONAL TRAIN
144.72844,-37.57902,REGIONAL TRAIN
144.83284,-37.78905,REGIONAL TRAIN
144.77431,-37.70073,REGIONAL TRAIN
144.90244,-37.80172,REGIONAL TRAIN
144.90238,-37.80189,REGIONAL TRAIN
144.72797,-37.57922,REGIONAL TRAIN
144.83285,-37.78827,REGIONAL TRAIN
144.83277,-37.78834,REGIONAL TRAIN
144.83266,-37.78838,REGIONAL TRAIN
144.8325,-37.78836,REGIONAL TRAIN
145.34452,-38.03884,REGIONAL TRAIN
145.34305,-38.03861,REGIONAL TRAIN
143.82,-37.53973,REGIONAL TRAIN
143.88812,-37.42461,REGIONAL TRAIN
143.78201,-37.30274,REGIONAL TRAIN
143.7424,-37.05091,REGIONAL TRAIN
143.70615,-37.17184,REGIONAL TRAIN
144.30644,-38.21596,REGIONAL TRAIN
144.32092,-36.70675,REGIONAL TRAIN
144.60873,-37.87289,REGIONAL TRAIN
144.69471,-37.83217,REGIONAL TRAIN
144.60385,-37.71252,REGIONAL TRAIN
144.20141,-36.53421,REGIONAL TRAIN
144.36826,-36.66639,REGIONAL TRAIN
144.50456,-36.6148,REGIONAL TRAIN
144.73572,-37.76609,REGIONAL TRAIN
146.92438,-36.08505,REGIONAL TRAIN
144.80219,-37.78307,REGIONAL TRAIN
142.93691,-37.28224,REGIONAL TRAIN
145.22951,-36.89365,REGIONAL TRAIN
144.43679,-37.68758,REGIONAL TRAIN
143.85946,-37.55879,REGIONAL TRAIN
147.62761,-37.82872,REGIONAL TRAIN
143.38238,-37.42763,REGIONAL TRAIN
145.34542,-38.03998,REGIONAL TRAIN
145.34425,-38.03913,REGIONAL TRAIN
145.34573,-38.04041,REGIONAL TRAIN
145.3444,-38.03924,REGIONAL TRAIN
145.34486,-38.03927,REGIONAL TRAIN
145.34405,-38.03963,REGIONAL TRAIN
145.34413,-38.03782,REGIONAL TRAIN
145.34514,-38.0391,REGIONAL TRAIN
143.78363,-38.32881,REGIONAL TRAIN
144.28301,-36.76567,REGIONAL TRAIN
144.22545,-37.6043,REGIONAL TRAIN
144.91961,-37.68305,REGIONAL TRAIN
145.04301,-37.2072,REGIONAL TRAIN
145.98392,-36.54455,REGIONAL TRAIN
145.72076,-38.09911,REGIONAL TRAIN
145.04252,-37.87746,REGIONAL TRAIN
145.0418,-37.87674,REGIONAL TRAIN
145.04252,-37.87746,REGIONAL TRAIN
145.04193,-37.87746,REGIONAL TRAIN
145.04193,-37.87706,REGIONAL TRAIN
145.04213,-37.87689,REGIONAL TRAIN
145.04227,-37.87727,REGIONAL TRAIN
145.04175,-37.87736,REGIONAL TRAIN
145.04208,-37.87754,REGIONAL TRAIN
145.04166,-37.87735,REGIONAL TRAIN
145.04234,-37.87702,REGIONAL TRAIN
145.04281,-37.8773,REGIONAL TRAIN
145.04195,-37.87677,REGIONAL TRAIN
145.04213,-37.87773,REGIONAL TRAIN
145.04296,-37.87806,REGIONAL TRAIN
145.04276,-37.87717,REGIONAL TRAIN
144.94331,-37.60192,REGIONAL TRAIN
144.94274,-37.60257,REGIONAL TRAIN
144.94332,-37.60182,REGIONAL TRAIN
144.94287,-37.6022,REGIONAL TRAIN
144.94281,-37.6023,REGIONAL TRAIN
144.9428,-37.60218,REGIONAL TRAIN
144.94279,-37.60233,REGIONAL TRAIN
144.94355,-37.60166,REGIONAL TRAIN
144.94269,-37.60238,REGIONAL TRAIN
144.9425,-37.60263,REGIONAL TRAIN
144.9458,-37.6022,REGIONAL TRAIN
144.94283,-37.60204,REGIONAL TRAIN
146.61137,-36.15564,REGIONAL TRAIN
144.74537,-37.4835,REGIONAL TRAIN
145.12053,-37.92468,REGIONAL TRAIN
145.12066,-37.92478,REGIONAL TRAIN
145.12053,-37.92468,REGIONAL TRAIN
145.12062,-37.92458,REGIONAL TRAIN
145.12029,-37.92432,REGIONAL TRAIN
145.12054,-37.92451,REGIONAL TRAIN
145.12287,-37.92651,REGIONAL TRAIN
143.78209,-37.30301,REGIONAL TRAIN
144.21398,-37.06284,REGIONAL TRAIN
143.58665,-38.34338,REGIONAL TRAIN
144.37977,-38.07283,REGIONAL TRAIN
143.15093,-38.2289,REGIONAL TRAIN
143.88812,-37.42461,REGIONAL TRAIN
144.9702,-37.54203,REGIONAL TRAIN
144.77108,-37.77728,REGIONAL TRAIN
144.23112,-36.36923,REGIONAL TRAIN
145.20973,-37.98997,REGIONAL TRAIN
145.21003,-37.98957,REGIONAL TRAIN
145.20973,-37.98997,REGIONAL TRAIN
145.20952,-37.99031,REGIONAL TRAIN
145.20976,-37.98999,REGIONAL TRAIN
145.20983,-37.9899,REGIONAL TRAIN
145.20994,-37.98975,REGIONAL TRAIN
145.20967,-37.99004,REGIONAL TRAIN
145.20974,-37.99001,REGIONAL TRAIN
145.20981,-37.99005,REGIONAL TRAIN
145.20999,-37.98997,REGIONAL TRAIN
145.20966,-37.99043,REGIONAL TRAIN
145.20992,-37.99049,REGIONAL TRAIN
145.21033,-37.98957,REGIONAL TRAIN
145.20999,-37.98973,REGIONAL TRAIN
145.20984,-37.98986,REGIONAL TRAIN
145.20975,-37.99008,REGIONAL TRAIN
145.20984,-37.98993,REGIONAL TRAIN
145.21028,-37.99087,REGIONAL TRAIN
145.21131,-37.99024,REGIONAL TRAIN
145.20978,-37.9893,REGIONAL TRAIN
145.85595,-38.13645,REGIONAL TRAIN
144.75346,-36.13098,REGIONAL TRAIN
144.24838,-36.71853,REGIONAL TRAIN
144.60776,-36.49502,REGIONAL TRAIN
145.56802,-36.74918,REGIONAL TRAIN
144.32105,-36.70629,REGIONAL TRAIN
144.9162,-37.75601,REGIONAL TRAIN
144.9162,-37.75601,REGIONAL TRAIN
144.91594,-37.75623,REGIONAL TRAIN
144.91615,-37.75624,REGIONAL TRAIN
144.91642,-37.75622,REGIONAL TRAIN
144.91589,-37.75593,REGIONAL TRAIN
144.91589,-37.75638,REGIONAL TRAIN
144.91648,-37.75611,REGIONAL TRAIN
144.9164,-37.75673,REGIONAL TRAIN
144.91586,-37.754,REGIONAL TRAIN
144.91689,-37.75518,REGIONAL TRAIN
144.96696,-37.81831,REGIONAL TRAIN
144.96712,-37.81788,REGIONAL TRAIN
144.96696,-37.81831,REGIONAL TRAIN
144.96585,-37.81738,REGIONAL TRAIN
144.966,-37.81776,REGIONAL TRAIN
144.96612,-37.81795,REGIONAL TRAIN
144.96612,-37.81807,REGIONAL TRAIN
144.9662,-37.81825,REGIONAL TRAIN
144.96627,-37.81838,REGIONAL TRAIN
144.96634,-37.81855,REGIONAL TRAIN
144.96642,-37.81868,REGIONAL TRAIN
144.96648,-37.81885,REGIONAL TRAIN
144.96613,-37.818,REGIONAL TRAIN
144.96574,-37.81782,REGIONAL TRAIN
144.96619,-37.81771,REGIONAL TRAIN
144.96583,-37.81735,REGIONAL TRAIN
144.96685,-37.81792,REGIONAL TRAIN
144.9669,-37.81805,REGIONAL TRAIN
144.96696,-37.81819,REGIONAL TRAIN
144.96705,-37.81838,REGIONAL TRAIN
144.96712,-37.81852,REGIONAL TRAIN
144.9672,-37.81867,REGIONAL TRAIN
144.96747,-37.8186,REGIONAL TRAIN
144.96519,-37.81831,REGIONAL TRAIN
144.96522,-37.81838,REGIONAL TRAIN
144.96533,-37.81833,REGIONAL TRAIN
144.96529,-37.81852,REGIONAL TRAIN
144.96535,-37.81866,REGIONAL TRAIN
144.96542,-37.81878,REGIONAL TRAIN
144.96546,-37.81887,REGIONAL TRAIN
144.96551,-37.81901,REGIONAL TRAIN
144.96516,-37.81839,REGIONAL TRAIN
144.96512,-37.81829,REGIONAL TRAIN
144.96518,-37.81827,REGIONAL TRAIN
144.96703,-37.81802,REGIONAL TRAIN
144.96713,-37.81814,REGIONAL TRAIN
144.96723,-37.81833,REGIONAL TRAIN
144.96729,-37.81847,REGIONAL TRAIN
144.96611,-37.81809,REGIONAL TRAIN
144.9672,-37.81771,REGIONAL TRAIN
144.96742,-37.81799,REGIONAL TRAIN
144.96761,-37.81843,REGIONAL TRAIN
144.96554,-37.81906,REGIONAL TRAIN
144.96522,-37.81909,REGIONAL TRAIN
144.9655,-37.81914,REGIONAL TRAIN
144.96514,-37.81913,REGIONAL TRAIN
144.90202,-37.80141,REGIONAL TRAIN
144.90137,-37.8016,REGIONAL TRAIN
144.90162,-37.80161,REGIONAL TRAIN
144.9032,-37.80108,REGIONAL TRAIN
144.90189,-37.80135,REGIONAL TRAIN
144.90112,-37.80185,REGIONAL TRAIN
144.90182,-37.80164,REGIONAL TRAIN
144.90173,-37.80171,REGIONAL TRAIN
144.9019,-37.8018,REGIONAL TRAIN
144.9021,-37.80195,REGIONAL TRAIN
144.90194,-37.80208,REGIONAL TRAIN
144.9019,-37.80204,REGIONAL TRAIN
144.90224,-37.80207,REGIONAL TRAIN
144.9023,-37.80108,REGIONAL TRAIN
144.90243,-37.80202,REGIONAL TRAIN
144.90251,-37.80226,REGIONAL TRAIN
144.90227,-37.80217,REGIONAL TRAIN
144.90183,-37.80128,REGIONAL TRAIN
144.90153,-37.80144,REGIONAL TRAIN
144.90134,-37.80148,REGIONAL TRAIN
144.90106,-37.80176,REGIONAL TRAIN
144.90187,-37.8019,REGIONAL TRAIN
144.90212,-37.80173,REGIONAL TRAIN
144.9021,-37.80187,REGIONAL TRAIN
144.90219,-37.80178,REGIONAL TRAIN
144.9026,-37.80091,REGIONAL TRAIN
144.90159,-37.8015,REGIONAL TRAIN
144.90184,-37.80168,REGIONAL TRAIN
144.90185,-37.80188,REGIONAL TRAIN
144.90225,-37.80215,REGIONAL TRAIN
144.90178,-37.80301,REGIONAL TRAIN
144.90072,-37.80174,REGIONAL TRAIN
144.35492,-38.14471,REGIONAL TRAIN
145.67422,-38.09103,REGIONAL TRAIN
144.59872,-37.45883,REGIONAL TRAIN
144.50347,-36.61518,REGIONAL TRAIN
145.02825,-37.37172,REGIONAL TRAIN
144.36982,-36.66585,REGIONAL TRAIN
143.92443,-35.73312,REGIONAL TRAIN
144.98357,-37.29321,REGIONAL TRAIN
144.24899,-36.79483,REGIONAL TRAIN
144.4506,-37.25828,REGIONAL TRAIN
144.4144,-38.02243,REGIONAL TRAIN
144.49848,-37.96293,REGIONAL TRAIN
145.76686,-38.11099,REGIONAL TRAIN
144.35506,-38.19855,REGIONAL TRAIN
144.37532,-37.18974,REGIONAL TRAIN
144.5614,-37.42357,REGIONAL TRAIN
144.5721,-37.70347,REGIONAL TRAIN
146.26055,-38.17689,REGIONAL TRAIN
145.35821,-36.39913,REGIONAL TRAIN
145.24064,-36.61315,REGIONAL TRAIN
146.39678,-38.23675,REGIONAL TRAIN
143.7424,-37.05091,REGIONAL TRAIN
145.16036,-36.78546,REGIONAL TRAIN
144.35231,-38.12268,REGIONAL TRAIN
144.94151,-37.80631,REGIONAL TRAIN
145.57167,-38.08159,REGIONAL TRAIN
144.36532,-38.09838,REGIONAL TRAIN
145.48638,-38.08061,REGIONAL TRAIN
144.11332,-36.05341,REGIONAL TRAIN
144.20116,-36.53196,REGIONAL TRAIN
144.65063,-37.72926,REGIONAL TRAIN
144.67983,-37.46512,REGIONAL TRAIN
144.99016,-37.82407,REGIONAL TRAIN
144.99033,-37.82457,REGIONAL TRAIN
144.99016,-37.82407,REGIONAL TRAIN
144.99038,-37.82438,REGIONAL TRAIN
144.9892,-37.82366,REGIONAL TRAIN
144.98922,-37.82354,REGIONAL TRAIN
144.98791,-37.82369,REGIONAL TRAIN
144.98797,-37.82359,REGIONAL TRAIN
144.98802,-37.82347,REGIONAL TRAIN
144.98807,-37.82334,REGIONAL TRAIN
144.98812,-37.82323,REGIONAL TRAIN
144.99066,-37.82461,REGIONAL TRAIN
144.99043,-37.82426,REGIONAL TRAIN
144.99048,-37.82415,REGIONAL TRAIN
144.99054,-37.82404,REGIONAL TRAIN
144.99059,-37.82393,REGIONAL TRAIN
144.99061,-37.82386,REGIONAL TRAIN
144.98913,-37.82403,REGIONAL TRAIN
144.98916,-37.82391,REGIONAL TRAIN
144.98918,-37.82379,REGIONAL TRAIN
144.9903,-37.8247,REGIONAL TRAIN
144.99065,-37.82473,REGIONAL TRAIN
144.99071,-37.82389,REGIONAL TRAIN
144.99035,-37.82374,REGIONAL TRAIN
146.78697,-38.1564,REGIONAL TRAIN
144.69868,-36.36236,REGIONAL TRAIN
144.73574,-37.76613,REGIONAL TRAIN
147.05481,-38.1031,REGIONAL TRAIN
142.53885,-38.38638,REGIONAL TRAIN
145.13773,-37.02473,REGIONAL TRAIN
146.47043,-36.18627,REGIONAL TRAIN
145.4065,-36.38379,REGIONAL TRAIN
144.35899,-38.15866,REGIONAL TRAIN
144.95278,-37.81866,REGIONAL TRAIN
147.08147,-37.96705,REGIONAL TRAIN
144.83288,-37.78854,REGIONAL TRAIN
144.83283,-37.78785,REGIONAL TRAIN
144.83225,-37.78815,REGIONAL TRAIN
144.83288,-37.78854,REGIONAL TRAIN
144.83291,-37.78792,REGIONAL TRAIN
144.83261,-37.78804,REGIONAL TRAIN
144.83266,-37.78812,REGIONAL TRAIN
144.83231,-37.78817,REGIONAL TRAIN
144.83335,-37.78841,REGIONAL TRAIN
144.83268,-37.78873,REGIONAL TRAIN
144.83274,-37.7877,REGIONAL TRAIN
144.83301,-37.78786,REGIONAL TRAIN
144.83312,-37.78797,REGIONAL TRAIN
144.83341,-37.7885,REGIONAL TRAIN
144.83217,-37.78801,REGIONAL TRAIN
144.83226,-37.78825,REGIONAL TRAIN
144.83238,-37.78837,REGIONAL TRAIN
144.83237,-37.78845,REGIONAL TRAIN
144.83274,-37.78883,REGIONAL TRAIN
144.83366,-37.78829,REGIONAL TRAIN
144.83057,-37.787,REGIONAL TRAIN
144.83294,-37.7893,REGIONAL TRAIN
144.8337,-37.78849,REGIONAL TRAIN
144.83354,-37.78832,REGIONAL TRAIN
144.72798,-37.57928,REGIONAL TRAIN
144.728,-37.57952,REGIONAL TRAIN
144.72732,-37.57909,REGIONAL TRAIN
144.72824,-37.57896,REGIONAL TRAIN
144.72802,-37.57886,REGIONAL TRAIN
144.72817,-37.57915,REGIONAL TRAIN
144.72797,-37.57939,REGIONAL TRAIN
144.72828,-37.57904,REGIONAL TRAIN
144.72787,-37.57895,REGIONAL TRAIN
144.72823,-37.5792,REGIONAL TRAIN
144.72839,-37.57946,REGIONAL TRAIN
143.56234,-35.34111,REGIONAL TRAIN
146.15477,-38.20724,REGIONAL TRAIN
143.70564,-37.1729,REGIONAL TRAIN
142.91147,-38.23621,REGIONAL TRAIN
144.60411,-37.71255,REGIONAL TRAIN
144.69449,-37.83215,REGIONAL TRAIN
145.103,-37.09233,REGIONAL TRAIN
146.53788,-38.19888,REGIONAL TRAIN
145.62823,-38.085,REGIONAL TRAIN
145.71592,-36.63882,REGIONAL TRAIN
145.00536,-37.41654,REGIONAL TRAIN
142.47555,-38.38501,REGIONAL TRAIN
145.02642,-37.35468,REGIONAL TRAIN
143.82121,-37.53997,REGIONAL TRAIN
145.93266,-38.16483,REGIONAL TRAIN
144.77418,-37.70111,REGIONAL TRAIN
144.77387,-37.70058,REGIONAL TRAIN
144.77354,-37.70103,REGIONAL TRAIN
144.77418,-37.70113,REGIONAL TRAIN
144.77399,-37.70067,REGIONAL TRAIN
144.77394,-37.7007,REGIONAL TRAIN
144.77382,-37.70076,REGIONAL TRAIN
144.77346,-37.70093,REGIONAL TRAIN
144.77366,-37.70023,REGIONAL TRAIN
144.7739,-37.7005,REGIONAL TRAIN
144.77404,-37.70058,REGIONAL TRAIN
144.77414,-37.7007,REGIONAL TRAIN
144.77412,-37.70078,REGIONAL TRAIN
144.77436,-37.7011,REGIONAL TRAIN
144.77343,-37.70093,REGIONAL TRAIN
144.77404,-37.70065,REGIONAL TRAIN
144.77397,-37.70071,REGIONAL TRAIN
144.7738,-37.7008,REGIONAL TRAIN
144.77344,-37.70091,REGIONAL TRAIN
144.7734,-37.70095,REGIONAL TRAIN
144.77268,-37.699,REGIONAL TRAIN
144.77512,-37.70209,REGIONAL TRAIN
144.7737,-37.70177,REGIONAL TRAIN
144.77388,-37.70016,REGIONAL TRAIN
143.98413,-38.24014,REGIONAL TRAIN
144.52589,-37.3588,REGIONAL TRAIN
146.87127,-36.10585,REGIONAL TRAIN
144.30683,-38.21581,REGIONAL TRAIN
146.31703,-36.35515,REGIONAL TRAIN
144.60836,-37.87253,REGIONAL TRAIN
146.06306,-38.20316,REGIONAL TRAIN
