{"type":"Topology","objects":{"venue_hexbins":{"type":"GeometryCollection","geometries":[{"type":"Polygon","arcs":[[0,1,2,3,4,5]],"properties":{"count":12}},{"type":"Polygon","arcs":[[6,7,8,9,10,11]],"properties":{"count":53}},{"type":"Polygon","arcs":[[12,13,14,15,16,17]],"properties":{"count":20}},{"type":"Polygon","arcs":[[18,19,20]],"properties":{"count":4}},{"type":"Polygon","arcs":[[21,22,23,24,25]],"properties":{"count":6}},{"type":"Polygon","arcs":[[26,27,28,29,30,31]],"properties":{"count":192}},{"type":"Polygon","arcs":[[32,33,34,35]],"properties":{"count":4}},{"type":"Polygon","arcs":[[36,37,38]],"properties":{"count":24}},{"type":"Polygon","arcs":[[39,40,41,42,43,44]],"properties":{"count":44}},{"type":"Polygon","arcs":[[45,46,47,48,49,50]],"properties":{"count":58}},{"type":"Polygon","arcs":[[51,52,53]],"properties":{"count":3}},{"type":"Polygon","arcs":[[54,55,56,57,58,59]],"properties":{"count":23}},{"type":"Polygon","arcs":[[60,61,62,63,64,65]],"properties":{"count":4}},{"type":"Polygon","arcs":[[66,67,68,69,70,71]],"properties":{"count":30}},{"type":"Polygon","arcs":[[72,73,74,75,76]],"properties":{"count":5}},{"type":"Polygon","arcs":[[77,78,79,80,81,82]],"properties":{"count":2}},{"type":"Polygon","arcs":[[83,84,85,86]],"properties":{"count":3}},{"type":"Polygon","arcs":[[87,88,89,90,91,92]],"properties":{"count":57}},{"type":"Polygon","arcs":[[93,94,95,96,97,98]],"properties":{"count":4}},{"type":"Polygon","arcs":[[99,100]],"properties":{"count":14}},{"type":"Polygon","arcs":[[101,102,103,104,105]],"properties":{"count":4}},{"type":"Polygon","arcs":[[106,107,108,109,110,111]],"properties":{"count":5}},{"type":"Polygon","arcs":[[112,113,114,115,116,117]],"properties":{"count":7}},{"type":"Polygon","arcs":[[118,119,120,121,122,123]],"properties":{"count":2}},{"type":"Polygon","arcs":[[124,125,126,127,128]],"properties":{"count":5}},{"type":"Polygon","arcs":[[129,130]],"properties":{"count":5}},{"type":"Polygon","arcs":[[131,132,133,134,-53]],"properties":{"count":10}},{"type":"Polygon","arcs":[[135,136,137,138,139]],"properties":{"count":11}},{"type":"Polygon","arcs":[[140,141,142,143,144,145]],"properties":{"count":51}},{"type":"Polygon","arcs":[[146,147,148]],"properties":{"count":9}},{"type":"Polygon","arcs":[[149,150,151,152,153]],"properties":{"count":7}},{"type":"Polygon","arcs":[[154,155,156,157,158,159]],"properties":{"count":14}},{"type":"Polygon","arcs":[[160,161,162,163,164,165]],"properties":{"count":15}},{"type":"Polygon","arcs":[[166,167,168,-114,169]],"properties":{"count":2}},{"type":"Polygon","arcs":[[170,171,172,173,174,175]],"properties":{"count":2}},{"type":"Polygon","arcs":[[176,177,178,179,180]],"properties":{"count":4}},{"type":"Polygon","arcs":[[181,182,183,184,185]],"properties":{"count":2}},{"type":"Polygon","arcs":[[186,187,188,189,190,191]],"properties":{"count":3}},{"type":"Polygon","arcs":[[-34,192,193,194,195,196]],"properties":{"count":5}},{"type":"Polygon","arcs":[[197,198,199,200]],"properties":{"count":5}},{"type":"Polygon","arcs":[[201,202,203,204,205,206]],"properties":{"count":9}},{"type":"Polygon","arcs":[[207,208,209,210,211]],"properties":{"count":6}},{"type":"Polygon","arcs":[[212,213,214,215,216,217]],"properties":{"count":9}},{"type":"Polygon","arcs":[[218,219,220,221,222]],"properties":{"count":8}},{"type":"Polygon","arcs":[[223,224,225,226,227,228]],"properties":{"count":16}},{"type":"Polygon","arcs":[[229,230,231,232,233,234]],"properties":{"count":4}},{"type":"Polygon","arcs":[[235,236]],"properties":{"count":3}},{"type":"Polygon","arcs":[[237,238,239,240,241]],"properties":{"count":2}},{"type":"Polygon","arcs":[[-192,242,243,244]],"properties":{"count":2}},{"type":"Polygon","arcs":[[245,246,-18,247,248,249]],"properties":{"count":11}},{"type":"Polygon","arcs":[[250,251,-45,252,253,254]],"properties":{"count":45}},{"type":"Polygon","arcs":[[255,256,257,258,259,260]],"properties":{"count":15}},{"type":"Polygon","arcs":[[261,262,263,264,265,266]],"properties":{"count":3}},{"type":"Polygon","arcs":[[267,268,-93,269,270,271]],"properties":{"count":31}},{"type":"Polygon","arcs":[[272,273,274,275,276,277]],"properties":{"count":29}},{"type":"Polygon","arcs":[[278,279,280,281,282,283]],"properties":{"count":4}},{"type":"Polygon","arcs":[[284,-154,285,286]],"properties":{"count":9}},{"type":"Polygon","arcs":[[287,288,289,290]],"properties":{"count":7}},{"type":"Polygon","arcs":[[291,292,293,294,295]],"properties":{"count":11}},{"type":"Polygon","arcs":[[296,297,298,299,300,301]],"properties":{"count":3}},{"type":"Polygon","arcs":[[302,303,304,305,306]],"properties":{"count":3}},{"type":"Polygon","arcs":[[307,308,309,310,311,312]],"properties":{"count":3}},{"type":"Polygon","arcs":[[313,314,315,316]],"properties":{"count":5}},{"type":"Polygon","arcs":[[317,318,319,320,321,322]],"properties":{"count":20}},{"type":"Polygon","arcs":[[323,324,325,326,327,328]],"properties":{"count":38}},{"type":"Polygon","arcs":[[329,330,331,332,333,334]],"properties":{"count":7}},{"type":"Polygon","arcs":[[335,336,337,338,339]],"properties":{"count":3}},{"type":"Polygon","arcs":[[340,341,342,343,344,345]],"properties":{"count":17}},{"type":"Polygon","arcs":[[346,347,348,349,350,-157]],"properties":{"count":59}},{"type":"Polygon","arcs":[[351,352,-183]],"properties":{"count":25}},{"type":"Polygon","arcs":[[353,354,355,356]],"properties":{"count":16}},{"type":"Polygon","arcs":[[357,358,359,360,361,362]],"properties":{"count":13}},{"type":"Polygon","arcs":[[363,-301,364,365,366,367]],"properties":{"count":26}},{"type":"Polygon","arcs":[[368,369,-229,370,371,372]],"properties":{"count":4}},{"type":"Polygon","arcs":[[373,374]],"properties":{"count":9}},{"type":"Polygon","arcs":[[375,376,377,378,379,380]],"properties":{"count":243}},{"type":"Polygon","arcs":[[381,382,383,384,385,386]],"properties":{"count":7}},{"type":"Polygon","arcs":[[387,388,389,390,391]],"properties":{"count":14}},{"type":"Polygon","arcs":[[-248,-17,392,393,394,395]],"properties":{"count":36}},{"type":"Polygon","arcs":[[396,-334,397,398]],"properties":{"count":7}},{"type":"Polygon","arcs":[[399,400,401,402,403,404]],"properties":{"count":7}},{"type":"Polygon","arcs":[[405,406,407,408,409,410]],"properties":{"count":35}},{"type":"Polygon","arcs":[[411,412,413,414,415,416]],"properties":{"count":11}},{"type":"Polygon","arcs":[[417,418,419,420,421]],"properties":{"count":4}},{"type":"Polygon","arcs":[[422,423]],"properties":{"count":6}},{"type":"Polygon","arcs":[[424,425,426,427,428]],"properties":{"count":88}},{"type":"Polygon","arcs":[[429,430,431,432,433]],"properties":{"count":5}},{"type":"Polygon","arcs":[[434,435,436,437]],"properties":{"count":21}},{"type":"Polygon","arcs":[[438,439,440,441,442]],"properties":{"count":12}},{"type":"Polygon","arcs":[[443,444,445,446,447,448]],"properties":{"count":10}},{"type":"Polygon","arcs":[[449,450,451,452,453]],"properties":{"count":20}},{"type":"Polygon","arcs":[[454,455,456,457,458,459]],"properties":{"count":3}},{"type":"Polygon","arcs":[[460,-82,461,462,463,464]],"properties":{"count":18}},{"type":"Polygon","arcs":[[465,466,467,468,469]],"properties":{"count":5}},{"type":"Polygon","arcs":[[470,471,472,473]],"properties":{"count":14}},{"type":"Polygon","arcs":[[474,475,476,477,478]],"properties":{"count":5}},{"type":"Polygon","arcs":[[479,480,481,482,483,484]],"properties":{"count":10}},{"type":"Polygon","arcs":[[485,-50,486,487,488,489]],"properties":{"count":37}},{"type":"Polygon","arcs":[[490,491,492,493,494,495]],"properties":{"count":23}},{"type":"Polygon","arcs":[[496,-76,497,498,499]],"properties":{"count":8}},{"type":"Polygon","arcs":[[500,501,502,503,504,505]],"properties":{"count":11}},{"type":"Polygon","arcs":[[506,507,-335,-397,508]],"properties":{"count":33}},{"type":"Polygon","arcs":[[-289,509,510,511]],"properties":{"count":29}},{"type":"Polygon","arcs":[[512,513,514,515,516,517]],"properties":{"count":20}},{"type":"Polygon","arcs":[[518,519,520,521,-482]],"properties":{"count":10}},{"type":"Polygon","arcs":[[522,523,524,525,526]],"properties":{"count":10}},{"type":"Polygon","arcs":[[527,528,529,530,531,532]],"properties":{"count":2}},{"type":"Polygon","arcs":[[-4,533,534,535,536,537]],"properties":{"count":14}},{"type":"Polygon","arcs":[[-91,538,539,540,541,542]],"properties":{"count":7}},{"type":"Polygon","arcs":[[543,544,545,546,547]],"properties":{"count":8}},{"type":"Polygon","arcs":[[548,549,550,-480,551,552]],"properties":{"count":9}},{"type":"Polygon","arcs":[[-119,553]],"properties":{"count":2}},{"type":"Polygon","arcs":[[554,555,556,-520,557]],"properties":{"count":9}},{"type":"Polygon","arcs":[[558,559,560,561]],"properties":{"count":5}},{"type":"Polygon","arcs":[[562,563,564,565,566,567]],"properties":{"count":42}},{"type":"Polygon","arcs":[[568,569,-181,570,571]],"properties":{"count":5}},{"type":"Polygon","arcs":[[-459,572,573,-314,574]],"properties":{"count":12}},{"type":"Polygon","arcs":[[575,576,577,578,579,580]],"properties":{"count":37}},{"type":"Polygon","arcs":[[581,582,583,584]],"properties":{"count":9}},{"type":"Polygon","arcs":[[585,586,587,588,589,590]],"properties":{"count":18}},{"type":"Polygon","arcs":[[-123,591,592,-418,593]],"properties":{"count":4}},{"type":"Polygon","arcs":[[594,595,596,597,598,599]],"properties":{"count":9}},{"type":"Polygon","arcs":[[600,601,602,603,-263,604]],"properties":{"count":20}},{"type":"Polygon","arcs":[[605,606,-160,607,608,609]],"properties":{"count":48}},{"type":"Polygon","arcs":[[610,611,612,613,614,615]],"properties":{"count":27}},{"type":"Polygon","arcs":[[616,617,618,619,-467,620]],"properties":{"count":9}},{"type":"Polygon","arcs":[[621,622,623,-303,624,625]],"properties":{"count":6}},{"type":"Polygon","arcs":[[626,627,628,629,630,631]],"properties":{"count":48}},{"type":"Polygon","arcs":[[-132,-52,632]],"properties":{"count":8}},{"type":"Polygon","arcs":[[633,634,635,-501,636,637]],"properties":{"count":45}},{"type":"Polygon","arcs":[[638,639,640,641]],"properties":{"count":3}},{"type":"Polygon","arcs":[[642,643,-621,-466,644,645]],"properties":{"count":3}},{"type":"Polygon","arcs":[[646]],"properties":{"count":7}},{"type":"Polygon","arcs":[[647,648,-558,-519,-481,-551]],"properties":{"count":6}},{"type":"Polygon","arcs":[[649,650,651]],"properties":{"count":2}},{"type":"Polygon","arcs":[[652,653,654,655,656]],"properties":{"count":5}},{"type":"Polygon","arcs":[[657,658,659,-491,660,-194]],"properties":{"count":52}},{"type":"Polygon","arcs":[[661,-254,662,663,664,-143]],"properties":{"count":41}},{"type":"Polygon","arcs":[[665,666,667,668]],"properties":{"count":9}},{"type":"Polygon","arcs":[[669,670,671,672,673,674]],"properties":{"count":63}},{"type":"Polygon","arcs":[[675,676,677,678]],"properties":{"count":2}},{"type":"Polygon","arcs":[[679,680,-411,681,682]],"properties":{"count":6}},{"type":"Polygon","arcs":[[683,684,-632,685,686,687]],"properties":{"count":18}},{"type":"Polygon","arcs":[[688,689,690,691,692,693]],"properties":{"count":39}},{"type":"Polygon","arcs":[[694,695,696,697,-74,698]],"properties":{"count":7}},{"type":"Polygon","arcs":[[-463,699,700,701,702,703]],"properties":{"count":55}},{"type":"Polygon","arcs":[[704,-392,705,706,707]],"properties":{"count":2}},{"type":"Polygon","arcs":[[708,709,710,-689,711,-57]],"properties":{"count":32}},{"type":"Polygon","arcs":[[712,713,714,715]],"properties":{"count":11}},{"type":"Polygon","arcs":[[716,-5,-538,717,718,-360]],"properties":{"count":3}},{"type":"Polygon","arcs":[[719,720,-381,721,722,723]],"properties":{"count":441}},{"type":"Polygon","arcs":[[-478,724,-500,725,-162,726]],"properties":{"count":22}},{"type":"Polygon","arcs":[[-722,-380,727,728,729,730]],"properties":{"count":488}},{"type":"Polygon","arcs":[[731,732,733,734,735,736]],"properties":{"count":5}},{"type":"Polygon","arcs":[[737,738,739,740,741]],"properties":{"count":6}},{"type":"Polygon","arcs":[[742,743,744,745,746,747]],"properties":{"count":3}},{"type":"Polygon","arcs":[[748,749,750,751]],"properties":{"count":5}},{"type":"Polygon","arcs":[[752,-609,753,754,755,756]],"properties":{"count":3}},{"type":"Polygon","arcs":[[757,758,759,-444,760,761]],"properties":{"count":7}},{"type":"Polygon","arcs":[[762,763,764,765,766,767]],"properties":{"count":7}},{"type":"Polygon","arcs":[[-100,768,769,770]],"properties":{"count":9}},{"type":"Polygon","arcs":[[771,772,773,774,775,776]],"properties":{"count":31}},{"type":"Polygon","arcs":[[-70,777,778,779,780,781]],"properties":{"count":101}},{"type":"Polygon","arcs":[[782,783,784,785,-432]],"properties":{"count":10}},{"type":"Polygon","arcs":[[786,787,788,789,790,791]],"properties":{"count":17}},{"type":"Polygon","arcs":[[792,-687,793,794,-28,795]],"properties":{"count":70}},{"type":"Polygon","arcs":[[796,797,-51,-486,798,799]],"properties":{"count":31}},{"type":"Polygon","arcs":[[800,801,802,-125,803,804]],"properties":{"count":3}},{"type":"Polygon","arcs":[[805,806,807,808]],"properties":{"count":6}},{"type":"Polygon","arcs":[[-361,-719,809,810,811,812]],"properties":{"count":10}},{"type":"Polygon","arcs":[[813,-552,-485,814,-204]],"properties":{"count":2}},{"type":"Polygon","arcs":[[815,816,817,818,-331,819]],"properties":{"count":12}},{"type":"Polygon","arcs":[[820,821,-430,822,823]],"properties":{"count":6}},{"type":"Polygon","arcs":[[-766,824,825,-586,826,827]],"properties":{"count":7}},{"type":"Polygon","arcs":[[828,829,-55,830]],"properties":{"count":24}},{"type":"Polygon","arcs":[[-715,831,832,-648,-550,833]],"properties":{"count":16}},{"type":"Polygon","arcs":[[834,835]],"properties":{"count":3}},{"type":"Polygon","arcs":[[836,837,838,839,840]],"properties":{"count":2}},{"type":"Polygon","arcs":[[-536,841,842,-758,843,844]],"properties":{"count":20}},{"type":"Polygon","arcs":[[845,846,847,848,849,850]],"properties":{"count":40}},{"type":"Polygon","arcs":[[851,852,853,-107,854,-15]],"properties":{"count":17}},{"type":"Polygon","arcs":[[855,856,857,858,859,-226]],"properties":{"count":20}},{"type":"Polygon","arcs":[[860,-844,-762,861,-635,862]],"properties":{"count":16}},{"type":"Polygon","arcs":[[863,-495,864,-358,865,866]],"properties":{"count":6}},{"type":"Polygon","arcs":[[867,868,-170,-113,869,870]],"properties":{"count":10}},{"type":"Polygon","arcs":[[871,872,-373,873]],"properties":{"count":5}},{"type":"Polygon","arcs":[[-352,-182,874]],"properties":{"count":7}},{"type":"Polygon","arcs":[[875,876,-66,877,878,879]],"properties":{"count":9}},{"type":"Polygon","arcs":[[880,881,882,883,884]],"properties":{"count":7}},{"type":"Polygon","arcs":[[-686,-631,885,886,887,-794]],"properties":{"count":43}},{"type":"Polygon","arcs":[[888,-386,889,890,891,892]],"properties":{"count":4}},{"type":"Polygon","arcs":[[893,894,895,896,897,898]],"properties":{"count":55}},{"type":"Polygon","arcs":[[899,900,901,902,903]],"properties":{"count":6}},{"type":"Polygon","arcs":[[904,-741,905,906,907]],"properties":{"count":27}},{"type":"Polygon","arcs":[[908,909,-867,910,-539,-90]],"properties":{"count":16}},{"type":"Polygon","arcs":[[911,-580,912,-376,-721,913]],"properties":{"count":131}},{"type":"Polygon","arcs":[[914,915,916,-167,-869,917]],"properties":{"count":61}},{"type":"Polygon","arcs":[[-452,918,919,920,921,922]],"properties":{"count":3}},{"type":"Polygon","arcs":[[923,924,925,926,-525]],"properties":{"count":15}},{"type":"Polygon","arcs":[[927,928,929,930]],"properties":{"count":4}},{"type":"Polygon","arcs":[[-726,-499,931,-439,932,-163]],"properties":{"count":2}},{"type":"Polygon","arcs":[[933,-870,-118,934,935,936]],"properties":{"count":7}},{"type":"Polygon","arcs":[[937,938,939,940,941,942]],"properties":{"count":7}},{"type":"Polygon","arcs":[[-790,943,944,945,946]],"properties":{"count":47}},{"type":"Polygon","arcs":[[947,-804,-129,948,949,950]],"properties":{"count":2}},{"type":"Polygon","arcs":[[951,-11,952,953,954,955]],"properties":{"count":10}},{"type":"Polygon","arcs":[[956,957,958,959,960]],"properties":{"count":9}},{"type":"Polygon","arcs":[[-811,961,-863,-634,962,963]],"properties":{"count":11}},{"type":"Polygon","arcs":[[-97,964,965,966,967,968]],"properties":{"count":3}},{"type":"Polygon","arcs":[[969,970,971,972]],"properties":{"count":12}},{"type":"Polygon","arcs":[[-427,973,974,975,976,977]],"properties":{"count":36}},{"type":"Polygon","arcs":[[978,979,980,-750]],"properties":{"count":6}},{"type":"Polygon","arcs":[[981,982,983,984]],"properties":{"count":13}},{"type":"Polygon","arcs":[[985,986,987,-425,988]],"properties":{"count":32}},{"type":"Polygon","arcs":[[989,990]],"properties":{"count":4}},{"type":"Polygon","arcs":[[991,992,-284,993,-577,994]],"properties":{"count":11}},{"type":"Polygon","arcs":[[995,996,-329,997,-744,998]],"properties":{"count":35}},{"type":"Polygon","arcs":[[999,1000,1001,1002,1003,1004]],"properties":{"count":5}},{"type":"Polygon","arcs":[[1005,1006,-899,1007,1008,1009]],"properties":{"count":12}},{"type":"Polygon","arcs":[[1010,1011,1012,1013]],"properties":{"count":4}},{"type":"Polygon","arcs":[[1014,1015,-639,1016]],"properties":{"count":5}},{"type":"Polygon","arcs":[[1017,1018,1019,-895,1020]],"properties":{"count":64}},{"type":"Polygon","arcs":[[1021,1022,1023,1024,1025]],"properties":{"count":14}},{"type":"Polygon","arcs":[[1026,1027,1028,1029,-690,-711]],"properties":{"count":94}},{"type":"Polygon","arcs":[[1030,-71,-782,1031,1032,1033]],"properties":{"count":40}},{"type":"Polygon","arcs":[[1034]],"properties":{"count":5}},{"type":"Polygon","arcs":[[1035,1036,1037,1038,-476,1039]],"properties":{"count":5}},{"type":"Polygon","arcs":[[1040,1041,1042,1043,1044,1045]],"properties":{"count":3}},{"type":"Polygon","arcs":[[1046,1047,1048,-7,1049,1050]],"properties":{"count":11}},{"type":"Polygon","arcs":[[1051,1052,1053,1054,1055]],"properties":{"count":2}},{"type":"Polygon","arcs":[[1056,1057]],"properties":{"count":4}},{"type":"Polygon","arcs":[[1058,1059,1060,-924,-524,1061]],"properties":{"count":8}},{"type":"Polygon","arcs":[[1062,1063,1064,1065,1066]],"properties":{"count":2}},{"type":"Polygon","arcs":[[1067,-903,1068,1069,1070]],"properties":{"count":4}},{"type":"Polygon","arcs":[[1071,1072]],"properties":{"count":4}},{"type":"Polygon","arcs":[[1073,1074,1075,1076]],"properties":{"count":4}},{"type":"Polygon","arcs":[[1077,1078]],"properties":{"count":5}},{"type":"Polygon","arcs":[[-333,1079,1080,1081,1082,-398]],"properties":{"count":3}},{"type":"Polygon","arcs":[[1083,1084,1085,1086,1087]],"properties":{"count":11}},{"type":"Polygon","arcs":[[1088,1089,1090,1091]],"properties":{"count":4}},{"type":"Polygon","arcs":[[1092,1093,-291,1094,1095]],"properties":{"count":4}},{"type":"Polygon","arcs":[[-122,1096,1097,1098,-592]],"properties":{"count":3}},{"type":"Polygon","arcs":[[1099,1100]],"properties":{"count":4}},{"type":"Polygon","arcs":[[1101,1102]],"properties":{"count":4}},{"type":"Polygon","arcs":[[1103]],"properties":{"count":7}},{"type":"Polygon","arcs":[[-702,1104,1105,1106,1107,1108]],"properties":{"count":4}},{"type":"Polygon","arcs":[[-1055,1109,1110,1111,1112,1113]],"properties":{"count":8}},{"type":"Polygon","arcs":[[1114,1115,1116,1117]],"properties":{"count":2}},{"type":"Polygon","arcs":[[1118,-404,1119,-308,1120,1121]],"properties":{"count":3}},{"type":"Polygon","arcs":[[1122,-145,1123,-680,1124,1125]],"properties":{"count":2}},{"type":"Polygon","arcs":[[1126,1127,1128]],"properties":{"count":4}},{"type":"Polygon","arcs":[[-770,1129]],"properties":{"count":2}},{"type":"Polygon","arcs":[[1130,1131,-354,1132]],"properties":{"count":2}},{"type":"Polygon","arcs":[[1133,1134,1135,1136]],"properties":{"count":6}},{"type":"Polygon","arcs":[[-421,1137,1138]],"properties":{"count":3}},{"type":"Polygon","arcs":[[1139,1140,1141,1142,1143,-779]],"properties":{"count":89}},{"type":"Polygon","arcs":[[-286,-153,1144,-979,-749,1145]],"properties":{"count":4}},{"type":"Polygon","arcs":[[1146,1147,-83,-461,1148,1149]],"properties":{"count":9}},{"type":"Polygon","arcs":[[1150,1151]],"properties":{"count":4}},{"type":"Polygon","arcs":[[1152,1153,-387,-889,1154]],"properties":{"count":9}},{"type":"Polygon","arcs":[[1155,1156,1157,-251,1158,1159]],"properties":{"count":6}},{"type":"Polygon","arcs":[[1160,1161,-304,-624]],"properties":{"count":3}},{"type":"Polygon","arcs":[[1162,1163,1164,-881,1165,1166]],"properties":{"count":2}},{"type":"Polygon","arcs":[[1167,-625,-307,1168,1169,1170]],"properties":{"count":5}},{"type":"Polygon","arcs":[[-420,1171,1172,1173,1174,-1138]],"properties":{"count":4}},{"type":"Polygon","arcs":[[-941,1175,-23,1176]],"properties":{"count":2}},{"type":"Polygon","arcs":[[1177,1178,1179,1180,1181,1182]],"properties":{"count":3}},{"type":"Polygon","arcs":[[1183,-367,1184,-643,1185,-402]],"properties":{"count":2}},{"type":"Polygon","arcs":[[-604,1186,1187,-876,1188,-264]],"properties":{"count":39}},{"type":"Polygon","arcs":[[1189,1190,1191,1192,1193,1194]],"properties":{"count":6}},{"type":"Polygon","arcs":[[1195,1196,1197,1198]],"properties":{"count":8}},{"type":"Polygon","arcs":[[1199,1200,1201,1202,1203,-1142]],"properties":{"count":6}},{"type":"Polygon","arcs":[[1204,-395,1205,1206,-628,1207]],"properties":{"count":46}},{"type":"Polygon","arcs":[[1208,1209,1210,1211,1212,1213]],"properties":{"count":6}},{"type":"Polygon","arcs":[[-983,1214,1215,-150,-285,1216]],"properties":{"count":7}},{"type":"Polygon","arcs":[[1217,1218,1219,1220,-986,1221]],"properties":{"count":15}},{"type":"Polygon","arcs":[[-1198,1222,-78,-1148,1223]],"properties":{"count":7}},{"type":"Polygon","arcs":[[1224,1225,1226,1227,1228,1229]],"properties":{"count":9}},{"type":"Polygon","arcs":[[1230,1231]],"properties":{"count":2}},{"type":"Polygon","arcs":[[1232,1233]],"properties":{"count":6}},{"type":"Polygon","arcs":[[1234,1235,1236,1237]],"properties":{"count":4}},{"type":"Polygon","arcs":[[1238,1239,-39,1240,1241,1242]],"properties":{"count":4}},{"type":"Polygon","arcs":[[1243,1244,1245,1246,-1042,1247]],"properties":{"count":4}},{"type":"Polygon","arcs":[[1248,1249,1250,1251,1252,-1246]],"properties":{"count":5}},{"type":"Polygon","arcs":[[1253,-234,1254,1255,1256,1257]],"properties":{"count":10}},{"type":"Polygon","arcs":[[1258,-747,1259,1260,1261,1262]],"properties":{"count":6}},{"type":"Polygon","arcs":[[1263,-517,1264,1265,1266]],"properties":{"count":2}},{"type":"Polygon","arcs":[[1267,-31,1268,-46,-798,1269]],"properties":{"count":101}},{"type":"Polygon","arcs":[[-630,1270,1271,-141,1272,-886]],"properties":{"count":12}},{"type":"Polygon","arcs":[[-1008,-898,1273,-1027,-710,1274]],"properties":{"count":22}},{"type":"Polygon","arcs":[[1275,1276,-796,-27,1277,-378]],"properties":{"count":102}},{"type":"Polygon","arcs":[[-10,1278,1279,1280,1281,-953]],"properties":{"count":33}},{"type":"Polygon","arcs":[[-897,1282,-724,1283,-1028,-1274]],"properties":{"count":120}},{"type":"Polygon","arcs":[[1284,1285,-851,1286,-8,-1049]],"properties":{"count":6}},{"type":"Polygon","arcs":[[-30,1287,1288,1289,-47,-1269]],"properties":{"count":45}},{"type":"Polygon","arcs":[[1290,-206,1291,1292,1293,-926]],"properties":{"count":7}},{"type":"Polygon","arcs":[[1294,1295,1296,1297,1298,1299]],"properties":{"count":9}},{"type":"Polygon","arcs":[[1300,1301,1302,1303,1304]],"properties":{"count":4}},{"type":"Polygon","arcs":[[1305,1306,1307,1308,1309,1310]],"properties":{"count":6}},{"type":"Polygon","arcs":[[1311,-545]],"properties":{"count":2}},{"type":"Polygon","arcs":[[-780,-1144,1312,1313,1314,1315]],"properties":{"count":25}},{"type":"Polygon","arcs":[[1316,1317,1318]],"properties":{"count":4}},{"type":"Polygon","arcs":[[1319,-1009,-1275,-709,-56,-830]],"properties":{"count":37}},{"type":"Polygon","arcs":[[-1298,1320,1321,-1200,-1141,1322]],"properties":{"count":36}},{"type":"Polygon","arcs":[[1323,1324,-1010,-1320,-829,1325]],"properties":{"count":9}},{"type":"Polygon","arcs":[[-795,-888,1326,1327,-1288,-29]],"properties":{"count":17}},{"type":"Polygon","arcs":[[1328,-532,1329,1330,-108,-854]],"properties":{"count":29}},{"type":"Polygon","arcs":[[1331,-799,-490,1332,-1201,-1322]],"properties":{"count":109}},{"type":"Polygon","arcs":[[1333,-249,-396,-1205,1334,1335]],"properties":{"count":86}},{"type":"Polygon","arcs":[[-415,1336,1337,-347,-156,1338]],"properties":{"count":43}},{"type":"Polygon","arcs":[[1339,1340,-800,-1332,-1321,-1297]],"properties":{"count":22}},{"type":"Polygon","arcs":[[1341,-295,1342,1343,1344,1345]],"properties":{"count":10}},{"type":"Polygon","arcs":[[1346,1347,1348,1349]],"properties":{"count":3}},{"type":"Polygon","arcs":[[1350,1351,1352,-88,-269,1353]],"properties":{"count":14}},{"type":"Polygon","arcs":[[-1333,-489,1354,-1047,1355,-1202]],"properties":{"count":34}},{"type":"Polygon","arcs":[[-1032,-781,-1316,1356,1357,1358]],"properties":{"count":119}},{"type":"Polygon","arcs":[[1359,-1113,1360,1361,1362,1363]],"properties":{"count":4}},{"type":"Polygon","arcs":[[1364,-960,1365,1366,1367,1368]],"properties":{"count":16}},{"type":"Polygon","arcs":[[-158,-351,1369,1370]],"properties":{"count":2}},{"type":"Polygon","arcs":[[1371,1372,1373,-801,1374,-774]],"properties":{"count":8}},{"type":"Polygon","arcs":[[-244,1375,1376]],"properties":{"count":4}},{"type":"Polygon","arcs":[[-692,1377,-1300,1378,-68,1379]],"properties":{"count":27}},{"type":"Polygon","arcs":[[1380,-567,1381,1382,1383,-42]],"properties":{"count":10}},{"type":"Polygon","arcs":[[1384]],"properties":{"count":11}},{"type":"Polygon","arcs":[[-1107,1385,-250,-1334,1386,1387]],"properties":{"count":7}},{"type":"Polygon","arcs":[[1388,-977,1389,1390,-659,1391]],"properties":{"count":29}},{"type":"Polygon","arcs":[[1392]],"properties":{"count":2}},{"type":"Polygon","arcs":[[1393,-590,1394,-992,1395,1396]],"properties":{"count":31}},{"type":"Polygon","arcs":[[-1284,-723,-731,1397,1398,-1029]],"properties":{"count":134}},{"type":"Polygon","arcs":[[-976,1399,1400,1401,1402,-1390]],"properties":{"count":25}},{"type":"Polygon","arcs":[[1403,1404]],"properties":{"count":6}},{"type":"Polygon","arcs":[[1405,-277,1406,-238,1407]],"properties":{"count":4}},{"type":"Polygon","arcs":[[1408,1409,-675,1410,1411]],"properties":{"count":10}},{"type":"Polygon","arcs":[[1412,-1213,1413,1414,1415,1416]],"properties":{"count":7}},{"type":"Polygon","arcs":[[1417,-345,1418,-400,1419,1420]],"properties":{"count":3}},{"type":"Polygon","arcs":[[1421,-922,1422,-215]],"properties":{"count":11}},{"type":"Polygon","arcs":[[-1252,1423,-1014,1424,-612,1425]],"properties":{"count":4}},{"type":"Polygon","arcs":[[1426,-130,1427,1428]],"properties":{"count":3}},{"type":"Polygon","arcs":[[1429,1430,-1115,1431]],"properties":{"count":7}},{"type":"Polygon","arcs":[[1432,1433,1434,-1250,1435]],"properties":{"count":4}},{"type":"Polygon","arcs":[[1436,-963,-638,1437,1438,1439]],"properties":{"count":7}},{"type":"Polygon","arcs":[[-483,-522,1440]],"properties":{"count":12}},{"type":"Polygon","arcs":[[1441,1442,1443,-318,1444,1445]],"properties":{"count":2}},{"type":"Polygon","arcs":[[1446,1447,1448,-653,1449]],"properties":{"count":5}},{"type":"Polygon","arcs":[[1450,1451,1452,1453,1454]],"properties":{"count":4}},{"type":"Polygon","arcs":[[1455,-615,1456,-1063,1457,1458]],"properties":{"count":4}},{"type":"Polygon","arcs":[[1459,1460,-961,-1365,1461,-1196]],"properties":{"count":5}},{"type":"Polygon","arcs":[[1462,1463,1464,-1085]],"properties":{"count":2}},{"type":"Polygon","arcs":[[1465,1466,-37,-1240,1467]],"properties":{"count":4}},{"type":"Polygon","arcs":[[1468,1469,1470,-1153,1471,1472]],"properties":{"count":4}},{"type":"Polygon","arcs":[[-655,1473,1474,-450,1475,1476]],"properties":{"count":6}},{"type":"Polygon","arcs":[[1477,1478,1479,1480,1481,1482]],"properties":{"count":7}},{"type":"Polygon","arcs":[[1483,1484,-768,1485,-348,-1338]],"properties":{"count":8}},{"type":"Polygon","arcs":[[1486,-791,-947,1487,1488,1489]],"properties":{"count":10}},{"type":"Polygon","arcs":[[1490,1491,1492,-1244,1493,1494]],"properties":{"count":3}},{"type":"Polygon","arcs":[[-1221,1495,-72,-1031,1496,-987]],"properties":{"count":18}},{"type":"Polygon","arcs":[[-583,1497,1498,1499]],"properties":{"count":4}},{"type":"Polygon","arcs":[[1500,1501,1502,1503,1504,1505]],"properties":{"count":5}},{"type":"Polygon","arcs":[[1506,1507,-1459,1508,1509]],"properties":{"count":2}},{"type":"Polygon","arcs":[[1510,1511,-1183,1512,-413,1513]],"properties":{"count":3}},{"type":"Polygon","arcs":[[-775,-1375,-805,-948,1514,1515]],"properties":{"count":8}},{"type":"Polygon","arcs":[[1516,-1229,1517,1518,-173]],"properties":{"count":2}},{"type":"Polygon","arcs":[[1519,-185,1520,-151,-1216]],"properties":{"count":2}},{"type":"Polygon","arcs":[[-1057,1521,-1072,1522]],"properties":{"count":23}},{"type":"Polygon","arcs":[[-241,1523,1524,1525,1526,1527]],"properties":{"count":2}},{"type":"Polygon","arcs":[[1528,1529,1530,-246,-1386,-1106]],"properties":{"count":17}},{"type":"Polygon","arcs":[[1531,1532,1533,1534,1535,1536]],"properties":{"count":6}},{"type":"Polygon","arcs":[[-327,1537,1538,1539,-1060,1540]],"properties":{"count":5}},{"type":"Polygon","arcs":[[1541,-1149,-465,1542,-825,-765]],"properties":{"count":11}},{"type":"Polygon","arcs":[[1543,-1257,1544,1545,-445,-760]],"properties":{"count":9}},{"type":"Polygon","arcs":[[1546,1547,1548,1549,1550]],"properties":{"count":3}},{"type":"Polygon","arcs":[[1551,1552,1553,1554,1555,1556]],"properties":{"count":6}},{"type":"Polygon","arcs":[[-1309,1557,1558,1559,1560,1561]],"properties":{"count":10}},{"type":"Polygon","arcs":[[1562,-1387,-1336,1563,1564,-281]],"properties":{"count":8}},{"type":"Polygon","arcs":[[-1091,1565]],"properties":{"count":2}},{"type":"Polygon","arcs":[[1566,-703,-1109,1567,1568,-588]],"properties":{"count":29}},{"type":"Polygon","arcs":[[1569,-1304,1570,-530]],"properties":{"count":7}},{"type":"Polygon","arcs":[[-394,1571,1572,-1156,1573,-1206]],"properties":{"count":19}},{"type":"Polygon","arcs":[[1574,-1416,1575,1576,1577,1578]],"properties":{"count":13}},{"type":"Polygon","arcs":[[-973,1579]],"properties":{"count":3}},{"type":"Polygon","arcs":[[-1499,1580]],"properties":{"count":2}},{"type":"Polygon","arcs":[[-1449,1581,-340,1582,-1474,-654]],"properties":{"count":3}},{"type":"Polygon","arcs":[[1583,1584,1585,-837,1586,-19]],"properties":{"count":3}},{"type":"Polygon","arcs":[[1587,1588,-957,-1461,1589]],"properties":{"count":44}},{"type":"Polygon","arcs":[[1590,1591,1592,1593,-210]],"properties":{"count":4}},{"type":"Polygon","arcs":[[-988,-1497,-1034,1594,-974,-426]],"properties":{"count":76}},{"type":"Polygon","arcs":[[1595,1596,1597,1598,1599,-1180]],"properties":{"count":17}},{"type":"Polygon","arcs":[[-58,-712,-694,1600,-1219,1601]],"properties":{"count":4}},{"type":"Polygon","arcs":[[-1143,-1204,1602,1603,1604,-1313]],"properties":{"count":24}},{"type":"Polygon","arcs":[[1605,-217,1606,-1190,1607,1608]],"properties":{"count":20}},{"type":"Polygon","arcs":[[1609,1610,-267,1611]],"properties":{"count":4}},{"type":"Polygon","arcs":[[1612,1613,1614,1615,1616]],"properties":{"count":6}},{"type":"Polygon","arcs":[[-1020,1617,-914,-720,-1283,-896]],"properties":{"count":68}},{"type":"Polygon","arcs":[[-1354,-268,1618,1619]],"properties":{"count":7}},{"type":"Polygon","arcs":[[-1357,-1315,1620,1621,1622,1623]],"properties":{"count":18}},{"type":"Polygon","arcs":[[1624,1625,-1557,1626,-534,-3]],"properties":{"count":10}},{"type":"Polygon","arcs":[[-379,-1278,-32,-1268,1627,-728]],"properties":{"count":59}},{"type":"Polygon","arcs":[[-1328,1628,-1126,1629,1630,-1289]],"properties":{"count":8}},{"type":"Polygon","arcs":[[-488,1631,1632,-1285,-1048,-1355]],"properties":{"count":19}},{"type":"Polygon","arcs":[[-1564,-1335,-1208,-627,-685,1633]],"properties":{"count":30}},{"type":"Polygon","arcs":[[-294,1634,-1214,-1413,1635,-1343]],"properties":{"count":4}},{"type":"Polygon","arcs":[[1636,-1420,-405,-1119,1637,1638]],"properties":{"count":12}},{"type":"Polygon","arcs":[[-1526,1639,1640,1641,-456,1642]],"properties":{"count":4}},{"type":"Polygon","arcs":[[-1228,1643,1644,1645,1646,-1518]],"properties":{"count":2}},{"type":"Polygon","arcs":[[1647,1648,1649,-713,1650,1651]],"properties":{"count":26}},{"type":"Polygon","arcs":[[-1174,1652,1653,1654]],"properties":{"count":4}},{"type":"Polygon","arcs":[[1655,1656,1657,-1451,1658]],"properties":{"count":3}},{"type":"Polygon","arcs":[[-1207,-1574,-1160,1659,-1271,-629]],"properties":{"count":16}},{"type":"Polygon","arcs":[[1660,1661,1662,1663,-1553,1664]],"properties":{"count":7}},{"type":"Polygon","arcs":[[-1664,1665,1666,-230,1667,-1554]],"properties":{"count":21}},{"type":"Polygon","arcs":[[-729,-1628,-1270,-797,-1341,1668]],"properties":{"count":16}},{"type":"Polygon","arcs":[[1669,-416,-1339,-155,-607,1670]],"properties":{"count":23}},{"type":"Polygon","arcs":[[1671,-175,1672,-1089,1673,-672]],"properties":{"count":24}},{"type":"Polygon","arcs":[[1674,1675,1676,1677,-95,1678]],"properties":{"count":8}},{"type":"Polygon","arcs":[[1679,1680,1681,1682]],"properties":{"count":6}},{"type":"Polygon","arcs":[[-1383,1683,-1609,1684,1685,1686]],"properties":{"count":8}},{"type":"Polygon","arcs":[[-994,-283,1687,1688,1689,-578]],"properties":{"count":5}},{"type":"Polygon","arcs":[[-1513,-1182,1690,-1484,-1337,-414]],"properties":{"count":6}},{"type":"Polygon","arcs":[[1691,1692,1693,-213,1694,-565]],"properties":{"count":16}},{"type":"Polygon","arcs":[[-579,-1690,1695,-1276,-377,-913]],"properties":{"count":36}},{"type":"Polygon","arcs":[[1696,1697,-581,-912,-1618,-1019]],"properties":{"count":17}},{"type":"Polygon","arcs":[[-954,-1282,1698,-915,1699,1700]],"properties":{"count":12}},{"type":"Polygon","arcs":[[1701,-1368,1702,1703,1704,-80]],"properties":{"count":30}},{"type":"Polygon","arcs":[[-374,1705]],"properties":{"count":10}},{"type":"Polygon","arcs":[[-1488,-946,1706,1707]],"properties":{"count":3}},{"type":"Polygon","arcs":[[1708,1709]],"properties":{"count":2}},{"type":"Polygon","arcs":[[-49,1710,1711,1712,-1632,-487]],"properties":{"count":10}},{"type":"Polygon","arcs":[[-887,-1273,-146,-1123,-1629,-1327]],"properties":{"count":16}},{"type":"Polygon","arcs":[[-1281,1713,1714,1715,-916,-1699]],"properties":{"count":12}},{"type":"Polygon","arcs":[[1716,1717,1718,-883]],"properties":{"count":2}},{"type":"Polygon","arcs":[[1719,1720,1721,1722,-1533,1723]],"properties":{"count":5}},{"type":"Polygon","arcs":[[-1560,1724,1725,1726,1727,1728]],"properties":{"count":5}},{"type":"Polygon","arcs":[[1729,1730,1731,1732]],"properties":{"count":3}},{"type":"Polygon","arcs":[[1733,1734,1735,1736,1737,1738]],"properties":{"count":2}},{"type":"Polygon","arcs":[[-967,1739,1740,1741,1742]],"properties":{"count":2}},{"type":"Polygon","arcs":[[-227,-860,1743,1744]],"properties":{"count":7}},{"type":"Polygon","arcs":[[1745,-220,1746]],"properties":{"count":15}},{"type":"Polygon","arcs":[[-571,-180,1747,1748,1749]],"properties":{"count":22}},{"type":"Polygon","arcs":[[1750,1751,1752,1753,1754]],"properties":{"count":7}},{"type":"Polygon","arcs":[[1755,-1610,1756]],"properties":{"count":7}},{"type":"Polygon","arcs":[[1757,-547,1758]],"properties":{"count":7}},{"type":"Polygon","arcs":[[1759,1760,1761,-208,1762,-338]],"properties":{"count":3}},{"type":"Polygon","arcs":[[-1622,1763,1764,-1661,1765,1766]],"properties":{"count":19}},{"type":"Polygon","arcs":[[1767,-1766,-1665,-1552,-1626,1768]],"properties":{"count":47}},{"type":"Polygon","arcs":[[-1379,-1299,-1323,-1140,-778,-69]],"properties":{"count":46}},{"type":"Polygon","arcs":[[-276,1769,1770,-239,-1407]],"properties":{"count":7}},{"type":"Polygon","arcs":[[1771,1772,1773,-563,1774,1775]],"properties":{"count":4}},{"type":"Polygon","arcs":[[1776,-656,-1477,1777,1778,1779]],"properties":{"count":2}},{"type":"Polygon","arcs":[[1780,1781,1782,-13,-247,-1531]],"properties":{"count":8}},{"type":"Polygon","arcs":[[1783,1784,1785,1786]],"properties":{"count":3}},{"type":"Polygon","arcs":[[-1438,-637,-506,1787,1788,1789]],"properties":{"count":2}},{"type":"Polygon","arcs":[[1790,-1454,1791,1792,1793,-1503]],"properties":{"count":5}},{"type":"Polygon","arcs":[[1794,-776,-1516,1795,-1443,1796]],"properties":{"count":8}},{"type":"Polygon","arcs":[[1797,1798,-1392,-658,-193,-33]],"properties":{"count":36}},{"type":"Polygon","arcs":[[1799,-1527,-1643,-455,1800,-697]],"properties":{"count":8}},{"type":"Polygon","arcs":[[-541,1801,1802,-816,1803,1804]],"properties":{"count":2}},{"type":"Polygon","arcs":[[1805,1806,-256,1807,-848]],"properties":{"count":11}},{"type":"Polygon","arcs":[[-1212,1808,1809,1810,1811,-1414]],"properties":{"count":6}},{"type":"Polygon","arcs":[[1812,-1436,-1249,-1245,-1493]],"properties":{"count":3}},{"type":"Polygon","arcs":[[-1044,1813,-616,-1456,-1508,1814]],"properties":{"count":3}},{"type":"Polygon","arcs":[[-1595,-1033,-1359,1815,-1400,-975]],"properties":{"count":32}},{"type":"Polygon","arcs":[[-1030,-1399,1816,-1295,-1378,-691]],"properties":{"count":35}},{"type":"Polygon","arcs":[[-821,1817,1818]],"properties":{"count":14}},{"type":"Polygon","arcs":[[-755,1819,1820,1821,1822]],"properties":{"count":3}},{"type":"Polygon","arcs":[[1823,1824]],"properties":{"count":3}},{"type":"Polygon","arcs":[[1825,1826,-742,-905,1827,1828]],"properties":{"count":6}},{"type":"Polygon","arcs":[[1829]],"properties":{"count":3}},{"type":"Polygon","arcs":[[1830,1831]],"properties":{"count":4}},{"type":"Polygon","arcs":[[1832,1833,1834,1835]],"properties":{"count":17}},{"type":"Polygon","arcs":[[1836,1837,-600,1838,-1653,-1173]],"properties":{"count":36}},{"type":"Polygon","arcs":[[1839]],"properties":{"count":4}},{"type":"Polygon","arcs":[[-1152,1840]],"properties":{"count":8}},{"type":"Polygon","arcs":[[1841,1842,1843,1844,1845]],"properties":{"count":3}},{"type":"Polygon","arcs":[[-81,-1705,1846,1847,-700,-462]],"properties":{"count":44}},{"type":"Polygon","arcs":[[1848]],"properties":{"count":2}},{"type":"Polygon","arcs":[[-1543,-464,-704,-1567,-587,-826]],"properties":{"count":7}},{"type":"Polygon","arcs":[[1849,1850,-1829,1851,-1770,-275]],"properties":{"count":2}},{"type":"Polygon","arcs":[[-849,-1808,-261,1852,1853]],"properties":{"count":11}},{"type":"Polygon","arcs":[[1854,1855,-1258,-1544,-759,-843]],"properties":{"count":5}},{"type":"Polygon","arcs":[[-1831,1856]],"properties":{"count":21}},{"type":"Polygon","arcs":[[1857,-1040,-475,1858,-1715]],"properties":{"count":2}},{"type":"Polygon","arcs":[[-1824,1859]],"properties":{"count":14}},{"type":"Polygon","arcs":[[-1347,1860]],"properties":{"count":6}},{"type":"Polygon","arcs":[[1861,-944,-789]],"properties":{"count":4}},{"type":"Polygon","arcs":[[1862,1863,-1473,1864,1865]],"properties":{"count":6}},{"type":"Polygon","arcs":[[-190,1866,1867,-1052,1868,1869]],"properties":{"count":12}},{"type":"Polygon","arcs":[[-819,1870,-1440,1871,-1080,-332]],"properties":{"count":11}},{"type":"Polygon","arcs":[[1872,-448,1873,1874,1875,-503]],"properties":{"count":3}},{"type":"Polygon","arcs":[[-1788,-505,1876,-772,1877,1878]],"properties":{"count":9}},{"type":"Polygon","arcs":[[-494,1879,-6,-717,-359,-865]],"properties":{"count":8}},{"type":"Polygon","arcs":[[1880,1881,1882,1883,-231,-1667]],"properties":{"count":7}},{"type":"Polygon","arcs":[[1884,-1050,-12,-952,1885,1886]],"properties":{"count":5}},{"type":"Polygon","arcs":[[-59,-1602,-1218,1887]],"properties":{"count":7}},{"type":"Polygon","arcs":[[-504,-1876,1888,-1372,-773,-1877]],"properties":{"count":45}},{"type":"Polygon","arcs":[[1889,-1780,1890,-1773,1891]],"properties":{"count":4}},{"type":"Polygon","arcs":[[-1704,1892,1893,1894,1895,-1847]],"properties":{"count":4}},{"type":"Polygon","arcs":[[-164,-933,-443,1896,1897,1898]],"properties":{"count":9}},{"type":"Polygon","arcs":[[-1778,-1476,-454,1899,-1693,1900]],"properties":{"count":3}},{"type":"Polygon","arcs":[[-1886,-956,1901,1902,1903]],"properties":{"count":12}},{"type":"Polygon","arcs":[[1904,-1866,1905,-1588,1906]],"properties":{"count":7}},{"type":"Polygon","arcs":[[1907,-1242,1908,-787,1909,1910]],"properties":{"count":5}},{"type":"Polygon","arcs":[[-1181,-1600,1911,-763,-1485,-1691]],"properties":{"count":11}},{"type":"Polygon","arcs":[[1912,-1789,-1879,1913,1914,1915]],"properties":{"count":3}},{"type":"Polygon","arcs":[[-1287,-850,-1854,1916,-1279,-9]],"properties":{"count":28}},{"type":"Polygon","arcs":[[1917,-1310,-1562,1918,1919,-1065]],"properties":{"count":4}},{"type":"Polygon","arcs":[[-1658,1920,-1514,-412,1921,-1452]],"properties":{"count":9}},{"type":"Polygon","arcs":[[-935,-117,1922,-297,1923,1924]],"properties":{"count":12}},{"type":"Polygon","arcs":[[-200,1925,1926,1927]],"properties":{"count":2}},{"type":"Polygon","arcs":[[1928,1929,1930,-1680,1931,1932]],"properties":{"count":8}},{"type":"Polygon","arcs":[[-566,-1695,-218,-1606,-1684,-1382]],"properties":{"count":3}},{"type":"Polygon","arcs":[[-1884,1933,-871,-934,1934,-232]],"properties":{"count":12}},{"type":"Polygon","arcs":[[1935,1936,1937,1938]],"properties":{"count":2}},{"type":"Polygon","arcs":[[1939,1940]],"properties":{"count":2}},{"type":"Polygon","arcs":[[-233,-1935,-937,1941,1942,-1255]],"properties":{"count":4}},{"type":"Polygon","arcs":[[1943,1944]],"properties":{"count":3}},{"type":"Polygon","arcs":[[-1872,-1439,-1790,-1913,1945,-1081]],"properties":{"count":8}},{"type":"Polygon","arcs":[[-561,1946,-931,1947]],"properties":{"count":4}},{"type":"Polygon","arcs":[[1948,-1396,-995,-576,-1698,1949]],"properties":{"count":5}},{"type":"Polygon","arcs":[[1950,1951,-1093,1952]],"properties":{"count":5}},{"type":"Polygon","arcs":[[1953,-1775,-568,-1381,-41,1954]],"properties":{"count":13}},{"type":"Polygon","arcs":[[1955,1956,-1409,1957,1958]],"properties":{"count":19}},{"type":"Polygon","arcs":[[1959,1960]],"properties":{"count":4}},{"type":"Polygon","arcs":[[1961,1962,-1397,-1949,1963]],"properties":{"count":6}},{"type":"Polygon","arcs":[[-1875,1964,-1639,1965,-1373,-1889]],"properties":{"count":18}},{"type":"Polygon","arcs":[[-878,-65,1966,-872,1967]],"properties":{"count":5}},{"type":"Polygon","arcs":[[1968,-1818,-824,1969,-1644,-1227]],"properties":{"count":4}},{"type":"Polygon","arcs":[[-1505,1970,-1022,1971]],"properties":{"count":3}},{"type":"Polygon","arcs":[[1972,1973,1974,1975,1976,-1722]],"properties":{"count":6}},{"type":"Polygon","arcs":[[-403,-1186,-646,1977,-309,-1120]],"properties":{"count":5}},{"type":"Polygon","arcs":[[1978,-1121,-313,1979,-126,-803]],"properties":{"count":2}},{"type":"Polygon","arcs":[[1980,-559,1981]],"properties":{"count":10}},{"type":"Polygon","arcs":[[-1193,1982,1983,1984,1985]],"properties":{"count":2}},{"type":"Polygon","arcs":[[1986,-1429,1987,1988,-739]],"properties":{"count":6}},{"type":"Polygon","arcs":[[1989,1990,1991,1992,1993]],"properties":{"count":4}},{"type":"Polygon","arcs":[[1994,-86,1995,1996,-1725,-1559]],"properties":{"count":5}},{"type":"Polygon","arcs":[[-321,1997,1998,1999,2000]],"properties":{"count":5}},{"type":"Polygon","arcs":[[-409,2001,2002,2003,2004,2005]],"properties":{"count":10}},{"type":"Polygon","arcs":[[2006]],"properties":{"count":8}},{"type":"Polygon","arcs":[[-25,2007,2008,2009]],"properties":{"count":10}},{"type":"Polygon","arcs":[[-1897,-442,2010,-996,2011,2012]],"properties":{"count":5}},{"type":"Polygon","arcs":[[-243,-191,-1870,2013,-1376]],"properties":{"count":7}},{"type":"Polygon","arcs":[[2014,2015,2016,2017,-1538,-326]],"properties":{"count":2}},{"type":"Polygon","arcs":[[-620,2018,2019,2020,2021,-468]],"properties":{"count":3}},{"type":"Polygon","arcs":[[-104,2022,2023]],"properties":{"count":2}},{"type":"Polygon","arcs":[[2024,2025,-1077,2026,-838,-1586]],"properties":{"count":7}},{"type":"Polygon","arcs":[[2027,2028,-695,2029,2030]],"properties":{"count":3}},{"type":"Polygon","arcs":[[-1082,-1946,-1916,2031,2032]],"properties":{"count":5}},{"type":"Polygon","arcs":[[-110,2033,-1776,-1954,2034,2035]],"properties":{"count":9}},{"type":"Polygon","arcs":[[-458,2036,2037,2038,-573]],"properties":{"count":4}},{"type":"Polygon","arcs":[[2039,-542,-1805,2040,2041,2042]],"properties":{"count":6}},{"type":"Polygon","arcs":[[2043,-1738,2044,-1469,-1864,2045]],"properties":{"count":7}},{"type":"Polygon","arcs":[[2046,-1845,2047,2048,-1735,2049]],"properties":{"count":4}},{"type":"Polygon","arcs":[[-1003,2050,-748,-1259,2051,2052]],"properties":{"count":4}},{"type":"Polygon","arcs":[[2053,2054,-1755,2055,2056,-63]],"properties":{"count":5}},{"type":"Polygon","arcs":[[-1197,-1462,-1369,-1702,-79,-1223]],"properties":{"count":6}},{"type":"Polygon","arcs":[[2057,-942,-1177,-22,2058,-1641]],"properties":{"count":3}},{"type":"Polygon","arcs":[[2059,2060,2061,2062,-734]],"properties":{"count":3}},{"type":"Polygon","arcs":[[-1415,-1812,2063,-528,2064,-1576]],"properties":{"count":13}},{"type":"Polygon","arcs":[[2065,-812,-964,-1437,-1871,-818]],"properties":{"count":5}},{"type":"Polygon","arcs":[[2066,-736,2067,-1809,-1211]],"properties":{"count":2}},{"type":"Polygon","arcs":[[-1741,2068,-1164,2069]],"properties":{"count":9}},{"type":"Polygon","arcs":[[-1317,2070,2071]],"properties":{"count":6}},{"type":"Polygon","arcs":[[-1236,2072,-585,2073,-1592,2074]],"properties":{"count":9}},{"type":"Polygon","arcs":[[-222,2075,-1951,2076]],"properties":{"count":10}},{"type":"Polygon","arcs":[[-1075,2077,-2046,-1863,-1905,2078]],"properties":{"count":6}},{"type":"Polygon","arcs":[[2079,2080,2081,-1850,-274,2082]],"properties":{"count":2}},{"type":"Polygon","arcs":[[2083,-1117,2084,2085]],"properties":{"count":10}},{"type":"Polygon","arcs":[[-259,2086,-2031,2087,-1037,2088]],"properties":{"count":12}},{"type":"Polygon","arcs":[[2089,-1993,2090,-1447,2091,-1302]],"properties":{"count":3}},{"type":"Polygon","arcs":[[2092,-271,2093,2094]],"properties":{"count":5}},{"type":"Polygon","arcs":[[-1646,2095]],"properties":{"count":9}},{"type":"Polygon","arcs":[[-1793,2096,-1671,-606,2097,2098]],"properties":{"count":8}},{"type":"Polygon","arcs":[[2099,2100]],"properties":{"count":2}},{"type":"Polygon","arcs":[[2101,2102]],"properties":{"count":8}},{"type":"Polygon","arcs":[[2103,-1787,2104,2105,2106]],"properties":{"count":3}},{"type":"Polygon","arcs":[[2107,2108,-1324,2109]],"properties":{"count":6}},{"type":"Polygon","arcs":[[-1550,2110,2111,-102,2112]],"properties":{"count":5}},{"type":"Polygon","arcs":[[-1709,2113]],"properties":{"count":2}},{"type":"Polygon","arcs":[[2114,2115,2116,2117,2118]],"properties":{"count":5}},{"type":"Polygon","arcs":[[2119,2120,-1752]],"properties":{"count":4}},{"type":"Polygon","arcs":[[2121,-1170,2122,2123]],"properties":{"count":3}},{"type":"Polygon","arcs":[[2124,2125]],"properties":{"count":4}},{"type":"Polygon","arcs":[[2126]],"properties":{"count":7}},{"type":"Polygon","arcs":[[2127]],"properties":{"count":2}},{"type":"Polygon","arcs":[[2128,-1482,2129,2130,-2002,-408]],"properties":{"count":9}},{"type":"Polygon","arcs":[[2131]],"properties":{"count":8}},{"type":"Polygon","arcs":[[2132,-383,2133]],"properties":{"count":3}},{"type":"Polygon","arcs":[[-2131,2134,-2083,-273,2135,-2003]],"properties":{"count":10}},{"type":"Polygon","arcs":[[-949,-128,2136,-1675,2137,2138]],"properties":{"count":3}},{"type":"Polygon","arcs":[[-1293,2139,-471,2140]],"properties":{"count":5}},{"type":"Polygon","arcs":[[-20,-1587,-841,2141,2142]],"properties":{"count":7}},{"type":"Polygon","arcs":[[-1848,-1896,2143,-1529,-1105,-701]],"properties":{"count":3}},{"type":"Polygon","arcs":[[-1932,-1683,2144]],"properties":{"count":4}},{"type":"Polygon","arcs":[[2145,2146,2147,2148,-1111]],"properties":{"count":10}},{"type":"Polygon","arcs":[[-651,2149,2150]],"properties":{"count":3}},{"type":"Polygon","arcs":[[-1364,2151]],"properties":{"count":3}},{"type":"Polygon","arcs":[[-2018,2152,2153,-202,2154,-1539]],"properties":{"count":2}},{"type":"Polygon","arcs":[[2155,-1266,2156,-1434]],"properties":{"count":3}},{"type":"Polygon","arcs":[[-891,2157,-737,-2067,-1210,2158]],"properties":{"count":4}},{"type":"Polygon","arcs":[[-1685,-1608,-1195,2159,2160,2161]],"properties":{"count":9}},{"type":"Polygon","arcs":[[2162]],"properties":{"count":2}},{"type":"Polygon","arcs":[[2163,-827,-591,-1394,-1963,2164]],"properties":{"count":4}},{"type":"Polygon","arcs":[[2165,2166,2167,2168]],"properties":{"count":4}},{"type":"Polygon","arcs":[[-1425,-1013,2169,-1306,2170,-613]],"properties":{"count":8}},{"type":"Polygon","arcs":[[-1453,-1922,-417,-1670,-2097,-1792]],"properties":{"count":2}},{"type":"Polygon","arcs":[[-311,2171,2172,-1131,2173]],"properties":{"count":14}},{"type":"Polygon","arcs":[[-2160,-1194,-1986,2174,2175,2176]],"properties":{"count":2}},{"type":"Polygon","arcs":[[2177,2178]],"properties":{"count":2}},{"type":"Polygon","arcs":[[-2032,-1915,2179,2180,2181,2182]],"properties":{"count":4}},{"type":"Polygon","arcs":[[2183,2184]],"properties":{"count":2}},{"type":"Polygon","arcs":[[2185,-1071,2186,2187,2188]],"properties":{"count":3}},{"type":"Polygon","arcs":[[-902,2189,2190,2191,2192,-1069]],"properties":{"count":5}},{"type":"Polygon","arcs":[[-1836,2193]],"properties":{"count":3}},{"type":"Polygon","arcs":[[-1723,-1977,2194,2195,-1534]],"properties":{"count":5}},{"type":"Polygon","arcs":[[-2107,2196,-514,2197]],"properties":{"count":5}},{"type":"Polygon","arcs":[[-1012,2198,2199,2200,-1307,-2170]],"properties":{"count":4}},{"type":"Polygon","arcs":[[2201,2202,2203,-1511,-1921,-1657]],"properties":{"count":4}},{"type":"Polygon","arcs":[[-1727,2204,2205,-1596,-1179,2206]],"properties":{"count":6}},{"type":"Polygon","arcs":[[-911,-866,-363,2207,-1802,-540]],"properties":{"count":5}},{"type":"Polygon","arcs":[[-1615,2208,-677,2209]],"properties":{"count":3}},{"type":"Polygon","arcs":[[-1046,2210]],"properties":{"count":2}},{"type":"Polygon","arcs":[[-807,2211,-708,2212,2213,2214]],"properties":{"count":10}},{"type":"Polygon","arcs":[[2215,-929,2216]],"properties":{"count":2}},{"type":"Polygon","arcs":[[-1256,-1943,2217,-341,2218,-1545]],"properties":{"count":5}},{"type":"Polygon","arcs":[[2219,-1345,2220,2221,2222,-1894]],"properties":{"count":3}},{"type":"Polygon","arcs":[[-650,2223,-2150]],"properties":{"count":2}},{"type":"Polygon","arcs":[[2224,2225,2226,-1349]],"properties":{"count":6}},{"type":"Polygon","arcs":[[-2178,2227,2228,2229,-1834,2230]],"properties":{"count":17}},{"type":"Polygon","arcs":[[2231]],"properties":{"count":16}},{"type":"Polygon","arcs":[[-1066,-1920,2232,-2202,-1656,2233]],"properties":{"count":3}},{"type":"Polygon","arcs":[[-1504,-1794,-2099,2234,-1023,-1971]],"properties":{"count":3}},{"type":"Polygon","arcs":[[-2213,-707,2235,-569,2236,2237]],"properties":{"count":4}},{"type":"Polygon","arcs":[[-1015,2238]],"properties":{"count":3}},{"type":"Polygon","arcs":[[-2105,-1786,2239,2240,2241]],"properties":{"count":4}},{"type":"Polygon","arcs":[[-1689,2242,-688,-793,-1277,-1696]],"properties":{"count":10}},{"type":"Polygon","arcs":[[-2181,2243,-1797,-1442,2244,2245]],"properties":{"count":3}},{"type":"Polygon","arcs":[[2246,-892,-2159,-1209,-1635,-293]],"properties":{"count":5}},{"type":"Polygon","arcs":[[-614,-2171,-1311,-1918,-1064,-1457]],"properties":{"count":3}},{"type":"Polygon","arcs":[[-598,2247,-1128,2248]],"properties":{"count":2}},{"type":"Polygon","arcs":[[-344,2249,-368,-1184,-401,-1419]],"properties":{"count":2}},{"type":"Polygon","arcs":[[-1112,-2149,2250,2251,2252,-1361]],"properties":{"count":18}},{"type":"Polygon","arcs":[[-1942,-936,-1925,2253,-342,-2218]],"properties":{"count":3}},{"type":"Polygon","arcs":[[-211,-1594,2254,2255,-2116,2256]],"properties":{"count":4}},{"type":"Polygon","arcs":[[2257,-1495,2258]],"properties":{"count":3}},{"type":"Polygon","arcs":[[-43,-1384,-1687,2259,-1479,2260]],"properties":{"count":4}},{"type":"Polygon","arcs":[[2261,2262,-1225,2263,-1135]],"properties":{"count":12}},{"type":"Polygon","arcs":[[2264]],"properties":{"count":2}},{"type":"Polygon","arcs":[[-589,-1569,2265,-279,-993,-1395]],"properties":{"count":5}},{"type":"Polygon","arcs":[[-140,2266,2267,2268]],"properties":{"count":6}},{"type":"Polygon","arcs":[[-1895,-2223,2269,-1781,-1530,-2144]],"properties":{"count":6}},{"type":"Polygon","arcs":[[2270,2271,-1103,2272,-1053,-1868]],"properties":{"count":2}},{"type":"Polygon","arcs":[[-236,2273]],"properties":{"count":2}},{"type":"Polygon","arcs":[[-16,-855,-112,2274,-1572,-393]],"properties":{"count":5}},{"type":"Polygon","arcs":[[-2086,2275,-2166,2276]],"properties":{"count":5}},{"type":"Polygon","arcs":[[-664,2277,-1483,-2129,-407,2278]],"properties":{"count":3}},{"type":"Polygon","arcs":[[2279,-1231]],"properties":{"count":3}},{"type":"Polygon","arcs":[[2280,2281,2282,-1006,-1325,-2109]],"properties":{"count":7}},{"type":"Polygon","arcs":[[-2004,-2136,-278,-1406,2283,2284]],"properties":{"count":5}},{"type":"Polygon","arcs":[[2285,2286,2287,-1000,2288,-299]],"properties":{"count":4}},{"type":"Polygon","arcs":[[-169,2289,-166,2290,2291,-115]],"properties":{"count":4}},{"type":"Polygon","arcs":[[2292,-1262,2293,2294,2295,-2020]],"properties":{"count":15}},{"type":"Polygon","arcs":[[2296,-1903,2297,-1881,-1666,-1663]],"properties":{"count":5}},{"type":"Polygon","arcs":[[-1577,-2065,-533,-1329,-853,2298]],"properties":{"count":12}},{"type":"Polygon","arcs":[[-1811,2299,-1305,-1570,-529,-2064]],"properties":{"count":5}},{"type":"Polygon","arcs":[[2300,2301,2302,-2016,2303]],"properties":{"count":3}},{"type":"Polygon","arcs":[[-2267,-139,2304,2305]],"properties":{"count":5}},{"type":"Polygon","arcs":[[2306,-423,2307,-1078,2308,2309]],"properties":{"count":2}},{"type":"Polygon","arcs":[[2310,-98,-969,2311,2312,-1731]],"properties":{"count":6}},{"type":"Polygon","arcs":[[2313,2314,2315]],"properties":{"count":2}},{"type":"Polygon","arcs":[[2316,2317,-1652,2318,-2302,2319]],"properties":{"count":4}},{"type":"Polygon","arcs":[[2320,2321,-1597,-2206]],"properties":{"count":12}},{"type":"Polygon","arcs":[[2322,-196,2323,-909,-89,-1353]],"properties":{"count":10}},{"type":"Polygon","arcs":[[-1166,-885,2324]],"properties":{"count":2}},{"type":"Polygon","arcs":[[-1839,-599,-2249,-1127,2325,-1654]],"properties":{"count":5}},{"type":"Polygon","arcs":[[2326]],"properties":{"count":2}},{"type":"Polygon","arcs":[[-2133,2327,2328,2329,2330,-384]],"properties":{"count":9}},{"type":"Polygon","arcs":[[-2184,2331]],"properties":{"count":3}},{"type":"Polygon","arcs":[[-282,-1565,-1634,-684,-2243,-1688]],"properties":{"count":12}},{"type":"Polygon","arcs":[[2332,-2028,-2087,-258]],"properties":{"count":5}},{"type":"Polygon","arcs":[[-1816,-1358,-1624,2333,2334,-1401]],"properties":{"count":3}},{"type":"Polygon","arcs":[[2335,-2005,-2285,2336]],"properties":{"count":4}},{"type":"Polygon","arcs":[[2337]],"properties":{"count":2}},{"type":"Polygon","arcs":[[-1445,-323,2338]],"properties":{"count":2}},{"type":"Polygon","arcs":[[-2330,2339,2340,-2060,-733,2341]],"properties":{"count":3}},{"type":"Polygon","arcs":[[-2260,-1686,-2162,2342,2343,-1480]],"properties":{"count":7}},{"type":"Polygon","arcs":[[2344]],"properties":{"count":2}},{"type":"Polygon","arcs":[[2345,-943,-2058,-1640,-1525]],"properties":{"count":3}},{"type":"Polygon","arcs":[[2346,2347,2348,-1983,-1192]],"properties":{"count":3}},{"type":"Polygon","arcs":[[-1535,-2196,2349,-1466,2350,2351]],"properties":{"count":2}},{"type":"Polygon","arcs":[[-835,2352,2353,-1760,-337,2354]],"properties":{"count":3}},{"type":"Polygon","arcs":[[-1753,-2121,2355,-856,-225,2356]],"properties":{"count":3}},{"type":"Polygon","arcs":[[2357,2358,2359,-61,-877,-1188]],"properties":{"count":5}},{"type":"Polygon","arcs":[[2360,2361,-548,-1758,2362,-1843]],"properties":{"count":5}},{"type":"Polygon","arcs":[[2363,2364]],"properties":{"count":2}},{"type":"Polygon","arcs":[[-1314,-1605,2365,-1764,-1621]],"properties":{"count":5}},{"type":"Polygon","arcs":[[-706,-391,2366,-177,-570,-2236]],"properties":{"count":3}},{"type":"Polygon","arcs":[[2367,-679,2368,-2340,-2329]],"properties":{"count":3}},{"type":"Polygon","arcs":[[2369,-2176,2370,-1826,-1851,-2082]],"properties":{"count":4}},{"type":"Polygon","arcs":[[2371,-1617,2372]],"properties":{"count":2}},{"type":"Polygon","arcs":[[-682,-410,-2006,-2336,2373]],"properties":{"count":6}},{"type":"Polygon","arcs":[[2374,-2119,2375,-920]],"properties":{"count":2}},{"type":"Polygon","arcs":[[2376,-1238,2377,-1761,-2354]],"properties":{"count":3}},{"type":"Polygon","arcs":[[-2214,-2238,2378,-596,2379]],"properties":{"count":3}},{"type":"Polygon","arcs":[[-2365,2380,-1960,2381]],"properties":{"count":3}},{"type":"Polygon","arcs":[[2382,-809,2383,-1097,-121]],"properties":{"count":3}},{"type":"Polygon","arcs":[[-2049,2384,2385,-1736]],"properties":{"count":3}},{"type":"Polygon","arcs":[[-356,2386,-176,-1672,-671,2387]],"properties":{"count":2}},{"type":"Polygon","arcs":[[2388]],"properties":{"count":2}},{"type":"Polygon","arcs":[[-441,2389,-324,-997,-2011]],"properties":{"count":10}},{"type":"Polygon","arcs":[[-1398,-730,-1669,-1340,-1296,-1817]],"properties":{"count":7}},{"type":"Polygon","arcs":[[2390,2391,-1769,-1625,-2,2392]],"properties":{"count":4}},{"type":"Polygon","arcs":[[2393,2394,-601,2395,2396]],"properties":{"count":2}},{"type":"Polygon","arcs":[[-1203,-1356,-1051,-1885,2397,-1603]],"properties":{"count":4}},{"type":"Polygon","arcs":[[2398,-2396,-605,-262,-1611,-1756]],"properties":{"count":4}},{"type":"Polygon","arcs":[[-1481,-2344,2399,-2080,-2135,-2130]],"properties":{"count":3}},{"type":"Polygon","arcs":[[-1568,-1108,-1388,-1563,-280,-2266]],"properties":{"count":2}},{"type":"Polygon","arcs":[[2400,-1940,2401,-1501,2402,-1975]],"properties":{"count":3}},{"type":"Polygon","arcs":[[-1785,2403,-2240]],"properties":{"count":3}},{"type":"Polygon","arcs":[[2404,2405,-2358,-1187,-603]],"properties":{"count":2}},{"type":"Polygon","arcs":[[-1821,2406,2407,-2282,2408]],"properties":{"count":3}},{"type":"Polygon","arcs":[[2409,-147,2410]],"properties":{"count":2}},{"type":"Polygon","arcs":[[-1627,-1556,2411,-1855,-842,-535]],"properties":{"count":3}},{"type":"Polygon","arcs":[[-1290,-1631,2412,2413,-1711,-48]],"properties":{"count":13}},{"type":"Polygon","arcs":[[-1796,-1515,-951,2414,-319,-1444]],"properties":{"count":6}},{"type":"Polygon","arcs":[[-1025,2415,-757,2416,2417]],"properties":{"count":2}},{"type":"Polygon","arcs":[[-436,2418,-2394,2419]],"properties":{"count":4}},{"type":"Polygon","arcs":[[2420,-1510,2421,-2315,2422]],"properties":{"count":2}},{"type":"Polygon","arcs":[[-998,-328,-1541,-1059,2423,-745]],"properties":{"count":5}},{"type":"Polygon","arcs":[[-593,-1099,2424,-1837,-1172,-419]],"properties":{"count":3}},{"type":"Polygon","arcs":[[2425,2426]],"properties":{"count":4}},{"type":"Polygon","arcs":[[2427,-2009,2428,-1649,2429]],"properties":{"count":2}},{"type":"Polygon","arcs":[[2430,2431,2432,-1548,2433]],"properties":{"count":4}},{"type":"Polygon","arcs":[[-2042,2434,-507,2435]],"properties":{"count":3}},{"type":"Polygon","arcs":[[-105,-2024,2436]],"properties":{"count":4}},{"type":"Polygon","arcs":[[-1402,-2335,2437,-2391,2438,2439]],"properties":{"count":5}},{"type":"Polygon","arcs":[[2440,-1747,-219,2441,-137]],"properties":{"count":4}},{"type":"Polygon","arcs":[[-1619,-272,-2093,2442]],"properties":{"count":2}},{"type":"Polygon","arcs":[[2443,2444]],"properties":{"count":2}},{"type":"Polygon","arcs":[[-1362,-2253,2445]],"properties":{"count":2}},{"type":"Polygon","arcs":[[2446,-1898,-2013,2447,-1001,-2288]],"properties":{"count":3}},{"type":"Polygon","arcs":[[2448,-1088,2449,-2359,-2406]],"properties":{"count":2}},{"type":"Polygon","arcs":[[-2414,2450,2451,2452,-1712]],"properties":{"count":2}},{"type":"Polygon","arcs":[[2453,-669,2454,-1944]],"properties":{"count":2}},{"type":"Polygon","arcs":[[-2000,2455,-99,-2311,-1730,2456]],"properties":{"count":11}},{"type":"Polygon","arcs":[[-2197,-2106,-2242,2457,-515]],"properties":{"count":4}},{"type":"Polygon","arcs":[[2458,-1318,-2072,2459,-1991,2460]],"properties":{"count":2}},{"type":"Polygon","arcs":[[-1464,2461]],"properties":{"count":2}},{"type":"Polygon","arcs":[[-35,-197,-2323,-1352,2462]],"properties":{"count":2}},{"type":"Polygon","arcs":[[-116,-2292,2463,-2286,-298,-1923]],"properties":{"count":6}},{"type":"Polygon","arcs":[[-2452,2464,-1806,-847,2465]],"properties":{"count":2}},{"type":"Polygon","arcs":[[-959,2466,-296,-1342,2467,-1366]],"properties":{"count":2}},{"type":"Polygon","arcs":[[-2021,-2296,2468,-2262,-1134,2469]],"properties":{"count":3}},{"type":"Polygon","arcs":[[-433,-786,2470]],"properties":{"count":5}},{"type":"Polygon","arcs":[[-2408,2471,-1021,-894,-1007,-2283]],"properties":{"count":4}},{"type":"Polygon","arcs":[[-428,-978,-1389,-1799,2472]],"properties":{"count":4}},{"type":"Polygon","arcs":[[-2102,2473]],"properties":{"count":6}},{"type":"Polygon","arcs":[[-1660,-1159,-255,-662,-142,-1272]],"properties":{"count":4}},{"type":"Polygon","arcs":[[-1742,-2070,-1163,2474]],"properties":{"count":4}},{"type":"Polygon","arcs":[[-2417,-756,-1823,2475,2476]],"properties":{"count":4}},{"type":"Polygon","arcs":[[-1732,-2313,2477]],"properties":{"count":3}},{"type":"Polygon","arcs":[[-1599,2478,-1150,-1542,-764,-1912]],"properties":{"count":5}},{"type":"Polygon","arcs":[[2479,-1728,-2207,-1178,-1512,-2204]],"properties":{"count":6}},{"type":"Polygon","arcs":[[-2410,2480,-148]],"properties":{"count":2}},{"type":"Polygon","arcs":[[2481,-518,-1264,2482,-2226]],"properties":{"count":2}},{"type":"Polygon","arcs":[[2483,-626,-1168,2484,2485]],"properties":{"count":3}},{"type":"Polygon","arcs":[[-746,-2424,-1062,-523,2486,-1260]],"properties":{"count":7}},{"type":"Polygon","arcs":[[-253,-44,-2261,-1478,-2278,-663]],"properties":{"count":5}},{"type":"Polygon","arcs":[[2487,-641,2488,-84,2489,-2200]],"properties":{"count":3}},{"type":"Polygon","arcs":[[-1938,2490]],"properties":{"count":2}},{"type":"Polygon","arcs":[[2491,2492,-198,2493,2494]],"properties":{"count":2}},{"type":"Polygon","arcs":[[-366,2495,2496,-617,-644,-1185]],"properties":{"count":3}},{"type":"Polygon","arcs":[[-1489,-1708,2497]],"properties":{"count":4}},{"type":"Polygon","arcs":[[2498,2499]],"properties":{"count":2}},{"type":"Polygon","arcs":[[2500,-1681,-1931]],"properties":{"count":4}},{"type":"Polygon","arcs":[[2501,-1004,-2053,2502,-618,-2497]],"properties":{"count":2}},{"type":"Polygon","arcs":[[-270,-92,-543,-2040,2503,-2094]],"properties":{"count":6}},{"type":"Polygon","arcs":[[-2450,-1087,2504,-2054,-62,-2360]],"properties":{"count":2}},{"type":"Polygon","arcs":[[-144,-665,-2279,-406,-681,-1124]],"properties":{"count":3}},{"type":"Polygon","arcs":[[-1724,-1532,2505]],"properties":{"count":3}},{"type":"Polygon","arcs":[[2506]],"properties":{"count":2}},{"type":"Polygon","arcs":[[-1737,-2386,2507,-1470,-2045]],"properties":{"count":3}},{"type":"Polygon","arcs":[[-179,2508,-2431,2509,-1748]],"properties":{"count":4}},{"type":"Polygon","arcs":[[2510,-1956,2511,-1677]],"properties":{"count":3}},{"type":"Polygon","arcs":[[-2038,2512,-2430,-1648,-2318,2513]],"properties":{"count":6}},{"type":"Polygon","arcs":[[-1981,2514,-2217,-928,-1947,-560]],"properties":{"count":2}},{"type":"Polygon","arcs":[[-1910,-792,-1487,2515]],"properties":{"count":3}},{"type":"Polygon","arcs":[[-1919,-1561,-1729,-2480,-2203,-2233]],"properties":{"count":2}},{"type":"Polygon","arcs":[[-447,2516,-1421,-1637,-1965,-1874]],"properties":{"count":3}},{"type":"Polygon","arcs":[[-2275,-111,-2036,2517,-1157,-1573]],"properties":{"count":6}},{"type":"Polygon","arcs":[[-473,2518,-438,2519,-784,2520]],"properties":{"count":3}},{"type":"Polygon","arcs":[[-2168,2521,-1101,2522]],"properties":{"count":2}},{"type":"Polygon","arcs":[[-2361,-1842,2523]],"properties":{"count":2}},{"type":"Polygon","arcs":[[-1095,-290,-512,2524,-188,2525]],"properties":{"count":2}},{"type":"Polygon","arcs":[[-740,-1989,2526,2527,-906]],"properties":{"count":2}},{"type":"Polygon","arcs":[[-2208,-362,-813,-2066,-817,-1803]],"properties":{"count":2}},{"type":"Polygon","arcs":[[-1331,2528,-1892,-1772,-2034,-109]],"properties":{"count":2}},{"type":"Polygon","arcs":[[2529]],"properties":{"count":2}},{"type":"Polygon","arcs":[[-350,2530,-2165,-1962,2531,-1370]],"properties":{"count":2}},{"type":"Polygon","arcs":[[-2222,2532,-1579,2533,-1782,-2270]],"properties":{"count":7}},{"type":"Polygon","arcs":[[2534,-1243,-1908,2535]],"properties":{"count":4}},{"type":"Polygon","arcs":[[-2433,2536,-2111,-1549]],"properties":{"count":2}},{"type":"Polygon","arcs":[[-1536,-2352,2537,2538]],"properties":{"count":2}},{"type":"Polygon","arcs":[[-2485,-1171,-2122,2539,2540]],"properties":{"count":3}},{"type":"Polygon","arcs":[[-1613,-2372,2541]],"properties":{"count":2}},{"type":"Polygon","arcs":[[-1749,-2510,-2434,-1547,2542]],"properties":{"count":3}},{"type":"Polygon","arcs":[[2543,-2190,-901]],"properties":{"count":2}},{"type":"Polygon","arcs":[[2544,-2100,2545,-1718]],"properties":{"count":2}},{"type":"Polygon","arcs":[[2546,-553,-814,-203,-2154]],"properties":{"count":2}},{"type":"Polygon","arcs":[[-2518,-2035,-1955,-40,-252,-1158]],"properties":{"count":2}},{"type":"Polygon","arcs":[[-971,2547,-1491,-2258,2548]],"properties":{"count":4}},{"type":"Polygon","arcs":[[-2256,2549,-2117]],"properties":{"count":4}},{"type":"Polygon","arcs":[[-1136,-2264,-1230,-1517,-172,2550]],"properties":{"count":3}},{"type":"Polygon","arcs":[[-2192,2551,-2050,-1734,2552]],"properties":{"count":4}},{"type":"Polygon","arcs":[[-1902,-955,-1701,2553,-1882,-2298]],"properties":{"count":3}},{"type":"Polygon","arcs":[[-1966,-1638,-1122,-1979,-802,-1374]],"properties":{"count":2}},{"type":"Polygon","arcs":[[-2448,-2012,-999,-743,-2051,-1002]],"properties":{"count":2}},{"type":"Polygon","arcs":[[-2525,-511,2554,-2271,-1867,-189]],"properties":{"count":2}},{"type":"Polygon","arcs":[[2555,2556,-555,-649,-833]],"properties":{"count":2}},{"type":"Polygon","arcs":[[-751,-981,2557]],"properties":{"count":2}},{"type":"Polygon","arcs":[[2558,-2492,2559,-2147]],"properties":{"count":2}},{"type":"Polygon","arcs":[[-667,2560,-622,-2484,2561]],"properties":{"count":3}},{"type":"Polygon","arcs":[[-2349,2562,2563,-1984]],"properties":{"count":5}},{"type":"Polygon","arcs":[[2564]],"properties":{"count":2}},{"type":"Polygon","arcs":[[-1430,2565]],"properties":{"count":2}},{"type":"Polygon","arcs":[[-2476,-1822,-2409,-2281,-2108,2566]],"properties":{"count":3}},{"type":"Polygon","arcs":[[-265,-1189,-880,2567,-389,2568]],"properties":{"count":2}},{"type":"Polygon","arcs":[[-1978,-645,-470,2569,-2172,-310]],"properties":{"count":2}},{"type":"Polygon","arcs":[[2570,-2138,-1679,-94,-2456,-1999]],"properties":{"count":2}},{"type":"Polygon","arcs":[[-1927,2571,-2444,2572]],"properties":{"count":4}},{"type":"Polygon","arcs":[[-1344,-1636,-1417,-1575,-2533,-2221]],"properties":{"count":3}},{"type":"Polygon","arcs":[[-2182,-2246,2573]],"properties":{"count":2}},{"type":"Polygon","arcs":[[-2426,2574,-1973,-1721,2575]],"properties":{"count":2}},{"type":"Polygon","arcs":[[-316,2576,-2320,-2301,2577]],"properties":{"count":3}},{"type":"Polygon","arcs":[[-2188,2578,-2025,-1585,2579]],"properties":{"count":2}},{"type":"Polygon","arcs":[[-2540,-2124,2580]],"properties":{"count":3}},{"type":"Polygon","arcs":[[-1162,2581,-985,2582,-305]],"properties":{"count":2}},{"type":"Polygon","arcs":[[-2142,-840,2583]],"properties":{"count":3}},{"type":"Polygon","arcs":[[-2538,-2351,-1468,-1239,-2535,2584]],"properties":{"count":5}},{"type":"Polygon","arcs":[[-1367,-2468,-1346,-2220,-1893,-1703]],"properties":{"count":3}},{"type":"Polygon","arcs":[[2585,-2310,2586,-556,-2557]],"properties":{"count":2}},{"type":"Polygon","arcs":[[-1997,2587,-2321,-2205,-1726]],"properties":{"count":2}},{"type":"Polygon","arcs":[[-2088,-2030,-699,-73,2588,-1038]],"properties":{"count":5}},{"type":"Polygon","arcs":[[-1411,-674,2589]],"properties":{"count":2}},{"type":"Polygon","arcs":[[2590,-134]],"properties":{"count":2}},{"type":"Polygon","arcs":[[2591,-2268,-2306,2592,-2563,-2348]],"properties":{"count":2}},{"type":"Polygon","arcs":[[-2125,2593,-1929,2594]],"properties":{"count":2}},{"type":"Polygon","arcs":[[-1261,-2487,-527,2595,-2294]],"properties":{"count":2}},{"type":"Polygon","arcs":[[2596,-1936,2597,-2499]],"properties":{"count":2}},{"type":"Polygon","arcs":[[-1404,2598,-904,-1068,-2186,2599]],"properties":{"count":5}},{"type":"Polygon","arcs":[[-2062,2600,-2461,-1990,2601]],"properties":{"count":2}},{"type":"Polygon","arcs":[[-907,-2528,2602,-939,2603]],"properties":{"count":3}},{"type":"Polygon","arcs":[[2604,-858]],"properties":{"count":2}},{"type":"Polygon","arcs":[[-371,-228,-1745,2605,-990,2606]],"properties":{"count":2}},{"type":"Polygon","arcs":[[-2148,-2560,-2495,2607,-2251]],"properties":{"count":2}},{"type":"Polygon","arcs":[[-1391,-1403,-2440,2608,-492,-660]],"properties":{"count":2}},{"type":"Polygon","arcs":[[-1546,-2219,-346,-1418,-2517,-446]],"properties":{"count":2}},{"type":"Polygon","arcs":[[2609,-2229]],"properties":{"count":2}},{"type":"Polygon","arcs":[[-1233,2610]],"properties":{"count":2}},{"type":"Polygon","arcs":[[-2423,-2314,2611]],"properties":{"count":3}},{"type":"Polygon","arcs":[[-1900,-453,-923,-1422,-214,-1694]],"properties":{"count":3}},{"type":"Polygon","arcs":[[-1678,-2512,-1959,2612,-965,-96]],"properties":{"count":2}},{"type":"Polygon","arcs":[[-64,-2057,2613,-369,-873,-1967]],"properties":{"count":2}}]}},"arcs":[[[44642,18446],[0,1942]],[[44642,20388],[893,971]],[[45535,21359],[893,-971]],[[46428,20388],[0,-1942]],[[46428,18446],[-893,-970]],[[45535,17476],[-893,970]],[[45535,38835],[0,1941]],[[45535,40776],[893,971]],[[46428,41747],[893,-971]],[[47321,40776],[0,-1941]],[[47321,38835],[-893,-971]],[[46428,37864],[-893,971]],[[33928,65048],[0,1942]],[[33928,66990],[893,970]],[[34821,67960],[893,-970]],[[35714,66990],[0,-1942]],[[35714,65048],[-893,-971]],[[34821,64077],[-893,971]],[[17857,70873],[893,-971]],[[18750,69902],[0,-1942]],[[18750,67960],[-893,-970],[-893,970],[0,1942],[893,971]],[[57142,59223],[0,1941]],[[57142,61164],[893,971]],[[58035,62135],[893,-971]],[[58928,61164],[0,-1941]],[[58928,59223],[-893,-971],[-893,971]],[[37500,47572],[0,1942]],[[37500,49514],[893,971]],[[38393,50485],[892,-971]],[[39285,49514],[0,-1942]],[[39285,47572],[-892,-971]],[[38393,46601],[-893,971]],[[38393,15534],[892,-971]],[[39285,14563],[0,-1942]],[[39285,12621],[-892,-971]],[[38393,11650],[-893,971],[0,1942],[893,971]],[[21428,30097],[0,1942]],[[21428,32039],[893,970],[893,-970],[0,-1942],[-893,-971]],[[22321,29126],[-893,971]],[[41071,65048],[0,1942]],[[41071,66990],[893,970]],[[41964,67960],[893,-970]],[[42857,66990],[0,-1942]],[[42857,65048],[-893,-971]],[[41964,64077],[-893,971]],[[40178,44660],[0,1941]],[[40178,46601],[893,971]],[[41071,47572],[893,-971]],[[41964,46601],[0,-1941]],[[41964,44660],[-893,-971]],[[41071,43689],[-893,971]],[[61607,64077],[892,971]],[[62499,65048],[893,-971]],[[63392,64077],[0,-1942],[-893,-971],[-892,971],[0,1942]],[[32143,30097],[0,1942]],[[32143,32039],[892,970]],[[33035,33009],[893,-970]],[[33928,32039],[0,-1942]],[[33928,30097],[-893,-971]],[[33035,29126],[-892,971]],[[81249,44660],[0,1941]],[[81249,46601],[893,971]],[[82142,47572],[893,-971]],[[83035,46601],[0,-1941]],[[83035,44660],[-893,-971]],[[82142,43689],[-893,971]],[[37500,30097],[0,1942]],[[37500,32039],[893,970]],[[38393,33009],[892,-970]],[[39285,32039],[0,-1942]],[[39285,30097],[-892,-971]],[[38393,29126],[-893,971]],[[53571,47572],[0,1942]],[[53571,49514],[893,971]],[[54464,50485],[893,-971],[0,-1942]],[[55357,47572],[-893,-971]],[[54464,46601],[-893,971]],[[25893,62135],[0,1942]],[[25893,64077],[892,971]],[[26785,65048],[893,-971]],[[27678,64077],[0,-1942]],[[27678,62135],[-893,-971]],[[26785,61164],[-892,971]],[[16964,62135],[0,1942]],[[16964,64077],[893,971],[893,-971],[0,-1942]],[[18750,62135],[-893,-971]],[[17857,61164],[-893,971]],[[41071,6796],[0,1942]],[[41071,8738],[893,971]],[[41964,9709],[893,-971]],[[42857,8738],[0,-1942]],[[42857,6796],[-893,-971]],[[41964,5825],[-893,971]],[[62499,6796],[0,1942]],[[62499,8738],[893,971]],[[63392,9709],[893,-971]],[[64285,8738],[0,-1942]],[[64285,6796],[-893,-971]],[[63392,5825],[-893,971]],[[96428,8738],[0,-1942]],[[96428,6796],[-893,-971],[-893,971],[0,1942],[893,971],[893,-971]],[[90178,29126],[893,971]],[[91071,30097],[892,-971]],[[91963,29126],[0,-1942]],[[91963,27184],[-892,-971]],[[91071,26213],[-893,971],[0,1942]],[[36607,67960],[0,1942]],[[36607,69902],[893,971]],[[37500,70873],[893,-971]],[[38393,69902],[0,-1942]],[[38393,67960],[-893,-970]],[[37500,66990],[-893,970]],[[52678,33009],[0,1942]],[[52678,34951],[893,971]],[[53571,35922],[893,-971]],[[54464,34951],[0,-1942]],[[54464,33009],[-893,-970]],[[53571,32039],[-893,970]],[[74999,24272],[0,1941]],[[74999,26213],[893,971]],[[75892,27184],[893,-971]],[[76785,26213],[0,-1941]],[[76785,24272],[-893,-971]],[[75892,23301],[-893,971]],[[58928,12621],[0,1942]],[[58928,14563],[893,971]],[[59821,15534],[893,-971],[0,-1942]],[[60714,12621],[-893,-971]],[[59821,11650],[-893,971]],[[53571,76698],[-893,-971]],[[52678,75727],[-893,971],[0,1942],[893,971],[893,-971],[0,-1942]],[[62499,65048],[0,1942]],[[62499,66990],[893,970]],[[63392,67960],[893,-970]],[[64285,66990],[0,-1942],[-893,-971]],[[48214,82523],[0,1942],[893,971]],[[49107,85436],[893,-971]],[[50000,84465],[0,-1942]],[[50000,82523],[-893,-970]],[[49107,81553],[-893,970]],[[40178,56310],[0,1942]],[[40178,58252],[893,971]],[[41071,59223],[893,-971]],[[41964,58252],[0,-1942]],[[41964,56310],[-893,-971]],[[41071,55339],[-893,971]],[[96428,43689],[893,971]],[[97321,44660],[892,-971]],[[98213,43689],[0,-1942],[-892,-971],[-893,971],[0,1942]],[[88392,15534],[0,1942]],[[88392,17476],[893,970]],[[89285,18446],[893,-970],[0,-1942]],[[90178,15534],[-893,-971]],[[89285,14563],[-893,971]],[[24107,44660],[0,1941]],[[24107,46601],[893,971]],[[25000,47572],[893,-971]],[[25893,46601],[0,-1941]],[[25893,44660],[-893,-971]],[[25000,43689],[-893,971]],[[54464,38835],[0,1941]],[[54464,40776],[893,971]],[[55357,41747],[893,-971]],[[56250,40776],[0,-1941]],[[56250,38835],[-893,-971]],[[55357,37864],[-893,971]],[[51785,35922],[0,1942]],[[51785,37864],[893,971],[893,-971]],[[53571,37864],[0,-1942]],[[52678,34951],[-893,971]],[[66964,21359],[0,1942]],[[66964,23301],[893,971]],[[67857,24272],[892,-971]],[[68749,23301],[0,-1942]],[[68749,21359],[-892,-971]],[[67857,20388],[-893,971]],[[83035,33009],[0,1942]],[[83035,34951],[893,971],[893,-971]],[[84821,34951],[0,-1942]],[[84821,33009],[-893,-970]],[[83928,32039],[-893,970]],[[86606,23301],[893,971]],[[87499,24272],[893,-971]],[[88392,23301],[0,-1942]],[[88392,21359],[-893,-971]],[[87499,20388],[-893,971],[0,1942]],[[58035,79611],[0,1942]],[[58035,81553],[893,970]],[[58928,82523],[893,-970]],[[59821,81553],[0,-1942]],[[59821,79611],[-893,-971]],[[58928,78640],[-893,971]],[[39285,14563],[893,971]],[[40178,15534],[893,-971]],[[41071,14563],[0,-1942]],[[41071,12621],[-893,-971]],[[40178,11650],[-893,971]],[[68749,85436],[0,1942]],[[68749,87378],[893,971],[893,-971]],[[70535,87378],[0,-1942]],[[70535,85436],[-893,-971],[-893,971]],[[65178,44660],[0,1941]],[[65178,46601],[893,971]],[[66071,47572],[893,-971]],[[66964,46601],[0,-1941]],[[66964,44660],[-893,-971]],[[66071,43689],[-893,971]],[[42857,88349],[0,1941]],[[42857,90290],[893,971]],[[43750,91261],[892,-971]],[[44642,90290],[0,-1941]],[[44642,88349],[-892,-971],[-893,971]],[[43750,73786],[0,1941]],[[43750,75727],[892,971]],[[44642,76698],[893,-971]],[[45535,75727],[0,-1941]],[[45535,73786],[-893,-971]],[[44642,72815],[-892,971]],[[50892,85436],[0,1942]],[[50892,87378],[893,971]],[[51785,88349],[893,-971]],[[52678,87378],[0,-1942]],[[52678,85436],[-893,-971],[-893,971]],[[85714,47572],[0,1942]],[[85714,49514],[892,971]],[[86606,50485],[893,-971]],[[87499,49514],[0,-1942]],[[87499,47572],[-893,-971]],[[86606,46601],[-892,971]],[[49107,27184],[0,1942]],[[49107,29126],[893,971]],[[50000,30097],[892,-971]],[[50892,29126],[0,-1942]],[[50892,27184],[-892,-971]],[[50000,26213],[-893,971]],[[61607,97086],[-893,-970]],[[60714,96116],[-893,970],[0,1942],[893,971],[893,-971],[0,-1942]],[[50892,56310],[0,1942]],[[50892,58252],[893,971]],[[51785,59223],[893,-971]],[[52678,58252],[0,-1942]],[[52678,56310],[-893,-971],[-893,971]],[[58928,78640],[0,-1942]],[[58928,76698],[-893,-971]],[[58035,75727],[-893,971],[0,1942],[893,971]],[[33035,62135],[0,1942]],[[33035,64077],[893,971]],[[34821,64077],[0,-1942]],[[34821,62135],[-893,-971]],[[33928,61164],[-893,971]],[[40178,62135],[0,1942]],[[40178,64077],[893,971]],[[41964,64077],[0,-1942]],[[41964,62135],[-893,-971]],[[41071,61164],[-893,971]],[[48214,47572],[0,1942]],[[48214,49514],[893,971]],[[49107,50485],[893,-971]],[[50000,49514],[0,-1942]],[[50000,47572],[-893,-971]],[[49107,46601],[-893,971]],[[77678,38835],[0,1941]],[[77678,40776],[893,971]],[[78571,41747],[893,-971]],[[79464,40776],[0,-1941]],[[79464,38835],[-893,-971]],[[78571,37864],[-893,971]],[[40178,3883],[0,1942]],[[40178,5825],[893,971]],[[41964,5825],[0,-1942]],[[41964,3883],[-893,-970]],[[41071,2913],[-893,970]],[[48214,59223],[0,1941]],[[48214,61164],[893,971]],[[49107,62135],[893,-971]],[[50000,61164],[0,-1941]],[[50000,59223],[-893,-971]],[[49107,58252],[-893,971]],[[32143,53398],[0,1941]],[[32143,55339],[892,971]],[[33035,56310],[893,-971]],[[33928,55339],[0,-1941]],[[33928,53398],[-893,-971]],[[33035,52427],[-892,971]],[[87499,14563],[893,971]],[[89285,14563],[0,-1942]],[[89285,12621],[-893,-971],[-893,971],[0,1942]],[[56250,85436],[0,1942],[892,971],[893,-971]],[[58035,87378],[0,-1942]],[[58035,85436],[-893,-971]],[[57142,84465],[-892,971]],[[27678,73786],[0,1941],[893,971]],[[28571,76698],[893,-971]],[[29464,75727],[0,-1941]],[[29464,73786],[-893,-971]],[[28571,72815],[-893,971]],[[55357,30097],[0,1942]],[[55357,32039],[893,970]],[[56250,33009],[892,-970]],[[57142,32039],[0,-1942]],[[57142,30097],[-892,-971]],[[56250,29126],[-893,971]],[[83035,9709],[0,1941]],[[83035,11650],[893,971]],[[83928,12621],[893,-971]],[[84821,11650],[0,-1941],[-893,-971]],[[83928,8738],[-893,971]],[[58928,18446],[0,1942]],[[58928,20388],[893,971]],[[59821,21359],[893,-971]],[[60714,20388],[0,-1942]],[[60714,18446],[-893,-970]],[[59821,17476],[-893,970]],[[57142,49514],[893,971]],[[58035,50485],[893,-971]],[[58928,49514],[0,-1942]],[[58928,47572],[-893,-971],[-893,971],[0,1942]],[[58035,3883],[0,1942]],[[58035,5825],[893,971]],[[58928,6796],[893,-971]],[[59821,5825],[0,-1942]],[[59821,3883],[-893,-970]],[[58928,2913],[-893,970]],[[60714,41747],[0,1942]],[[60714,43689],[893,971]],[[61607,44660],[892,-971]],[[62499,43689],[0,-1942]],[[62499,41747],[-892,-971]],[[61607,40776],[-893,971]],[[47321,3883],[0,1942]],[[47321,5825],[893,971]],[[48214,6796],[893,-971]],[[49107,5825],[0,-1942]],[[49107,3883],[-893,-970]],[[48214,2913],[-893,970]],[[40178,85436],[0,1942]],[[40178,87378],[893,971]],[[41071,88349],[893,-971]],[[41964,87378],[0,-1942],[-893,-971]],[[41071,84465],[-893,971]],[[53571,24272],[0,1941]],[[53571,26213],[893,971]],[[54464,27184],[893,-971]],[[55357,26213],[0,-1941]],[[55357,24272],[-893,-971]],[[54464,23301],[-893,971]],[[25000,47572],[0,1942]],[[25000,49514],[893,971]],[[25893,50485],[892,-971]],[[26785,49514],[0,-1942]],[[26785,47572],[-892,-971]],[[87499,24272],[0,1941]],[[87499,26213],[893,971],[893,-971],[0,-1941],[-893,-971]],[[64285,18446],[0,1942]],[[64285,20388],[893,971],[893,-971]],[[66071,20388],[0,-1942]],[[66071,18446],[-893,-970],[-893,970]],[[44642,12621],[0,1942]],[[44642,14563],[893,971]],[[45535,15534],[893,-971]],[[46428,14563],[0,-1942]],[[46428,12621],[-893,-971]],[[45535,11650],[-893,971]],[[56250,27184],[0,1942]],[[57142,30097],[893,-971]],[[58035,29126],[0,-1942]],[[58035,27184],[-893,-971]],[[57142,26213],[-892,971]],[[84821,44660],[0,1941]],[[84821,46601],[893,971]],[[86606,46601],[0,-1941]],[[86606,44660],[-892,-971]],[[85714,43689],[-893,971]],[[66964,97086],[0,1942]],[[66964,99028],[893,971],[892,-971],[0,-1942],[-892,-970],[-893,970]],[[34821,44660],[0,1941]],[[34821,46601],[893,971]],[[35714,47572],[893,-971]],[[36607,46601],[0,-1941]],[[36607,44660],[-893,-971]],[[35714,43689],[-893,971]],[[26785,82523],[0,1942]],[[26785,84465],[893,971]],[[27678,85436],[893,-971]],[[28571,84465],[0,-1942]],[[28571,82523],[-893,-970]],[[27678,81553],[-893,970]],[[80356,35922],[0,1942]],[[80356,37864],[893,971]],[[81249,38835],[893,-971],[0,-1942]],[[82142,35922],[-893,-971]],[[81249,34951],[-893,971]],[[35714,65048],[893,-971]],[[36607,64077],[0,-1942]],[[36607,62135],[-893,-971]],[[35714,61164],[-893,971]],[[48214,971],[0,1942]],[[49107,3883],[893,-970]],[[50000,2913],[0,-1942],[-893,-971],[-893,971]],[[56250,21359],[0,1942]],[[56250,23301],[892,971]],[[57142,24272],[893,-971]],[[58035,23301],[0,-1942]],[[58035,21359],[-893,-971]],[[57142,20388],[-892,971]],[[43750,56310],[0,1942]],[[43750,58252],[892,971]],[[44642,59223],[893,-971]],[[45535,58252],[0,-1942]],[[45535,56310],[-893,-971]],[[44642,55339],[-892,971]],[[21428,47572],[0,1942]],[[21428,49514],[893,971]],[[22321,50485],[893,-971]],[[23214,49514],[0,-1942]],[[23214,47572],[-893,-971]],[[22321,46601],[-893,971]],[[76785,20388],[893,971]],[[77678,21359],[893,-971]],[[78571,20388],[0,-1942]],[[78571,18446],[-893,-970]],[[77678,17476],[-893,970],[0,1942]],[[67857,65048],[-893,-971]],[[66964,64077],[-893,971],[0,1942],[893,970],[893,-970],[0,-1942]],[[36607,23301],[893,971]],[[37500,24272],[893,-971]],[[38393,23301],[0,-1942]],[[38393,21359],[-893,-971]],[[37500,20388],[-893,971],[0,1942]],[[70535,33009],[0,1942]],[[70535,34951],[893,971]],[[71428,35922],[893,-971]],[[72321,34951],[0,-1942]],[[72321,33009],[-893,-970],[-893,970]],[[71428,41747],[0,1942],[893,971],[893,-971]],[[73214,43689],[0,-1942]],[[73214,41747],[-893,-971]],[[72321,40776],[-893,971]],[[57142,41747],[0,1942]],[[57142,43689],[893,971],[893,-971]],[[58928,43689],[0,-1942]],[[58928,41747],[-893,-971]],[[58035,40776],[-893,971]],[[51785,18446],[0,1942]],[[51785,20388],[893,971]],[[52678,21359],[893,-971]],[[53571,20388],[0,-1942]],[[53571,18446],[-893,-970]],[[52678,17476],[-893,970]],[[41964,79611],[0,1942]],[[41964,81553],[893,970],[893,-970]],[[43750,81553],[0,-1942]],[[43750,79611],[-893,-971]],[[42857,78640],[-893,971]],[[55357,53398],[0,1941]],[[55357,55339],[893,971]],[[56250,56310],[892,-971]],[[57142,55339],[0,-1941]],[[57142,53398],[-892,-971]],[[56250,52427],[-893,971]],[[26785,59223],[0,1941]],[[27678,62135],[893,-971]],[[28571,61164],[0,-1941]],[[28571,59223],[-893,-971]],[[27678,58252],[-893,971]],[[60714,24272],[0,1941]],[[60714,26213],[893,971]],[[61607,27184],[892,-971]],[[62499,26213],[0,-1941],[-892,-971]],[[61607,23301],[-893,971]],[[68749,40776],[893,971]],[[69642,41747],[893,-971]],[[70535,40776],[0,-1941]],[[70535,38835],[-893,-971],[-893,971],[0,1941]],[[51785,41747],[0,1942]],[[51785,43689],[893,971]],[[52678,44660],[893,-971]],[[53571,43689],[0,-1942]],[[53571,41747],[-893,-971],[-893,971]],[[66964,50485],[0,1942]],[[66964,52427],[893,971]],[[67857,53398],[892,-971]],[[68749,52427],[0,-1942]],[[68749,50485],[-892,-971]],[[67857,49514],[-893,971]],[[41071,41747],[0,1942]],[[41964,44660],[893,-971]],[[42857,43689],[0,-1942]],[[42857,41747],[-893,-971]],[[41964,40776],[-893,971]],[[41964,15534],[0,1942]],[[41964,17476],[893,970]],[[42857,18446],[893,-970]],[[43750,17476],[0,-1942]],[[43750,15534],[-893,-971]],[[42857,14563],[-893,971]],[[54464,44660],[0,1941]],[[55357,47572],[893,-971],[0,-1941]],[[56250,44660],[-893,-971]],[[55357,43689],[-893,971]],[[51785,12621],[0,1942]],[[51785,14563],[893,971]],[[52678,15534],[893,-971]],[[53571,14563],[0,-1942]],[[53571,12621],[-893,-971]],[[52678,11650],[-893,971]],[[46428,971],[0,1942]],[[46428,2913],[893,970]],[[48214,971],[-893,-971],[-893,971]],[[58035,87378],[893,971],[893,-971],[0,-1942]],[[59821,85436],[-893,-971]],[[58928,84465],[-893,971]],[[8036,67960],[0,1942]],[[8036,69902],[892,971]],[[8928,70873],[893,-971]],[[9821,69902],[0,-1942]],[[9821,67960],[-893,-970]],[[8928,66990],[-892,970]],[[67857,53398],[0,1941]],[[67857,55339],[892,971]],[[68749,56310],[893,-971],[0,-1941]],[[69642,53398],[-893,-971]],[[64285,35922],[0,1942]],[[64285,37864],[893,971]],[[65178,38835],[893,-971]],[[66071,37864],[0,-1942],[-893,-971]],[[65178,34951],[-893,971]],[[34821,73786],[0,1941]],[[34821,75727],[893,971]],[[35714,76698],[893,-971]],[[36607,75727],[0,-1941]],[[36607,73786],[-893,-971]],[[35714,72815],[-893,971]],[[46428,20388],[893,971]],[[47321,21359],[893,-971]],[[48214,20388],[0,-1942]],[[48214,18446],[-893,-970]],[[47321,17476],[-893,970]],[[42857,8738],[893,971]],[[43750,9709],[892,-971]],[[44642,8738],[0,-1942]],[[44642,6796],[-892,-971]],[[43750,5825],[-893,971]],[[21428,94174],[0,1942],[893,970]],[[22321,97086],[893,-970]],[[23214,96116],[0,-1942]],[[23214,94174],[-893,-971]],[[22321,93203],[-893,971]],[[65178,50485],[0,1942]],[[65178,52427],[893,971]],[[66071,53398],[893,-971]],[[66964,50485],[-893,-971]],[[66071,49514],[-893,971]],[[74999,24272],[-893,-971],[-892,971],[0,1941],[892,971],[893,-971]],[[66964,56310],[0,1942]],[[66964,58252],[893,971]],[[67857,59223],[892,-971],[0,-1942]],[[67857,55339],[-893,971]],[[1786,20388],[893,971]],[[2679,21359],[892,-971]],[[3571,20388],[0,-1942]],[[3571,18446],[-892,-970],[-893,970],[0,1942]],[[41071,70873],[0,1942]],[[41071,72815],[893,971]],[[41964,73786],[893,-971]],[[42857,72815],[0,-1942]],[[42857,70873],[-893,-971]],[[41964,69902],[-893,971]],[[82142,30097],[0,1942]],[[82142,32039],[893,970]],[[83928,32039],[0,-1942]],[[83928,30097],[-893,-971],[-893,971]],[[57142,53398],[893,-971]],[[58035,52427],[0,-1942]],[[57142,49514],[-892,971],[0,1942]],[[32143,47572],[0,1942]],[[32143,49514],[892,971]],[[33035,50485],[893,-971]],[[33928,49514],[0,-1942]],[[33928,47572],[-893,-971]],[[33035,46601],[-892,971]],[[43750,97086],[0,1942],[892,971],[893,-971]],[[45535,99028],[0,-1942]],[[45535,97086],[-893,-970]],[[44642,96116],[-892,970]],[[28571,53398],[0,1941]],[[28571,55339],[893,971]],[[29464,56310],[893,-971]],[[30357,55339],[0,-1941]],[[30357,53398],[-893,-971]],[[29464,52427],[-893,971]],[[76785,24272],[893,-971]],[[77678,23301],[0,-1942]],[[76785,20388],[-893,971],[0,1942]],[[80356,24272],[0,1941]],[[80356,26213],[893,971]],[[81249,27184],[893,-971]],[[82142,26213],[0,-1941]],[[82142,24272],[-893,-971]],[[81249,23301],[-893,971]],[[76785,41747],[0,1942]],[[76785,43689],[893,971]],[[77678,44660],[893,-971]],[[78571,43689],[0,-1942]],[[77678,40776],[-893,971]],[[23214,41747],[0,1942]],[[23214,43689],[893,971]],[[25000,43689],[0,-1942]],[[25000,41747],[-893,-971]],[[24107,40776],[-893,971]],[[12500,53398],[0,1941]],[[12500,55339],[893,971]],[[13393,56310],[893,-971]],[[14286,55339],[0,-1941]],[[14286,53398],[-893,-971]],[[13393,52427],[-893,971]],[[59821,27184],[0,1942]],[[59821,29126],[893,971]],[[60714,30097],[893,-971]],[[61607,29126],[0,-1942]],[[60714,26213],[-893,971]],[[81249,9709],[0,1941]],[[81249,11650],[893,971]],[[82142,12621],[893,-971]],[[83035,9709],[-893,-971]],[[82142,8738],[-893,971]],[[36607,56310],[0,1942]],[[36607,58252],[893,971]],[[37500,59223],[893,-971]],[[38393,58252],[0,-1942]],[[38393,56310],[-893,-971]],[[37500,55339],[-893,971]],[[61607,64077],[-893,971],[0,1942],[893,970],[892,-970]],[[50000,12621],[0,1942]],[[50000,14563],[892,971]],[[50892,15534],[893,-971]],[[51785,12621],[-893,-971]],[[50892,11650],[-892,971]],[[14286,66990],[892,970]],[[15178,67960],[893,-970],[0,-1942]],[[16071,65048],[-893,-971]],[[15178,64077],[-892,971],[0,1942]],[[58928,24272],[0,1941]],[[58928,26213],[893,971]],[[60714,24272],[-893,-971]],[[59821,23301],[-893,971]],[[8036,85436],[0,1942],[892,971],[893,-971],[0,-1942],[-893,-971],[-892,971]],[[66071,53398],[0,1941]],[[66071,55339],[893,971]],[[5357,78640],[0,-1942]],[[5357,76698],[-893,-971]],[[4464,75727],[-893,971],[0,1942],[893,971],[893,-971]],[[38393,81553],[892,970]],[[39285,82523],[893,-970]],[[40178,81553],[0,-1942]],[[40178,79611],[-893,-971]],[[39285,78640],[-892,971],[0,1942]],[[40178,15534],[0,1942]],[[40178,17476],[893,970]],[[41071,18446],[893,-970]],[[41964,15534],[-893,-971]],[[41071,59223],[0,1941]],[[41964,62135],[893,-971]],[[42857,61164],[0,-1941]],[[42857,59223],[-893,-971]],[[77678,9709],[0,1941],[893,971],[893,-971]],[[79464,11650],[0,-1941]],[[79464,9709],[-893,-971]],[[78571,8738],[-893,971]],[[66964,15534],[0,1942]],[[66964,17476],[893,970]],[[67857,18446],[892,-970]],[[68749,17476],[0,-1942]],[[68749,15534],[-892,-971]],[[67857,14563],[-893,971]],[[29464,91261],[0,1942]],[[29464,93203],[893,971]],[[30357,94174],[893,-971],[0,-1942],[-893,-971]],[[30357,90290],[-893,971]],[[42857,53398],[0,1941]],[[42857,55339],[893,971]],[[44642,55339],[0,-1941]],[[44642,53398],[-892,-971],[-893,971]],[[35714,53398],[0,1941]],[[35714,55339],[893,971]],[[37500,55339],[0,-1941]],[[37500,53398],[-893,-971]],[[36607,52427],[-893,971]],[[34821,33009],[0,1942]],[[34821,34951],[893,971]],[[35714,35922],[893,-971]],[[36607,34951],[0,-1942]],[[36607,33009],[-893,-970]],[[35714,32039],[-893,970]],[[52678,50485],[0,1942]],[[52678,52427],[893,971]],[[53571,53398],[893,-971]],[[54464,52427],[0,-1942]],[[53571,49514],[-893,971]],[[28571,61164],[893,971]],[[29464,62135],[893,-971]],[[30357,61164],[0,-1941]],[[30357,59223],[-893,-971]],[[29464,58252],[-893,971]],[[79464,33009],[0,1942],[892,971]],[[81249,34951],[0,-1942]],[[81249,33009],[-893,-970]],[[80356,32039],[-892,970]],[[33035,33009],[0,1942]],[[33035,34951],[893,971]],[[33928,35922],[893,-971]],[[34821,33009],[-893,-970]],[[62499,53398],[0,1941]],[[62499,55339],[893,971],[893,-971]],[[64285,55339],[0,-1941]],[[64285,53398],[-893,-971],[-893,971]],[[45535,15534],[0,1942]],[[47321,17476],[0,-1942]],[[47321,15534],[-893,-971]],[[33928,41747],[0,1942]],[[33928,43689],[893,971]],[[35714,43689],[0,-1942]],[[35714,41747],[-893,-971]],[[34821,40776],[-893,971]],[[53571,43689],[893,971]],[[55357,43689],[0,-1942]],[[54464,40776],[-893,971]],[[36607,44660],[893,-971]],[[37500,43689],[0,-1942]],[[37500,41747],[-893,-971]],[[36607,40776],[-893,971]],[[30357,82523],[0,1942]],[[30357,84465],[893,971]],[[31250,85436],[893,-971]],[[32143,84465],[0,-1942]],[[32143,82523],[-893,-970]],[[31250,81553],[-893,970]],[[50892,67960],[0,1942],[893,971]],[[51785,70873],[893,-971]],[[52678,69902],[0,-1942]],[[52678,67960],[-893,-970]],[[51785,66990],[-893,970]],[[60714,35922],[0,1942]],[[60714,37864],[893,971]],[[61607,38835],[892,-971]],[[62499,37864],[0,-1942]],[[62499,35922],[-892,-971]],[[61607,34951],[-893,971]],[[90178,11650],[893,971]],[[91071,12621],[892,-971]],[[91963,11650],[0,-1941]],[[91963,9709],[-892,-971],[-893,971],[0,1941]],[[24107,38835],[0,1941]],[[25000,41747],[893,-971]],[[25893,40776],[0,-1941]],[[25893,38835],[-893,-971]],[[25000,37864],[-893,971]],[[50000,18446],[0,1942]],[[50000,20388],[892,971]],[[50892,21359],[893,-971]],[[51785,18446],[-893,-970]],[[50892,17476],[-892,970]],[[25000,53398],[0,1941]],[[25000,55339],[893,971]],[[25893,56310],[892,-971]],[[26785,55339],[0,-1941]],[[26785,53398],[-892,-971]],[[25893,52427],[-893,971]],[[96428,8738],[893,971],[892,-971],[0,-1942]],[[98213,6796],[-892,-971]],[[97321,5825],[-893,971]],[[54464,9709],[0,1941]],[[54464,11650],[893,971]],[[55357,12621],[893,-971]],[[56250,11650],[0,-1941]],[[56250,9709],[-893,-971]],[[55357,8738],[-893,971]],[[39285,32039],[893,970]],[[40178,33009],[893,-970]],[[41071,32039],[0,-1942]],[[41071,30097],[-893,-971]],[[40178,29126],[-893,971]],[[71428,35922],[0,1942]],[[71428,37864],[893,971]],[[72321,38835],[893,-971],[0,-1942]],[[73214,35922],[-893,-971]],[[23214,24272],[0,1941]],[[23214,26213],[893,971]],[[24107,27184],[893,-971]],[[25000,26213],[0,-1941]],[[25000,24272],[-893,-971]],[[24107,23301],[-893,971]],[[36607,50485],[0,1942]],[[37500,53398],[893,-971]],[[38393,52427],[0,-1942]],[[37500,49514],[-893,971]],[[39285,41747],[0,1942]],[[39285,43689],[893,971]],[[41071,41747],[-893,-971]],[[40178,40776],[-893,971]],[[57142,12621],[0,1942]],[[57142,14563],[893,971]],[[58035,15534],[893,-971]],[[58928,12621],[-893,-971]],[[58035,11650],[-893,971]],[[76785,30097],[0,1942],[893,970],[893,-970]],[[78571,32039],[0,-1942]],[[78571,30097],[-893,-971]],[[77678,29126],[-893,971]],[[47321,15534],[893,-971]],[[48214,14563],[0,-1942]],[[48214,12621],[-893,-971]],[[47321,11650],[-893,971]],[[66071,47572],[0,1942]],[[67857,49514],[0,-1942],[-893,-971]],[[46428,6796],[0,1942]],[[46428,8738],[893,971]],[[47321,9709],[893,-971]],[[48214,8738],[0,-1942]],[[47321,5825],[-893,971]],[[68749,33009],[0,1942]],[[68749,34951],[893,971],[893,-971]],[[70535,33009],[-893,-970]],[[69642,32039],[-893,970]],[[26785,55339],[893,971]],[[27678,56310],[893,-971]],[[28571,53398],[-893,-971]],[[27678,52427],[-893,971]],[[30357,32039],[893,970]],[[31250,33009],[893,-970]],[[32143,30097],[-893,-971],[-893,971],[0,1942]],[[64285,55339],[893,971]],[[65178,56310],[893,-971]],[[65178,52427],[-893,971]],[[39285,90290],[0,-1941]],[[39285,88349],[-892,-971],[-893,971],[0,1941],[893,971],[892,-971]],[[19643,70873],[0,1942]],[[19643,72815],[893,971]],[[20536,73786],[892,-971],[0,-1942]],[[21428,70873],[-892,-971]],[[20536,69902],[-893,971]],[[48214,20388],[893,971]],[[49107,21359],[893,-971]],[[50000,18446],[-893,-970]],[[49107,17476],[-893,970]],[[45535,44660],[0,1941]],[[45535,46601],[893,971]],[[46428,47572],[893,-971]],[[47321,46601],[0,-1941]],[[47321,44660],[-893,-971]],[[46428,43689],[-893,971]],[[34821,67960],[0,1942]],[[34821,69902],[893,971]],[[35714,70873],[893,-971]],[[36607,67960],[-893,-970]],[[86606,50485],[0,1942]],[[86606,52427],[893,971]],[[87499,53398],[893,-971]],[[88392,52427],[0,-1942]],[[88392,50485],[-893,-971]],[[49107,15534],[0,1942]],[[50892,17476],[0,-1942]],[[50000,14563],[-893,971]],[[42857,12621],[0,1942]],[[43750,15534],[892,-971]],[[44642,12621],[-892,-971]],[[43750,11650],[-893,971]],[[50892,33009],[0,1942]],[[50892,34951],[893,971]],[[52678,33009],[-893,-970]],[[51785,32039],[-893,970]],[[83928,41747],[0,1942]],[[83928,43689],[893,971]],[[85714,43689],[0,-1942],[-893,-971],[-893,971]],[[86606,23301],[-892,971],[0,1941],[892,971],[893,-971]],[[80356,41747],[0,1942]],[[80356,43689],[893,971]],[[82142,43689],[0,-1942]],[[82142,41747],[-893,-971]],[[81249,40776],[-893,971]],[[70535,3883],[0,1942]],[[70535,5825],[893,971]],[[71428,6796],[893,-971]],[[72321,5825],[0,-1942],[-893,-970]],[[71428,2913],[-893,970]],[[38393,56310],[892,-971]],[[39285,55339],[0,-1941]],[[39285,53398],[-892,-971]],[[27678,79611],[0,1942]],[[28571,82523],[893,-970]],[[29464,81553],[0,-1942]],[[29464,79611],[-893,-971]],[[28571,78640],[-893,971]],[[31250,38835],[0,1941]],[[31250,40776],[893,971]],[[32143,41747],[892,-971]],[[33035,40776],[0,-1941]],[[33035,38835],[-892,-971]],[[32143,37864],[-893,971]],[[16071,82523],[0,1942],[893,971]],[[16964,85436],[893,-971]],[[17857,84465],[0,-1942]],[[17857,82523],[-893,-970]],[[16964,81553],[-893,970]],[[51785,65048],[0,1942]],[[52678,67960],[893,-970]],[[53571,66990],[0,-1942]],[[53571,65048],[-893,-971],[-893,971]],[[41964,9709],[0,1941]],[[41964,11650],[893,971]],[[43750,11650],[0,-1941]],[[33035,44660],[0,1941]],[[33928,47572],[893,-971]],[[33928,43689],[-893,971]],[[50000,35922],[0,1942]],[[50000,37864],[892,971]],[[50892,38835],[893,-971]],[[50892,34951],[-892,971]],[[43750,81553],[892,970]],[[44642,82523],[893,-970]],[[45535,81553],[0,-1942]],[[45535,79611],[-893,-971]],[[44642,78640],[-892,971]],[[65178,38835],[0,1941]],[[65178,40776],[893,971]],[[66071,41747],[893,-971]],[[66964,40776],[0,-1941],[-893,-971]],[[4464,21359],[0,1942]],[[4464,23301],[893,971]],[[5357,24272],[893,-971],[0,-1942],[-893,-971]],[[5357,20388],[-893,971]],[[56250,44660],[892,-971]],[[57142,41747],[-892,-971]],[[51785,30097],[0,1942]],[[53571,32039],[0,-1942]],[[53571,30097],[-893,-971]],[[52678,29126],[-893,971]],[[54464,62135],[0,1942]],[[54464,64077],[893,971]],[[55357,65048],[893,-971]],[[56250,64077],[0,-1942]],[[56250,62135],[-893,-971]],[[55357,61164],[-893,971]],[[25000,26213],[893,971]],[[25893,27184],[892,-971],[0,-1941]],[[26785,24272],[-892,-971]],[[25893,23301],[-893,971]],[[58035,9709],[0,1941]],[[59821,11650],[0,-1941]],[[59821,9709],[-893,-971]],[[58928,8738],[-893,971]],[[46428,35922],[0,1942]],[[47321,38835],[893,-971]],[[48214,37864],[0,-1942]],[[48214,35922],[-893,-971]],[[47321,34951],[-893,971]],[[25000,70873],[0,1942]],[[25000,72815],[893,971],[892,-971]],[[26785,72815],[0,-1942]],[[26785,70873],[-892,-971]],[[25893,69902],[-893,971]],[[48214,14563],[893,971]],[[50000,12621],[-893,-971]],[[49107,11650],[-893,971]],[[64285,8738],[893,971]],[[65178,9709],[893,-971]],[[66071,8738],[0,-1942]],[[66071,6796],[-893,-971]],[[65178,5825],[-893,971]],[[3571,53398],[0,1941],[893,971],[893,-971]],[[5357,55339],[0,-1941]],[[5357,53398],[-893,-971]],[[4464,52427],[-893,971]],[[38393,23301],[892,971]],[[39285,24272],[893,-971]],[[40178,23301],[0,-1942]],[[40178,21359],[-893,-971]],[[39285,20388],[-892,971]],[[91071,12621],[0,1942]],[[91071,14563],[892,971],[893,-971],[0,-1942]],[[92856,12621],[-893,-971]],[[84821,15534],[0,1942],[893,970],[892,-970]],[[86606,17476],[0,-1942]],[[86606,15534],[-892,-971]],[[85714,14563],[-893,971]],[[35714,26213],[893,971]],[[36607,27184],[893,-971]],[[37500,26213],[0,-1941]],[[36607,23301],[-893,971],[0,1941]],[[87499,43689],[893,971]],[[88392,44660],[893,-971],[0,-1942],[-893,-971],[-893,971],[0,1942]],[[31250,50485],[0,1942]],[[31250,52427],[893,971]],[[33035,52427],[0,-1942]],[[32143,49514],[-893,971]],[[59821,38835],[0,1941]],[[59821,40776],[893,971]],[[61607,40776],[0,-1941]],[[60714,37864],[-893,971]],[[58035,33009],[0,1942]],[[58035,34951],[893,971]],[[58928,35922],[893,-971]],[[59821,34951],[0,-1942]],[[59821,33009],[-893,-970]],[[58928,32039],[-893,970]],[[30357,35922],[0,1942]],[[30357,37864],[893,971]],[[32143,37864],[0,-1942]],[[32143,35922],[-893,-971]],[[31250,34951],[-893,971]],[[12500,59223],[0,1941],[893,971],[893,-971]],[[14286,61164],[0,-1941]],[[14286,59223],[-893,-971]],[[13393,58252],[-893,971]],[[13393,69902],[893,971]],[[14286,70873],[892,-971],[0,-1942]],[[14286,66990],[-893,970],[0,1942]],[[30357,41747],[0,1942],[893,971]],[[31250,44660],[893,-971]],[[32143,43689],[0,-1942]],[[31250,40776],[-893,971]],[[21428,35922],[0,1942]],[[21428,37864],[893,971]],[[22321,38835],[893,-971]],[[23214,37864],[0,-1942]],[[23214,35922],[-893,-971],[-893,971]],[[33928,35922],[0,1942]],[[33928,37864],[893,971]],[[34821,38835],[893,-971]],[[35714,37864],[0,-1942]],[[38393,27184],[0,1942]],[[40178,29126],[0,-1942]],[[40178,27184],[-893,-971]],[[39285,26213],[-892,971]],[[893,56310],[0,1942],[893,971],[893,-971],[0,-1942],[-893,-971],[-893,971]],[[50892,44660],[0,1941]],[[50892,46601],[893,971]],[[51785,47572],[893,-971]],[[52678,46601],[0,-1941]],[[51785,43689],[-893,971]],[[9821,50485],[0,1942]],[[9821,52427],[893,971]],[[10714,53398],[893,-971]],[[11607,52427],[0,-1942]],[[11607,50485],[-893,-971]],[[10714,49514],[-893,971]],[[43750,38835],[0,1941]],[[43750,40776],[892,971]],[[44642,41747],[893,-971]],[[45535,38835],[-893,-971]],[[44642,37864],[-892,971]],[[61607,79611],[0,1942]],[[61607,81553],[892,970]],[[62499,82523],[893,-970]],[[63392,81553],[0,-1942]],[[63392,79611],[-893,-971],[-892,971]],[[14286,24272],[-893,-971]],[[13393,23301],[-893,971],[0,1941],[893,971],[893,-971],[0,-1941]],[[63392,38835],[0,1941]],[[63392,40776],[893,971]],[[64285,41747],[893,-971]],[[64285,37864],[-893,971]],[[15178,50485],[0,1942]],[[15178,52427],[893,971]],[[16071,53398],[893,-971]],[[16964,52427],[0,-1942]],[[16964,50485],[-893,-971],[-893,971]],[[16964,79611],[0,1942]],[[17857,82523],[893,-970]],[[18750,81553],[0,-1942],[-893,-971]],[[17857,78640],[-893,971]],[[15178,21359],[0,1942]],[[15178,23301],[893,971],[893,-971],[0,-1942],[-893,-971],[-893,971]],[[19643,76698],[0,1942],[893,971],[892,-971]],[[21428,78640],[0,-1942]],[[21428,76698],[-892,-971]],[[20536,75727],[-893,971]],[[68749,62135],[0,1942]],[[68749,64077],[893,971],[893,-971],[0,-1942],[-893,-971],[-893,971]],[[49107,5825],[893,971]],[[50000,6796],[892,-971]],[[50892,5825],[0,-1942]],[[50892,3883],[-892,-970]],[[79464,50485],[0,1942],[892,971]],[[80356,53398],[893,-971]],[[81249,52427],[0,-1942]],[[81249,50485],[-893,-971]],[[80356,49514],[-892,971]],[[69642,18446],[0,1942]],[[69642,20388],[893,971],[893,-971]],[[71428,20388],[0,-1942]],[[71428,18446],[-893,-970],[-893,970]],[[55357,82523],[0,1942]],[[55357,84465],[893,971]],[[57142,84465],[0,-1942]],[[57142,82523],[-892,-970],[-893,970]],[[76785,26213],[893,971]],[[77678,27184],[893,-971],[0,-1941]],[[78571,24272],[-893,-971]],[[93749,50485],[0,1942],[893,971],[893,-971],[0,-1942],[-893,-971]],[[94642,49514],[-893,971]],[[61607,85436],[0,1942],[892,971],[893,-971],[0,-1942],[-893,-971]],[[62499,84465],[-892,971]],[[74106,67960],[0,1942],[893,971],[893,-971],[0,-1942],[-893,-970],[-893,970]],[[30357,61164],[893,971]],[[31250,62135],[893,-971]],[[32143,61164],[0,-1941]],[[32143,59223],[-893,-971]],[[31250,58252],[-893,971]],[[63392,81553],[893,970]],[[64285,82523],[893,-970]],[[65178,81553],[0,-1942]],[[65178,79611],[-893,-971]],[[64285,78640],[-893,971]],[[90178,58252],[893,971]],[[91071,59223],[892,-971],[0,-1942]],[[91963,56310],[-892,-971]],[[91071,55339],[-893,971],[0,1942]],[[57142,18446],[0,1942]],[[58035,21359],[893,-971]],[[58928,18446],[-893,-970]],[[58035,17476],[-893,970]],[[41071,53398],[0,1941]],[[41964,56310],[893,-971]],[[42857,53398],[-893,-971]],[[41964,52427],[-893,971]],[[83035,21359],[0,1942]],[[83035,23301],[893,971]],[[83928,24272],[893,-971],[0,-1942],[-893,-971],[-893,971]],[[98213,6796],[893,-971],[0,-1942],[-893,-970],[-892,970],[0,1942]],[[62499,18446],[0,1942]],[[62499,20388],[893,971],[893,-971]],[[64285,18446],[-893,-970],[-893,970]],[[64285,26213],[893,971]],[[65178,27184],[893,-971]],[[66071,26213],[0,-1941]],[[66071,24272],[-893,-971],[-893,971],[0,1941]],[[78571,18446],[893,-970]],[[79464,17476],[0,-1942],[-893,-971],[-893,971],[0,1942]],[[40178,33009],[0,1942]],[[40178,34951],[893,971]],[[41071,35922],[893,-971]],[[41964,34951],[0,-1942]],[[41964,33009],[-893,-970]],[[90178,15534],[893,-971]],[[90178,11650],[-893,971]],[[25000,59223],[0,1941]],[[25000,61164],[893,971]],[[26785,59223],[-892,-971]],[[25893,58252],[-893,971]],[[97321,91261],[0,1942],[892,971],[893,-971],[0,-1942],[-893,-971]],[[98213,90290],[-892,971]],[[25893,79611],[0,1942]],[[25893,81553],[892,970]],[[27678,79611],[-893,-971],[-892,971]],[[38393,62135],[0,1942]],[[38393,64077],[892,971]],[[39285,65048],[893,-971]],[[40178,62135],[-893,-971]],[[39285,61164],[-892,971]],[[82142,12621],[0,1942],[893,971],[893,-971]],[[83928,14563],[0,-1942]],[[68749,3883],[0,1942]],[[68749,5825],[893,971]],[[69642,6796],[893,-971]],[[70535,3883],[-893,-970]],[[69642,2913],[-893,970]],[[82142,6796],[0,1942]],[[83928,8738],[0,-1942]],[[83928,6796],[-893,-971]],[[83035,5825],[-893,971]],[[78571,20388],[893,971]],[[79464,21359],[892,-971]],[[80356,20388],[0,-1942]],[[80356,18446],[-892,-970]],[[56250,64077],[892,971],[893,-971],[0,-1942]],[[57142,61164],[-892,971]],[[21428,53398],[0,1941]],[[21428,55339],[893,971]],[[22321,56310],[893,-971]],[[23214,55339],[0,-1941]],[[23214,53398],[-893,-971]],[[22321,52427],[-893,971]],[[57142,24272],[0,1941]],[[58035,27184],[893,-971]],[[58928,24272],[-893,-971]],[[78571,43689],[893,971]],[[79464,44660],[892,-971]],[[80356,41747],[-892,-971]],[[46428,70873],[0,1942]],[[46428,72815],[893,971]],[[47321,73786],[893,-971]],[[48214,72815],[0,-1942]],[[48214,70873],[-893,-971]],[[47321,69902],[-893,971]],[[24107,67960],[893,-970]],[[25000,66990],[0,-1942]],[[25000,65048],[-893,-971]],[[24107,64077],[-893,971],[0,1942],[893,970]],[[41071,35922],[0,1942]],[[41071,37864],[893,971]],[[41964,38835],[893,-971]],[[42857,37864],[0,-1942]],[[42857,35922],[-893,-971]],[[35714,59223],[0,1941]],[[36607,62135],[893,-971]],[[37500,61164],[0,-1941]],[[36607,58252],[-893,971]],[[30357,76698],[0,1942]],[[30357,78640],[893,971]],[[31250,79611],[893,-971]],[[32143,78640],[0,-1942]],[[32143,76698],[-893,-971]],[[31250,75727],[-893,971]],[[86606,17476],[893,970]],[[87499,18446],[893,-970]],[[87499,14563],[-893,971]],[[34821,27184],[0,1942]],[[34821,29126],[893,971]],[[35714,30097],[893,-971]],[[36607,29126],[0,-1942]],[[35714,26213],[-893,971]],[[25000,65048],[893,-971]],[[25000,61164],[-893,971],[0,1942]],[[66964,27184],[0,1942]],[[66964,29126],[893,971]],[[67857,30097],[892,-971]],[[68749,29126],[0,-1942]],[[68749,27184],[-892,-971]],[[67857,26213],[-893,971]],[[84821,73786],[893,-971]],[[85714,72815],[0,-1942],[-893,-971],[-893,971],[0,1942],[893,971]],[[3571,66990],[893,970]],[[4464,67960],[893,-970],[0,-1942],[-893,-971],[-893,971],[0,1942]],[[41071,94174],[0,1942],[893,970],[893,-970]],[[42857,96116],[0,-1942]],[[42857,94174],[-893,-971]],[[41964,93203],[-893,971]],[[20536,27184],[0,1942]],[[20536,29126],[892,971]],[[22321,29126],[0,-1942]],[[22321,27184],[-893,-971]],[[21428,26213],[-892,971]],[[8928,53398],[0,1941]],[[8928,55339],[893,971]],[[9821,56310],[893,-971]],[[10714,55339],[0,-1941]],[[9821,52427],[-893,971]],[[9821,56310],[0,1942]],[[9821,58252],[893,971]],[[10714,59223],[893,-971]],[[11607,58252],[0,-1942]],[[11607,56310],[-893,-971]],[[50000,24272],[0,1941]],[[50892,27184],[893,-971]],[[51785,26213],[0,-1941]],[[51785,24272],[-893,-971]],[[50892,23301],[-892,971]],[[61607,33009],[0,1942]],[[62499,35922],[893,-971]],[[63392,34951],[0,-1942]],[[63392,33009],[-893,-970]],[[62499,32039],[-892,970]],[[8928,65048],[0,1942]],[[9821,67960],[893,-970],[0,-1942]],[[10714,65048],[-893,-971]],[[9821,64077],[-893,971]],[[38393,44660],[0,1941]],[[39285,47572],[893,-971]],[[39285,43689],[-892,971]],[[38393,58252],[892,971]],[[39285,59223],[893,-971]],[[40178,56310],[-893,-971]],[[33035,38835],[893,-971]],[[33035,34951],[-892,971]],[[35714,47572],[0,1942]],[[35714,49514],[893,971]],[[37500,47572],[-893,-971]],[[47321,40776],[893,971]],[[48214,41747],[893,-971]],[[49107,40776],[0,-1941]],[[49107,38835],[-893,-971]],[[33035,40776],[893,971]],[[34821,40776],[0,-1941]],[[44642,41747],[0,1942]],[[44642,43689],[893,971]],[[46428,43689],[0,-1942]],[[39285,49514],[893,971]],[[40178,50485],[893,-971]],[[41071,49514],[0,-1942]],[[66071,41747],[0,1942]],[[66964,44660],[893,-971]],[[67857,43689],[0,-1942]],[[67857,41747],[-893,-971]],[[37500,35922],[0,1942]],[[37500,37864],[893,971]],[[38393,38835],[892,-971]],[[39285,37864],[0,-1942]],[[39285,35922],[-892,-971]],[[38393,34951],[-893,971]],[[34821,79611],[0,1942],[893,970]],[[35714,82523],[893,-970]],[[36607,81553],[0,-1942]],[[36607,79611],[-893,-971]],[[35714,78640],[-893,971]],[[15178,56310],[0,1942]],[[15178,58252],[893,971]],[[16071,59223],[893,-971]],[[16964,58252],[0,-1942]],[[16964,56310],[-893,-971]],[[16071,55339],[-893,971]],[[22321,97086],[0,1942],[893,971],[893,-971],[0,-1942],[-893,-970]],[[41964,33009],[893,-970]],[[42857,32039],[0,-1942]],[[42857,30097],[-893,-971]],[[41964,29126],[-893,971]],[[34821,93203],[0,-1942]],[[34821,91261],[-893,-971]],[[33928,90290],[-893,971],[0,1942],[893,971],[893,-971]],[[31250,33009],[0,1942]],[[39285,37864],[893,971]],[[40178,38835],[893,-971]],[[40178,34951],[-893,971]],[[29464,33009],[0,1942]],[[29464,34951],[893,971]],[[30357,32039],[-893,970]],[[39285,53398],[893,-971]],[[40178,52427],[0,-1942]],[[35714,70873],[0,1942]],[[36607,73786],[893,-971]],[[37500,72815],[0,-1942]],[[40178,38835],[0,1941]],[[41964,40776],[0,-1941]],[[33928,59223],[0,1941]],[[35714,59223],[-893,-971]],[[34821,58252],[-893,971]],[[23214,49514],[893,971]],[[24107,50485],[893,-971]],[[24107,46601],[-893,971]],[[38393,38835],[0,1941]],[[38393,40776],[892,971]],[[28571,70873],[0,1942]],[[29464,73786],[893,-971]],[[30357,72815],[0,-1942]],[[30357,70873],[-893,-971]],[[29464,69902],[-893,971]],[[5357,59223],[0,1941]],[[5357,61164],[893,971]],[[6250,62135],[893,-971]],[[7143,61164],[0,-1941],[-893,-971],[-893,971]],[[39285,6796],[0,1942]],[[39285,8738],[893,971]],[[40178,9709],[893,-971]],[[40178,5825],[-893,971]],[[42857,41747],[893,-971]],[[43750,38835],[-893,-971]],[[41964,29126],[0,-1942]],[[41964,27184],[-893,-971]],[[41071,26213],[-893,971]],[[64285,76698],[0,1942]],[[65178,79611],[893,-971]],[[66071,78640],[0,-1942]],[[66071,76698],[-893,-971]],[[65178,75727],[-893,971]],[[25893,67960],[0,1942]],[[26785,70873],[893,-971]],[[27678,69902],[0,-1942]],[[27678,67960],[-893,-970]],[[26785,66990],[-892,970]],[[26785,47572],[893,-971]],[[27678,46601],[0,-1941],[-893,-971],[-892,971]],[[55357,12621],[0,1942]],[[55357,14563],[893,971]],[[56250,15534],[892,-971]],[[57142,12621],[-892,-971]],[[58928,76698],[893,-971]],[[59821,75727],[0,-1941],[-893,-971],[-893,971],[0,1941]],[[36607,34951],[893,971]],[[38393,34951],[0,-1942]],[[37500,32039],[-893,970]],[[41964,67960],[0,1942]],[[42857,70873],[893,-971]],[[43750,69902],[0,-1942]],[[43750,67960],[-893,-970]],[[76785,70873],[0,1942],[893,971],[893,-971],[0,-1942],[-893,-971],[-893,971]],[[32143,61164],[892,971]],[[33928,59223],[-893,-971]],[[33035,58252],[-892,971]],[[39285,18446],[0,1942]],[[40178,21359],[893,-971]],[[41071,20388],[0,-1942]],[[40178,17476],[-893,970]],[[10714,30097],[0,1942],[893,970],[893,-970],[0,-1942],[-893,-971],[-893,971]],[[29464,50485],[0,1942]],[[30357,53398],[893,-971]],[[31250,50485],[-893,-971]],[[30357,49514],[-893,971]],[[36607,40776],[0,-1941]],[[36607,38835],[-893,-971]],[[40178,23301],[893,971]],[[41071,24272],[893,-971]],[[41964,23301],[0,-1942]],[[41964,21359],[-893,-971]],[[15178,81553],[0,-1942]],[[15178,79611],[-892,-971],[-893,971],[0,1942],[893,970],[892,-970]],[[49107,56310],[0,1942]],[[50000,59223],[892,-971]],[[50892,56310],[-892,-971],[-893,971]],[[66071,12621],[0,1942]],[[66071,14563],[893,971]],[[67857,14563],[0,-1942]],[[67857,12621],[-893,-971],[-893,971]],[[31250,73786],[0,1941]],[[32143,76698],[892,-971]],[[33035,75727],[0,-1941]],[[33035,73786],[-892,-971]],[[32143,72815],[-893,971]],[[54464,21359],[0,1942]],[[55357,24272],[893,-971]],[[56250,21359],[-893,-971]],[[55357,20388],[-893,971]],[[44642,76698],[0,1942]],[[45535,79611],[893,-971],[0,-1942],[-893,-971]],[[11607,58252],[893,971]],[[13393,58252],[0,-1942]],[[12500,55339],[-893,971]],[[52678,73786],[0,1941]],[[53571,76698],[893,-971],[0,-1941],[-893,-971]],[[53571,72815],[-893,971]],[[89285,61164],[893,971]],[[90178,62135],[893,-971],[0,-1941]],[[90178,58252],[-893,971],[0,1941]],[[8928,59223],[0,1941],[893,971]],[[9821,62135],[893,-971]],[[10714,61164],[0,-1941]],[[9821,58252],[-893,971]],[[49107,9709],[0,1941]],[[50892,11650],[0,-1941]],[[50892,9709],[-892,-971]],[[50000,8738],[-893,971]],[[69642,53398],[893,-971],[0,-1942],[-893,-971],[-893,971]],[[56250,3883],[0,1942]],[[56250,5825],[892,971]],[[57142,6796],[893,-971]],[[58035,3883],[-893,-970]],[[57142,2913],[-892,970]],[[37500,82523],[0,1942]],[[37500,84465],[893,971],[892,-971]],[[39285,84465],[0,-1942]],[[38393,81553],[-893,970]],[[18750,46601],[893,971]],[[19643,47572],[893,-971]],[[20536,46601],[0,-1941]],[[20536,44660],[-893,-971]],[[19643,43689],[-893,971],[0,1941]],[[13393,50485],[0,1942]],[[14286,53398],[892,-971]],[[15178,50485],[-892,-971]],[[14286,49514],[-893,971]],[[24107,67960],[0,1942]],[[24107,69902],[893,971]],[[25893,67960],[-893,-970]],[[80356,53398],[0,1941]],[[80356,55339],[893,971]],[[81249,56310],[893,-971],[0,-1941],[-893,-971]],[[19643,30097],[0,1942]],[[19643,32039],[893,970],[892,-970]],[[20536,29126],[-893,971]],[[24107,79611],[0,1942]],[[24107,81553],[893,970]],[[25000,82523],[893,-970]],[[25893,79611],[-893,-971]],[[25000,78640],[-893,971]],[[40178,81553],[893,970]],[[41071,82523],[893,-970]],[[41964,79611],[-893,-971]],[[41071,78640],[-893,971]],[[43750,62135],[0,1942]],[[43750,64077],[892,971]],[[44642,65048],[893,-971]],[[45535,64077],[0,-1942]],[[45535,62135],[-893,-971]],[[44642,61164],[-892,971]],[[24107,50485],[0,1942]],[[24107,52427],[893,971]],[[25893,52427],[0,-1942]],[[24107,21359],[0,1942]],[[25893,23301],[0,-1942]],[[25893,21359],[-893,-971]],[[25000,20388],[-893,971]],[[7143,53398],[0,1941]],[[7143,55339],[893,971]],[[8036,56310],[892,-971]],[[8928,53398],[-892,-971]],[[8036,52427],[-893,971]],[[36607,29126],[893,971]],[[38393,27184],[-893,-971]],[[45535,99028],[893,971],[893,-971],[0,-1942]],[[47321,97086],[-893,-970]],[[46428,96116],[-893,970]],[[18750,38835],[0,1941]],[[18750,40776],[893,971]],[[19643,41747],[893,-971]],[[20536,40776],[0,-1941]],[[20536,38835],[-893,-971]],[[19643,37864],[-893,971]],[[12500,47572],[0,1942]],[[12500,49514],[893,971]],[[14286,49514],[0,-1942],[-893,-971]],[[13393,46601],[-893,971]],[[20536,50485],[0,1942]],[[20536,52427],[892,971]],[[22321,52427],[0,-1942]],[[21428,49514],[-892,971]],[[58035,9709],[-893,-971]],[[57142,8738],[-892,971]],[[67857,24272],[0,1941]],[[68749,27184],[893,-971]],[[69642,26213],[0,-1941],[-893,-971]],[[87499,18446],[0,1942]],[[88392,21359],[893,-971],[0,-1942]],[[14286,24272],[892,-971]],[[15178,21359],[-892,-971],[-893,971],[0,1942]],[[52678,58252],[893,971]],[[53571,59223],[893,-971]],[[54464,58252],[0,-1942]],[[54464,56310],[-893,-971]],[[53571,55339],[-893,971]],[[31250,62135],[0,1942]],[[31250,64077],[893,971]],[[32143,65048],[892,-971]],[[16071,30097],[0,1942]],[[16071,32039],[893,970]],[[16964,33009],[893,-970]],[[17857,32039],[0,-1942]],[[17857,30097],[-893,-971]],[[16964,29126],[-893,971]],[[62499,43689],[893,971]],[[63392,44660],[893,-971]],[[64285,43689],[0,-1942]],[[63392,40776],[-893,971]],[[25893,56310],[0,1942]],[[27678,58252],[0,-1942]],[[50892,21359],[0,1942]],[[51785,24272],[893,-971]],[[52678,23301],[0,-1942]],[[87499,30097],[0,1942]],[[87499,32039],[893,970]],[[88392,33009],[893,-970]],[[89285,32039],[0,-1942]],[[89285,30097],[-893,-971],[-893,971]],[[46428,24272],[0,1941]],[[46428,26213],[893,971]],[[47321,27184],[893,-971]],[[48214,26213],[0,-1941]],[[48214,24272],[-893,-971]],[[47321,23301],[-893,971]],[[16964,58252],[893,971]],[[17857,59223],[893,-971]],[[18750,58252],[0,-1942]],[[18750,56310],[-893,-971]],[[17857,55339],[-893,971]],[[33035,56310],[0,1942]],[[34821,58252],[0,-1942]],[[34821,56310],[-893,-971]],[[71428,20388],[893,971],[893,-971],[0,-1942],[-893,-970],[-893,970]],[[29464,56310],[0,1942]],[[31250,58252],[0,-1942]],[[31250,56310],[-893,-971]],[[35714,76698],[0,1942]],[[36607,79611],[893,-971],[0,-1942],[-893,-971]],[[36607,64077],[893,971]],[[37500,65048],[893,-971]],[[38393,62135],[-893,-971]],[[32143,70873],[0,1942]],[[33035,73786],[893,-971]],[[33928,72815],[0,-1942]],[[33928,70873],[-893,-971]],[[33035,69902],[-892,971]],[[4464,52427],[0,-1942],[-893,-971],[-892,971],[0,1942],[892,971]],[[47321,97086],[893,-970],[0,-1942],[-893,-971],[-893,971],[0,1942]],[[39285,84465],[893,971]],[[41071,84465],[0,-1942]],[[17857,70873],[0,1942]],[[17857,72815],[893,971]],[[18750,73786],[893,-971]],[[19643,70873],[-893,-971]],[[23214,72815],[893,971]],[[24107,73786],[893,-971]],[[24107,69902],[-893,971],[0,1942]],[[43750,91261],[0,1942]],[[43750,93203],[892,971]],[[44642,94174],[893,-971],[0,-1942]],[[45535,91261],[-893,-971]],[[39285,26213],[0,-1941]],[[22321,56310],[0,1942]],[[22321,58252],[893,971]],[[23214,59223],[893,-971]],[[24107,58252],[0,-1942]],[[24107,56310],[-893,-971]],[[35714,32039],[0,-1942]],[[34821,29126],[-893,971]],[[42857,35922],[893,-971]],[[43750,34951],[0,-1942]],[[43750,33009],[-893,-970]],[[44642,70873],[0,1942]],[[45535,73786],[893,-971]],[[46428,70873],[-893,-971]],[[45535,69902],[-893,971]],[[76785,35922],[0,1942]],[[76785,37864],[893,971]],[[78571,37864],[0,-1942],[-893,-971],[-893,971]],[[26785,94174],[0,1942]],[[26785,96116],[893,970],[893,-970]],[[28571,96116],[0,-1942]],[[28571,94174],[-893,-971]],[[27678,93203],[-893,971]],[[32143,43689],[892,971]],[[40178,3883],[-893,-970]],[[39285,2913],[-892,970],[0,1942],[892,971]],[[42857,30097],[893,-971]],[[43750,29126],[0,-1942]],[[43750,27184],[-893,-971]],[[42857,26213],[-893,971]],[[45535,21359],[0,1942]],[[45535,23301],[893,971]],[[47321,23301],[0,-1942]],[[38393,44660],[-893,-971]],[[40178,52427],[893,971]],[[41964,52427],[0,-1942]],[[41964,50485],[-893,-971]],[[42857,43689],[893,971]],[[43750,44660],[892,-971]],[[35714,55339],[-893,971]],[[29464,75727],[893,971]],[[31250,73786],[-893,-971]],[[55357,18446],[0,1942]],[[57142,18446],[-892,-970]],[[56250,17476],[-893,970]],[[54464,58252],[893,971]],[[55357,59223],[893,-971]],[[56250,58252],[0,-1942]],[[55357,55339],[-893,971]],[[68749,29126],[893,971]],[[69642,30097],[893,-971]],[[70535,29126],[0,-1942]],[[70535,27184],[-893,-971]],[[60714,53398],[0,1941]],[[60714,55339],[893,971]],[[61607,56310],[892,-971]],[[62499,53398],[-892,-971]],[[61607,52427],[-893,971]],[[80356,20388],[893,971]],[[81249,21359],[893,-971]],[[82142,20388],[0,-1942],[-893,-970],[-893,970]],[[17857,49514],[893,971]],[[18750,50485],[893,-971]],[[19643,49514],[0,-1942]],[[18750,46601],[-893,971],[0,1942]],[[39285,61164],[0,-1941]],[[45535,27184],[0,1942]],[[45535,29126],[893,971]],[[46428,30097],[893,-971]],[[47321,29126],[0,-1942]],[[46428,26213],[-893,971]],[[47321,29126],[893,971]],[[48214,30097],[893,-971]],[[49107,27184],[-893,-971]],[[38393,40776],[-893,971]],[[22321,44660],[0,1941]],[[23214,43689],[-893,971]],[[67857,18446],[0,1942]],[[68749,21359],[893,-971]],[[69642,18446],[-893,-970]],[[61607,9709],[0,1941]],[[61607,11650],[892,971]],[[62499,12621],[893,-971]],[[63392,11650],[0,-1941]],[[62499,8738],[-892,971]],[[98213,65048],[0,1942]],[[98213,66990],[893,970]],[[99106,67960],[893,-970],[0,-1942],[-893,-971]],[[99106,64077],[-893,971]],[[43750,69902],[892,971]],[[45535,69902],[0,-1942]],[[45535,67960],[-893,-970]],[[44642,66990],[-892,970]],[[33928,53398],[893,-971]],[[34821,52427],[0,-1942]],[[34821,50485],[-893,-971]],[[23214,53398],[893,-971]],[[41964,73786],[0,1941]],[[41964,75727],[893,971]],[[42857,76698],[893,-971]],[[43750,73786],[-893,-971]],[[34821,50485],[893,-971]],[[31250,44660],[0,1941]],[[31250,46601],[893,971]],[[49107,38835],[893,-971]],[[50000,35922],[-893,-971]],[[49107,34951],[-893,971]],[[26785,65048],[0,1942]],[[27678,67960],[893,-970]],[[28571,66990],[0,-1942]],[[28571,65048],[-893,-971]],[[66964,97086],[-893,-970],[-893,970],[0,1942],[893,971],[893,-971]],[[26785,24272],[893,-971],[0,-1942],[-893,-971]],[[26785,20388],[-892,971]],[[34821,99028],[0,-1942]],[[34821,97086],[-893,-970],[-893,970],[0,1942],[893,971],[893,-971]],[[41964,46601],[893,971]],[[42857,47572],[893,-971]],[[43750,46601],[0,-1941]],[[49107,40776],[893,971]],[[50000,41747],[892,-971]],[[50892,40776],[0,-1941]],[[71428,6796],[0,1942],[893,971]],[[72321,9709],[893,-971]],[[73214,8738],[0,-1942],[-893,-971]],[[15178,33009],[0,1942]],[[15178,34951],[893,971]],[[16071,35922],[893,-971]],[[16964,34951],[0,-1942]],[[16071,32039],[-893,970]],[[18750,58252],[893,971]],[[19643,59223],[893,-971]],[[20536,58252],[0,-1942]],[[20536,56310],[-893,-971]],[[19643,55339],[-893,971]],[[62499,2913],[893,970]],[[63392,3883],[893,-970]],[[64285,2913],[0,-1942]],[[64285,971],[-893,-971],[-893,971],[0,1942]],[[21428,82523],[0,1942]],[[21428,84465],[893,971]],[[22321,85436],[893,-971]],[[23214,84465],[0,-1942]],[[23214,82523],[-893,-970]],[[22321,81553],[-893,970]],[[66071,8738],[893,971],[893,-971]],[[67857,8738],[0,-1942]],[[67857,6796],[-893,-971]],[[66964,5825],[-893,971]],[[88392,50485],[893,-971],[0,-1942],[-893,-971]],[[88392,46601],[-893,971]],[[50000,88349],[0,1941],[892,971],[893,-971],[0,-1941]],[[50892,87378],[-892,971]],[[84821,33009],[893,-970]],[[85714,32039],[0,-1942]],[[85714,30097],[-893,-971],[-893,971]],[[83035,50485],[0,1942],[893,971]],[[83928,53398],[893,-971]],[[84821,52427],[0,-1942]],[[84821,50485],[-893,-971]],[[83928,49514],[-893,971]],[[75892,38835],[893,-971]],[[76785,35922],[-893,-971],[-893,971],[0,1942],[893,971]],[[22321,91261],[0,1942]],[[23214,94174],[893,-971],[0,-1942],[-893,-971],[-893,971]],[[41071,88349],[0,1941]],[[41071,90290],[893,971]],[[41964,91261],[893,-971]],[[42857,88349],[-893,-971]],[[43750,29126],[892,971]],[[44642,30097],[893,-971]],[[45535,27184],[-893,-971]],[[44642,26213],[-892,971]],[[44642,24272],[0,1941]],[[45535,23301],[-893,971]],[[50000,61164],[892,971]],[[50892,62135],[893,-971],[0,-1941]],[[39285,70873],[0,1942]],[[39285,72815],[893,971]],[[40178,73786],[893,-971]],[[41071,70873],[-893,-971]],[[40178,69902],[-893,971]],[[39285,76698],[0,1942]],[[41071,78640],[0,-1942]],[[41071,76698],[-893,-971]],[[40178,75727],[-893,971]],[[32143,65048],[0,1942]],[[32143,66990],[892,970]],[[33035,67960],[893,-970]],[[8928,76698],[0,1942],[893,971],[893,-971]],[[10714,78640],[0,-1942]],[[10714,76698],[-893,-971]],[[9821,75727],[-893,971]],[[52678,11650],[0,-1941]],[[52678,9709],[-893,-971]],[[51785,8738],[-893,971]],[[19643,41747],[0,1942]],[[20536,44660],[892,-971]],[[21428,43689],[0,-1942]],[[21428,41747],[-892,-971]],[[55357,6796],[0,1942]],[[57142,8738],[0,-1942]],[[56250,5825],[-893,971]],[[38393,15534],[0,1942]],[[38393,17476],[892,970]],[[53571,53398],[0,1941]],[[55357,53398],[-893,-971]],[[44642,8738],[893,971]],[[45535,9709],[893,-971]],[[46428,6796],[-893,-971]],[[45535,5825],[-893,971]],[[46428,47572],[0,1942]],[[46428,49514],[893,971],[893,-971]],[[48214,47572],[-893,-971]],[[32143,78640],[892,971]],[[33035,79611],[893,-971]],[[33928,78640],[0,-1942]],[[33928,76698],[-893,-971]],[[8036,56310],[0,1942],[892,971]],[[11607,52427],[893,971]],[[12500,49514],[-893,971]],[[41071,26213],[0,-1941]],[[36607,38835],[893,-971]],[[68749,33009],[-892,-970]],[[67857,32039],[-893,970],[0,1942],[893,971],[892,-971]],[[25893,40776],[892,971],[893,-971]],[[27678,40776],[0,-1941]],[[27678,38835],[-893,-971]],[[26785,37864],[-892,971]],[[2679,9709],[0,1941]],[[2679,11650],[892,971],[893,-971],[0,-1941],[-893,-971],[-892,971]],[[50000,65048],[0,1942]],[[50000,66990],[892,970]],[[51785,65048],[-893,-971]],[[50892,64077],[-892,971]],[[88392,79611],[0,1942],[893,970],[893,-970],[0,-1942],[-893,-971],[-893,971]],[[16964,97086],[0,1942]],[[16964,99028],[893,971],[893,-971],[0,-1942],[-893,-970],[-893,970]],[[4464,85436],[0,1942]],[[4464,87378],[893,971]],[[5357,88349],[893,-971],[0,-1942],[-893,-971]],[[5357,84465],[-893,971]],[[79464,21359],[0,1942]],[[79464,23301],[892,971]],[[81249,23301],[0,-1942]],[[893,62135],[0,1942],[893,971],[893,-971],[0,-1942],[-893,-971],[-893,971]],[[98213,90290],[0,-1941],[-892,-971],[-893,971],[0,1941],[893,971]],[[19643,90290],[893,971]],[[20536,91261],[892,-971]],[[21428,90290],[0,-1941]],[[21428,88349],[-892,-971]],[[20536,87378],[-893,971],[0,1941]],[[28571,65048],[893,-971]],[[29464,64077],[0,-1942]],[[89285,70873],[0,1942],[893,971],[893,-971],[0,-1942],[-893,-971],[-893,971]],[[49107,62135],[0,1942]],[[49107,64077],[893,971]],[[50892,64077],[0,-1942]],[[49107,46601],[0,-1941],[-893,-971]],[[48214,43689],[-893,971]],[[49107,21359],[0,1942]],[[49107,23301],[893,971]],[[16964,97086],[-893,-970],[-893,970],[0,1942],[893,971],[893,-971]],[[50000,41747],[0,1942],[892,971]],[[51785,41747],[-893,-971]],[[2679,9709],[-893,-971],[-893,971],[0,1941],[893,971],[893,-971]],[[5357,59223],[-893,-971],[-893,971],[0,1941],[893,971],[893,-971]],[[24107,27184],[0,1942],[893,971],[893,-971],[0,-1942]],[[23214,76698],[0,1942]],[[23214,78640],[893,971]],[[25000,78640],[0,-1942],[-893,-971]],[[24107,75727],[-893,971]],[[59821,81553],[893,970]],[[60714,82523],[893,-970]],[[61607,79611],[-893,-971]],[[60714,78640],[-893,971]],[[48214,8738],[893,971]],[[50000,8738],[0,-1942]],[[52678,15534],[0,1942]],[[53571,18446],[893,-970]],[[54464,17476],[0,-1942]],[[54464,15534],[-893,-971]],[[53571,12621],[893,-971]],[[54464,9709],[-893,-971]],[[53571,8738],[-893,971]],[[43750,17476],[892,970]],[[48214,30097],[0,1942]],[[48214,32039],[893,970]],[[49107,33009],[893,-970]],[[50000,32039],[0,-1942]],[[44642,35922],[0,1942]],[[46428,35922],[-893,-971]],[[45535,34951],[-893,971]],[[34821,27184],[-893,-971],[-893,971],[0,1942]],[[54464,15534],[893,-971]],[[38393,73786],[0,1941],[892,971]],[[40178,75727],[0,-1941]],[[39285,72815],[-892,971]],[[28571,66990],[893,970]],[[29464,67960],[893,-970]],[[30357,66990],[0,-1942]],[[30357,65048],[-893,-971]],[[58035,40776],[0,-1941]],[[58035,38835],[-893,-971]],[[57142,37864],[-892,971]],[[42857,78640],[0,-1942]],[[41964,75727],[-893,971]],[[47321,34951],[0,-1942]],[[47321,33009],[-893,-970]],[[46428,32039],[-893,970],[0,1942]],[[22321,75727],[893,971]],[[24107,75727],[0,-1941]],[[23214,72815],[-893,971],[0,1941]],[[21428,24272],[0,1941]],[[22321,27184],[893,-971]],[[23214,24272],[-893,-971]],[[22321,23301],[-893,971]],[[24107,56310],[893,-971]],[[51785,6796],[0,1942]],[[53571,8738],[0,-1942]],[[53571,6796],[-893,-971]],[[52678,5825],[-893,971]],[[48214,43689],[0,-1942]],[[16071,53398],[0,1941]],[[17857,55339],[0,-1941]],[[17857,53398],[-893,-971]],[[19643,49514],[893,971]],[[21428,47572],[-892,-971]],[[54464,33009],[893,-970]],[[55357,30097],[-893,-971]],[[54464,29126],[-893,971]],[[70535,87378],[893,971],[893,-971]],[[72321,87378],[0,-1942]],[[72321,85436],[-893,-971],[-893,971]],[[96428,65048],[0,1942]],[[96428,66990],[893,970]],[[97321,67960],[892,-970]],[[98213,65048],[-892,-971]],[[97321,64077],[-893,971]],[[50000,32039],[892,970]],[[51785,30097],[-893,-971]],[[2679,3883],[0,1942]],[[2679,5825],[892,971],[893,-971]],[[4464,5825],[0,-1942]],[[4464,3883],[-893,-970],[-892,970]],[[17857,41747],[-893,-971]],[[16964,40776],[-893,971],[0,1942],[893,971],[893,-971],[0,-1942]],[[52678,29126],[0,-1942]],[[52678,27184],[-893,-971]],[[76785,6796],[893,-971]],[[77678,5825],[0,-1942],[-893,-970],[-893,970],[0,1942],[893,971]],[[51785,6796],[-893,-971]],[[3571,20388],[893,971]],[[5357,20388],[0,-1942],[-893,-970],[-893,970]],[[30357,47572],[0,1942]],[[31250,46601],[-893,971]],[[53571,84465],[893,971]],[[54464,85436],[893,-971]],[[55357,82523],[-893,-970],[-893,970],[0,1942]],[[40178,67960],[0,1942]],[[41071,66990],[-893,970]],[[64285,12621],[0,1942]],[[64285,14563],[893,971],[893,-971]],[[66071,12621],[-893,-971]],[[65178,11650],[-893,971]],[[79464,64077],[892,971]],[[80356,65048],[893,-971],[0,-1942],[-893,-971],[-892,971],[0,1942]],[[28571,47572],[0,1942]],[[28571,49514],[893,971]],[[30357,47572],[-893,-971],[-893,971]],[[54464,17476],[893,970]],[[56250,17476],[0,-1942]],[[83035,44660],[893,-971]],[[83928,41747],[-893,-971],[-893,971]],[[67857,30097],[0,1942]],[[69642,32039],[0,-1942]],[[20536,38835],[892,-971]],[[21428,35922],[-892,-971],[-893,971],[0,1942]],[[16071,35922],[0,1942]],[[16071,37864],[893,971]],[[16964,38835],[893,-971]],[[17857,37864],[0,-1942]],[[17857,35922],[-893,-971]],[[59821,23301],[0,-1942]],[[58035,15534],[0,1942]],[[59821,17476],[0,-1942]],[[2679,23301],[0,-1942]],[[1786,20388],[-893,971],[0,1942],[893,971],[893,-971]],[[48214,72815],[893,971]],[[49107,73786],[893,-971]],[[50000,72815],[0,-1942],[-893,-971]],[[49107,69902],[-893,971]],[[51785,70873],[0,1942],[893,971]],[[53571,72815],[0,-1942]],[[53571,70873],[-893,-971]],[[34821,85436],[0,1942]],[[34821,87378],[893,971]],[[35714,88349],[893,-971],[0,-1942]],[[36607,85436],[-893,-971]],[[35714,84465],[-893,971]],[[17857,59223],[0,1941]],[[18750,62135],[893,-971]],[[19643,61164],[0,-1941]],[[59821,5825],[893,971]],[[60714,6796],[893,-971]],[[61607,5825],[0,-1942]],[[61607,3883],[-893,-970],[-893,970]],[[45535,58252],[893,971]],[[46428,59223],[893,-971]],[[47321,58252],[0,-1942]],[[47321,56310],[-893,-971]],[[46428,55339],[-893,971]],[[9821,21359],[0,1942],[893,971],[893,-971],[0,-1942],[-893,-971],[-893,971]],[[58928,61164],[893,971],[893,-971],[0,-1941]],[[60714,59223],[-893,-971]],[[59821,58252],[-893,971]],[[58928,41747],[893,-971]],[[59821,38835],[-893,-971]],[[58928,37864],[-893,971]],[[60714,78640],[0,-1942],[-893,-971]],[[61607,44660],[0,1941]],[[61607,46601],[892,971]],[[62499,47572],[893,-971]],[[63392,46601],[0,-1941]],[[61607,29126],[892,971]],[[62499,30097],[893,-971]],[[63392,29126],[0,-1942]],[[63392,27184],[-893,-971]],[[91963,29126],[893,971],[893,-971],[0,-1942],[-893,-971]],[[92856,26213],[-893,971]],[[18750,73786],[0,1941]],[[18750,75727],[893,971]],[[20536,75727],[0,-1941]],[[50892,50485],[0,1942]],[[50892,52427],[893,971],[893,-971]],[[52678,50485],[-893,-971]],[[51785,49514],[-893,971]],[[52678,5825],[0,-1942]],[[52678,3883],[-893,-970],[-893,970]],[[38393,69902],[892,971]],[[40178,67960],[-893,-970]],[[39285,66990],[-892,970]],[[57142,55339],[893,971],[893,-971]],[[58928,55339],[0,-1941]],[[58928,53398],[-893,-971]],[[43750,3883],[0,1942]],[[45535,5825],[0,-1942]],[[45535,3883],[-893,-970]],[[44642,2913],[-892,970]],[[22321,79611],[0,1942]],[[23214,82523],[893,-970]],[[23214,78640],[-893,971]],[[20536,85436],[0,1942]],[[21428,88349],[893,-971]],[[22321,87378],[0,-1942]],[[21428,84465],[-892,971]],[[59821,34951],[893,971]],[[61607,33009],[-893,-970]],[[60714,32039],[-893,970]],[[82142,47572],[0,1942]],[[82142,49514],[893,971]],[[83928,49514],[0,-1942]],[[83928,47572],[-893,-971]],[[55357,59223],[0,1941]],[[57142,59223],[-892,-971]],[[31250,85436],[0,1942]],[[31250,87378],[893,971],[892,-971]],[[33035,87378],[0,-1942]],[[33035,85436],[-892,-971]],[[33928,76698],[893,-971]],[[34821,73786],[-893,-971]],[[47321,9709],[0,1941]],[[31250,79611],[0,1942]],[[32143,82523],[892,-970],[0,-1942]],[[67857,8738],[892,971],[893,-971],[0,-1942]],[[68749,5825],[-892,971]],[[34821,93203],[893,971],[893,-971],[0,-1942],[-893,-971]],[[35714,90290],[-893,971]],[[42857,96116],[893,970]],[[44642,96116],[0,-1942]],[[43750,93203],[-893,971]],[[52678,87378],[893,971],[893,-971],[0,-1942]],[[53571,84465],[-893,971]],[[21428,78640],[893,971]],[[22321,75727],[-893,971]],[[47321,62135],[0,1942]],[[47321,64077],[893,971]],[[48214,65048],[893,-971]],[[48214,61164],[-893,971]],[[91071,53398],[0,1941]],[[91963,56310],[893,-971],[0,-1941],[-893,-971]],[[91963,52427],[-892,971]],[[50000,49514],[892,971]],[[51785,49514],[0,-1942]],[[50892,46601],[-892,971]],[[35714,82523],[0,1942]],[[36607,85436],[893,-971]],[[37500,82523],[-893,-970]],[[41071,971],[0,1942]],[[41964,3883],[893,-970]],[[42857,2913],[0,-1942],[-893,-971],[-893,971]],[[70535,29126],[893,971],[893,-971],[0,-1942],[-893,-971],[-893,971]],[[21428,43689],[893,971]],[[23214,41747],[-893,-971]],[[22321,40776],[-893,971]],[[73214,12621],[-893,-971]],[[72321,11650],[-893,971],[0,1942],[893,971],[893,-971],[0,-1942]],[[92856,65048],[-893,-971]],[[91963,64077],[-892,971],[0,1942],[892,970],[893,-970],[0,-1942]],[[8036,73786],[0,1941],[892,971]],[[9821,75727],[0,-1941]],[[9821,73786],[-893,-971]],[[8928,72815],[-892,971]],[[27678,34951],[893,971]],[[28571,35922],[893,-971]],[[29464,33009],[-893,-970],[-893,970],[0,1942]],[[89285,32039],[893,970]],[[90178,33009],[893,-970],[0,-1942]],[[90178,29126],[-893,971]],[[34821,99028],[893,971],[893,-971],[0,-1942],[-893,-970],[-893,970]],[[45535,85436],[0,1942]],[[45535,87378],[893,971]],[[46428,88349],[893,-971]],[[47321,87378],[0,-1942],[-893,-971]],[[46428,84465],[-893,971]],[[83928,53398],[0,1941],[893,971],[893,-971],[0,-1941]],[[85714,53398],[-893,-971]],[[83035,3883],[0,1942]],[[83928,6796],[893,-971],[0,-1942],[-893,-970]],[[83928,2913],[-893,970]],[[95535,67960],[-893,-970]],[[94642,66990],[-893,970],[0,1942],[893,971],[893,-971],[0,-1942]],[[75892,56310],[0,1942],[893,971],[893,-971],[0,-1942],[-893,-971],[-893,971]],[[58035,91261],[0,1942],[893,971],[893,-971],[0,-1942],[-893,-971],[-893,971]],[[44642,59223],[0,1941]],[[45535,62135],[893,-971]],[[46428,61164],[0,-1941]],[[78571,971],[0,1942],[893,970],[892,-970],[0,-1942],[-892,-971],[-893,971]],[[27678,87378],[0,-1942]],[[26785,84465],[-892,971],[0,1942],[892,971],[893,-971]],[[46428,61164],[893,971]],[[48214,59223],[-893,-971]],[[60714,12621],[893,-971]],[[61607,9709],[-893,-971]],[[60714,8738],[-893,971]],[[67857,43689],[892,971],[893,-971],[0,-1942]],[[68749,40776],[-892,971]],[[20536,69902],[0,-1942]],[[20536,67960],[-893,-970],[-893,970]],[[30357,65048],[893,-971]],[[99106,64077],[0,-1942],[-893,-971],[-892,971],[0,1942]],[[64285,82523],[0,1942],[893,971]],[[65178,85436],[893,-971]],[[66071,84465],[0,-1942]],[[66071,82523],[-893,-970]],[[5357,76698],[893,-971]],[[6250,75727],[0,-1941],[-893,-971],[-893,971],[0,1941]],[[65178,75727],[0,-1941],[-893,-971],[-893,971],[0,1941],[893,971]],[[63392,46601],[893,971]],[[64285,47572],[893,-971]],[[65178,44660],[-893,-971]],[[9821,62135],[0,1942]],[[10714,65048],[893,-971],[0,-1942],[-893,-971]],[[29464,81553],[893,970]],[[30357,78640],[-893,971]],[[47321,69902],[0,-1942]],[[47321,67960],[-893,-970]],[[46428,66990],[-893,970]],[[63392,91261],[0,1942],[893,971],[893,-971],[0,-1942],[-893,-971],[-893,971]],[[27678,50485],[0,1942]],[[28571,49514],[-893,971]],[[91071,49514],[892,971]],[[91963,50485],[893,-971]],[[92856,49514],[0,-1942]],[[92856,47572],[-893,-971],[-892,971],[0,1942]],[[14286,59223],[892,-971]],[[15178,56310],[-892,-971]],[[60714,20388],[893,971]],[[61607,21359],[892,-971]],[[62499,18446],[-892,-970],[-893,970]],[[49107,69902],[0,-1942]],[[49107,67960],[-893,-970]],[[48214,66990],[-893,970]],[[3571,90290],[0,-1941]],[[3571,88349],[-892,-971],[-893,971],[0,1941],[893,971],[892,-971]],[[53571,6796],[893,-971]],[[54464,5825],[0,-1942]],[[54464,3883],[-893,-970]],[[53571,2913],[-893,970]],[[91963,40776],[0,-1941]],[[91963,38835],[-892,-971],[-893,971],[0,1941],[893,971],[892,-971]],[[16071,78640],[893,971]],[[17857,78640],[0,-1942]],[[17857,76698],[-893,-971]],[[16964,75727],[-893,971],[0,1942]],[[17857,84465],[893,971]],[[18750,85436],[893,-971]],[[19643,84465],[0,-1942]],[[19643,82523],[-893,-970]],[[5357,84465],[0,-1942],[-893,-970],[-893,970],[0,1942],[893,971]],[[17857,35922],[893,-971],[0,-1942]],[[18750,33009],[-893,-970]],[[8928,72815],[0,-1942]],[[8036,69902],[-893,971],[0,1942],[893,971]],[[14286,61164],[892,971]],[[15178,62135],[893,-971]],[[16071,61164],[0,-1941]],[[18750,50485],[0,1942]],[[18750,52427],[893,971]],[[19643,53398],[893,-971]],[[20536,58252],[892,971]],[[21428,59223],[893,-971]],[[21428,55339],[-892,971]],[[45535,11650],[0,-1941]],[[28571,96116],[893,970],[893,-970],[0,-1942]],[[29464,93203],[-893,971]],[[10714,49514],[0,-1942],[-893,-971],[-893,971],[0,1942],[893,971]],[[78571,32039],[893,970]],[[80356,32039],[0,-1942]],[[80356,30097],[-892,-971]],[[79464,29126],[-893,971]],[[3571,24272],[0,1941],[893,971],[893,-971],[0,-1941]],[[4464,23301],[-893,971]],[[52678,27184],[893,-971]],[[53571,24272],[-893,-971]],[[29464,67960],[0,1942]],[[30357,70873],[893,-971]],[[31250,69902],[0,-1942]],[[31250,67960],[-893,-970]],[[5357,78640],[893,971],[893,-971],[0,-1942],[-893,-971]],[[6250,62135],[0,1942],[893,971]],[[7143,65048],[893,-971]],[[8036,64077],[0,-1942],[-893,-971]],[[3571,90290],[893,971]],[[4464,91261],[893,-971]],[[5357,90290],[0,-1941]],[[4464,87378],[-893,971]],[[51785,94174],[0,1942],[893,970],[893,-970],[0,-1942],[-893,-971],[-893,971]],[[17857,53398],[893,-971]],[[17857,49514],[-893,971]],[[22321,40776],[0,-1941]],[[81249,33009],[893,-970]],[[82142,30097],[-893,-971]],[[81249,29126],[-893,971]],[[13393,69902],[-893,971],[0,1942],[893,971],[893,-971],[0,-1942]],[[10714,76698],[893,-971]],[[11607,75727],[0,-1941],[-893,-971]],[[10714,72815],[-893,971]],[[34821,52427],[893,971]],[[54464,5825],[893,971]],[[56250,3883],[-893,-970]],[[55357,2913],[-893,970]],[[28571,76698],[0,1942]],[[82142,26213],[893,971],[893,-971],[0,-1941]],[[83035,23301],[-893,971]],[[55357,26213],[893,971]],[[66071,82523],[893,-970]],[[66964,81553],[0,-1942]],[[66964,79611],[-893,-971]],[[54464,29126],[0,-1942]],[[45535,91261],[893,-971]],[[46428,90290],[0,-1941]],[[45535,87378],[-893,971]],[[6250,52427],[893,971]],[[8036,52427],[0,-1942],[-893,-971],[-893,971],[0,1942]],[[44642,66990],[0,-1942]],[[43750,64077],[-893,971]],[[65178,27184],[0,1942]],[[65178,29126],[893,971],[893,-971]],[[66964,27184],[-893,-971]],[[4464,38835],[0,1941],[893,971],[893,-971],[0,-1941],[-893,-971],[-893,971]],[[31250,56310],[893,-971]],[[49107,81553],[0,-1942]],[[49107,79611],[-893,-971]],[[48214,78640],[-893,971],[0,1942],[893,970]],[[31250,67960],[893,-970]],[[60714,82523],[0,1942]],[[60714,84465],[893,971]],[[62499,84465],[0,-1942]],[[61607,97086],[892,-970],[0,-1942],[-892,-971],[-893,971],[0,1942]],[[37500,66990],[0,-1942]],[[91963,52427],[0,-1942]],[[91071,49514],[-893,971],[0,1942],[893,971]],[[42857,61164],[893,971]],[[43750,58252],[-893,971]],[[84821,73786],[0,1941],[893,971],[892,-971],[0,-1941],[-892,-971]],[[28571,35922],[0,1942]],[[28571,37864],[893,971]],[[29464,38835],[893,-971]],[[49107,56310],[-893,-971]],[[48214,55339],[-893,971]],[[56250,33009],[0,1942]],[[56250,34951],[892,971]],[[57142,35922],[893,-971]],[[58035,33009],[-893,-970]],[[53571,37864],[893,971]],[[55357,37864],[0,-1942]],[[55357,35922],[-893,-971]],[[62499,30097],[0,1942]],[[63392,33009],[893,-970]],[[64285,32039],[0,-1942]],[[64285,30097],[-893,-971]],[[46428,30097],[0,1942]],[[47321,33009],[893,-970]],[[34821,69902],[-893,971]],[[33928,78640],[893,971]],[[60714,47572],[0,1942]],[[60714,49514],[893,971]],[[61607,50485],[892,-971],[0,-1942]],[[61607,46601],[-893,971]],[[50000,82523],[892,-970],[0,-1942],[-892,-971]],[[50000,78640],[-893,971]],[[66964,62135],[0,1942]],[[67857,65048],[892,-971]],[[68749,62135],[-892,-971]],[[67857,61164],[-893,971]],[[63392,3883],[0,1942]],[[65178,5825],[0,-1942]],[[65178,3883],[-893,-970]],[[12500,41747],[0,1942]],[[12500,43689],[893,971]],[[13393,44660],[893,-971],[0,-1942],[-893,-971],[-893,971]],[[59821,50485],[0,1942]],[[59821,52427],[893,971]],[[61607,52427],[0,-1942]],[[60714,49514],[-893,971]],[[21428,59223],[0,1941]],[[21428,61164],[893,971],[893,-971],[0,-1941]],[[40178,9709],[0,1941]],[[41071,12621],[893,-971]],[[71428,2913],[0,-1942],[-893,-971],[-893,971],[0,1942]],[[83035,21359],[-893,-971]],[[71428,47572],[0,1942],[893,971],[893,-971],[0,-1942],[-893,-971],[-893,971]],[[27678,87378],[893,971]],[[28571,88349],[893,-971]],[[29464,87378],[0,-1942]],[[29464,85436],[-893,-971]],[[91963,40776],[893,971],[893,-971],[0,-1941],[-893,-971],[-893,971]],[[49107,50485],[0,1942],[893,971],[892,-971]],[[42857,26213],[0,-1941]],[[42857,24272],[-893,-971]],[[46428,53398],[0,1941]],[[48214,55339],[0,-1941],[-893,-971],[-893,971]],[[58035,67960],[0,1942],[893,971],[893,-971],[0,-1942],[-893,-970],[-893,970]],[[58928,2913],[0,-1942],[-893,-971],[-893,971],[0,1942]],[[29464,87378],[893,971]],[[30357,88349],[893,-971]],[[30357,84465],[-893,971]],[[46428,66990],[0,-1942]],[[46428,65048],[-893,-971]],[[91963,33009],[0,1942],[893,971],[893,-971],[0,-1942],[-893,-970],[-893,970]],[[53571,59223],[0,1941],[893,971]],[[47321,73786],[0,1941],[893,971]],[[48214,76698],[893,-971]],[[49107,75727],[0,-1941]],[[18750,33009],[893,-970]],[[19643,30097],[-893,-971]],[[18750,29126],[-893,971]],[[39285,90290],[893,971]],[[40178,91261],[893,-971]],[[40178,87378],[-893,971]],[[85714,53398],[892,-971]],[[85714,49514],[-893,971]],[[79464,44660],[0,1941]],[[79464,46601],[892,971]],[[80356,47572],[893,-971]],[[20536,91261],[0,1942]],[[20536,93203],[892,971]],[[22321,91261],[-893,-971]],[[79464,67960],[0,1942],[892,971],[893,-971],[0,-1942],[-893,-970]],[[80356,66990],[-892,970]],[[43750,33009],[892,-970],[0,-1942]],[[82142,35922],[893,-971]],[[28571,88349],[0,1941],[893,971]],[[30357,90290],[0,-1941]],[[48214,65048],[0,1942]],[[49107,67960],[893,-970]],[[25893,93203],[892,971]],[[27678,93203],[0,-1942],[-893,-971],[-892,971],[0,1942]],[[46428,53398],[-893,-971],[-893,971]],[[44642,82523],[0,1942],[893,971]],[[46428,84465],[0,-1942],[-893,-970]],[[40178,91261],[0,1942],[893,971]],[[41964,93203],[0,-1942]],[[81249,29126],[0,-1942]],[[80356,26213],[-892,971],[0,1942]],[[80356,66990],[0,-1942]],[[79464,64077],[-893,971],[0,1942],[893,970]],[[75892,27184],[0,1942],[893,971]],[[77678,29126],[0,-1942]],[[22321,87378],[893,971],[893,-971],[0,-1942]],[[24107,85436],[-893,-971]],[[66071,20388],[893,971]],[[66964,17476],[-893,970]],[[96428,18446],[0,1942],[893,971],[892,-971],[0,-1942],[-892,-970],[-893,970]],[[58928,43689],[893,971],[893,-971]],[[43750,21359],[0,1942]],[[43750,23301],[892,971]],[[44642,20388],[-892,971]],[[74999,41747],[0,1942]],[[74999,43689],[893,971],[893,-971]],[[76785,41747],[-893,-971]],[[75892,40776],[-893,971]],[[44642,35922],[-892,-971]],[[75892,38835],[0,1941]],[[46428,65048],[893,-971]],[[16964,38835],[0,1941]],[[17857,41747],[893,-971]],[[18750,38835],[-893,-971]],[[10714,78640],[893,971],[893,-971],[0,-1942],[-893,-971]],[[77678,44660],[0,1941],[893,971]],[[78571,47572],[893,-971]],[[27678,40776],[893,971],[893,-971]],[[29464,40776],[0,-1941]],[[28571,37864],[-893,971]],[[97321,46601],[0,-1941]],[[96428,43689],[-893,971],[0,1941],[893,971],[893,-971]],[[48214,24272],[893,-971]],[[41964,50485],[893,-971]],[[42857,49514],[0,-1942]],[[58928,8738],[0,-1942]],[[23214,37864],[893,971]],[[25000,37864],[0,-1942]],[[25000,35922],[-893,-971],[-893,971]],[[73214,43689],[892,971],[893,-971]],[[74999,41747],[-893,-971],[-892,971]],[[11607,44660],[0,1941],[893,971]],[[13393,46601],[0,-1941]],[[12500,43689],[-893,971]],[[63392,38835],[-893,-971]],[[78571,24272],[893,-971]],[[14286,37864],[0,-1942]],[[14286,35922],[-893,-971],[-893,971],[0,1942],[893,971],[893,-971]],[[59821,56310],[0,1942]],[[60714,59223],[893,-971],[0,-1942]],[[60714,55339],[-893,971]],[[86606,33009],[0,1942]],[[86606,34951],[893,971],[893,-971]],[[88392,34951],[0,-1942]],[[87499,32039],[-893,970]],[[45535,3883],[893,-970]],[[46428,971],[-893,-971],[-893,971],[0,1942]],[[92856,26213],[0,-1941],[-893,-971],[-892,971],[0,1941]],[[42857,24272],[893,-971]],[[43750,21359],[-893,-971]],[[42857,20388],[-893,971]],[[49107,85436],[0,1942],[893,971]],[[50892,85436],[-892,-971]],[[41071,971],[-893,-971],[-893,971],[0,1942]],[[74106,85436],[0,1942]],[[74106,87378],[893,971],[893,-971],[0,-1942],[-893,-971],[-893,971]],[[66964,79611],[893,-971],[0,-1942],[-893,-971],[-893,971]],[[57142,35922],[0,1942]],[[58928,37864],[0,-1942]],[[78571,47572],[0,1942],[893,971]],[[80356,49514],[0,-1942]],[[42857,49514],[893,971],[892,-971]],[[44642,49514],[0,-1942]],[[44642,47572],[-892,-971]],[[76785,6796],[0,1942],[893,971]],[[78571,8738],[0,-1942],[-893,-971]],[[61607,5825],[892,971]],[[62499,2913],[-892,970]],[[10714,72815],[0,-1942],[-893,-971]],[[33928,88349],[0,1941]],[[35714,90290],[0,-1941]],[[34821,87378],[-893,971]],[[80356,55339],[-892,971],[0,1942],[892,971],[893,-971],[0,-1942]],[[39285,8738],[-892,971],[0,1941]],[[55357,35922],[893,-971]],[[44642,49514],[893,971],[893,-971]],[[45535,46601],[-893,971]],[[26785,72815],[893,971]],[[28571,70873],[-893,-971]],[[64285,30097],[893,-971]],[[64285,26213],[-893,971]],[[73214,35922],[892,-971],[0,-1942],[-892,-970],[-893,970]],[[29464,40776],[893,971]],[[38393,17476],[-893,970],[0,1942]],[[92856,65048],[893,-971],[0,-1942],[-893,-971],[-893,971],[0,1942]],[[68749,3883],[-892,-970],[-893,970],[0,1942]],[[26785,37864],[0,-1942]],[[26785,35922],[-892,-971],[-893,971]],[[65178,3883],[893,-970],[0,-1942],[-893,-971],[-893,971]],[[24107,58252],[893,971]],[[19643,53398],[0,1941]],[[97321,46601],[892,971],[893,-971],[0,-1941],[-893,-971]],[[7143,65048],[0,1942],[893,970]],[[8928,65048],[-892,-971]],[[80356,8738],[893,971]],[[82142,6796],[-893,-971]],[[81249,5825],[-893,971],[0,1942]],[[64285,35922],[-893,-971]],[[15178,62135],[0,1942]],[[16071,65048],[893,-971]],[[16964,62135],[-893,-971]],[[4464,5825],[893,971],[893,-971],[0,-1942],[-893,-970],[-893,970]],[[66964,85436],[0,1942]],[[66964,87378],[893,971],[892,-971]],[[68749,85436],[-892,-971]],[[67857,84465],[-893,971]],[[58035,29126],[893,971]],[[58928,30097],[893,-971]],[[26785,20388],[0,-1942],[-892,-970],[-893,970],[0,1942]],[[893,3883],[893,-970]],[[1786,2913],[0,-1942],[-893,-971],[-893,971],[0,1942],[893,970]],[[97321,67960],[0,1942],[892,971],[893,-971],[0,-1942]],[[58928,30097],[0,1942]],[[60714,32039],[0,-1942]],[[43750,3883],[-893,-970]],[[81249,50485],[893,-971]],[[16071,30097],[-893,-971],[-892,971],[0,1942],[892,970]],[[75892,91261],[0,1942],[893,971],[893,-971],[0,-1942],[-893,-971],[-893,971]],[[24107,85436],[893,-971],[0,-1942]],[[84821,34951],[893,971],[892,-971]],[[86606,33009],[-892,-970]],[[62499,12621],[0,1942],[893,971],[893,-971]],[[64285,12621],[-893,-971]],[[58928,55339],[893,971]],[[59821,52427],[-893,971]],[[2679,23301],[892,971]],[[24107,21359],[-893,-971],[-893,971],[0,1942]],[[53571,20388],[893,971]],[[39285,66990],[0,-1942]],[[70535,40776],[893,971]],[[72321,40776],[0,-1941]],[[71428,37864],[-893,971]],[[92856,49514],[893,971]],[[94642,49514],[0,-1942],[-893,-971],[-893,971]],[[19643,90290],[-893,971],[0,1942],[893,971],[893,-971]],[[58928,84465],[0,-1942]],[[58035,81553],[-893,970]],[[53571,70873],[893,-971],[0,-1942]],[[54464,67960],[-893,-970]],[[37500,72815],[893,971]],[[79464,97086],[0,1942],[892,971],[893,-971],[0,-1942],[-893,-970],[-892,970]],[[26785,49514],[893,971]],[[28571,47572],[-893,-971]],[[31250,69902],[893,971]],[[33035,69902],[0,-1942]],[[19643,26213],[893,971]],[[21428,24272],[-892,-971],[-893,971],[0,1941]],[[88392,34951],[893,971],[893,-971],[0,-1942]],[[18750,29126],[0,-1942]],[[18750,27184],[-893,-971],[-893,971],[0,1942]],[[83035,3883],[-893,-970]],[[82142,2913],[-893,970],[0,1942]],[[25893,93203],[-893,971],[0,1942],[893,970],[892,-970]],[[87499,30097],[-893,-971],[-892,971]],[[16964,85436],[0,1942],[893,971],[893,-971],[0,-1942]],[[72321,9709],[0,1941]],[[73214,12621],[892,-971],[0,-1941],[-892,-971]],[[64285,47572],[0,1942],[893,971]],[[5357,55339],[893,971],[893,-971]],[[6250,52427],[-893,971]],[[46428,90290],[893,971],[893,-971],[0,-1941],[-893,-971]],[[66964,23301],[-893,971]],[[19643,84465],[893,971]],[[21428,82523],[-892,-970],[-893,970]],[[49107,34951],[0,-1942]],[[59821,85436],[893,-971]],[[65178,56310],[0,1942],[893,971]],[[66071,59223],[893,-971]],[[92856,12621],[893,-971],[0,-1941],[-893,-971],[-893,971]],[[65178,85436],[0,1942],[893,971],[893,-971]],[[66964,85436],[-893,-971]],[[79464,11650],[892,971],[893,-971]],[[80356,8738],[-892,971]],[[49107,75727],[893,971]],[[50000,76698],[892,-971],[0,-1941],[-892,-971]],[[93749,79611],[0,1942],[893,970],[893,-970],[0,-1942],[-893,-971],[-893,971]],[[89285,61164],[-893,971],[0,1942],[893,971],[893,-971],[0,-1942]],[[27678,34951],[-893,971]],[[81249,40776],[0,-1941]],[[80356,37864],[-892,971]],[[61607,23301],[0,-1942]],[[60714,6796],[0,1942]],[[72321,87378],[893,971],[892,-971]],[[74106,85436],[-892,-971],[-893,971]],[[55357,2913],[0,-1942],[-893,-971],[-893,971],[0,1942]],[[14286,37864],[892,971],[893,-971]],[[15178,34951],[-892,971]],[[58928,49514],[893,971]],[[60714,47572],[-893,-971],[-893,971]],[[17857,76698],[893,-971]],[[17857,72815],[-893,971],[0,1941]],[[83928,2913],[0,-1942],[-893,-971],[-893,971],[0,1942]],[[83928,14563],[893,971]],[[85714,14563],[0,-1942],[-893,-971]],[[21428,70873],[893,-971],[0,-1942],[-893,-970],[-892,970]],[[19643,26213],[-893,971]],[[66071,59223],[0,1941],[893,971]],[[67857,61164],[0,-1941]],[[19643,61164],[893,971],[892,-971]],[[53571,47572],[-893,-971]],[[68749,15534],[893,-971],[0,-1942],[-893,-971],[-892,971]],[[63392,67960],[0,1942],[893,971],[893,-971],[0,-1942],[-893,-970]],[[48214,76698],[0,1942]],[[50000,78640],[0,-1942]],[[95535,67960],[893,-970]],[[96428,65048],[-893,-971],[-893,971],[0,1942]],[[65178,34951],[0,-1942],[-893,-970]],[[893,3883],[0,1942],[893,971],[893,-971]],[[2679,3883],[-893,-970]],[[15178,81553],[893,970]],[[16071,78640],[-893,971]],[[33035,87378],[893,971]],[[34821,85436],[-893,-971],[-893,971]],[[54464,67960],[893,-970],[0,-1942]],[[54464,64077],[-893,971]],[[87499,53398],[0,1941],[893,971],[893,-971],[0,-1941],[-893,-971]],[[88392,46601],[0,-1941]],[[87499,43689],[-893,971]],[[67857,84465],[0,-1942],[-893,-970]],[[42857,20388],[0,-1942]],[[4464,91261],[0,1942],[893,971],[893,-971],[0,-1942],[-893,-971]],[[3571,66990],[-892,970],[0,1942],[892,971],[893,-971],[0,-1942]],[[12500,41747],[-893,-971],[-893,971],[0,1942],[893,971]],[[65178,11650],[0,-1941]],[[83928,47572],[893,-971]]],"bbox":[144.745832,-37.925,145.359603,-37.6675],"transform":{"scale":[0.0000061377713777136335,0.000002575025750257505],"translate":[144.745832,-37.925]}}